province,district,municipality,adm1_pcode,adm2_pcode,adm3_pcode,ward,theme,variable,value
Bagmati,Rasuwa,Gosaikunda,NP03,NP0329,NP0329402,1,demographics,total_households,283
Bagmati,Rasuwa,Gosaikunda,NP03,NP0329,NP0329402,1,housing,home_ownership_owned,274
Bagmati,Rasuwa,Gosaikunda,NP03,NP0329,NP0329402,1,housing,home_ownership_rented,2
Bagmati,Rasuwa,Gosaikunda,NP03,NP0329,NP0329402,1,housing,home_ownership_institutional,0
Bagmati,Rasuwa,Gosaikunda,NP03,NP0329,NP0329402,1,housing,home_ownership_other,7
Bagmati,Rasuwa,Gosaikunda,NP03,NP0329,NP0329402,1,housing,foundation_mud,228
Bagmati,Rasuwa,Gosaikunda,NP03,NP0329,NP0329402,1,housing,foundation_mud_bonded_bricks_stone,10
Bagmati,Rasuwa,Gosaikunda,NP03,NP0329,NP0329402,1,housing,foundation_cement_bonded_bricks_stone,1
Bagmati,Rasuwa,Gosaikunda,NP03,NP0329,NP0329402,1,housing,foundation_reinforced_cement_concrete_with_pillars,37
Bagmati,Rasuwa,Gosaikunda,NP03,NP0329,NP0329402,1,housing,foundation_wooden_pillars,7
Bagmati,Rasuwa,Gosaikunda,NP03,NP0329,NP0329402,1,housing,outer_wall_mud_bonded_bricks_stone,154
Bagmati,Rasuwa,Gosaikunda,NP03,NP0329,NP0329402,1,housing,outer_wall_cement_bonded_bricks_stone,8
Bagmati,Rasuwa,Gosaikunda,NP03,NP0329,NP0329402,1,housing,outer_wall_wood_planks,112
Bagmati,Rasuwa,Gosaikunda,NP03,NP0329,NP0329402,1,housing,outer_wall_bamboo,2
Bagmati,Rasuwa,Gosaikunda,NP03,NP0329,NP0329402,1,housing,outer_wall_unbaked_bricks,4
Bagmati,Rasuwa,Gosaikunda,NP03,NP0329,NP0329402,1,housing,outer_wall_galvanised_sheet,1
Bagmati,Rasuwa,Gosaikunda,NP03,NP0329,NP0329402,1,housing,outer_wall_prefabricated_sheet,0
Bagmati,Rasuwa,Gosaikunda,NP03,NP0329,NP0329402,1,housing,outer_wall_other,2
Bagmati,Rasuwa,Gosaikunda,NP03,NP0329,NP0329402,1,housing,roof_galvanised_sheet,279
Bagmati,Rasuwa,Gosaikunda,NP03,NP0329,NP0329402,1,housing,roof_reinforced_cement_concrete,2
Bagmati,Rasuwa,Gosaikunda,NP03,NP0329,NP0329402,1,housing,roof_thatch_straw,1
Bagmati,Rasuwa,Gosaikunda,NP03,NP0329,NP0329402,1,housing,roof_tile,0
Bagmati,Rasuwa,Gosaikunda,NP03,NP0329,NP0329402,1,housing,roof_stone_slate,0
Bagmati,Rasuwa,Gosaikunda,NP03,NP0329,NP0329402,1,housing,roof_wood_planks,0
Bagmati,Rasuwa,Gosaikunda,NP03,NP0329,NP0329402,1,housing,roof_mud,0
Bagmati,Rasuwa,Gosaikunda,NP03,NP0329,NP0329402,1,housing,roof_other,1
Bagmati,Rasuwa,Gosaikunda,NP03,NP0329,NP0329402,1,housing,floor_mud,252
Bagmati,Rasuwa,Gosaikunda,NP03,NP0329,NP0329402,1,housing,floor_wooden_plank_bamboo,15
Bagmati,Rasuwa,Gosaikunda,NP03,NP0329,NP0329402,1,housing,floor_bricks_stone,1
Bagmati,Rasuwa,Gosaikunda,NP03,NP0329,NP0329402,1,housing,floor_ceramic_tile,0
Bagmati,Rasuwa,Gosaikunda,NP03,NP0329,NP0329402,1,housing,floor_cemented,14
Bagmati,Rasuwa,Gosaikunda,NP03,NP0329,NP0329402,1,housing,floor_other,1
Bagmati,Rasuwa,Gosaikunda,NP03,NP0329,NP0329402,1,drinking water,drinking_water_tap_piped_within_premises,130
Bagmati,Rasuwa,Gosaikunda,NP03,NP0329,NP0329402,1,drinking water,drinking_water_tap_piped_outside_premises,7
Bagmati,Rasuwa,Gosaikunda,NP03,NP0329,NP0329402,1,drinking water,drinking_water_tubewell_handpump,0
Bagmati,Rasuwa,Gosaikunda,NP03,NP0329,NP0329402,1,drinking water,drinking_water_covered_well_kuwa,0
Bagmati,Rasuwa,Gosaikunda,NP03,NP0329,NP0329402,1,drinking water,drinking_water_uncovered_well_kuwa,0
Bagmati,Rasuwa,Gosaikunda,NP03,NP0329,NP0329402,1,drinking water,drinking_water_spout_water,144
Bagmati,Rasuwa,Gosaikunda,NP03,NP0329,NP0329402,1,drinking water,drinking_water_river_stream,0
Bagmati,Rasuwa,Gosaikunda,NP03,NP0329,NP0329402,1,drinking water,drinking_water_jar_bottle,0
Bagmati,Rasuwa,Gosaikunda,NP03,NP0329,NP0329402,1,drinking water,drinking_water_other,2
Bagmati,Rasuwa,Gosaikunda,NP03,NP0329,NP0329402,1,cooking fuel,cooking_fuel_wood_firewood,276
Bagmati,Rasuwa,Gosaikunda,NP03,NP0329,NP0329402,1,cooking fuel,cooking_fuel_lpg,7
Bagmati,Rasuwa,Gosaikunda,NP03,NP0329,NP0329402,1,cooking fuel,cooking_fuel_electricity,0
Bagmati,Rasuwa,Gosaikunda,NP03,NP0329,NP0329402,1,cooking fuel,cooking_fuel_cowdung,0
Bagmati,Rasuwa,Gosaikunda,NP03,NP0329,NP0329402,1,cooking fuel,cooking_fuel_biogas,0
Bagmati,Rasuwa,Gosaikunda,NP03,NP0329,NP0329402,1,cooking fuel,cooking_fuel_kerosene,0
Bagmati,Rasuwa,Gosaikunda,NP03,NP0329,NP0329402,1,cooking fuel,cooking_fuel_other,0
Bagmati,Rasuwa,Gosaikunda,NP03,NP0329,NP0329402,1,lighting fuel,lighting_electricity,281
Bagmati,Rasuwa,Gosaikunda,NP03,NP0329,NP0329402,1,lighting fuel,lighting_solar,1
Bagmati,Rasuwa,Gosaikunda,NP03,NP0329,NP0329402,1,lighting fuel,lighting_kerosene,0
Bagmati,Rasuwa,Gosaikunda,NP03,NP0329,NP0329402,1,lighting fuel,lighting_biogas,0
Bagmati,Rasuwa,Gosaikunda,NP03,NP0329,NP0329402,1,lighting fuel,lighting_other,1
Bagmati,Rasuwa,Gosaikunda,NP03,NP0329,NP0329402,1,sanitation,toilet_flush_public_sewerage,0
Bagmati,Rasuwa,Gosaikunda,NP03,NP0329,NP0329402,1,sanitation,toilet_flush_septic_tank,64
Bagmati,Rasuwa,Gosaikunda,NP03,NP0329,NP0329402,1,sanitation,toilet_pit,217
Bagmati,Rasuwa,Gosaikunda,NP03,NP0329,NP0329402,1,sanitation,toilet_public,1
Bagmati,Rasuwa,Gosaikunda,NP03,NP0329,NP0329402,1,sanitation,toilet_no_toilet,1
Bagmati,Rasuwa,Gosaikunda,NP03,NP0329,NP0329402,1,household amenities,hh_amenities_without,125
Bagmati,Rasuwa,Gosaikunda,NP03,NP0329,NP0329402,1,household amenities,hh_amenities_at_least_one,158
Bagmati,Rasuwa,Gosaikunda,NP03,NP0329,NP0329402,1,household amenities,hh_amenities_radio,40
Bagmati,Rasuwa,Gosaikunda,NP03,NP0329,NP0329402,1,household amenities,hh_amenities_television,46
Bagmati,Rasuwa,Gosaikunda,NP03,NP0329,NP0329402,1,household amenities,hh_amenities_landline,3
Bagmati,Rasuwa,Gosaikunda,NP03,NP0329,NP0329402,1,household amenities,hh_amenities_mobile_phone_ordinary,122
Bagmati,Rasuwa,Gosaikunda,NP03,NP0329,NP0329402,1,household amenities,hh_amenities_mobile_phone_smart,36
Bagmati,Rasuwa,Gosaikunda,NP03,NP0329,NP0329402,1,household amenities,hh_amenities_computer_laptop,2
Bagmati,Rasuwa,Gosaikunda,NP03,NP0329,NP0329402,1,household amenities,hh_amenities_internet,12
Bagmati,Rasuwa,Gosaikunda,NP03,NP0329,NP0329402,1,household amenities,hh_amenities_car_jeep_van,2
Bagmati,Rasuwa,Gosaikunda,NP03,NP0329,NP0329402,1,household amenities,hh_amenities_motorcycle_scooter,12
Bagmati,Rasuwa,Gosaikunda,NP03,NP0329,NP0329402,1,household amenities,hh_amenities_bicycle,2
Bagmati,Rasuwa,Gosaikunda,NP03,NP0329,NP0329402,1,household amenities,hh_amenities_electric_fan,2
Bagmati,Rasuwa,Gosaikunda,NP03,NP0329,NP0329402,1,household amenities,hh_amenities_refridgerator,1
Bagmati,Rasuwa,Gosaikunda,NP03,NP0329,NP0329402,1,household amenities,hh_amenities_washing_machine,1
Bagmati,Rasuwa,Gosaikunda,NP03,NP0329,NP0329402,1,household amenities,hh_amenities_air_conditioner,1
Bagmati,Rasuwa,Gosaikunda,NP03,NP0329,NP0329402,1,wealth quintile,wealth_quintile_poorest_quintile_count,225
Bagmati,Rasuwa,Gosaikunda,NP03,NP0329,NP0329402,1,wealth quintile,wealth_quintile_poorer_quintile_count,47
Bagmati,Rasuwa,Gosaikunda,NP03,NP0329,NP0329402,1,wealth quintile,wealth_quintile_middle_quintile_count,11
Bagmati,Rasuwa,Gosaikunda,NP03,NP0329,NP0329402,1,wealth quintile,wealth_quintile_richer_quintile_count,0
Bagmati,Rasuwa,Gosaikunda,NP03,NP0329,NP0329402,1,wealth quintile,wealth_quintile_richest_quintile_count,0
Bagmati,Rasuwa,Gosaikunda,NP03,NP0329,NP0329402,1,wealth quintile,wealth_quintile_poorest_quintile_pc,79.51
Bagmati,Rasuwa,Gosaikunda,NP03,NP0329,NP0329402,1,wealth quintile,wealth_quintile_poorer_quintile_pc,16.61
Bagmati,Rasuwa,Gosaikunda,NP03,NP0329,NP0329402,1,wealth quintile,wealth_quintile_middle_quintile_pc,3.89
Bagmati,Rasuwa,Gosaikunda,NP03,NP0329,NP0329402,1,wealth quintile,wealth_quintile_richer_quintile_pc,0
Bagmati,Rasuwa,Gosaikunda,NP03,NP0329,NP0329402,1,wealth quintile,wealth_quintile_richest_quintile_pc,0
Bagmati,Rasuwa,Gosaikunda,NP03,NP0329,NP0329402,1,housing,house_quality_most_adequate_count,0
Bagmati,Rasuwa,Gosaikunda,NP03,NP0329,NP0329402,1,housing,house_quality_adequate_count,9
Bagmati,Rasuwa,Gosaikunda,NP03,NP0329,NP0329402,1,housing,house_quality_moderate_count,138
Bagmati,Rasuwa,Gosaikunda,NP03,NP0329,NP0329402,1,housing,house_quality_inadequate_count,135
Bagmati,Rasuwa,Gosaikunda,NP03,NP0329,NP0329402,1,housing,house_quality_least_adequate_count,1
Bagmati,Rasuwa,Gosaikunda,NP03,NP0329,NP0329402,1,housing,house_quality_most_adequate_pc,0
Bagmati,Rasuwa,Gosaikunda,NP03,NP0329,NP0329402,1,housing,house_quality_adequate_pc,3.18
Bagmati,Rasuwa,Gosaikunda,NP03,NP0329,NP0329402,1,housing,house_quality_moderate_pc,48.76
Bagmati,Rasuwa,Gosaikunda,NP03,NP0329,NP0329402,1,housing,house_quality_inadequate_pc,47.7
Bagmati,Rasuwa,Gosaikunda,NP03,NP0329,NP0329402,1,housing,house_quality_least_adequate_pc,0.35
Bagmati,Rasuwa,Gosaikunda,NP03,NP0329,NP0329402,2,demographics,total_households,163
Bagmati,Rasuwa,Gosaikunda,NP03,NP0329,NP0329402,2,housing,home_ownership_owned,105
Bagmati,Rasuwa,Gosaikunda,NP03,NP0329,NP0329402,2,housing,home_ownership_rented,46
Bagmati,Rasuwa,Gosaikunda,NP03,NP0329,NP0329402,2,housing,home_ownership_institutional,12
Bagmati,Rasuwa,Gosaikunda,NP03,NP0329,NP0329402,2,housing,home_ownership_other,0
Bagmati,Rasuwa,Gosaikunda,NP03,NP0329,NP0329402,2,housing,foundation_mud,2
Bagmati,Rasuwa,Gosaikunda,NP03,NP0329,NP0329402,2,housing,foundation_mud_bonded_bricks_stone,34
Bagmati,Rasuwa,Gosaikunda,NP03,NP0329,NP0329402,2,housing,foundation_cement_bonded_bricks_stone,37
Bagmati,Rasuwa,Gosaikunda,NP03,NP0329,NP0329402,2,housing,foundation_reinforced_cement_concrete_with_pillars,90
Bagmati,Rasuwa,Gosaikunda,NP03,NP0329,NP0329402,2,housing,foundation_wooden_pillars,0
Bagmati,Rasuwa,Gosaikunda,NP03,NP0329,NP0329402,2,housing,outer_wall_mud_bonded_bricks_stone,3
Bagmati,Rasuwa,Gosaikunda,NP03,NP0329,NP0329402,2,housing,outer_wall_cement_bonded_bricks_stone,82
Bagmati,Rasuwa,Gosaikunda,NP03,NP0329,NP0329402,2,housing,outer_wall_wood_planks,5
Bagmati,Rasuwa,Gosaikunda,NP03,NP0329,NP0329402,2,housing,outer_wall_bamboo,1
Bagmati,Rasuwa,Gosaikunda,NP03,NP0329,NP0329402,2,housing,outer_wall_unbaked_bricks,1
Bagmati,Rasuwa,Gosaikunda,NP03,NP0329,NP0329402,2,housing,outer_wall_galvanised_sheet,71
Bagmati,Rasuwa,Gosaikunda,NP03,NP0329,NP0329402,2,housing,outer_wall_prefabricated_sheet,0
Bagmati,Rasuwa,Gosaikunda,NP03,NP0329,NP0329402,2,housing,outer_wall_other,0
Bagmati,Rasuwa,Gosaikunda,NP03,NP0329,NP0329402,2,housing,roof_galvanised_sheet,121
Bagmati,Rasuwa,Gosaikunda,NP03,NP0329,NP0329402,2,housing,roof_reinforced_cement_concrete,35
Bagmati,Rasuwa,Gosaikunda,NP03,NP0329,NP0329402,2,housing,roof_thatch_straw,0
Bagmati,Rasuwa,Gosaikunda,NP03,NP0329,NP0329402,2,housing,roof_tile,2
Bagmati,Rasuwa,Gosaikunda,NP03,NP0329,NP0329402,2,housing,roof_stone_slate,2
Bagmati,Rasuwa,Gosaikunda,NP03,NP0329,NP0329402,2,housing,roof_wood_planks,3
Bagmati,Rasuwa,Gosaikunda,NP03,NP0329,NP0329402,2,housing,roof_mud,0
Bagmati,Rasuwa,Gosaikunda,NP03,NP0329,NP0329402,2,housing,roof_other,0
Bagmati,Rasuwa,Gosaikunda,NP03,NP0329,NP0329402,2,housing,floor_mud,9
Bagmati,Rasuwa,Gosaikunda,NP03,NP0329,NP0329402,2,housing,floor_wooden_plank_bamboo,8
Bagmati,Rasuwa,Gosaikunda,NP03,NP0329,NP0329402,2,housing,floor_bricks_stone,1
Bagmati,Rasuwa,Gosaikunda,NP03,NP0329,NP0329402,2,housing,floor_ceramic_tile,11
Bagmati,Rasuwa,Gosaikunda,NP03,NP0329,NP0329402,2,housing,floor_cemented,133
Bagmati,Rasuwa,Gosaikunda,NP03,NP0329,NP0329402,2,housing,floor_other,1
Bagmati,Rasuwa,Gosaikunda,NP03,NP0329,NP0329402,2,drinking water,drinking_water_tap_piped_within_premises,145
Bagmati,Rasuwa,Gosaikunda,NP03,NP0329,NP0329402,2,drinking water,drinking_water_tap_piped_outside_premises,17
Bagmati,Rasuwa,Gosaikunda,NP03,NP0329,NP0329402,2,drinking water,drinking_water_tubewell_handpump,0
Bagmati,Rasuwa,Gosaikunda,NP03,NP0329,NP0329402,2,drinking water,drinking_water_covered_well_kuwa,0
Bagmati,Rasuwa,Gosaikunda,NP03,NP0329,NP0329402,2,drinking water,drinking_water_uncovered_well_kuwa,1
Bagmati,Rasuwa,Gosaikunda,NP03,NP0329,NP0329402,2,drinking water,drinking_water_spout_water,0
Bagmati,Rasuwa,Gosaikunda,NP03,NP0329,NP0329402,2,drinking water,drinking_water_river_stream,0
Bagmati,Rasuwa,Gosaikunda,NP03,NP0329,NP0329402,2,drinking water,drinking_water_jar_bottle,0
Bagmati,Rasuwa,Gosaikunda,NP03,NP0329,NP0329402,2,drinking water,drinking_water_other,0
Bagmati,Rasuwa,Gosaikunda,NP03,NP0329,NP0329402,2,cooking fuel,cooking_fuel_wood_firewood,8
Bagmati,Rasuwa,Gosaikunda,NP03,NP0329,NP0329402,2,cooking fuel,cooking_fuel_lpg,155
Bagmati,Rasuwa,Gosaikunda,NP03,NP0329,NP0329402,2,cooking fuel,cooking_fuel_electricity,0
Bagmati,Rasuwa,Gosaikunda,NP03,NP0329,NP0329402,2,cooking fuel,cooking_fuel_cowdung,0
Bagmati,Rasuwa,Gosaikunda,NP03,NP0329,NP0329402,2,cooking fuel,cooking_fuel_biogas,0
Bagmati,Rasuwa,Gosaikunda,NP03,NP0329,NP0329402,2,cooking fuel,cooking_fuel_kerosene,0
Bagmati,Rasuwa,Gosaikunda,NP03,NP0329,NP0329402,2,cooking fuel,cooking_fuel_other,0
Bagmati,Rasuwa,Gosaikunda,NP03,NP0329,NP0329402,2,lighting fuel,lighting_electricity,162
Bagmati,Rasuwa,Gosaikunda,NP03,NP0329,NP0329402,2,lighting fuel,lighting_solar,0
Bagmati,Rasuwa,Gosaikunda,NP03,NP0329,NP0329402,2,lighting fuel,lighting_kerosene,0
Bagmati,Rasuwa,Gosaikunda,NP03,NP0329,NP0329402,2,lighting fuel,lighting_biogas,0
Bagmati,Rasuwa,Gosaikunda,NP03,NP0329,NP0329402,2,lighting fuel,lighting_other,1
Bagmati,Rasuwa,Gosaikunda,NP03,NP0329,NP0329402,2,sanitation,toilet_flush_public_sewerage,0
Bagmati,Rasuwa,Gosaikunda,NP03,NP0329,NP0329402,2,sanitation,toilet_flush_septic_tank,46
Bagmati,Rasuwa,Gosaikunda,NP03,NP0329,NP0329402,2,sanitation,toilet_pit,115
Bagmati,Rasuwa,Gosaikunda,NP03,NP0329,NP0329402,2,sanitation,toilet_public,0
Bagmati,Rasuwa,Gosaikunda,NP03,NP0329,NP0329402,2,sanitation,toilet_no_toilet,2
Bagmati,Rasuwa,Gosaikunda,NP03,NP0329,NP0329402,2,household amenities,hh_amenities_without,25
Bagmati,Rasuwa,Gosaikunda,NP03,NP0329,NP0329402,2,household amenities,hh_amenities_at_least_one,138
Bagmati,Rasuwa,Gosaikunda,NP03,NP0329,NP0329402,2,household amenities,hh_amenities_radio,6
Bagmati,Rasuwa,Gosaikunda,NP03,NP0329,NP0329402,2,household amenities,hh_amenities_television,66
Bagmati,Rasuwa,Gosaikunda,NP03,NP0329,NP0329402,2,household amenities,hh_amenities_landline,41
Bagmati,Rasuwa,Gosaikunda,NP03,NP0329,NP0329402,2,household amenities,hh_amenities_mobile_phone_ordinary,132
Bagmati,Rasuwa,Gosaikunda,NP03,NP0329,NP0329402,2,household amenities,hh_amenities_mobile_phone_smart,108
Bagmati,Rasuwa,Gosaikunda,NP03,NP0329,NP0329402,2,household amenities,hh_amenities_computer_laptop,30
Bagmati,Rasuwa,Gosaikunda,NP03,NP0329,NP0329402,2,household amenities,hh_amenities_internet,86
Bagmati,Rasuwa,Gosaikunda,NP03,NP0329,NP0329402,2,household amenities,hh_amenities_car_jeep_van,12
Bagmati,Rasuwa,Gosaikunda,NP03,NP0329,NP0329402,2,household amenities,hh_amenities_motorcycle_scooter,46
Bagmati,Rasuwa,Gosaikunda,NP03,NP0329,NP0329402,2,household amenities,hh_amenities_bicycle,4
Bagmati,Rasuwa,Gosaikunda,NP03,NP0329,NP0329402,2,household amenities,hh_amenities_electric_fan,18
Bagmati,Rasuwa,Gosaikunda,NP03,NP0329,NP0329402,2,household amenities,hh_amenities_refridgerator,12
Bagmati,Rasuwa,Gosaikunda,NP03,NP0329,NP0329402,2,household amenities,hh_amenities_washing_machine,9
Bagmati,Rasuwa,Gosaikunda,NP03,NP0329,NP0329402,2,household amenities,hh_amenities_air_conditioner,2
Bagmati,Rasuwa,Gosaikunda,NP03,NP0329,NP0329402,2,wealth quintile,wealth_quintile_poorest_quintile_count,5
Bagmati,Rasuwa,Gosaikunda,NP03,NP0329,NP0329402,2,wealth quintile,wealth_quintile_poorer_quintile_count,28
Bagmati,Rasuwa,Gosaikunda,NP03,NP0329,NP0329402,2,wealth quintile,wealth_quintile_middle_quintile_count,66
Bagmati,Rasuwa,Gosaikunda,NP03,NP0329,NP0329402,2,wealth quintile,wealth_quintile_richer_quintile_count,36
Bagmati,Rasuwa,Gosaikunda,NP03,NP0329,NP0329402,2,wealth quintile,wealth_quintile_richest_quintile_count,28
Bagmati,Rasuwa,Gosaikunda,NP03,NP0329,NP0329402,2,wealth quintile,wealth_quintile_poorest_quintile_pc,3.07
Bagmati,Rasuwa,Gosaikunda,NP03,NP0329,NP0329402,2,wealth quintile,wealth_quintile_poorer_quintile_pc,17.18
Bagmati,Rasuwa,Gosaikunda,NP03,NP0329,NP0329402,2,wealth quintile,wealth_quintile_middle_quintile_pc,40.49
Bagmati,Rasuwa,Gosaikunda,NP03,NP0329,NP0329402,2,wealth quintile,wealth_quintile_richer_quintile_pc,22.09
Bagmati,Rasuwa,Gosaikunda,NP03,NP0329,NP0329402,2,wealth quintile,wealth_quintile_richest_quintile_pc,17.18
Bagmati,Rasuwa,Gosaikunda,NP03,NP0329,NP0329402,2,housing,house_quality_most_adequate_count,37
Bagmati,Rasuwa,Gosaikunda,NP03,NP0329,NP0329402,2,housing,house_quality_adequate_count,49
Bagmati,Rasuwa,Gosaikunda,NP03,NP0329,NP0329402,2,housing,house_quality_moderate_count,74
Bagmati,Rasuwa,Gosaikunda,NP03,NP0329,NP0329402,2,housing,house_quality_inadequate_count,3
Bagmati,Rasuwa,Gosaikunda,NP03,NP0329,NP0329402,2,housing,house_quality_least_adequate_count,0
Bagmati,Rasuwa,Gosaikunda,NP03,NP0329,NP0329402,2,housing,house_quality_most_adequate_pc,22.7
Bagmati,Rasuwa,Gosaikunda,NP03,NP0329,NP0329402,2,housing,house_quality_adequate_pc,30.06
Bagmati,Rasuwa,Gosaikunda,NP03,NP0329,NP0329402,2,housing,house_quality_moderate_pc,45.4
Bagmati,Rasuwa,Gosaikunda,NP03,NP0329,NP0329402,2,housing,house_quality_inadequate_pc,1.84
Bagmati,Rasuwa,Gosaikunda,NP03,NP0329,NP0329402,2,housing,house_quality_least_adequate_pc,0
Bagmati,Rasuwa,Gosaikunda,NP03,NP0329,NP0329402,3,demographics,total_households,169
Bagmati,Rasuwa,Gosaikunda,NP03,NP0329,NP0329402,3,housing,home_ownership_owned,144
Bagmati,Rasuwa,Gosaikunda,NP03,NP0329,NP0329402,3,housing,home_ownership_rented,2
Bagmati,Rasuwa,Gosaikunda,NP03,NP0329,NP0329402,3,housing,home_ownership_institutional,1
Bagmati,Rasuwa,Gosaikunda,NP03,NP0329,NP0329402,3,housing,home_ownership_other,22
Bagmati,Rasuwa,Gosaikunda,NP03,NP0329,NP0329402,3,housing,foundation_mud,11
Bagmati,Rasuwa,Gosaikunda,NP03,NP0329,NP0329402,3,housing,foundation_mud_bonded_bricks_stone,115
Bagmati,Rasuwa,Gosaikunda,NP03,NP0329,NP0329402,3,housing,foundation_cement_bonded_bricks_stone,9
Bagmati,Rasuwa,Gosaikunda,NP03,NP0329,NP0329402,3,housing,foundation_reinforced_cement_concrete_with_pillars,18
Bagmati,Rasuwa,Gosaikunda,NP03,NP0329,NP0329402,3,housing,foundation_wooden_pillars,16
Bagmati,Rasuwa,Gosaikunda,NP03,NP0329,NP0329402,3,housing,outer_wall_mud_bonded_bricks_stone,10
Bagmati,Rasuwa,Gosaikunda,NP03,NP0329,NP0329402,3,housing,outer_wall_cement_bonded_bricks_stone,122
Bagmati,Rasuwa,Gosaikunda,NP03,NP0329,NP0329402,3,housing,outer_wall_wood_planks,15
Bagmati,Rasuwa,Gosaikunda,NP03,NP0329,NP0329402,3,housing,outer_wall_bamboo,0
Bagmati,Rasuwa,Gosaikunda,NP03,NP0329,NP0329402,3,housing,outer_wall_unbaked_bricks,0
Bagmati,Rasuwa,Gosaikunda,NP03,NP0329,NP0329402,3,housing,outer_wall_galvanised_sheet,12
Bagmati,Rasuwa,Gosaikunda,NP03,NP0329,NP0329402,3,housing,outer_wall_prefabricated_sheet,0
Bagmati,Rasuwa,Gosaikunda,NP03,NP0329,NP0329402,3,housing,outer_wall_other,10
Bagmati,Rasuwa,Gosaikunda,NP03,NP0329,NP0329402,3,housing,roof_galvanised_sheet,150
Bagmati,Rasuwa,Gosaikunda,NP03,NP0329,NP0329402,3,housing,roof_reinforced_cement_concrete,13
Bagmati,Rasuwa,Gosaikunda,NP03,NP0329,NP0329402,3,housing,roof_thatch_straw,1
Bagmati,Rasuwa,Gosaikunda,NP03,NP0329,NP0329402,3,housing,roof_tile,0
Bagmati,Rasuwa,Gosaikunda,NP03,NP0329,NP0329402,3,housing,roof_stone_slate,0
Bagmati,Rasuwa,Gosaikunda,NP03,NP0329,NP0329402,3,housing,roof_wood_planks,3
Bagmati,Rasuwa,Gosaikunda,NP03,NP0329,NP0329402,3,housing,roof_mud,0
Bagmati,Rasuwa,Gosaikunda,NP03,NP0329,NP0329402,3,housing,roof_other,2
Bagmati,Rasuwa,Gosaikunda,NP03,NP0329,NP0329402,3,housing,floor_mud,25
Bagmati,Rasuwa,Gosaikunda,NP03,NP0329,NP0329402,3,housing,floor_wooden_plank_bamboo,74
Bagmati,Rasuwa,Gosaikunda,NP03,NP0329,NP0329402,3,housing,floor_bricks_stone,0
Bagmati,Rasuwa,Gosaikunda,NP03,NP0329,NP0329402,3,housing,floor_ceramic_tile,0
Bagmati,Rasuwa,Gosaikunda,NP03,NP0329,NP0329402,3,housing,floor_cemented,70
Bagmati,Rasuwa,Gosaikunda,NP03,NP0329,NP0329402,3,housing,floor_other,0
Bagmati,Rasuwa,Gosaikunda,NP03,NP0329,NP0329402,3,drinking water,drinking_water_tap_piped_within_premises,63
Bagmati,Rasuwa,Gosaikunda,NP03,NP0329,NP0329402,3,drinking water,drinking_water_tap_piped_outside_premises,87
Bagmati,Rasuwa,Gosaikunda,NP03,NP0329,NP0329402,3,drinking water,drinking_water_tubewell_handpump,0
Bagmati,Rasuwa,Gosaikunda,NP03,NP0329,NP0329402,3,drinking water,drinking_water_covered_well_kuwa,0
Bagmati,Rasuwa,Gosaikunda,NP03,NP0329,NP0329402,3,drinking water,drinking_water_uncovered_well_kuwa,0
Bagmati,Rasuwa,Gosaikunda,NP03,NP0329,NP0329402,3,drinking water,drinking_water_spout_water,1
Bagmati,Rasuwa,Gosaikunda,NP03,NP0329,NP0329402,3,drinking water,drinking_water_river_stream,0
Bagmati,Rasuwa,Gosaikunda,NP03,NP0329,NP0329402,3,drinking water,drinking_water_jar_bottle,0
Bagmati,Rasuwa,Gosaikunda,NP03,NP0329,NP0329402,3,drinking water,drinking_water_other,18
Bagmati,Rasuwa,Gosaikunda,NP03,NP0329,NP0329402,3,cooking fuel,cooking_fuel_wood_firewood,126
Bagmati,Rasuwa,Gosaikunda,NP03,NP0329,NP0329402,3,cooking fuel,cooking_fuel_lpg,43
Bagmati,Rasuwa,Gosaikunda,NP03,NP0329,NP0329402,3,cooking fuel,cooking_fuel_electricity,0
Bagmati,Rasuwa,Gosaikunda,NP03,NP0329,NP0329402,3,cooking fuel,cooking_fuel_cowdung,0
Bagmati,Rasuwa,Gosaikunda,NP03,NP0329,NP0329402,3,cooking fuel,cooking_fuel_biogas,0
Bagmati,Rasuwa,Gosaikunda,NP03,NP0329,NP0329402,3,cooking fuel,cooking_fuel_kerosene,0
Bagmati,Rasuwa,Gosaikunda,NP03,NP0329,NP0329402,3,cooking fuel,cooking_fuel_other,0
Bagmati,Rasuwa,Gosaikunda,NP03,NP0329,NP0329402,3,lighting fuel,lighting_electricity,163
Bagmati,Rasuwa,Gosaikunda,NP03,NP0329,NP0329402,3,lighting fuel,lighting_solar,4
Bagmati,Rasuwa,Gosaikunda,NP03,NP0329,NP0329402,3,lighting fuel,lighting_kerosene,1
Bagmati,Rasuwa,Gosaikunda,NP03,NP0329,NP0329402,3,lighting fuel,lighting_biogas,0
Bagmati,Rasuwa,Gosaikunda,NP03,NP0329,NP0329402,3,lighting fuel,lighting_other,1
Bagmati,Rasuwa,Gosaikunda,NP03,NP0329,NP0329402,3,sanitation,toilet_flush_public_sewerage,0
Bagmati,Rasuwa,Gosaikunda,NP03,NP0329,NP0329402,3,sanitation,toilet_flush_septic_tank,66
Bagmati,Rasuwa,Gosaikunda,NP03,NP0329,NP0329402,3,sanitation,toilet_pit,85
Bagmati,Rasuwa,Gosaikunda,NP03,NP0329,NP0329402,3,sanitation,toilet_public,3
Bagmati,Rasuwa,Gosaikunda,NP03,NP0329,NP0329402,3,sanitation,toilet_no_toilet,15
Bagmati,Rasuwa,Gosaikunda,NP03,NP0329,NP0329402,3,household amenities,hh_amenities_without,32
Bagmati,Rasuwa,Gosaikunda,NP03,NP0329,NP0329402,3,household amenities,hh_amenities_at_least_one,137
Bagmati,Rasuwa,Gosaikunda,NP03,NP0329,NP0329402,3,household amenities,hh_amenities_radio,11
Bagmati,Rasuwa,Gosaikunda,NP03,NP0329,NP0329402,3,household amenities,hh_amenities_television,58
Bagmati,Rasuwa,Gosaikunda,NP03,NP0329,NP0329402,3,household amenities,hh_amenities_landline,2
Bagmati,Rasuwa,Gosaikunda,NP03,NP0329,NP0329402,3,household amenities,hh_amenities_mobile_phone_ordinary,122
Bagmati,Rasuwa,Gosaikunda,NP03,NP0329,NP0329402,3,household amenities,hh_amenities_mobile_phone_smart,100
Bagmati,Rasuwa,Gosaikunda,NP03,NP0329,NP0329402,3,household amenities,hh_amenities_computer_laptop,3
Bagmati,Rasuwa,Gosaikunda,NP03,NP0329,NP0329402,3,household amenities,hh_amenities_internet,10
Bagmati,Rasuwa,Gosaikunda,NP03,NP0329,NP0329402,3,household amenities,hh_amenities_car_jeep_van,6
Bagmati,Rasuwa,Gosaikunda,NP03,NP0329,NP0329402,3,household amenities,hh_amenities_motorcycle_scooter,22
Bagmati,Rasuwa,Gosaikunda,NP03,NP0329,NP0329402,3,household amenities,hh_amenities_bicycle,1
Bagmati,Rasuwa,Gosaikunda,NP03,NP0329,NP0329402,3,household amenities,hh_amenities_electric_fan,3
Bagmati,Rasuwa,Gosaikunda,NP03,NP0329,NP0329402,3,household amenities,hh_amenities_refridgerator,25
Bagmati,Rasuwa,Gosaikunda,NP03,NP0329,NP0329402,3,household amenities,hh_amenities_washing_machine,2
Bagmati,Rasuwa,Gosaikunda,NP03,NP0329,NP0329402,3,household amenities,hh_amenities_air_conditioner,0
Bagmati,Rasuwa,Gosaikunda,NP03,NP0329,NP0329402,3,wealth quintile,wealth_quintile_poorest_quintile_count,29
Bagmati,Rasuwa,Gosaikunda,NP03,NP0329,NP0329402,3,wealth quintile,wealth_quintile_poorer_quintile_count,35
Bagmati,Rasuwa,Gosaikunda,NP03,NP0329,NP0329402,3,wealth quintile,wealth_quintile_middle_quintile_count,67
Bagmati,Rasuwa,Gosaikunda,NP03,NP0329,NP0329402,3,wealth quintile,wealth_quintile_richer_quintile_count,32
Bagmati,Rasuwa,Gosaikunda,NP03,NP0329,NP0329402,3,wealth quintile,wealth_quintile_richest_quintile_count,6
Bagmati,Rasuwa,Gosaikunda,NP03,NP0329,NP0329402,3,wealth quintile,wealth_quintile_poorest_quintile_pc,17.16
Bagmati,Rasuwa,Gosaikunda,NP03,NP0329,NP0329402,3,wealth quintile,wealth_quintile_poorer_quintile_pc,20.71
Bagmati,Rasuwa,Gosaikunda,NP03,NP0329,NP0329402,3,wealth quintile,wealth_quintile_middle_quintile_pc,39.64
Bagmati,Rasuwa,Gosaikunda,NP03,NP0329,NP0329402,3,wealth quintile,wealth_quintile_richer_quintile_pc,18.93
Bagmati,Rasuwa,Gosaikunda,NP03,NP0329,NP0329402,3,wealth quintile,wealth_quintile_richest_quintile_pc,3.55
Bagmati,Rasuwa,Gosaikunda,NP03,NP0329,NP0329402,3,housing,house_quality_most_adequate_count,22
Bagmati,Rasuwa,Gosaikunda,NP03,NP0329,NP0329402,3,housing,house_quality_adequate_count,88
Bagmati,Rasuwa,Gosaikunda,NP03,NP0329,NP0329402,3,housing,house_quality_moderate_count,38
Bagmati,Rasuwa,Gosaikunda,NP03,NP0329,NP0329402,3,housing,house_quality_inadequate_count,17
Bagmati,Rasuwa,Gosaikunda,NP03,NP0329,NP0329402,3,housing,house_quality_least_adequate_count,4
Bagmati,Rasuwa,Gosaikunda,NP03,NP0329,NP0329402,3,housing,house_quality_most_adequate_pc,13.02
Bagmati,Rasuwa,Gosaikunda,NP03,NP0329,NP0329402,3,housing,house_quality_adequate_pc,52.07
Bagmati,Rasuwa,Gosaikunda,NP03,NP0329,NP0329402,3,housing,house_quality_moderate_pc,22.49
Bagmati,Rasuwa,Gosaikunda,NP03,NP0329,NP0329402,3,housing,house_quality_inadequate_pc,10.06
Bagmati,Rasuwa,Gosaikunda,NP03,NP0329,NP0329402,3,housing,house_quality_least_adequate_pc,2.37
Bagmati,Rasuwa,Gosaikunda,NP03,NP0329,NP0329402,5,demographics,total_households,583
Bagmati,Rasuwa,Gosaikunda,NP03,NP0329,NP0329402,5,housing,home_ownership_owned,543
Bagmati,Rasuwa,Gosaikunda,NP03,NP0329,NP0329402,5,housing,home_ownership_rented,36
Bagmati,Rasuwa,Gosaikunda,NP03,NP0329,NP0329402,5,housing,home_ownership_institutional,4
Bagmati,Rasuwa,Gosaikunda,NP03,NP0329,NP0329402,5,housing,home_ownership_other,0
Bagmati,Rasuwa,Gosaikunda,NP03,NP0329,NP0329402,5,housing,foundation_mud,109
Bagmati,Rasuwa,Gosaikunda,NP03,NP0329,NP0329402,5,housing,foundation_mud_bonded_bricks_stone,184
Bagmati,Rasuwa,Gosaikunda,NP03,NP0329,NP0329402,5,housing,foundation_cement_bonded_bricks_stone,244
Bagmati,Rasuwa,Gosaikunda,NP03,NP0329,NP0329402,5,housing,foundation_reinforced_cement_concrete_with_pillars,43
Bagmati,Rasuwa,Gosaikunda,NP03,NP0329,NP0329402,5,housing,foundation_wooden_pillars,3
Bagmati,Rasuwa,Gosaikunda,NP03,NP0329,NP0329402,5,housing,outer_wall_mud_bonded_bricks_stone,53
Bagmati,Rasuwa,Gosaikunda,NP03,NP0329,NP0329402,5,housing,outer_wall_cement_bonded_bricks_stone,447
Bagmati,Rasuwa,Gosaikunda,NP03,NP0329,NP0329402,5,housing,outer_wall_wood_planks,42
Bagmati,Rasuwa,Gosaikunda,NP03,NP0329,NP0329402,5,housing,outer_wall_bamboo,0
Bagmati,Rasuwa,Gosaikunda,NP03,NP0329,NP0329402,5,housing,outer_wall_unbaked_bricks,2
Bagmati,Rasuwa,Gosaikunda,NP03,NP0329,NP0329402,5,housing,outer_wall_galvanised_sheet,38
Bagmati,Rasuwa,Gosaikunda,NP03,NP0329,NP0329402,5,housing,outer_wall_prefabricated_sheet,1
Bagmati,Rasuwa,Gosaikunda,NP03,NP0329,NP0329402,5,housing,outer_wall_other,0
Bagmati,Rasuwa,Gosaikunda,NP03,NP0329,NP0329402,5,housing,roof_galvanised_sheet,316
Bagmati,Rasuwa,Gosaikunda,NP03,NP0329,NP0329402,5,housing,roof_reinforced_cement_concrete,261
Bagmati,Rasuwa,Gosaikunda,NP03,NP0329,NP0329402,5,housing,roof_thatch_straw,1
Bagmati,Rasuwa,Gosaikunda,NP03,NP0329,NP0329402,5,housing,roof_tile,0
Bagmati,Rasuwa,Gosaikunda,NP03,NP0329,NP0329402,5,housing,roof_stone_slate,5
Bagmati,Rasuwa,Gosaikunda,NP03,NP0329,NP0329402,5,housing,roof_wood_planks,0
Bagmati,Rasuwa,Gosaikunda,NP03,NP0329,NP0329402,5,housing,roof_mud,0
Bagmati,Rasuwa,Gosaikunda,NP03,NP0329,NP0329402,5,housing,roof_other,0
Bagmati,Rasuwa,Gosaikunda,NP03,NP0329,NP0329402,5,housing,floor_mud,40
Bagmati,Rasuwa,Gosaikunda,NP03,NP0329,NP0329402,5,housing,floor_wooden_plank_bamboo,103
Bagmati,Rasuwa,Gosaikunda,NP03,NP0329,NP0329402,5,housing,floor_bricks_stone,0
Bagmati,Rasuwa,Gosaikunda,NP03,NP0329,NP0329402,5,housing,floor_ceramic_tile,3
Bagmati,Rasuwa,Gosaikunda,NP03,NP0329,NP0329402,5,housing,floor_cemented,434
Bagmati,Rasuwa,Gosaikunda,NP03,NP0329,NP0329402,5,housing,floor_other,3
Bagmati,Rasuwa,Gosaikunda,NP03,NP0329,NP0329402,5,drinking water,drinking_water_tap_piped_within_premises,311
Bagmati,Rasuwa,Gosaikunda,NP03,NP0329,NP0329402,5,drinking water,drinking_water_tap_piped_outside_premises,226
Bagmati,Rasuwa,Gosaikunda,NP03,NP0329,NP0329402,5,drinking water,drinking_water_tubewell_handpump,0
Bagmati,Rasuwa,Gosaikunda,NP03,NP0329,NP0329402,5,drinking water,drinking_water_covered_well_kuwa,0
Bagmati,Rasuwa,Gosaikunda,NP03,NP0329,NP0329402,5,drinking water,drinking_water_uncovered_well_kuwa,5
Bagmati,Rasuwa,Gosaikunda,NP03,NP0329,NP0329402,5,drinking water,drinking_water_spout_water,41
Bagmati,Rasuwa,Gosaikunda,NP03,NP0329,NP0329402,5,drinking water,drinking_water_river_stream,0
Bagmati,Rasuwa,Gosaikunda,NP03,NP0329,NP0329402,5,drinking water,drinking_water_jar_bottle,0
Bagmati,Rasuwa,Gosaikunda,NP03,NP0329,NP0329402,5,drinking water,drinking_water_other,0
Bagmati,Rasuwa,Gosaikunda,NP03,NP0329,NP0329402,5,cooking fuel,cooking_fuel_wood_firewood,150
Bagmati,Rasuwa,Gosaikunda,NP03,NP0329,NP0329402,5,cooking fuel,cooking_fuel_lpg,433
Bagmati,Rasuwa,Gosaikunda,NP03,NP0329,NP0329402,5,cooking fuel,cooking_fuel_electricity,0
Bagmati,Rasuwa,Gosaikunda,NP03,NP0329,NP0329402,5,cooking fuel,cooking_fuel_cowdung,0
Bagmati,Rasuwa,Gosaikunda,NP03,NP0329,NP0329402,5,cooking fuel,cooking_fuel_biogas,0
Bagmati,Rasuwa,Gosaikunda,NP03,NP0329,NP0329402,5,cooking fuel,cooking_fuel_kerosene,0
Bagmati,Rasuwa,Gosaikunda,NP03,NP0329,NP0329402,5,cooking fuel,cooking_fuel_other,0
Bagmati,Rasuwa,Gosaikunda,NP03,NP0329,NP0329402,5,lighting fuel,lighting_electricity,572
Bagmati,Rasuwa,Gosaikunda,NP03,NP0329,NP0329402,5,lighting fuel,lighting_solar,10
Bagmati,Rasuwa,Gosaikunda,NP03,NP0329,NP0329402,5,lighting fuel,lighting_kerosene,1
Bagmati,Rasuwa,Gosaikunda,NP03,NP0329,NP0329402,5,lighting fuel,lighting_biogas,0
Bagmati,Rasuwa,Gosaikunda,NP03,NP0329,NP0329402,5,lighting fuel,lighting_other,0
Bagmati,Rasuwa,Gosaikunda,NP03,NP0329,NP0329402,5,sanitation,toilet_flush_public_sewerage,1
Bagmati,Rasuwa,Gosaikunda,NP03,NP0329,NP0329402,5,sanitation,toilet_flush_septic_tank,296
Bagmati,Rasuwa,Gosaikunda,NP03,NP0329,NP0329402,5,sanitation,toilet_pit,278
Bagmati,Rasuwa,Gosaikunda,NP03,NP0329,NP0329402,5,sanitation,toilet_public,7
Bagmati,Rasuwa,Gosaikunda,NP03,NP0329,NP0329402,5,sanitation,toilet_no_toilet,1
Bagmati,Rasuwa,Gosaikunda,NP03,NP0329,NP0329402,5,household amenities,hh_amenities_without,28
Bagmati,Rasuwa,Gosaikunda,NP03,NP0329,NP0329402,5,household amenities,hh_amenities_at_least_one,555
Bagmati,Rasuwa,Gosaikunda,NP03,NP0329,NP0329402,5,household amenities,hh_amenities_radio,110
Bagmati,Rasuwa,Gosaikunda,NP03,NP0329,NP0329402,5,household amenities,hh_amenities_television,373
Bagmati,Rasuwa,Gosaikunda,NP03,NP0329,NP0329402,5,household amenities,hh_amenities_landline,179
Bagmati,Rasuwa,Gosaikunda,NP03,NP0329,NP0329402,5,household amenities,hh_amenities_mobile_phone_ordinary,513
Bagmati,Rasuwa,Gosaikunda,NP03,NP0329,NP0329402,5,household amenities,hh_amenities_mobile_phone_smart,481
Bagmati,Rasuwa,Gosaikunda,NP03,NP0329,NP0329402,5,household amenities,hh_amenities_computer_laptop,131
Bagmati,Rasuwa,Gosaikunda,NP03,NP0329,NP0329402,5,household amenities,hh_amenities_internet,272
Bagmati,Rasuwa,Gosaikunda,NP03,NP0329,NP0329402,5,household amenities,hh_amenities_car_jeep_van,113
Bagmati,Rasuwa,Gosaikunda,NP03,NP0329,NP0329402,5,household amenities,hh_amenities_motorcycle_scooter,246
Bagmati,Rasuwa,Gosaikunda,NP03,NP0329,NP0329402,5,household amenities,hh_amenities_bicycle,84
Bagmati,Rasuwa,Gosaikunda,NP03,NP0329,NP0329402,5,household amenities,hh_amenities_electric_fan,138
Bagmati,Rasuwa,Gosaikunda,NP03,NP0329,NP0329402,5,household amenities,hh_amenities_refridgerator,243
Bagmati,Rasuwa,Gosaikunda,NP03,NP0329,NP0329402,5,household amenities,hh_amenities_washing_machine,97
Bagmati,Rasuwa,Gosaikunda,NP03,NP0329,NP0329402,5,household amenities,hh_amenities_air_conditioner,68
Bagmati,Rasuwa,Gosaikunda,NP03,NP0329,NP0329402,5,wealth quintile,wealth_quintile_poorest_quintile_count,24
Bagmati,Rasuwa,Gosaikunda,NP03,NP0329,NP0329402,5,wealth quintile,wealth_quintile_poorer_quintile_count,51
Bagmati,Rasuwa,Gosaikunda,NP03,NP0329,NP0329402,5,wealth quintile,wealth_quintile_middle_quintile_count,142
Bagmati,Rasuwa,Gosaikunda,NP03,NP0329,NP0329402,5,wealth quintile,wealth_quintile_richer_quintile_count,159
Bagmati,Rasuwa,Gosaikunda,NP03,NP0329,NP0329402,5,wealth quintile,wealth_quintile_richest_quintile_count,207
Bagmati,Rasuwa,Gosaikunda,NP03,NP0329,NP0329402,5,wealth quintile,wealth_quintile_poorest_quintile_pc,4.12
Bagmati,Rasuwa,Gosaikunda,NP03,NP0329,NP0329402,5,wealth quintile,wealth_quintile_poorer_quintile_pc,8.75
Bagmati,Rasuwa,Gosaikunda,NP03,NP0329,NP0329402,5,wealth quintile,wealth_quintile_middle_quintile_pc,24.36
Bagmati,Rasuwa,Gosaikunda,NP03,NP0329,NP0329402,5,wealth quintile,wealth_quintile_richer_quintile_pc,27.27
Bagmati,Rasuwa,Gosaikunda,NP03,NP0329,NP0329402,5,wealth quintile,wealth_quintile_richest_quintile_pc,35.51
Bagmati,Rasuwa,Gosaikunda,NP03,NP0329,NP0329402,5,housing,house_quality_most_adequate_count,247
Bagmati,Rasuwa,Gosaikunda,NP03,NP0329,NP0329402,5,housing,house_quality_adequate_count,227
Bagmati,Rasuwa,Gosaikunda,NP03,NP0329,NP0329402,5,housing,house_quality_moderate_count,93
Bagmati,Rasuwa,Gosaikunda,NP03,NP0329,NP0329402,5,housing,house_quality_inadequate_count,16
Bagmati,Rasuwa,Gosaikunda,NP03,NP0329,NP0329402,5,housing,house_quality_least_adequate_count,0
Bagmati,Rasuwa,Gosaikunda,NP03,NP0329,NP0329402,5,housing,house_quality_most_adequate_pc,42.37
Bagmati,Rasuwa,Gosaikunda,NP03,NP0329,NP0329402,5,housing,house_quality_adequate_pc,38.94
Bagmati,Rasuwa,Gosaikunda,NP03,NP0329,NP0329402,5,housing,house_quality_moderate_pc,15.95
Bagmati,Rasuwa,Gosaikunda,NP03,NP0329,NP0329402,5,housing,house_quality_inadequate_pc,2.74
Bagmati,Rasuwa,Gosaikunda,NP03,NP0329,NP0329402,5,housing,house_quality_least_adequate_pc,0
Bagmati,Rasuwa,Aamachhodingmo,NP03,NP0329,NP0329401,1,demographics,total_households,311
Bagmati,Rasuwa,Aamachhodingmo,NP03,NP0329,NP0329401,1,housing,home_ownership_owned,311
Bagmati,Rasuwa,Aamachhodingmo,NP03,NP0329,NP0329401,1,housing,home_ownership_rented,0
Bagmati,Rasuwa,Aamachhodingmo,NP03,NP0329,NP0329401,1,housing,home_ownership_institutional,0
Bagmati,Rasuwa,Aamachhodingmo,NP03,NP0329,NP0329401,1,housing,home_ownership_other,0
Bagmati,Rasuwa,Aamachhodingmo,NP03,NP0329,NP0329401,1,housing,foundation_mud,258
Bagmati,Rasuwa,Aamachhodingmo,NP03,NP0329,NP0329401,1,housing,foundation_mud_bonded_bricks_stone,53
Bagmati,Rasuwa,Aamachhodingmo,NP03,NP0329,NP0329401,1,housing,foundation_cement_bonded_bricks_stone,0
Bagmati,Rasuwa,Aamachhodingmo,NP03,NP0329,NP0329401,1,housing,foundation_reinforced_cement_concrete_with_pillars,0
Bagmati,Rasuwa,Aamachhodingmo,NP03,NP0329,NP0329401,1,housing,foundation_wooden_pillars,0
Bagmati,Rasuwa,Aamachhodingmo,NP03,NP0329,NP0329401,1,housing,outer_wall_mud_bonded_bricks_stone,257
Bagmati,Rasuwa,Aamachhodingmo,NP03,NP0329,NP0329401,1,housing,outer_wall_cement_bonded_bricks_stone,54
Bagmati,Rasuwa,Aamachhodingmo,NP03,NP0329,NP0329401,1,housing,outer_wall_wood_planks,0
Bagmati,Rasuwa,Aamachhodingmo,NP03,NP0329,NP0329401,1,housing,outer_wall_bamboo,0
Bagmati,Rasuwa,Aamachhodingmo,NP03,NP0329,NP0329401,1,housing,outer_wall_unbaked_bricks,0
Bagmati,Rasuwa,Aamachhodingmo,NP03,NP0329,NP0329401,1,housing,outer_wall_galvanised_sheet,0
Bagmati,Rasuwa,Aamachhodingmo,NP03,NP0329,NP0329401,1,housing,outer_wall_prefabricated_sheet,0
Bagmati,Rasuwa,Aamachhodingmo,NP03,NP0329,NP0329401,1,housing,outer_wall_other,0
Bagmati,Rasuwa,Aamachhodingmo,NP03,NP0329,NP0329401,1,housing,roof_galvanised_sheet,311
Bagmati,Rasuwa,Aamachhodingmo,NP03,NP0329,NP0329401,1,housing,roof_reinforced_cement_concrete,0
Bagmati,Rasuwa,Aamachhodingmo,NP03,NP0329,NP0329401,1,housing,roof_thatch_straw,0
Bagmati,Rasuwa,Aamachhodingmo,NP03,NP0329,NP0329401,1,housing,roof_tile,0
Bagmati,Rasuwa,Aamachhodingmo,NP03,NP0329,NP0329401,1,housing,roof_stone_slate,0
Bagmati,Rasuwa,Aamachhodingmo,NP03,NP0329,NP0329401,1,housing,roof_wood_planks,0
Bagmati,Rasuwa,Aamachhodingmo,NP03,NP0329,NP0329401,1,housing,roof_mud,0
Bagmati,Rasuwa,Aamachhodingmo,NP03,NP0329,NP0329401,1,housing,roof_other,0
Bagmati,Rasuwa,Aamachhodingmo,NP03,NP0329,NP0329401,1,housing,floor_mud,250
Bagmati,Rasuwa,Aamachhodingmo,NP03,NP0329,NP0329401,1,housing,floor_wooden_plank_bamboo,1
Bagmati,Rasuwa,Aamachhodingmo,NP03,NP0329,NP0329401,1,housing,floor_bricks_stone,1
Bagmati,Rasuwa,Aamachhodingmo,NP03,NP0329,NP0329401,1,housing,floor_ceramic_tile,0
Bagmati,Rasuwa,Aamachhodingmo,NP03,NP0329,NP0329401,1,housing,floor_cemented,58
Bagmati,Rasuwa,Aamachhodingmo,NP03,NP0329,NP0329401,1,housing,floor_other,1
Bagmati,Rasuwa,Aamachhodingmo,NP03,NP0329,NP0329401,1,drinking water,drinking_water_tap_piped_within_premises,105
Bagmati,Rasuwa,Aamachhodingmo,NP03,NP0329,NP0329401,1,drinking water,drinking_water_tap_piped_outside_premises,185
Bagmati,Rasuwa,Aamachhodingmo,NP03,NP0329,NP0329401,1,drinking water,drinking_water_tubewell_handpump,0
Bagmati,Rasuwa,Aamachhodingmo,NP03,NP0329,NP0329401,1,drinking water,drinking_water_covered_well_kuwa,0
Bagmati,Rasuwa,Aamachhodingmo,NP03,NP0329,NP0329401,1,drinking water,drinking_water_uncovered_well_kuwa,0
Bagmati,Rasuwa,Aamachhodingmo,NP03,NP0329,NP0329401,1,drinking water,drinking_water_spout_water,9
Bagmati,Rasuwa,Aamachhodingmo,NP03,NP0329,NP0329401,1,drinking water,drinking_water_river_stream,12
Bagmati,Rasuwa,Aamachhodingmo,NP03,NP0329,NP0329401,1,drinking water,drinking_water_jar_bottle,0
Bagmati,Rasuwa,Aamachhodingmo,NP03,NP0329,NP0329401,1,drinking water,drinking_water_other,0
Bagmati,Rasuwa,Aamachhodingmo,NP03,NP0329,NP0329401,1,cooking fuel,cooking_fuel_wood_firewood,307
Bagmati,Rasuwa,Aamachhodingmo,NP03,NP0329,NP0329401,1,cooking fuel,cooking_fuel_lpg,1
Bagmati,Rasuwa,Aamachhodingmo,NP03,NP0329,NP0329401,1,cooking fuel,cooking_fuel_electricity,0
Bagmati,Rasuwa,Aamachhodingmo,NP03,NP0329,NP0329401,1,cooking fuel,cooking_fuel_cowdung,0
Bagmati,Rasuwa,Aamachhodingmo,NP03,NP0329,NP0329401,1,cooking fuel,cooking_fuel_biogas,0
Bagmati,Rasuwa,Aamachhodingmo,NP03,NP0329,NP0329401,1,cooking fuel,cooking_fuel_kerosene,1
Bagmati,Rasuwa,Aamachhodingmo,NP03,NP0329,NP0329401,1,cooking fuel,cooking_fuel_other,2
Bagmati,Rasuwa,Aamachhodingmo,NP03,NP0329,NP0329401,1,lighting fuel,lighting_electricity,278
Bagmati,Rasuwa,Aamachhodingmo,NP03,NP0329,NP0329401,1,lighting fuel,lighting_solar,0
Bagmati,Rasuwa,Aamachhodingmo,NP03,NP0329,NP0329401,1,lighting fuel,lighting_kerosene,0
Bagmati,Rasuwa,Aamachhodingmo,NP03,NP0329,NP0329401,1,lighting fuel,lighting_biogas,0
Bagmati,Rasuwa,Aamachhodingmo,NP03,NP0329,NP0329401,1,lighting fuel,lighting_other,33
Bagmati,Rasuwa,Aamachhodingmo,NP03,NP0329,NP0329401,1,sanitation,toilet_flush_public_sewerage,4
Bagmati,Rasuwa,Aamachhodingmo,NP03,NP0329,NP0329401,1,sanitation,toilet_flush_septic_tank,276
Bagmati,Rasuwa,Aamachhodingmo,NP03,NP0329,NP0329401,1,sanitation,toilet_pit,2
Bagmati,Rasuwa,Aamachhodingmo,NP03,NP0329,NP0329401,1,sanitation,toilet_public,0
Bagmati,Rasuwa,Aamachhodingmo,NP03,NP0329,NP0329401,1,sanitation,toilet_no_toilet,29
Bagmati,Rasuwa,Aamachhodingmo,NP03,NP0329,NP0329401,1,household amenities,hh_amenities_without,28
Bagmati,Rasuwa,Aamachhodingmo,NP03,NP0329,NP0329401,1,household amenities,hh_amenities_at_least_one,283
Bagmati,Rasuwa,Aamachhodingmo,NP03,NP0329,NP0329401,1,household amenities,hh_amenities_radio,244
Bagmati,Rasuwa,Aamachhodingmo,NP03,NP0329,NP0329401,1,household amenities,hh_amenities_television,229
Bagmati,Rasuwa,Aamachhodingmo,NP03,NP0329,NP0329401,1,household amenities,hh_amenities_landline,4
Bagmati,Rasuwa,Aamachhodingmo,NP03,NP0329,NP0329401,1,household amenities,hh_amenities_mobile_phone_ordinary,229
Bagmati,Rasuwa,Aamachhodingmo,NP03,NP0329,NP0329401,1,household amenities,hh_amenities_mobile_phone_smart,211
Bagmati,Rasuwa,Aamachhodingmo,NP03,NP0329,NP0329401,1,household amenities,hh_amenities_computer_laptop,4
Bagmati,Rasuwa,Aamachhodingmo,NP03,NP0329,NP0329401,1,household amenities,hh_amenities_internet,1
Bagmati,Rasuwa,Aamachhodingmo,NP03,NP0329,NP0329401,1,household amenities,hh_amenities_car_jeep_van,1
Bagmati,Rasuwa,Aamachhodingmo,NP03,NP0329,NP0329401,1,household amenities,hh_amenities_motorcycle_scooter,19
Bagmati,Rasuwa,Aamachhodingmo,NP03,NP0329,NP0329401,1,household amenities,hh_amenities_bicycle,1
Bagmati,Rasuwa,Aamachhodingmo,NP03,NP0329,NP0329401,1,household amenities,hh_amenities_electric_fan,1
Bagmati,Rasuwa,Aamachhodingmo,NP03,NP0329,NP0329401,1,household amenities,hh_amenities_refridgerator,1
Bagmati,Rasuwa,Aamachhodingmo,NP03,NP0329,NP0329401,1,household amenities,hh_amenities_washing_machine,0
Bagmati,Rasuwa,Aamachhodingmo,NP03,NP0329,NP0329401,1,household amenities,hh_amenities_air_conditioner,0
Bagmati,Rasuwa,Aamachhodingmo,NP03,NP0329,NP0329401,1,wealth quintile,wealth_quintile_poorest_quintile_count,63
Bagmati,Rasuwa,Aamachhodingmo,NP03,NP0329,NP0329401,1,wealth quintile,wealth_quintile_poorer_quintile_count,175
Bagmati,Rasuwa,Aamachhodingmo,NP03,NP0329,NP0329401,1,wealth quintile,wealth_quintile_middle_quintile_count,66
Bagmati,Rasuwa,Aamachhodingmo,NP03,NP0329,NP0329401,1,wealth quintile,wealth_quintile_richer_quintile_count,6
Bagmati,Rasuwa,Aamachhodingmo,NP03,NP0329,NP0329401,1,wealth quintile,wealth_quintile_richest_quintile_count,1
Bagmati,Rasuwa,Aamachhodingmo,NP03,NP0329,NP0329401,1,wealth quintile,wealth_quintile_poorest_quintile_pc,20.26
Bagmati,Rasuwa,Aamachhodingmo,NP03,NP0329,NP0329401,1,wealth quintile,wealth_quintile_poorer_quintile_pc,56.27
Bagmati,Rasuwa,Aamachhodingmo,NP03,NP0329,NP0329401,1,wealth quintile,wealth_quintile_middle_quintile_pc,21.22
Bagmati,Rasuwa,Aamachhodingmo,NP03,NP0329,NP0329401,1,wealth quintile,wealth_quintile_richer_quintile_pc,1.93
Bagmati,Rasuwa,Aamachhodingmo,NP03,NP0329,NP0329401,1,wealth quintile,wealth_quintile_richest_quintile_pc,0.32
Bagmati,Rasuwa,Aamachhodingmo,NP03,NP0329,NP0329401,1,housing,house_quality_most_adequate_count,0
Bagmati,Rasuwa,Aamachhodingmo,NP03,NP0329,NP0329401,1,housing,house_quality_adequate_count,59
Bagmati,Rasuwa,Aamachhodingmo,NP03,NP0329,NP0329401,1,housing,house_quality_moderate_count,224
Bagmati,Rasuwa,Aamachhodingmo,NP03,NP0329,NP0329401,1,housing,house_quality_inadequate_count,28
Bagmati,Rasuwa,Aamachhodingmo,NP03,NP0329,NP0329401,1,housing,house_quality_least_adequate_count,0
Bagmati,Rasuwa,Aamachhodingmo,NP03,NP0329,NP0329401,1,housing,house_quality_most_adequate_pc,0
Bagmati,Rasuwa,Aamachhodingmo,NP03,NP0329,NP0329401,1,housing,house_quality_adequate_pc,18.97
Bagmati,Rasuwa,Aamachhodingmo,NP03,NP0329,NP0329401,1,housing,house_quality_moderate_pc,72.03
Bagmati,Rasuwa,Aamachhodingmo,NP03,NP0329,NP0329401,1,housing,house_quality_inadequate_pc,9
Bagmati,Rasuwa,Aamachhodingmo,NP03,NP0329,NP0329401,1,housing,house_quality_least_adequate_pc,0
Bagmati,Rasuwa,Uttargaya,NP03,NP0329,NP0329403,1,demographics,total_households,293
Bagmati,Rasuwa,Uttargaya,NP03,NP0329,NP0329403,1,housing,home_ownership_owned,286
Bagmati,Rasuwa,Uttargaya,NP03,NP0329,NP0329403,1,housing,home_ownership_rented,5
Bagmati,Rasuwa,Uttargaya,NP03,NP0329,NP0329403,1,housing,home_ownership_institutional,2
Bagmati,Rasuwa,Uttargaya,NP03,NP0329,NP0329403,1,housing,home_ownership_other,0
Bagmati,Rasuwa,Uttargaya,NP03,NP0329,NP0329403,1,housing,foundation_mud,242
Bagmati,Rasuwa,Uttargaya,NP03,NP0329,NP0329403,1,housing,foundation_mud_bonded_bricks_stone,21
Bagmati,Rasuwa,Uttargaya,NP03,NP0329,NP0329403,1,housing,foundation_cement_bonded_bricks_stone,7
Bagmati,Rasuwa,Uttargaya,NP03,NP0329,NP0329403,1,housing,foundation_reinforced_cement_concrete_with_pillars,22
Bagmati,Rasuwa,Uttargaya,NP03,NP0329,NP0329403,1,housing,foundation_wooden_pillars,1
Bagmati,Rasuwa,Uttargaya,NP03,NP0329,NP0329403,1,housing,outer_wall_mud_bonded_bricks_stone,228
Bagmati,Rasuwa,Uttargaya,NP03,NP0329,NP0329403,1,housing,outer_wall_cement_bonded_bricks_stone,25
Bagmati,Rasuwa,Uttargaya,NP03,NP0329,NP0329403,1,housing,outer_wall_wood_planks,1
Bagmati,Rasuwa,Uttargaya,NP03,NP0329,NP0329403,1,housing,outer_wall_bamboo,6
Bagmati,Rasuwa,Uttargaya,NP03,NP0329,NP0329403,1,housing,outer_wall_unbaked_bricks,0
Bagmati,Rasuwa,Uttargaya,NP03,NP0329,NP0329403,1,housing,outer_wall_galvanised_sheet,33
Bagmati,Rasuwa,Uttargaya,NP03,NP0329,NP0329403,1,housing,outer_wall_prefabricated_sheet,0
Bagmati,Rasuwa,Uttargaya,NP03,NP0329,NP0329403,1,housing,outer_wall_other,0
Bagmati,Rasuwa,Uttargaya,NP03,NP0329,NP0329403,1,housing,roof_galvanised_sheet,271
Bagmati,Rasuwa,Uttargaya,NP03,NP0329,NP0329403,1,housing,roof_reinforced_cement_concrete,19
Bagmati,Rasuwa,Uttargaya,NP03,NP0329,NP0329403,1,housing,roof_thatch_straw,1
Bagmati,Rasuwa,Uttargaya,NP03,NP0329,NP0329403,1,housing,roof_tile,0
Bagmati,Rasuwa,Uttargaya,NP03,NP0329,NP0329403,1,housing,roof_stone_slate,0
Bagmati,Rasuwa,Uttargaya,NP03,NP0329,NP0329403,1,housing,roof_wood_planks,2
Bagmati,Rasuwa,Uttargaya,NP03,NP0329,NP0329403,1,housing,roof_mud,0
Bagmati,Rasuwa,Uttargaya,NP03,NP0329,NP0329403,1,housing,roof_other,0
Bagmati,Rasuwa,Uttargaya,NP03,NP0329,NP0329403,1,housing,floor_mud,226
Bagmati,Rasuwa,Uttargaya,NP03,NP0329,NP0329403,1,housing,floor_wooden_plank_bamboo,5
Bagmati,Rasuwa,Uttargaya,NP03,NP0329,NP0329403,1,housing,floor_bricks_stone,0
Bagmati,Rasuwa,Uttargaya,NP03,NP0329,NP0329403,1,housing,floor_ceramic_tile,0
Bagmati,Rasuwa,Uttargaya,NP03,NP0329,NP0329403,1,housing,floor_cemented,62
Bagmati,Rasuwa,Uttargaya,NP03,NP0329,NP0329403,1,housing,floor_other,0
Bagmati,Rasuwa,Uttargaya,NP03,NP0329,NP0329403,1,drinking water,drinking_water_tap_piped_within_premises,100
Bagmati,Rasuwa,Uttargaya,NP03,NP0329,NP0329403,1,drinking water,drinking_water_tap_piped_outside_premises,158
Bagmati,Rasuwa,Uttargaya,NP03,NP0329,NP0329403,1,drinking water,drinking_water_tubewell_handpump,0
Bagmati,Rasuwa,Uttargaya,NP03,NP0329,NP0329403,1,drinking water,drinking_water_covered_well_kuwa,6
Bagmati,Rasuwa,Uttargaya,NP03,NP0329,NP0329403,1,drinking water,drinking_water_uncovered_well_kuwa,12
Bagmati,Rasuwa,Uttargaya,NP03,NP0329,NP0329403,1,drinking water,drinking_water_spout_water,16
Bagmati,Rasuwa,Uttargaya,NP03,NP0329,NP0329403,1,drinking water,drinking_water_river_stream,0
Bagmati,Rasuwa,Uttargaya,NP03,NP0329,NP0329403,1,drinking water,drinking_water_jar_bottle,0
Bagmati,Rasuwa,Uttargaya,NP03,NP0329,NP0329403,1,drinking water,drinking_water_other,1
Bagmati,Rasuwa,Uttargaya,NP03,NP0329,NP0329403,1,cooking fuel,cooking_fuel_wood_firewood,257
Bagmati,Rasuwa,Uttargaya,NP03,NP0329,NP0329403,1,cooking fuel,cooking_fuel_lpg,35
Bagmati,Rasuwa,Uttargaya,NP03,NP0329,NP0329403,1,cooking fuel,cooking_fuel_electricity,0
Bagmati,Rasuwa,Uttargaya,NP03,NP0329,NP0329403,1,cooking fuel,cooking_fuel_cowdung,0
Bagmati,Rasuwa,Uttargaya,NP03,NP0329,NP0329403,1,cooking fuel,cooking_fuel_biogas,0
Bagmati,Rasuwa,Uttargaya,NP03,NP0329,NP0329403,1,cooking fuel,cooking_fuel_kerosene,1
Bagmati,Rasuwa,Uttargaya,NP03,NP0329,NP0329403,1,cooking fuel,cooking_fuel_other,0
Bagmati,Rasuwa,Uttargaya,NP03,NP0329,NP0329403,1,lighting fuel,lighting_electricity,257
Bagmati,Rasuwa,Uttargaya,NP03,NP0329,NP0329403,1,lighting fuel,lighting_solar,35
Bagmati,Rasuwa,Uttargaya,NP03,NP0329,NP0329403,1,lighting fuel,lighting_kerosene,1
Bagmati,Rasuwa,Uttargaya,NP03,NP0329,NP0329403,1,lighting fuel,lighting_biogas,0
Bagmati,Rasuwa,Uttargaya,NP03,NP0329,NP0329403,1,lighting fuel,lighting_other,0
Bagmati,Rasuwa,Uttargaya,NP03,NP0329,NP0329403,1,sanitation,toilet_flush_public_sewerage,0
Bagmati,Rasuwa,Uttargaya,NP03,NP0329,NP0329403,1,sanitation,toilet_flush_septic_tank,62
Bagmati,Rasuwa,Uttargaya,NP03,NP0329,NP0329403,1,sanitation,toilet_pit,135
Bagmati,Rasuwa,Uttargaya,NP03,NP0329,NP0329403,1,sanitation,toilet_public,0
Bagmati,Rasuwa,Uttargaya,NP03,NP0329,NP0329403,1,sanitation,toilet_no_toilet,96
Bagmati,Rasuwa,Uttargaya,NP03,NP0329,NP0329403,1,household amenities,hh_amenities_without,28
Bagmati,Rasuwa,Uttargaya,NP03,NP0329,NP0329403,1,household amenities,hh_amenities_at_least_one,265
Bagmati,Rasuwa,Uttargaya,NP03,NP0329,NP0329403,1,household amenities,hh_amenities_radio,53
Bagmati,Rasuwa,Uttargaya,NP03,NP0329,NP0329403,1,household amenities,hh_amenities_television,31
Bagmati,Rasuwa,Uttargaya,NP03,NP0329,NP0329403,1,household amenities,hh_amenities_landline,0
Bagmati,Rasuwa,Uttargaya,NP03,NP0329,NP0329403,1,household amenities,hh_amenities_mobile_phone_ordinary,245
Bagmati,Rasuwa,Uttargaya,NP03,NP0329,NP0329403,1,household amenities,hh_amenities_mobile_phone_smart,76
Bagmati,Rasuwa,Uttargaya,NP03,NP0329,NP0329403,1,household amenities,hh_amenities_computer_laptop,1
Bagmati,Rasuwa,Uttargaya,NP03,NP0329,NP0329403,1,household amenities,hh_amenities_internet,3
Bagmati,Rasuwa,Uttargaya,NP03,NP0329,NP0329403,1,household amenities,hh_amenities_car_jeep_van,0
Bagmati,Rasuwa,Uttargaya,NP03,NP0329,NP0329403,1,household amenities,hh_amenities_motorcycle_scooter,12
Bagmati,Rasuwa,Uttargaya,NP03,NP0329,NP0329403,1,household amenities,hh_amenities_bicycle,0
Bagmati,Rasuwa,Uttargaya,NP03,NP0329,NP0329403,1,household amenities,hh_amenities_electric_fan,0
Bagmati,Rasuwa,Uttargaya,NP03,NP0329,NP0329403,1,household amenities,hh_amenities_refridgerator,8
Bagmati,Rasuwa,Uttargaya,NP03,NP0329,NP0329403,1,household amenities,hh_amenities_washing_machine,1
Bagmati,Rasuwa,Uttargaya,NP03,NP0329,NP0329403,1,household amenities,hh_amenities_air_conditioner,0
Bagmati,Rasuwa,Uttargaya,NP03,NP0329,NP0329403,1,wealth quintile,wealth_quintile_poorest_quintile_count,207
Bagmati,Rasuwa,Uttargaya,NP03,NP0329,NP0329403,1,wealth quintile,wealth_quintile_poorer_quintile_count,55
Bagmati,Rasuwa,Uttargaya,NP03,NP0329,NP0329403,1,wealth quintile,wealth_quintile_middle_quintile_count,23
Bagmati,Rasuwa,Uttargaya,NP03,NP0329,NP0329403,1,wealth quintile,wealth_quintile_richer_quintile_count,6
Bagmati,Rasuwa,Uttargaya,NP03,NP0329,NP0329403,1,wealth quintile,wealth_quintile_richest_quintile_count,2
Bagmati,Rasuwa,Uttargaya,NP03,NP0329,NP0329403,1,wealth quintile,wealth_quintile_poorest_quintile_pc,70.65
Bagmati,Rasuwa,Uttargaya,NP03,NP0329,NP0329403,1,wealth quintile,wealth_quintile_poorer_quintile_pc,18.77
Bagmati,Rasuwa,Uttargaya,NP03,NP0329,NP0329403,1,wealth quintile,wealth_quintile_middle_quintile_pc,7.85
Bagmati,Rasuwa,Uttargaya,NP03,NP0329,NP0329403,1,wealth quintile,wealth_quintile_richer_quintile_pc,2.05
Bagmati,Rasuwa,Uttargaya,NP03,NP0329,NP0329403,1,wealth quintile,wealth_quintile_richest_quintile_pc,0.68
Bagmati,Rasuwa,Uttargaya,NP03,NP0329,NP0329403,1,housing,house_quality_most_adequate_count,10
Bagmati,Rasuwa,Uttargaya,NP03,NP0329,NP0329403,1,housing,house_quality_adequate_count,25
Bagmati,Rasuwa,Uttargaya,NP03,NP0329,NP0329403,1,housing,house_quality_moderate_count,216
Bagmati,Rasuwa,Uttargaya,NP03,NP0329,NP0329403,1,housing,house_quality_inadequate_count,42
Bagmati,Rasuwa,Uttargaya,NP03,NP0329,NP0329403,1,housing,house_quality_least_adequate_count,0
Bagmati,Rasuwa,Uttargaya,NP03,NP0329,NP0329403,1,housing,house_quality_most_adequate_pc,3.41
Bagmati,Rasuwa,Uttargaya,NP03,NP0329,NP0329403,1,housing,house_quality_adequate_pc,8.53
Bagmati,Rasuwa,Uttargaya,NP03,NP0329,NP0329403,1,housing,house_quality_moderate_pc,73.72
Bagmati,Rasuwa,Uttargaya,NP03,NP0329,NP0329403,1,housing,house_quality_inadequate_pc,14.33
Bagmati,Rasuwa,Uttargaya,NP03,NP0329,NP0329403,1,housing,house_quality_least_adequate_pc,0
Bagmati,Rasuwa,Uttargaya,NP03,NP0329,NP0329403,2,demographics,total_households,315
Bagmati,Rasuwa,Uttargaya,NP03,NP0329,NP0329403,2,housing,home_ownership_owned,310
Bagmati,Rasuwa,Uttargaya,NP03,NP0329,NP0329403,2,housing,home_ownership_rented,4
Bagmati,Rasuwa,Uttargaya,NP03,NP0329,NP0329403,2,housing,home_ownership_institutional,0
Bagmati,Rasuwa,Uttargaya,NP03,NP0329,NP0329403,2,housing,home_ownership_other,1
Bagmati,Rasuwa,Uttargaya,NP03,NP0329,NP0329403,2,housing,foundation_mud,115
Bagmati,Rasuwa,Uttargaya,NP03,NP0329,NP0329403,2,housing,foundation_mud_bonded_bricks_stone,153
Bagmati,Rasuwa,Uttargaya,NP03,NP0329,NP0329403,2,housing,foundation_cement_bonded_bricks_stone,42
Bagmati,Rasuwa,Uttargaya,NP03,NP0329,NP0329403,2,housing,foundation_reinforced_cement_concrete_with_pillars,4
Bagmati,Rasuwa,Uttargaya,NP03,NP0329,NP0329403,2,housing,foundation_wooden_pillars,1
Bagmati,Rasuwa,Uttargaya,NP03,NP0329,NP0329403,2,housing,outer_wall_mud_bonded_bricks_stone,122
Bagmati,Rasuwa,Uttargaya,NP03,NP0329,NP0329403,2,housing,outer_wall_cement_bonded_bricks_stone,185
Bagmati,Rasuwa,Uttargaya,NP03,NP0329,NP0329403,2,housing,outer_wall_wood_planks,3
Bagmati,Rasuwa,Uttargaya,NP03,NP0329,NP0329403,2,housing,outer_wall_bamboo,0
Bagmati,Rasuwa,Uttargaya,NP03,NP0329,NP0329403,2,housing,outer_wall_unbaked_bricks,0
Bagmati,Rasuwa,Uttargaya,NP03,NP0329,NP0329403,2,housing,outer_wall_galvanised_sheet,5
Bagmati,Rasuwa,Uttargaya,NP03,NP0329,NP0329403,2,housing,outer_wall_prefabricated_sheet,0
Bagmati,Rasuwa,Uttargaya,NP03,NP0329,NP0329403,2,housing,outer_wall_other,0
Bagmati,Rasuwa,Uttargaya,NP03,NP0329,NP0329403,2,housing,roof_galvanised_sheet,241
Bagmati,Rasuwa,Uttargaya,NP03,NP0329,NP0329403,2,housing,roof_reinforced_cement_concrete,72
Bagmati,Rasuwa,Uttargaya,NP03,NP0329,NP0329403,2,housing,roof_thatch_straw,2
Bagmati,Rasuwa,Uttargaya,NP03,NP0329,NP0329403,2,housing,roof_tile,0
Bagmati,Rasuwa,Uttargaya,NP03,NP0329,NP0329403,2,housing,roof_stone_slate,0
Bagmati,Rasuwa,Uttargaya,NP03,NP0329,NP0329403,2,housing,roof_wood_planks,0
Bagmati,Rasuwa,Uttargaya,NP03,NP0329,NP0329403,2,housing,roof_mud,0
Bagmati,Rasuwa,Uttargaya,NP03,NP0329,NP0329403,2,housing,roof_other,0
Bagmati,Rasuwa,Uttargaya,NP03,NP0329,NP0329403,2,housing,floor_mud,58
Bagmati,Rasuwa,Uttargaya,NP03,NP0329,NP0329403,2,housing,floor_wooden_plank_bamboo,1
Bagmati,Rasuwa,Uttargaya,NP03,NP0329,NP0329403,2,housing,floor_bricks_stone,1
Bagmati,Rasuwa,Uttargaya,NP03,NP0329,NP0329403,2,housing,floor_ceramic_tile,1
Bagmati,Rasuwa,Uttargaya,NP03,NP0329,NP0329403,2,housing,floor_cemented,254
Bagmati,Rasuwa,Uttargaya,NP03,NP0329,NP0329403,2,housing,floor_other,0
Bagmati,Rasuwa,Uttargaya,NP03,NP0329,NP0329403,2,drinking water,drinking_water_tap_piped_within_premises,226
Bagmati,Rasuwa,Uttargaya,NP03,NP0329,NP0329403,2,drinking water,drinking_water_tap_piped_outside_premises,52
Bagmati,Rasuwa,Uttargaya,NP03,NP0329,NP0329403,2,drinking water,drinking_water_tubewell_handpump,0
Bagmati,Rasuwa,Uttargaya,NP03,NP0329,NP0329403,2,drinking water,drinking_water_covered_well_kuwa,0
Bagmati,Rasuwa,Uttargaya,NP03,NP0329,NP0329403,2,drinking water,drinking_water_uncovered_well_kuwa,0
Bagmati,Rasuwa,Uttargaya,NP03,NP0329,NP0329403,2,drinking water,drinking_water_spout_water,35
Bagmati,Rasuwa,Uttargaya,NP03,NP0329,NP0329403,2,drinking water,drinking_water_river_stream,1
Bagmati,Rasuwa,Uttargaya,NP03,NP0329,NP0329403,2,drinking water,drinking_water_jar_bottle,0
Bagmati,Rasuwa,Uttargaya,NP03,NP0329,NP0329403,2,drinking water,drinking_water_other,1
Bagmati,Rasuwa,Uttargaya,NP03,NP0329,NP0329403,2,cooking fuel,cooking_fuel_wood_firewood,232
Bagmati,Rasuwa,Uttargaya,NP03,NP0329,NP0329403,2,cooking fuel,cooking_fuel_lpg,81
Bagmati,Rasuwa,Uttargaya,NP03,NP0329,NP0329403,2,cooking fuel,cooking_fuel_electricity,0
Bagmati,Rasuwa,Uttargaya,NP03,NP0329,NP0329403,2,cooking fuel,cooking_fuel_cowdung,0
Bagmati,Rasuwa,Uttargaya,NP03,NP0329,NP0329403,2,cooking fuel,cooking_fuel_biogas,2
Bagmati,Rasuwa,Uttargaya,NP03,NP0329,NP0329403,2,cooking fuel,cooking_fuel_kerosene,0
Bagmati,Rasuwa,Uttargaya,NP03,NP0329,NP0329403,2,cooking fuel,cooking_fuel_other,0
Bagmati,Rasuwa,Uttargaya,NP03,NP0329,NP0329403,2,lighting fuel,lighting_electricity,305
Bagmati,Rasuwa,Uttargaya,NP03,NP0329,NP0329403,2,lighting fuel,lighting_solar,8
Bagmati,Rasuwa,Uttargaya,NP03,NP0329,NP0329403,2,lighting fuel,lighting_kerosene,0
Bagmati,Rasuwa,Uttargaya,NP03,NP0329,NP0329403,2,lighting fuel,lighting_biogas,0
Bagmati,Rasuwa,Uttargaya,NP03,NP0329,NP0329403,2,lighting fuel,lighting_other,2
Bagmati,Rasuwa,Uttargaya,NP03,NP0329,NP0329403,2,sanitation,toilet_flush_public_sewerage,0
Bagmati,Rasuwa,Uttargaya,NP03,NP0329,NP0329403,2,sanitation,toilet_flush_septic_tank,306
Bagmati,Rasuwa,Uttargaya,NP03,NP0329,NP0329403,2,sanitation,toilet_pit,5
Bagmati,Rasuwa,Uttargaya,NP03,NP0329,NP0329403,2,sanitation,toilet_public,0
Bagmati,Rasuwa,Uttargaya,NP03,NP0329,NP0329403,2,sanitation,toilet_no_toilet,4
Bagmati,Rasuwa,Uttargaya,NP03,NP0329,NP0329403,2,household amenities,hh_amenities_without,22
Bagmati,Rasuwa,Uttargaya,NP03,NP0329,NP0329403,2,household amenities,hh_amenities_at_least_one,293
Bagmati,Rasuwa,Uttargaya,NP03,NP0329,NP0329403,2,household amenities,hh_amenities_radio,116
Bagmati,Rasuwa,Uttargaya,NP03,NP0329,NP0329403,2,household amenities,hh_amenities_television,140
Bagmati,Rasuwa,Uttargaya,NP03,NP0329,NP0329403,2,household amenities,hh_amenities_landline,6
Bagmati,Rasuwa,Uttargaya,NP03,NP0329,NP0329403,2,household amenities,hh_amenities_mobile_phone_ordinary,259
Bagmati,Rasuwa,Uttargaya,NP03,NP0329,NP0329403,2,household amenities,hh_amenities_mobile_phone_smart,149
Bagmati,Rasuwa,Uttargaya,NP03,NP0329,NP0329403,2,household amenities,hh_amenities_computer_laptop,10
Bagmati,Rasuwa,Uttargaya,NP03,NP0329,NP0329403,2,household amenities,hh_amenities_internet,95
Bagmati,Rasuwa,Uttargaya,NP03,NP0329,NP0329403,2,household amenities,hh_amenities_car_jeep_van,2
Bagmati,Rasuwa,Uttargaya,NP03,NP0329,NP0329403,2,household amenities,hh_amenities_motorcycle_scooter,23
Bagmati,Rasuwa,Uttargaya,NP03,NP0329,NP0329403,2,household amenities,hh_amenities_bicycle,2
Bagmati,Rasuwa,Uttargaya,NP03,NP0329,NP0329403,2,household amenities,hh_amenities_electric_fan,7
Bagmati,Rasuwa,Uttargaya,NP03,NP0329,NP0329403,2,household amenities,hh_amenities_refridgerator,17
Bagmati,Rasuwa,Uttargaya,NP03,NP0329,NP0329403,2,household amenities,hh_amenities_washing_machine,0
Bagmati,Rasuwa,Uttargaya,NP03,NP0329,NP0329403,2,household amenities,hh_amenities_air_conditioner,0
Bagmati,Rasuwa,Uttargaya,NP03,NP0329,NP0329403,2,wealth quintile,wealth_quintile_poorest_quintile_count,36
Bagmati,Rasuwa,Uttargaya,NP03,NP0329,NP0329403,2,wealth quintile,wealth_quintile_poorer_quintile_count,81
Bagmati,Rasuwa,Uttargaya,NP03,NP0329,NP0329403,2,wealth quintile,wealth_quintile_middle_quintile_count,101
Bagmati,Rasuwa,Uttargaya,NP03,NP0329,NP0329403,2,wealth quintile,wealth_quintile_richer_quintile_count,79
Bagmati,Rasuwa,Uttargaya,NP03,NP0329,NP0329403,2,wealth quintile,wealth_quintile_richest_quintile_count,18
Bagmati,Rasuwa,Uttargaya,NP03,NP0329,NP0329403,2,wealth quintile,wealth_quintile_poorest_quintile_pc,11.43
Bagmati,Rasuwa,Uttargaya,NP03,NP0329,NP0329403,2,wealth quintile,wealth_quintile_poorer_quintile_pc,25.71
Bagmati,Rasuwa,Uttargaya,NP03,NP0329,NP0329403,2,wealth quintile,wealth_quintile_middle_quintile_pc,32.06
Bagmati,Rasuwa,Uttargaya,NP03,NP0329,NP0329403,2,wealth quintile,wealth_quintile_richer_quintile_pc,25.08
Bagmati,Rasuwa,Uttargaya,NP03,NP0329,NP0329403,2,wealth quintile,wealth_quintile_richest_quintile_pc,5.71
Bagmati,Rasuwa,Uttargaya,NP03,NP0329,NP0329403,2,housing,house_quality_most_adequate_count,73
Bagmati,Rasuwa,Uttargaya,NP03,NP0329,NP0329403,2,housing,house_quality_adequate_count,168
Bagmati,Rasuwa,Uttargaya,NP03,NP0329,NP0329403,2,housing,house_quality_moderate_count,71
Bagmati,Rasuwa,Uttargaya,NP03,NP0329,NP0329403,2,housing,house_quality_inadequate_count,3
Bagmati,Rasuwa,Uttargaya,NP03,NP0329,NP0329403,2,housing,house_quality_least_adequate_count,0
Bagmati,Rasuwa,Uttargaya,NP03,NP0329,NP0329403,2,housing,house_quality_most_adequate_pc,23.17
Bagmati,Rasuwa,Uttargaya,NP03,NP0329,NP0329403,2,housing,house_quality_adequate_pc,53.33
Bagmati,Rasuwa,Uttargaya,NP03,NP0329,NP0329403,2,housing,house_quality_moderate_pc,22.54
Bagmati,Rasuwa,Uttargaya,NP03,NP0329,NP0329403,2,housing,house_quality_inadequate_pc,0.95
Bagmati,Rasuwa,Uttargaya,NP03,NP0329,NP0329403,2,housing,house_quality_least_adequate_pc,0
Bagmati,Rasuwa,Uttargaya,NP03,NP0329,NP0329403,3,demographics,total_households,296
Bagmati,Rasuwa,Uttargaya,NP03,NP0329,NP0329403,3,housing,home_ownership_owned,296
Bagmati,Rasuwa,Uttargaya,NP03,NP0329,NP0329403,3,housing,home_ownership_rented,0
Bagmati,Rasuwa,Uttargaya,NP03,NP0329,NP0329403,3,housing,home_ownership_institutional,0
Bagmati,Rasuwa,Uttargaya,NP03,NP0329,NP0329403,3,housing,home_ownership_other,0
Bagmati,Rasuwa,Uttargaya,NP03,NP0329,NP0329403,3,housing,foundation_mud,24
Bagmati,Rasuwa,Uttargaya,NP03,NP0329,NP0329403,3,housing,foundation_mud_bonded_bricks_stone,253
Bagmati,Rasuwa,Uttargaya,NP03,NP0329,NP0329403,3,housing,foundation_cement_bonded_bricks_stone,15
Bagmati,Rasuwa,Uttargaya,NP03,NP0329,NP0329403,3,housing,foundation_reinforced_cement_concrete_with_pillars,3
Bagmati,Rasuwa,Uttargaya,NP03,NP0329,NP0329403,3,housing,foundation_wooden_pillars,1
Bagmati,Rasuwa,Uttargaya,NP03,NP0329,NP0329403,3,housing,outer_wall_mud_bonded_bricks_stone,23
Bagmati,Rasuwa,Uttargaya,NP03,NP0329,NP0329403,3,housing,outer_wall_cement_bonded_bricks_stone,267
Bagmati,Rasuwa,Uttargaya,NP03,NP0329,NP0329403,3,housing,outer_wall_wood_planks,1
Bagmati,Rasuwa,Uttargaya,NP03,NP0329,NP0329403,3,housing,outer_wall_bamboo,0
Bagmati,Rasuwa,Uttargaya,NP03,NP0329,NP0329403,3,housing,outer_wall_unbaked_bricks,0
Bagmati,Rasuwa,Uttargaya,NP03,NP0329,NP0329403,3,housing,outer_wall_galvanised_sheet,5
Bagmati,Rasuwa,Uttargaya,NP03,NP0329,NP0329403,3,housing,outer_wall_prefabricated_sheet,0
Bagmati,Rasuwa,Uttargaya,NP03,NP0329,NP0329403,3,housing,outer_wall_other,0
Bagmati,Rasuwa,Uttargaya,NP03,NP0329,NP0329403,3,housing,roof_galvanised_sheet,153
Bagmati,Rasuwa,Uttargaya,NP03,NP0329,NP0329403,3,housing,roof_reinforced_cement_concrete,142
Bagmati,Rasuwa,Uttargaya,NP03,NP0329,NP0329403,3,housing,roof_thatch_straw,0
Bagmati,Rasuwa,Uttargaya,NP03,NP0329,NP0329403,3,housing,roof_tile,0
Bagmati,Rasuwa,Uttargaya,NP03,NP0329,NP0329403,3,housing,roof_stone_slate,0
Bagmati,Rasuwa,Uttargaya,NP03,NP0329,NP0329403,3,housing,roof_wood_planks,1
Bagmati,Rasuwa,Uttargaya,NP03,NP0329,NP0329403,3,housing,roof_mud,0
Bagmati,Rasuwa,Uttargaya,NP03,NP0329,NP0329403,3,housing,roof_other,0
Bagmati,Rasuwa,Uttargaya,NP03,NP0329,NP0329403,3,housing,floor_mud,25
Bagmati,Rasuwa,Uttargaya,NP03,NP0329,NP0329403,3,housing,floor_wooden_plank_bamboo,9
Bagmati,Rasuwa,Uttargaya,NP03,NP0329,NP0329403,3,housing,floor_bricks_stone,1
Bagmati,Rasuwa,Uttargaya,NP03,NP0329,NP0329403,3,housing,floor_ceramic_tile,0
Bagmati,Rasuwa,Uttargaya,NP03,NP0329,NP0329403,3,housing,floor_cemented,254
Bagmati,Rasuwa,Uttargaya,NP03,NP0329,NP0329403,3,housing,floor_other,7
Bagmati,Rasuwa,Uttargaya,NP03,NP0329,NP0329403,3,drinking water,drinking_water_tap_piped_within_premises,8
Bagmati,Rasuwa,Uttargaya,NP03,NP0329,NP0329403,3,drinking water,drinking_water_tap_piped_outside_premises,276
Bagmati,Rasuwa,Uttargaya,NP03,NP0329,NP0329403,3,drinking water,drinking_water_tubewell_handpump,0
Bagmati,Rasuwa,Uttargaya,NP03,NP0329,NP0329403,3,drinking water,drinking_water_covered_well_kuwa,0
Bagmati,Rasuwa,Uttargaya,NP03,NP0329,NP0329403,3,drinking water,drinking_water_uncovered_well_kuwa,1
Bagmati,Rasuwa,Uttargaya,NP03,NP0329,NP0329403,3,drinking water,drinking_water_spout_water,7
Bagmati,Rasuwa,Uttargaya,NP03,NP0329,NP0329403,3,drinking water,drinking_water_river_stream,4
Bagmati,Rasuwa,Uttargaya,NP03,NP0329,NP0329403,3,drinking water,drinking_water_jar_bottle,0
Bagmati,Rasuwa,Uttargaya,NP03,NP0329,NP0329403,3,drinking water,drinking_water_other,0
Bagmati,Rasuwa,Uttargaya,NP03,NP0329,NP0329403,3,cooking fuel,cooking_fuel_wood_firewood,214
Bagmati,Rasuwa,Uttargaya,NP03,NP0329,NP0329403,3,cooking fuel,cooking_fuel_lpg,78
Bagmati,Rasuwa,Uttargaya,NP03,NP0329,NP0329403,3,cooking fuel,cooking_fuel_electricity,1
Bagmati,Rasuwa,Uttargaya,NP03,NP0329,NP0329403,3,cooking fuel,cooking_fuel_cowdung,0
Bagmati,Rasuwa,Uttargaya,NP03,NP0329,NP0329403,3,cooking fuel,cooking_fuel_biogas,3
Bagmati,Rasuwa,Uttargaya,NP03,NP0329,NP0329403,3,cooking fuel,cooking_fuel_kerosene,0
Bagmati,Rasuwa,Uttargaya,NP03,NP0329,NP0329403,3,cooking fuel,cooking_fuel_other,0
Bagmati,Rasuwa,Uttargaya,NP03,NP0329,NP0329403,3,lighting fuel,lighting_electricity,289
Bagmati,Rasuwa,Uttargaya,NP03,NP0329,NP0329403,3,lighting fuel,lighting_solar,3
Bagmati,Rasuwa,Uttargaya,NP03,NP0329,NP0329403,3,lighting fuel,lighting_kerosene,1
Bagmati,Rasuwa,Uttargaya,NP03,NP0329,NP0329403,3,lighting fuel,lighting_biogas,1
Bagmati,Rasuwa,Uttargaya,NP03,NP0329,NP0329403,3,lighting fuel,lighting_other,2
Bagmati,Rasuwa,Uttargaya,NP03,NP0329,NP0329403,3,sanitation,toilet_flush_public_sewerage,1
Bagmati,Rasuwa,Uttargaya,NP03,NP0329,NP0329403,3,sanitation,toilet_flush_septic_tank,19
Bagmati,Rasuwa,Uttargaya,NP03,NP0329,NP0329403,3,sanitation,toilet_pit,271
Bagmati,Rasuwa,Uttargaya,NP03,NP0329,NP0329403,3,sanitation,toilet_public,0
Bagmati,Rasuwa,Uttargaya,NP03,NP0329,NP0329403,3,sanitation,toilet_no_toilet,5
Bagmati,Rasuwa,Uttargaya,NP03,NP0329,NP0329403,3,household amenities,hh_amenities_without,18
Bagmati,Rasuwa,Uttargaya,NP03,NP0329,NP0329403,3,household amenities,hh_amenities_at_least_one,278
Bagmati,Rasuwa,Uttargaya,NP03,NP0329,NP0329403,3,household amenities,hh_amenities_radio,102
Bagmati,Rasuwa,Uttargaya,NP03,NP0329,NP0329403,3,household amenities,hh_amenities_television,136
Bagmati,Rasuwa,Uttargaya,NP03,NP0329,NP0329403,3,household amenities,hh_amenities_landline,0
Bagmati,Rasuwa,Uttargaya,NP03,NP0329,NP0329403,3,household amenities,hh_amenities_mobile_phone_ordinary,266
Bagmati,Rasuwa,Uttargaya,NP03,NP0329,NP0329403,3,household amenities,hh_amenities_mobile_phone_smart,154
Bagmati,Rasuwa,Uttargaya,NP03,NP0329,NP0329403,3,household amenities,hh_amenities_computer_laptop,7
Bagmati,Rasuwa,Uttargaya,NP03,NP0329,NP0329403,3,household amenities,hh_amenities_internet,7
Bagmati,Rasuwa,Uttargaya,NP03,NP0329,NP0329403,3,household amenities,hh_amenities_car_jeep_van,2
Bagmati,Rasuwa,Uttargaya,NP03,NP0329,NP0329403,3,household amenities,hh_amenities_motorcycle_scooter,29
Bagmati,Rasuwa,Uttargaya,NP03,NP0329,NP0329403,3,household amenities,hh_amenities_bicycle,2
Bagmati,Rasuwa,Uttargaya,NP03,NP0329,NP0329403,3,household amenities,hh_amenities_electric_fan,12
Bagmati,Rasuwa,Uttargaya,NP03,NP0329,NP0329403,3,household amenities,hh_amenities_refridgerator,11
Bagmati,Rasuwa,Uttargaya,NP03,NP0329,NP0329403,3,household amenities,hh_amenities_washing_machine,0
Bagmati,Rasuwa,Uttargaya,NP03,NP0329,NP0329403,3,household amenities,hh_amenities_air_conditioner,0
Bagmati,Rasuwa,Uttargaya,NP03,NP0329,NP0329403,3,wealth quintile,wealth_quintile_poorest_quintile_count,15
Bagmati,Rasuwa,Uttargaya,NP03,NP0329,NP0329403,3,wealth quintile,wealth_quintile_poorer_quintile_count,27
Bagmati,Rasuwa,Uttargaya,NP03,NP0329,NP0329403,3,wealth quintile,wealth_quintile_middle_quintile_count,200
Bagmati,Rasuwa,Uttargaya,NP03,NP0329,NP0329403,3,wealth quintile,wealth_quintile_richer_quintile_count,48
Bagmati,Rasuwa,Uttargaya,NP03,NP0329,NP0329403,3,wealth quintile,wealth_quintile_richest_quintile_count,6
Bagmati,Rasuwa,Uttargaya,NP03,NP0329,NP0329403,3,wealth quintile,wealth_quintile_poorest_quintile_pc,5.07
Bagmati,Rasuwa,Uttargaya,NP03,NP0329,NP0329403,3,wealth quintile,wealth_quintile_poorer_quintile_pc,9.12
Bagmati,Rasuwa,Uttargaya,NP03,NP0329,NP0329403,3,wealth quintile,wealth_quintile_middle_quintile_pc,67.57
Bagmati,Rasuwa,Uttargaya,NP03,NP0329,NP0329403,3,wealth quintile,wealth_quintile_richer_quintile_pc,16.22
Bagmati,Rasuwa,Uttargaya,NP03,NP0329,NP0329403,3,wealth quintile,wealth_quintile_richest_quintile_pc,2.03
Bagmati,Rasuwa,Uttargaya,NP03,NP0329,NP0329403,3,housing,house_quality_most_adequate_count,8
Bagmati,Rasuwa,Uttargaya,NP03,NP0329,NP0329403,3,housing,house_quality_adequate_count,246
Bagmati,Rasuwa,Uttargaya,NP03,NP0329,NP0329403,3,housing,house_quality_moderate_count,39
Bagmati,Rasuwa,Uttargaya,NP03,NP0329,NP0329403,3,housing,house_quality_inadequate_count,3
Bagmati,Rasuwa,Uttargaya,NP03,NP0329,NP0329403,3,housing,house_quality_least_adequate_count,0
Bagmati,Rasuwa,Uttargaya,NP03,NP0329,NP0329403,3,housing,house_quality_most_adequate_pc,2.7
Bagmati,Rasuwa,Uttargaya,NP03,NP0329,NP0329403,3,housing,house_quality_adequate_pc,83.11
Bagmati,Rasuwa,Uttargaya,NP03,NP0329,NP0329403,3,housing,house_quality_moderate_pc,13.18
Bagmati,Rasuwa,Uttargaya,NP03,NP0329,NP0329403,3,housing,house_quality_inadequate_pc,1.01
Bagmati,Rasuwa,Uttargaya,NP03,NP0329,NP0329403,3,housing,house_quality_least_adequate_pc,0
Bagmati,Rasuwa,Uttargaya,NP03,NP0329,NP0329403,4,demographics,total_households,527
Bagmati,Rasuwa,Uttargaya,NP03,NP0329,NP0329403,4,housing,home_ownership_owned,524
Bagmati,Rasuwa,Uttargaya,NP03,NP0329,NP0329403,4,housing,home_ownership_rented,2
Bagmati,Rasuwa,Uttargaya,NP03,NP0329,NP0329403,4,housing,home_ownership_institutional,0
Bagmati,Rasuwa,Uttargaya,NP03,NP0329,NP0329403,4,housing,home_ownership_other,1
Bagmati,Rasuwa,Uttargaya,NP03,NP0329,NP0329403,4,housing,foundation_mud,75
Bagmati,Rasuwa,Uttargaya,NP03,NP0329,NP0329403,4,housing,foundation_mud_bonded_bricks_stone,360
Bagmati,Rasuwa,Uttargaya,NP03,NP0329,NP0329403,4,housing,foundation_cement_bonded_bricks_stone,89
Bagmati,Rasuwa,Uttargaya,NP03,NP0329,NP0329403,4,housing,foundation_reinforced_cement_concrete_with_pillars,3
Bagmati,Rasuwa,Uttargaya,NP03,NP0329,NP0329403,4,housing,foundation_wooden_pillars,0
Bagmati,Rasuwa,Uttargaya,NP03,NP0329,NP0329403,4,housing,outer_wall_mud_bonded_bricks_stone,69
Bagmati,Rasuwa,Uttargaya,NP03,NP0329,NP0329403,4,housing,outer_wall_cement_bonded_bricks_stone,431
Bagmati,Rasuwa,Uttargaya,NP03,NP0329,NP0329403,4,housing,outer_wall_wood_planks,3
Bagmati,Rasuwa,Uttargaya,NP03,NP0329,NP0329403,4,housing,outer_wall_bamboo,0
Bagmati,Rasuwa,Uttargaya,NP03,NP0329,NP0329403,4,housing,outer_wall_unbaked_bricks,1
Bagmati,Rasuwa,Uttargaya,NP03,NP0329,NP0329403,4,housing,outer_wall_galvanised_sheet,23
Bagmati,Rasuwa,Uttargaya,NP03,NP0329,NP0329403,4,housing,outer_wall_prefabricated_sheet,0
Bagmati,Rasuwa,Uttargaya,NP03,NP0329,NP0329403,4,housing,outer_wall_other,0
Bagmati,Rasuwa,Uttargaya,NP03,NP0329,NP0329403,4,housing,roof_galvanised_sheet,369
Bagmati,Rasuwa,Uttargaya,NP03,NP0329,NP0329403,4,housing,roof_reinforced_cement_concrete,154
Bagmati,Rasuwa,Uttargaya,NP03,NP0329,NP0329403,4,housing,roof_thatch_straw,1
Bagmati,Rasuwa,Uttargaya,NP03,NP0329,NP0329403,4,housing,roof_tile,0
Bagmati,Rasuwa,Uttargaya,NP03,NP0329,NP0329403,4,housing,roof_stone_slate,2
Bagmati,Rasuwa,Uttargaya,NP03,NP0329,NP0329403,4,housing,roof_wood_planks,0
Bagmati,Rasuwa,Uttargaya,NP03,NP0329,NP0329403,4,housing,roof_mud,0
Bagmati,Rasuwa,Uttargaya,NP03,NP0329,NP0329403,4,housing,roof_other,1
Bagmati,Rasuwa,Uttargaya,NP03,NP0329,NP0329403,4,housing,floor_mud,61
Bagmati,Rasuwa,Uttargaya,NP03,NP0329,NP0329403,4,housing,floor_wooden_plank_bamboo,11
Bagmati,Rasuwa,Uttargaya,NP03,NP0329,NP0329403,4,housing,floor_bricks_stone,3
Bagmati,Rasuwa,Uttargaya,NP03,NP0329,NP0329403,4,housing,floor_ceramic_tile,1
Bagmati,Rasuwa,Uttargaya,NP03,NP0329,NP0329403,4,housing,floor_cemented,451
Bagmati,Rasuwa,Uttargaya,NP03,NP0329,NP0329403,4,housing,floor_other,0
Bagmati,Rasuwa,Uttargaya,NP03,NP0329,NP0329403,4,drinking water,drinking_water_tap_piped_within_premises,234
Bagmati,Rasuwa,Uttargaya,NP03,NP0329,NP0329403,4,drinking water,drinking_water_tap_piped_outside_premises,271
Bagmati,Rasuwa,Uttargaya,NP03,NP0329,NP0329403,4,drinking water,drinking_water_tubewell_handpump,0
Bagmati,Rasuwa,Uttargaya,NP03,NP0329,NP0329403,4,drinking water,drinking_water_covered_well_kuwa,0
Bagmati,Rasuwa,Uttargaya,NP03,NP0329,NP0329403,4,drinking water,drinking_water_uncovered_well_kuwa,6
Bagmati,Rasuwa,Uttargaya,NP03,NP0329,NP0329403,4,drinking water,drinking_water_spout_water,16
Bagmati,Rasuwa,Uttargaya,NP03,NP0329,NP0329403,4,drinking water,drinking_water_river_stream,0
Bagmati,Rasuwa,Uttargaya,NP03,NP0329,NP0329403,4,drinking water,drinking_water_jar_bottle,0
Bagmati,Rasuwa,Uttargaya,NP03,NP0329,NP0329403,4,drinking water,drinking_water_other,0
Bagmati,Rasuwa,Uttargaya,NP03,NP0329,NP0329403,4,cooking fuel,cooking_fuel_wood_firewood,376
Bagmati,Rasuwa,Uttargaya,NP03,NP0329,NP0329403,4,cooking fuel,cooking_fuel_lpg,147
Bagmati,Rasuwa,Uttargaya,NP03,NP0329,NP0329403,4,cooking fuel,cooking_fuel_electricity,0
Bagmati,Rasuwa,Uttargaya,NP03,NP0329,NP0329403,4,cooking fuel,cooking_fuel_cowdung,0
Bagmati,Rasuwa,Uttargaya,NP03,NP0329,NP0329403,4,cooking fuel,cooking_fuel_biogas,4
Bagmati,Rasuwa,Uttargaya,NP03,NP0329,NP0329403,4,cooking fuel,cooking_fuel_kerosene,0
Bagmati,Rasuwa,Uttargaya,NP03,NP0329,NP0329403,4,cooking fuel,cooking_fuel_other,0
Bagmati,Rasuwa,Uttargaya,NP03,NP0329,NP0329403,4,lighting fuel,lighting_electricity,516
Bagmati,Rasuwa,Uttargaya,NP03,NP0329,NP0329403,4,lighting fuel,lighting_solar,7
Bagmati,Rasuwa,Uttargaya,NP03,NP0329,NP0329403,4,lighting fuel,lighting_kerosene,2
Bagmati,Rasuwa,Uttargaya,NP03,NP0329,NP0329403,4,lighting fuel,lighting_biogas,0
Bagmati,Rasuwa,Uttargaya,NP03,NP0329,NP0329403,4,lighting fuel,lighting_other,2
Bagmati,Rasuwa,Uttargaya,NP03,NP0329,NP0329403,4,sanitation,toilet_flush_public_sewerage,0
Bagmati,Rasuwa,Uttargaya,NP03,NP0329,NP0329403,4,sanitation,toilet_flush_septic_tank,412
Bagmati,Rasuwa,Uttargaya,NP03,NP0329,NP0329403,4,sanitation,toilet_pit,106
Bagmati,Rasuwa,Uttargaya,NP03,NP0329,NP0329403,4,sanitation,toilet_public,1
Bagmati,Rasuwa,Uttargaya,NP03,NP0329,NP0329403,4,sanitation,toilet_no_toilet,8
Bagmati,Rasuwa,Uttargaya,NP03,NP0329,NP0329403,4,household amenities,hh_amenities_without,17
Bagmati,Rasuwa,Uttargaya,NP03,NP0329,NP0329403,4,household amenities,hh_amenities_at_least_one,510
Bagmati,Rasuwa,Uttargaya,NP03,NP0329,NP0329403,4,household amenities,hh_amenities_radio,211
Bagmati,Rasuwa,Uttargaya,NP03,NP0329,NP0329403,4,household amenities,hh_amenities_television,291
Bagmati,Rasuwa,Uttargaya,NP03,NP0329,NP0329403,4,household amenities,hh_amenities_landline,2
Bagmati,Rasuwa,Uttargaya,NP03,NP0329,NP0329403,4,household amenities,hh_amenities_mobile_phone_ordinary,432
Bagmati,Rasuwa,Uttargaya,NP03,NP0329,NP0329403,4,household amenities,hh_amenities_mobile_phone_smart,360
Bagmati,Rasuwa,Uttargaya,NP03,NP0329,NP0329403,4,household amenities,hh_amenities_computer_laptop,51
Bagmati,Rasuwa,Uttargaya,NP03,NP0329,NP0329403,4,household amenities,hh_amenities_internet,229
Bagmati,Rasuwa,Uttargaya,NP03,NP0329,NP0329403,4,household amenities,hh_amenities_car_jeep_van,13
Bagmati,Rasuwa,Uttargaya,NP03,NP0329,NP0329403,4,household amenities,hh_amenities_motorcycle_scooter,71
Bagmati,Rasuwa,Uttargaya,NP03,NP0329,NP0329403,4,household amenities,hh_amenities_bicycle,14
Bagmati,Rasuwa,Uttargaya,NP03,NP0329,NP0329403,4,household amenities,hh_amenities_electric_fan,92
Bagmati,Rasuwa,Uttargaya,NP03,NP0329,NP0329403,4,household amenities,hh_amenities_refridgerator,83
Bagmati,Rasuwa,Uttargaya,NP03,NP0329,NP0329403,4,household amenities,hh_amenities_washing_machine,1
Bagmati,Rasuwa,Uttargaya,NP03,NP0329,NP0329403,4,household amenities,hh_amenities_air_conditioner,0
Bagmati,Rasuwa,Uttargaya,NP03,NP0329,NP0329403,4,wealth quintile,wealth_quintile_poorest_quintile_count,16
Bagmati,Rasuwa,Uttargaya,NP03,NP0329,NP0329403,4,wealth quintile,wealth_quintile_poorer_quintile_count,62
Bagmati,Rasuwa,Uttargaya,NP03,NP0329,NP0329403,4,wealth quintile,wealth_quintile_middle_quintile_count,207
Bagmati,Rasuwa,Uttargaya,NP03,NP0329,NP0329403,4,wealth quintile,wealth_quintile_richer_quintile_count,183
Bagmati,Rasuwa,Uttargaya,NP03,NP0329,NP0329403,4,wealth quintile,wealth_quintile_richest_quintile_count,59
Bagmati,Rasuwa,Uttargaya,NP03,NP0329,NP0329403,4,wealth quintile,wealth_quintile_poorest_quintile_pc,3.04
Bagmati,Rasuwa,Uttargaya,NP03,NP0329,NP0329403,4,wealth quintile,wealth_quintile_poorer_quintile_pc,11.76
Bagmati,Rasuwa,Uttargaya,NP03,NP0329,NP0329403,4,wealth quintile,wealth_quintile_middle_quintile_pc,39.28
Bagmati,Rasuwa,Uttargaya,NP03,NP0329,NP0329403,4,wealth quintile,wealth_quintile_richer_quintile_pc,34.72
Bagmati,Rasuwa,Uttargaya,NP03,NP0329,NP0329403,4,wealth quintile,wealth_quintile_richest_quintile_pc,11.2
Bagmati,Rasuwa,Uttargaya,NP03,NP0329,NP0329403,4,housing,house_quality_most_adequate_count,101
Bagmati,Rasuwa,Uttargaya,NP03,NP0329,NP0329403,4,housing,house_quality_adequate_count,355
Bagmati,Rasuwa,Uttargaya,NP03,NP0329,NP0329403,4,housing,house_quality_moderate_count,65
Bagmati,Rasuwa,Uttargaya,NP03,NP0329,NP0329403,4,housing,house_quality_inadequate_count,6
Bagmati,Rasuwa,Uttargaya,NP03,NP0329,NP0329403,4,housing,house_quality_least_adequate_count,0
Bagmati,Rasuwa,Uttargaya,NP03,NP0329,NP0329403,4,housing,house_quality_most_adequate_pc,19.17
Bagmati,Rasuwa,Uttargaya,NP03,NP0329,NP0329403,4,housing,house_quality_adequate_pc,67.36
Bagmati,Rasuwa,Uttargaya,NP03,NP0329,NP0329403,4,housing,house_quality_moderate_pc,12.33
Bagmati,Rasuwa,Uttargaya,NP03,NP0329,NP0329403,4,housing,house_quality_inadequate_pc,1.14
Bagmati,Rasuwa,Uttargaya,NP03,NP0329,NP0329403,4,housing,house_quality_least_adequate_pc,0
Bagmati,Rasuwa,Uttargaya,NP03,NP0329,NP0329403,5,demographics,total_households,757
Bagmati,Rasuwa,Uttargaya,NP03,NP0329,NP0329403,5,housing,home_ownership_owned,744
Bagmati,Rasuwa,Uttargaya,NP03,NP0329,NP0329403,5,housing,home_ownership_rented,11
Bagmati,Rasuwa,Uttargaya,NP03,NP0329,NP0329403,5,housing,home_ownership_institutional,1
Bagmati,Rasuwa,Uttargaya,NP03,NP0329,NP0329403,5,housing,home_ownership_other,1
Bagmati,Rasuwa,Uttargaya,NP03,NP0329,NP0329403,5,housing,foundation_mud,32
Bagmati,Rasuwa,Uttargaya,NP03,NP0329,NP0329403,5,housing,foundation_mud_bonded_bricks_stone,542
Bagmati,Rasuwa,Uttargaya,NP03,NP0329,NP0329403,5,housing,foundation_cement_bonded_bricks_stone,180
Bagmati,Rasuwa,Uttargaya,NP03,NP0329,NP0329403,5,housing,foundation_reinforced_cement_concrete_with_pillars,3
Bagmati,Rasuwa,Uttargaya,NP03,NP0329,NP0329403,5,housing,foundation_wooden_pillars,0
Bagmati,Rasuwa,Uttargaya,NP03,NP0329,NP0329403,5,housing,outer_wall_mud_bonded_bricks_stone,19
Bagmati,Rasuwa,Uttargaya,NP03,NP0329,NP0329403,5,housing,outer_wall_cement_bonded_bricks_stone,596
Bagmati,Rasuwa,Uttargaya,NP03,NP0329,NP0329403,5,housing,outer_wall_wood_planks,2
Bagmati,Rasuwa,Uttargaya,NP03,NP0329,NP0329403,5,housing,outer_wall_bamboo,0
Bagmati,Rasuwa,Uttargaya,NP03,NP0329,NP0329403,5,housing,outer_wall_unbaked_bricks,3
Bagmati,Rasuwa,Uttargaya,NP03,NP0329,NP0329403,5,housing,outer_wall_galvanised_sheet,137
Bagmati,Rasuwa,Uttargaya,NP03,NP0329,NP0329403,5,housing,outer_wall_prefabricated_sheet,0
Bagmati,Rasuwa,Uttargaya,NP03,NP0329,NP0329403,5,housing,outer_wall_other,0
Bagmati,Rasuwa,Uttargaya,NP03,NP0329,NP0329403,5,housing,roof_galvanised_sheet,526
Bagmati,Rasuwa,Uttargaya,NP03,NP0329,NP0329403,5,housing,roof_reinforced_cement_concrete,228
Bagmati,Rasuwa,Uttargaya,NP03,NP0329,NP0329403,5,housing,roof_thatch_straw,1
Bagmati,Rasuwa,Uttargaya,NP03,NP0329,NP0329403,5,housing,roof_tile,0
Bagmati,Rasuwa,Uttargaya,NP03,NP0329,NP0329403,5,housing,roof_stone_slate,1
Bagmati,Rasuwa,Uttargaya,NP03,NP0329,NP0329403,5,housing,roof_wood_planks,1
Bagmati,Rasuwa,Uttargaya,NP03,NP0329,NP0329403,5,housing,roof_mud,0
Bagmati,Rasuwa,Uttargaya,NP03,NP0329,NP0329403,5,housing,roof_other,0
Bagmati,Rasuwa,Uttargaya,NP03,NP0329,NP0329403,5,housing,floor_mud,32
Bagmati,Rasuwa,Uttargaya,NP03,NP0329,NP0329403,5,housing,floor_wooden_plank_bamboo,13
Bagmati,Rasuwa,Uttargaya,NP03,NP0329,NP0329403,5,housing,floor_bricks_stone,11
Bagmati,Rasuwa,Uttargaya,NP03,NP0329,NP0329403,5,housing,floor_ceramic_tile,3
Bagmati,Rasuwa,Uttargaya,NP03,NP0329,NP0329403,5,housing,floor_cemented,693
Bagmati,Rasuwa,Uttargaya,NP03,NP0329,NP0329403,5,housing,floor_other,5
Bagmati,Rasuwa,Uttargaya,NP03,NP0329,NP0329403,5,drinking water,drinking_water_tap_piped_within_premises,211
Bagmati,Rasuwa,Uttargaya,NP03,NP0329,NP0329403,5,drinking water,drinking_water_tap_piped_outside_premises,513
Bagmati,Rasuwa,Uttargaya,NP03,NP0329,NP0329403,5,drinking water,drinking_water_tubewell_handpump,0
Bagmati,Rasuwa,Uttargaya,NP03,NP0329,NP0329403,5,drinking water,drinking_water_covered_well_kuwa,0
Bagmati,Rasuwa,Uttargaya,NP03,NP0329,NP0329403,5,drinking water,drinking_water_uncovered_well_kuwa,6
Bagmati,Rasuwa,Uttargaya,NP03,NP0329,NP0329403,5,drinking water,drinking_water_spout_water,27
Bagmati,Rasuwa,Uttargaya,NP03,NP0329,NP0329403,5,drinking water,drinking_water_river_stream,0
Bagmati,Rasuwa,Uttargaya,NP03,NP0329,NP0329403,5,drinking water,drinking_water_jar_bottle,0
Bagmati,Rasuwa,Uttargaya,NP03,NP0329,NP0329403,5,drinking water,drinking_water_other,0
Bagmati,Rasuwa,Uttargaya,NP03,NP0329,NP0329403,5,cooking fuel,cooking_fuel_wood_firewood,257
Bagmati,Rasuwa,Uttargaya,NP03,NP0329,NP0329403,5,cooking fuel,cooking_fuel_lpg,494
Bagmati,Rasuwa,Uttargaya,NP03,NP0329,NP0329403,5,cooking fuel,cooking_fuel_electricity,2
Bagmati,Rasuwa,Uttargaya,NP03,NP0329,NP0329403,5,cooking fuel,cooking_fuel_cowdung,0
Bagmati,Rasuwa,Uttargaya,NP03,NP0329,NP0329403,5,cooking fuel,cooking_fuel_biogas,4
Bagmati,Rasuwa,Uttargaya,NP03,NP0329,NP0329403,5,cooking fuel,cooking_fuel_kerosene,0
Bagmati,Rasuwa,Uttargaya,NP03,NP0329,NP0329403,5,cooking fuel,cooking_fuel_other,0
Bagmati,Rasuwa,Uttargaya,NP03,NP0329,NP0329403,5,lighting fuel,lighting_electricity,751
Bagmati,Rasuwa,Uttargaya,NP03,NP0329,NP0329403,5,lighting fuel,lighting_solar,6
Bagmati,Rasuwa,Uttargaya,NP03,NP0329,NP0329403,5,lighting fuel,lighting_kerosene,0
Bagmati,Rasuwa,Uttargaya,NP03,NP0329,NP0329403,5,lighting fuel,lighting_biogas,0
Bagmati,Rasuwa,Uttargaya,NP03,NP0329,NP0329403,5,lighting fuel,lighting_other,0
Bagmati,Rasuwa,Uttargaya,NP03,NP0329,NP0329403,5,sanitation,toilet_flush_public_sewerage,0
Bagmati,Rasuwa,Uttargaya,NP03,NP0329,NP0329403,5,sanitation,toilet_flush_septic_tank,646
Bagmati,Rasuwa,Uttargaya,NP03,NP0329,NP0329403,5,sanitation,toilet_pit,108
Bagmati,Rasuwa,Uttargaya,NP03,NP0329,NP0329403,5,sanitation,toilet_public,0
Bagmati,Rasuwa,Uttargaya,NP03,NP0329,NP0329403,5,sanitation,toilet_no_toilet,3
Bagmati,Rasuwa,Uttargaya,NP03,NP0329,NP0329403,5,household amenities,hh_amenities_without,15
Bagmati,Rasuwa,Uttargaya,NP03,NP0329,NP0329403,5,household amenities,hh_amenities_at_least_one,742
Bagmati,Rasuwa,Uttargaya,NP03,NP0329,NP0329403,5,household amenities,hh_amenities_radio,256
Bagmati,Rasuwa,Uttargaya,NP03,NP0329,NP0329403,5,household amenities,hh_amenities_television,430
Bagmati,Rasuwa,Uttargaya,NP03,NP0329,NP0329403,5,household amenities,hh_amenities_landline,11
Bagmati,Rasuwa,Uttargaya,NP03,NP0329,NP0329403,5,household amenities,hh_amenities_mobile_phone_ordinary,655
Bagmati,Rasuwa,Uttargaya,NP03,NP0329,NP0329403,5,household amenities,hh_amenities_mobile_phone_smart,604
Bagmati,Rasuwa,Uttargaya,NP03,NP0329,NP0329403,5,household amenities,hh_amenities_computer_laptop,99
Bagmati,Rasuwa,Uttargaya,NP03,NP0329,NP0329403,5,household amenities,hh_amenities_internet,345
Bagmati,Rasuwa,Uttargaya,NP03,NP0329,NP0329403,5,household amenities,hh_amenities_car_jeep_van,9
Bagmati,Rasuwa,Uttargaya,NP03,NP0329,NP0329403,5,household amenities,hh_amenities_motorcycle_scooter,170
Bagmati,Rasuwa,Uttargaya,NP03,NP0329,NP0329403,5,household amenities,hh_amenities_bicycle,26
Bagmati,Rasuwa,Uttargaya,NP03,NP0329,NP0329403,5,household amenities,hh_amenities_electric_fan,306
Bagmati,Rasuwa,Uttargaya,NP03,NP0329,NP0329403,5,household amenities,hh_amenities_refridgerator,167
Bagmati,Rasuwa,Uttargaya,NP03,NP0329,NP0329403,5,household amenities,hh_amenities_washing_machine,6
Bagmati,Rasuwa,Uttargaya,NP03,NP0329,NP0329403,5,household amenities,hh_amenities_air_conditioner,2
Bagmati,Rasuwa,Uttargaya,NP03,NP0329,NP0329403,5,wealth quintile,wealth_quintile_poorest_quintile_count,7
Bagmati,Rasuwa,Uttargaya,NP03,NP0329,NP0329403,5,wealth quintile,wealth_quintile_poorer_quintile_count,28
Bagmati,Rasuwa,Uttargaya,NP03,NP0329,NP0329403,5,wealth quintile,wealth_quintile_middle_quintile_count,271
Bagmati,Rasuwa,Uttargaya,NP03,NP0329,NP0329403,5,wealth quintile,wealth_quintile_richer_quintile_count,293
Bagmati,Rasuwa,Uttargaya,NP03,NP0329,NP0329403,5,wealth quintile,wealth_quintile_richest_quintile_count,158
Bagmati,Rasuwa,Uttargaya,NP03,NP0329,NP0329403,5,wealth quintile,wealth_quintile_poorest_quintile_pc,0.92
Bagmati,Rasuwa,Uttargaya,NP03,NP0329,NP0329403,5,wealth quintile,wealth_quintile_poorer_quintile_pc,3.7
Bagmati,Rasuwa,Uttargaya,NP03,NP0329,NP0329403,5,wealth quintile,wealth_quintile_middle_quintile_pc,35.8
Bagmati,Rasuwa,Uttargaya,NP03,NP0329,NP0329403,5,wealth quintile,wealth_quintile_richer_quintile_pc,38.71
Bagmati,Rasuwa,Uttargaya,NP03,NP0329,NP0329403,5,wealth quintile,wealth_quintile_richest_quintile_pc,20.87
Bagmati,Rasuwa,Uttargaya,NP03,NP0329,NP0329403,5,housing,house_quality_most_adequate_count,344
Bagmati,Rasuwa,Uttargaya,NP03,NP0329,NP0329403,5,housing,house_quality_adequate_count,316
Bagmati,Rasuwa,Uttargaya,NP03,NP0329,NP0329403,5,housing,house_quality_moderate_count,92
Bagmati,Rasuwa,Uttargaya,NP03,NP0329,NP0329403,5,housing,house_quality_inadequate_count,5
Bagmati,Rasuwa,Uttargaya,NP03,NP0329,NP0329403,5,housing,house_quality_least_adequate_count,0
Bagmati,Rasuwa,Uttargaya,NP03,NP0329,NP0329403,5,housing,house_quality_most_adequate_pc,45.44
Bagmati,Rasuwa,Uttargaya,NP03,NP0329,NP0329403,5,housing,house_quality_adequate_pc,41.74
Bagmati,Rasuwa,Uttargaya,NP03,NP0329,NP0329403,5,housing,house_quality_moderate_pc,12.15
Bagmati,Rasuwa,Uttargaya,NP03,NP0329,NP0329403,5,housing,house_quality_inadequate_pc,0.66
Bagmati,Rasuwa,Uttargaya,NP03,NP0329,NP0329403,5,housing,house_quality_least_adequate_pc,0
Bagmati,Rasuwa,Kalika,NP03,NP0329,NP0329404,1,demographics,total_households,614
Bagmati,Rasuwa,Kalika,NP03,NP0329,NP0329404,1,housing,home_ownership_owned,612
Bagmati,Rasuwa,Kalika,NP03,NP0329,NP0329404,1,housing,home_ownership_rented,2
Bagmati,Rasuwa,Kalika,NP03,NP0329,NP0329404,1,housing,home_ownership_institutional,0
Bagmati,Rasuwa,Kalika,NP03,NP0329,NP0329404,1,housing,home_ownership_other,0
Bagmati,Rasuwa,Kalika,NP03,NP0329,NP0329404,1,housing,foundation_mud,395
Bagmati,Rasuwa,Kalika,NP03,NP0329,NP0329404,1,housing,foundation_mud_bonded_bricks_stone,137
Bagmati,Rasuwa,Kalika,NP03,NP0329,NP0329404,1,housing,foundation_cement_bonded_bricks_stone,76
Bagmati,Rasuwa,Kalika,NP03,NP0329,NP0329404,1,housing,foundation_reinforced_cement_concrete_with_pillars,5
Bagmati,Rasuwa,Kalika,NP03,NP0329,NP0329404,1,housing,foundation_wooden_pillars,1
Bagmati,Rasuwa,Kalika,NP03,NP0329,NP0329404,1,housing,outer_wall_mud_bonded_bricks_stone,392
Bagmati,Rasuwa,Kalika,NP03,NP0329,NP0329404,1,housing,outer_wall_cement_bonded_bricks_stone,203
Bagmati,Rasuwa,Kalika,NP03,NP0329,NP0329404,1,housing,outer_wall_wood_planks,4
Bagmati,Rasuwa,Kalika,NP03,NP0329,NP0329404,1,housing,outer_wall_bamboo,1
Bagmati,Rasuwa,Kalika,NP03,NP0329,NP0329404,1,housing,outer_wall_unbaked_bricks,0
Bagmati,Rasuwa,Kalika,NP03,NP0329,NP0329404,1,housing,outer_wall_galvanised_sheet,14
Bagmati,Rasuwa,Kalika,NP03,NP0329,NP0329404,1,housing,outer_wall_prefabricated_sheet,0
Bagmati,Rasuwa,Kalika,NP03,NP0329,NP0329404,1,housing,outer_wall_other,0
Bagmati,Rasuwa,Kalika,NP03,NP0329,NP0329404,1,housing,roof_galvanised_sheet,476
Bagmati,Rasuwa,Kalika,NP03,NP0329,NP0329404,1,housing,roof_reinforced_cement_concrete,137
Bagmati,Rasuwa,Kalika,NP03,NP0329,NP0329404,1,housing,roof_thatch_straw,0
Bagmati,Rasuwa,Kalika,NP03,NP0329,NP0329404,1,housing,roof_tile,0
Bagmati,Rasuwa,Kalika,NP03,NP0329,NP0329404,1,housing,roof_stone_slate,1
Bagmati,Rasuwa,Kalika,NP03,NP0329,NP0329404,1,housing,roof_wood_planks,0
Bagmati,Rasuwa,Kalika,NP03,NP0329,NP0329404,1,housing,roof_mud,0
Bagmati,Rasuwa,Kalika,NP03,NP0329,NP0329404,1,housing,roof_other,0
Bagmati,Rasuwa,Kalika,NP03,NP0329,NP0329404,1,housing,floor_mud,391
Bagmati,Rasuwa,Kalika,NP03,NP0329,NP0329404,1,housing,floor_wooden_plank_bamboo,36
Bagmati,Rasuwa,Kalika,NP03,NP0329,NP0329404,1,housing,floor_bricks_stone,24
Bagmati,Rasuwa,Kalika,NP03,NP0329,NP0329404,1,housing,floor_ceramic_tile,0
Bagmati,Rasuwa,Kalika,NP03,NP0329,NP0329404,1,housing,floor_cemented,161
Bagmati,Rasuwa,Kalika,NP03,NP0329,NP0329404,1,housing,floor_other,2
Bagmati,Rasuwa,Kalika,NP03,NP0329,NP0329404,1,drinking water,drinking_water_tap_piped_within_premises,100
Bagmati,Rasuwa,Kalika,NP03,NP0329,NP0329404,1,drinking water,drinking_water_tap_piped_outside_premises,514
Bagmati,Rasuwa,Kalika,NP03,NP0329,NP0329404,1,drinking water,drinking_water_tubewell_handpump,0
Bagmati,Rasuwa,Kalika,NP03,NP0329,NP0329404,1,drinking water,drinking_water_covered_well_kuwa,0
Bagmati,Rasuwa,Kalika,NP03,NP0329,NP0329404,1,drinking water,drinking_water_uncovered_well_kuwa,0
Bagmati,Rasuwa,Kalika,NP03,NP0329,NP0329404,1,drinking water,drinking_water_spout_water,0
Bagmati,Rasuwa,Kalika,NP03,NP0329,NP0329404,1,drinking water,drinking_water_river_stream,0
Bagmati,Rasuwa,Kalika,NP03,NP0329,NP0329404,1,drinking water,drinking_water_jar_bottle,0
Bagmati,Rasuwa,Kalika,NP03,NP0329,NP0329404,1,drinking water,drinking_water_other,0
Bagmati,Rasuwa,Kalika,NP03,NP0329,NP0329404,1,cooking fuel,cooking_fuel_wood_firewood,509
Bagmati,Rasuwa,Kalika,NP03,NP0329,NP0329404,1,cooking fuel,cooking_fuel_lpg,105
Bagmati,Rasuwa,Kalika,NP03,NP0329,NP0329404,1,cooking fuel,cooking_fuel_electricity,0
Bagmati,Rasuwa,Kalika,NP03,NP0329,NP0329404,1,cooking fuel,cooking_fuel_cowdung,0
Bagmati,Rasuwa,Kalika,NP03,NP0329,NP0329404,1,cooking fuel,cooking_fuel_biogas,0
Bagmati,Rasuwa,Kalika,NP03,NP0329,NP0329404,1,cooking fuel,cooking_fuel_kerosene,0
Bagmati,Rasuwa,Kalika,NP03,NP0329,NP0329404,1,cooking fuel,cooking_fuel_other,0
Bagmati,Rasuwa,Kalika,NP03,NP0329,NP0329404,1,lighting fuel,lighting_electricity,608
Bagmati,Rasuwa,Kalika,NP03,NP0329,NP0329404,1,lighting fuel,lighting_solar,6
Bagmati,Rasuwa,Kalika,NP03,NP0329,NP0329404,1,lighting fuel,lighting_kerosene,0
Bagmati,Rasuwa,Kalika,NP03,NP0329,NP0329404,1,lighting fuel,lighting_biogas,0
Bagmati,Rasuwa,Kalika,NP03,NP0329,NP0329404,1,lighting fuel,lighting_other,0
Bagmati,Rasuwa,Kalika,NP03,NP0329,NP0329404,1,sanitation,toilet_flush_public_sewerage,3
Bagmati,Rasuwa,Kalika,NP03,NP0329,NP0329404,1,sanitation,toilet_flush_septic_tank,593
Bagmati,Rasuwa,Kalika,NP03,NP0329,NP0329404,1,sanitation,toilet_pit,18
Bagmati,Rasuwa,Kalika,NP03,NP0329,NP0329404,1,sanitation,toilet_public,0
Bagmati,Rasuwa,Kalika,NP03,NP0329,NP0329404,1,sanitation,toilet_no_toilet,0
Bagmati,Rasuwa,Kalika,NP03,NP0329,NP0329404,1,household amenities,hh_amenities_without,72
Bagmati,Rasuwa,Kalika,NP03,NP0329,NP0329404,1,household amenities,hh_amenities_at_least_one,542
Bagmati,Rasuwa,Kalika,NP03,NP0329,NP0329404,1,household amenities,hh_amenities_radio,179
Bagmati,Rasuwa,Kalika,NP03,NP0329,NP0329404,1,household amenities,hh_amenities_television,161
Bagmati,Rasuwa,Kalika,NP03,NP0329,NP0329404,1,household amenities,hh_amenities_landline,1
Bagmati,Rasuwa,Kalika,NP03,NP0329,NP0329404,1,household amenities,hh_amenities_mobile_phone_ordinary,520
Bagmati,Rasuwa,Kalika,NP03,NP0329,NP0329404,1,household amenities,hh_amenities_mobile_phone_smart,309
Bagmati,Rasuwa,Kalika,NP03,NP0329,NP0329404,1,household amenities,hh_amenities_computer_laptop,23
Bagmati,Rasuwa,Kalika,NP03,NP0329,NP0329404,1,household amenities,hh_amenities_internet,57
Bagmati,Rasuwa,Kalika,NP03,NP0329,NP0329404,1,household amenities,hh_amenities_car_jeep_van,13
Bagmati,Rasuwa,Kalika,NP03,NP0329,NP0329404,1,household amenities,hh_amenities_motorcycle_scooter,33
Bagmati,Rasuwa,Kalika,NP03,NP0329,NP0329404,1,household amenities,hh_amenities_bicycle,6
Bagmati,Rasuwa,Kalika,NP03,NP0329,NP0329404,1,household amenities,hh_amenities_electric_fan,4
Bagmati,Rasuwa,Kalika,NP03,NP0329,NP0329404,1,household amenities,hh_amenities_refridgerator,14
Bagmati,Rasuwa,Kalika,NP03,NP0329,NP0329404,1,household amenities,hh_amenities_washing_machine,2
Bagmati,Rasuwa,Kalika,NP03,NP0329,NP0329404,1,household amenities,hh_amenities_air_conditioner,0
Bagmati,Rasuwa,Kalika,NP03,NP0329,NP0329404,1,wealth quintile,wealth_quintile_poorest_quintile_count,210
Bagmati,Rasuwa,Kalika,NP03,NP0329,NP0329404,1,wealth quintile,wealth_quintile_poorer_quintile_count,180
Bagmati,Rasuwa,Kalika,NP03,NP0329,NP0329404,1,wealth quintile,wealth_quintile_middle_quintile_count,140
Bagmati,Rasuwa,Kalika,NP03,NP0329,NP0329404,1,wealth quintile,wealth_quintile_richer_quintile_count,63
Bagmati,Rasuwa,Kalika,NP03,NP0329,NP0329404,1,wealth quintile,wealth_quintile_richest_quintile_count,21
Bagmati,Rasuwa,Kalika,NP03,NP0329,NP0329404,1,wealth quintile,wealth_quintile_poorest_quintile_pc,34.2
Bagmati,Rasuwa,Kalika,NP03,NP0329,NP0329404,1,wealth quintile,wealth_quintile_poorer_quintile_pc,29.32
Bagmati,Rasuwa,Kalika,NP03,NP0329,NP0329404,1,wealth quintile,wealth_quintile_middle_quintile_pc,22.8
Bagmati,Rasuwa,Kalika,NP03,NP0329,NP0329404,1,wealth quintile,wealth_quintile_richer_quintile_pc,10.26
Bagmati,Rasuwa,Kalika,NP03,NP0329,NP0329404,1,wealth quintile,wealth_quintile_richest_quintile_pc,3.42
Bagmati,Rasuwa,Kalika,NP03,NP0329,NP0329404,1,housing,house_quality_most_adequate_count,68
Bagmati,Rasuwa,Kalika,NP03,NP0329,NP0329404,1,housing,house_quality_adequate_count,166
Bagmati,Rasuwa,Kalika,NP03,NP0329,NP0329404,1,housing,house_quality_moderate_count,379
Bagmati,Rasuwa,Kalika,NP03,NP0329,NP0329404,1,housing,house_quality_inadequate_count,1
Bagmati,Rasuwa,Kalika,NP03,NP0329,NP0329404,1,housing,house_quality_least_adequate_count,0
Bagmati,Rasuwa,Kalika,NP03,NP0329,NP0329404,1,housing,house_quality_most_adequate_pc,11.07
Bagmati,Rasuwa,Kalika,NP03,NP0329,NP0329404,1,housing,house_quality_adequate_pc,27.04
Bagmati,Rasuwa,Kalika,NP03,NP0329,NP0329404,1,housing,house_quality_moderate_pc,61.73
Bagmati,Rasuwa,Kalika,NP03,NP0329,NP0329404,1,housing,house_quality_inadequate_pc,0.16
Bagmati,Rasuwa,Kalika,NP03,NP0329,NP0329404,1,housing,house_quality_least_adequate_pc,0
Bagmati,Rasuwa,Kalika,NP03,NP0329,NP0329404,2,demographics,total_households,682
Bagmati,Rasuwa,Kalika,NP03,NP0329,NP0329404,2,housing,home_ownership_owned,657
Bagmati,Rasuwa,Kalika,NP03,NP0329,NP0329404,2,housing,home_ownership_rented,22
Bagmati,Rasuwa,Kalika,NP03,NP0329,NP0329404,2,housing,home_ownership_institutional,3
Bagmati,Rasuwa,Kalika,NP03,NP0329,NP0329404,2,housing,home_ownership_other,0
Bagmati,Rasuwa,Kalika,NP03,NP0329,NP0329404,2,housing,foundation_mud,74
Bagmati,Rasuwa,Kalika,NP03,NP0329,NP0329404,2,housing,foundation_mud_bonded_bricks_stone,391
Bagmati,Rasuwa,Kalika,NP03,NP0329,NP0329404,2,housing,foundation_cement_bonded_bricks_stone,212
Bagmati,Rasuwa,Kalika,NP03,NP0329,NP0329404,2,housing,foundation_reinforced_cement_concrete_with_pillars,3
Bagmati,Rasuwa,Kalika,NP03,NP0329,NP0329404,2,housing,foundation_wooden_pillars,2
Bagmati,Rasuwa,Kalika,NP03,NP0329,NP0329404,2,housing,outer_wall_mud_bonded_bricks_stone,72
Bagmati,Rasuwa,Kalika,NP03,NP0329,NP0329404,2,housing,outer_wall_cement_bonded_bricks_stone,598
Bagmati,Rasuwa,Kalika,NP03,NP0329,NP0329404,2,housing,outer_wall_wood_planks,2
Bagmati,Rasuwa,Kalika,NP03,NP0329,NP0329404,2,housing,outer_wall_bamboo,0
Bagmati,Rasuwa,Kalika,NP03,NP0329,NP0329404,2,housing,outer_wall_unbaked_bricks,0
Bagmati,Rasuwa,Kalika,NP03,NP0329,NP0329404,2,housing,outer_wall_galvanised_sheet,9
Bagmati,Rasuwa,Kalika,NP03,NP0329,NP0329404,2,housing,outer_wall_prefabricated_sheet,0
Bagmati,Rasuwa,Kalika,NP03,NP0329,NP0329404,2,housing,outer_wall_other,1
Bagmati,Rasuwa,Kalika,NP03,NP0329,NP0329404,2,housing,roof_galvanised_sheet,300
Bagmati,Rasuwa,Kalika,NP03,NP0329,NP0329404,2,housing,roof_reinforced_cement_concrete,373
Bagmati,Rasuwa,Kalika,NP03,NP0329,NP0329404,2,housing,roof_thatch_straw,1
Bagmati,Rasuwa,Kalika,NP03,NP0329,NP0329404,2,housing,roof_tile,0
Bagmati,Rasuwa,Kalika,NP03,NP0329,NP0329404,2,housing,roof_stone_slate,7
Bagmati,Rasuwa,Kalika,NP03,NP0329,NP0329404,2,housing,roof_wood_planks,0
Bagmati,Rasuwa,Kalika,NP03,NP0329,NP0329404,2,housing,roof_mud,0
Bagmati,Rasuwa,Kalika,NP03,NP0329,NP0329404,2,housing,roof_other,1
Bagmati,Rasuwa,Kalika,NP03,NP0329,NP0329404,2,housing,floor_mud,91
Bagmati,Rasuwa,Kalika,NP03,NP0329,NP0329404,2,housing,floor_wooden_plank_bamboo,9
Bagmati,Rasuwa,Kalika,NP03,NP0329,NP0329404,2,housing,floor_bricks_stone,1
Bagmati,Rasuwa,Kalika,NP03,NP0329,NP0329404,2,housing,floor_ceramic_tile,2
Bagmati,Rasuwa,Kalika,NP03,NP0329,NP0329404,2,housing,floor_cemented,578
Bagmati,Rasuwa,Kalika,NP03,NP0329,NP0329404,2,housing,floor_other,1
Bagmati,Rasuwa,Kalika,NP03,NP0329,NP0329404,2,drinking water,drinking_water_tap_piped_within_premises,455
Bagmati,Rasuwa,Kalika,NP03,NP0329,NP0329404,2,drinking water,drinking_water_tap_piped_outside_premises,223
Bagmati,Rasuwa,Kalika,NP03,NP0329,NP0329404,2,drinking water,drinking_water_tubewell_handpump,0
Bagmati,Rasuwa,Kalika,NP03,NP0329,NP0329404,2,drinking water,drinking_water_covered_well_kuwa,0
Bagmati,Rasuwa,Kalika,NP03,NP0329,NP0329404,2,drinking water,drinking_water_uncovered_well_kuwa,3
Bagmati,Rasuwa,Kalika,NP03,NP0329,NP0329404,2,drinking water,drinking_water_spout_water,0
Bagmati,Rasuwa,Kalika,NP03,NP0329,NP0329404,2,drinking water,drinking_water_river_stream,1
Bagmati,Rasuwa,Kalika,NP03,NP0329,NP0329404,2,drinking water,drinking_water_jar_bottle,0
Bagmati,Rasuwa,Kalika,NP03,NP0329,NP0329404,2,drinking water,drinking_water_other,0
Bagmati,Rasuwa,Kalika,NP03,NP0329,NP0329404,2,cooking fuel,cooking_fuel_wood_firewood,315
Bagmati,Rasuwa,Kalika,NP03,NP0329,NP0329404,2,cooking fuel,cooking_fuel_lpg,364
Bagmati,Rasuwa,Kalika,NP03,NP0329,NP0329404,2,cooking fuel,cooking_fuel_electricity,0
Bagmati,Rasuwa,Kalika,NP03,NP0329,NP0329404,2,cooking fuel,cooking_fuel_cowdung,0
Bagmati,Rasuwa,Kalika,NP03,NP0329,NP0329404,2,cooking fuel,cooking_fuel_biogas,2
Bagmati,Rasuwa,Kalika,NP03,NP0329,NP0329404,2,cooking fuel,cooking_fuel_kerosene,0
Bagmati,Rasuwa,Kalika,NP03,NP0329,NP0329404,2,cooking fuel,cooking_fuel_other,1
Bagmati,Rasuwa,Kalika,NP03,NP0329,NP0329404,2,lighting fuel,lighting_electricity,669
Bagmati,Rasuwa,Kalika,NP03,NP0329,NP0329404,2,lighting fuel,lighting_solar,9
Bagmati,Rasuwa,Kalika,NP03,NP0329,NP0329404,2,lighting fuel,lighting_kerosene,4
Bagmati,Rasuwa,Kalika,NP03,NP0329,NP0329404,2,lighting fuel,lighting_biogas,0
Bagmati,Rasuwa,Kalika,NP03,NP0329,NP0329404,2,lighting fuel,lighting_other,0
Bagmati,Rasuwa,Kalika,NP03,NP0329,NP0329404,2,sanitation,toilet_flush_public_sewerage,43
Bagmati,Rasuwa,Kalika,NP03,NP0329,NP0329404,2,sanitation,toilet_flush_septic_tank,563
Bagmati,Rasuwa,Kalika,NP03,NP0329,NP0329404,2,sanitation,toilet_pit,74
Bagmati,Rasuwa,Kalika,NP03,NP0329,NP0329404,2,sanitation,toilet_public,0
Bagmati,Rasuwa,Kalika,NP03,NP0329,NP0329404,2,sanitation,toilet_no_toilet,2
Bagmati,Rasuwa,Kalika,NP03,NP0329,NP0329404,2,household amenities,hh_amenities_without,23
Bagmati,Rasuwa,Kalika,NP03,NP0329,NP0329404,2,household amenities,hh_amenities_at_least_one,659
Bagmati,Rasuwa,Kalika,NP03,NP0329,NP0329404,2,household amenities,hh_amenities_radio,317
Bagmati,Rasuwa,Kalika,NP03,NP0329,NP0329404,2,household amenities,hh_amenities_television,353
Bagmati,Rasuwa,Kalika,NP03,NP0329,NP0329404,2,household amenities,hh_amenities_landline,32
Bagmati,Rasuwa,Kalika,NP03,NP0329,NP0329404,2,household amenities,hh_amenities_mobile_phone_ordinary,582
Bagmati,Rasuwa,Kalika,NP03,NP0329,NP0329404,2,household amenities,hh_amenities_mobile_phone_smart,586
Bagmati,Rasuwa,Kalika,NP03,NP0329,NP0329404,2,household amenities,hh_amenities_computer_laptop,154
Bagmati,Rasuwa,Kalika,NP03,NP0329,NP0329404,2,household amenities,hh_amenities_internet,350
Bagmati,Rasuwa,Kalika,NP03,NP0329,NP0329404,2,household amenities,hh_amenities_car_jeep_van,21
Bagmati,Rasuwa,Kalika,NP03,NP0329,NP0329404,2,household amenities,hh_amenities_motorcycle_scooter,159
Bagmati,Rasuwa,Kalika,NP03,NP0329,NP0329404,2,household amenities,hh_amenities_bicycle,33
Bagmati,Rasuwa,Kalika,NP03,NP0329,NP0329404,2,household amenities,hh_amenities_electric_fan,52
Bagmati,Rasuwa,Kalika,NP03,NP0329,NP0329404,2,household amenities,hh_amenities_refridgerator,99
Bagmati,Rasuwa,Kalika,NP03,NP0329,NP0329404,2,household amenities,hh_amenities_washing_machine,5
Bagmati,Rasuwa,Kalika,NP03,NP0329,NP0329404,2,household amenities,hh_amenities_air_conditioner,0
Bagmati,Rasuwa,Kalika,NP03,NP0329,NP0329404,2,wealth quintile,wealth_quintile_poorest_quintile_count,26
Bagmati,Rasuwa,Kalika,NP03,NP0329,NP0329404,2,wealth quintile,wealth_quintile_poorer_quintile_count,39
Bagmati,Rasuwa,Kalika,NP03,NP0329,NP0329404,2,wealth quintile,wealth_quintile_middle_quintile_count,230
Bagmati,Rasuwa,Kalika,NP03,NP0329,NP0329404,2,wealth quintile,wealth_quintile_richer_quintile_count,221
Bagmati,Rasuwa,Kalika,NP03,NP0329,NP0329404,2,wealth quintile,wealth_quintile_richest_quintile_count,166
Bagmati,Rasuwa,Kalika,NP03,NP0329,NP0329404,2,wealth quintile,wealth_quintile_poorest_quintile_pc,3.81
Bagmati,Rasuwa,Kalika,NP03,NP0329,NP0329404,2,wealth quintile,wealth_quintile_poorer_quintile_pc,5.72
Bagmati,Rasuwa,Kalika,NP03,NP0329,NP0329404,2,wealth quintile,wealth_quintile_middle_quintile_pc,33.72
Bagmati,Rasuwa,Kalika,NP03,NP0329,NP0329404,2,wealth quintile,wealth_quintile_richer_quintile_pc,32.4
Bagmati,Rasuwa,Kalika,NP03,NP0329,NP0329404,2,wealth quintile,wealth_quintile_richest_quintile_pc,24.34
Bagmati,Rasuwa,Kalika,NP03,NP0329,NP0329404,2,housing,house_quality_most_adequate_count,310
Bagmati,Rasuwa,Kalika,NP03,NP0329,NP0329404,2,housing,house_quality_adequate_count,309
Bagmati,Rasuwa,Kalika,NP03,NP0329,NP0329404,2,housing,house_quality_moderate_count,61
Bagmati,Rasuwa,Kalika,NP03,NP0329,NP0329404,2,housing,house_quality_inadequate_count,2
Bagmati,Rasuwa,Kalika,NP03,NP0329,NP0329404,2,housing,house_quality_least_adequate_count,0
Bagmati,Rasuwa,Kalika,NP03,NP0329,NP0329404,2,housing,house_quality_most_adequate_pc,45.45
Bagmati,Rasuwa,Kalika,NP03,NP0329,NP0329404,2,housing,house_quality_adequate_pc,45.31
Bagmati,Rasuwa,Kalika,NP03,NP0329,NP0329404,2,housing,house_quality_moderate_pc,8.94
Bagmati,Rasuwa,Kalika,NP03,NP0329,NP0329404,2,housing,house_quality_inadequate_pc,0.29
Bagmati,Rasuwa,Kalika,NP03,NP0329,NP0329404,2,housing,house_quality_least_adequate_pc,0
Bagmati,Rasuwa,Kalika,NP03,NP0329,NP0329404,3,demographics,total_households,428
Bagmati,Rasuwa,Kalika,NP03,NP0329,NP0329404,3,housing,home_ownership_owned,425
Bagmati,Rasuwa,Kalika,NP03,NP0329,NP0329404,3,housing,home_ownership_rented,3
Bagmati,Rasuwa,Kalika,NP03,NP0329,NP0329404,3,housing,home_ownership_institutional,0
Bagmati,Rasuwa,Kalika,NP03,NP0329,NP0329404,3,housing,home_ownership_other,0
Bagmati,Rasuwa,Kalika,NP03,NP0329,NP0329404,3,housing,foundation_mud,31
Bagmati,Rasuwa,Kalika,NP03,NP0329,NP0329404,3,housing,foundation_mud_bonded_bricks_stone,287
Bagmati,Rasuwa,Kalika,NP03,NP0329,NP0329404,3,housing,foundation_cement_bonded_bricks_stone,104
Bagmati,Rasuwa,Kalika,NP03,NP0329,NP0329404,3,housing,foundation_reinforced_cement_concrete_with_pillars,5
Bagmati,Rasuwa,Kalika,NP03,NP0329,NP0329404,3,housing,foundation_wooden_pillars,1
Bagmati,Rasuwa,Kalika,NP03,NP0329,NP0329404,3,housing,outer_wall_mud_bonded_bricks_stone,34
Bagmati,Rasuwa,Kalika,NP03,NP0329,NP0329404,3,housing,outer_wall_cement_bonded_bricks_stone,387
Bagmati,Rasuwa,Kalika,NP03,NP0329,NP0329404,3,housing,outer_wall_wood_planks,0
Bagmati,Rasuwa,Kalika,NP03,NP0329,NP0329404,3,housing,outer_wall_bamboo,0
Bagmati,Rasuwa,Kalika,NP03,NP0329,NP0329404,3,housing,outer_wall_unbaked_bricks,0
Bagmati,Rasuwa,Kalika,NP03,NP0329,NP0329404,3,housing,outer_wall_galvanised_sheet,7
Bagmati,Rasuwa,Kalika,NP03,NP0329,NP0329404,3,housing,outer_wall_prefabricated_sheet,0
Bagmati,Rasuwa,Kalika,NP03,NP0329,NP0329404,3,housing,outer_wall_other,0
Bagmati,Rasuwa,Kalika,NP03,NP0329,NP0329404,3,housing,roof_galvanised_sheet,317
Bagmati,Rasuwa,Kalika,NP03,NP0329,NP0329404,3,housing,roof_reinforced_cement_concrete,107
Bagmati,Rasuwa,Kalika,NP03,NP0329,NP0329404,3,housing,roof_thatch_straw,0
Bagmati,Rasuwa,Kalika,NP03,NP0329,NP0329404,3,housing,roof_tile,0
Bagmati,Rasuwa,Kalika,NP03,NP0329,NP0329404,3,housing,roof_stone_slate,4
Bagmati,Rasuwa,Kalika,NP03,NP0329,NP0329404,3,housing,roof_wood_planks,0
Bagmati,Rasuwa,Kalika,NP03,NP0329,NP0329404,3,housing,roof_mud,0
Bagmati,Rasuwa,Kalika,NP03,NP0329,NP0329404,3,housing,roof_other,0
Bagmati,Rasuwa,Kalika,NP03,NP0329,NP0329404,3,housing,floor_mud,33
Bagmati,Rasuwa,Kalika,NP03,NP0329,NP0329404,3,housing,floor_wooden_plank_bamboo,2
Bagmati,Rasuwa,Kalika,NP03,NP0329,NP0329404,3,housing,floor_bricks_stone,0
Bagmati,Rasuwa,Kalika,NP03,NP0329,NP0329404,3,housing,floor_ceramic_tile,0
Bagmati,Rasuwa,Kalika,NP03,NP0329,NP0329404,3,housing,floor_cemented,392
Bagmati,Rasuwa,Kalika,NP03,NP0329,NP0329404,3,housing,floor_other,1
Bagmati,Rasuwa,Kalika,NP03,NP0329,NP0329404,3,drinking water,drinking_water_tap_piped_within_premises,400
Bagmati,Rasuwa,Kalika,NP03,NP0329,NP0329404,3,drinking water,drinking_water_tap_piped_outside_premises,26
Bagmati,Rasuwa,Kalika,NP03,NP0329,NP0329404,3,drinking water,drinking_water_tubewell_handpump,0
Bagmati,Rasuwa,Kalika,NP03,NP0329,NP0329404,3,drinking water,drinking_water_covered_well_kuwa,0
Bagmati,Rasuwa,Kalika,NP03,NP0329,NP0329404,3,drinking water,drinking_water_uncovered_well_kuwa,1
Bagmati,Rasuwa,Kalika,NP03,NP0329,NP0329404,3,drinking water,drinking_water_spout_water,0
Bagmati,Rasuwa,Kalika,NP03,NP0329,NP0329404,3,drinking water,drinking_water_river_stream,0
Bagmati,Rasuwa,Kalika,NP03,NP0329,NP0329404,3,drinking water,drinking_water_jar_bottle,0
Bagmati,Rasuwa,Kalika,NP03,NP0329,NP0329404,3,drinking water,drinking_water_other,1
Bagmati,Rasuwa,Kalika,NP03,NP0329,NP0329404,3,cooking fuel,cooking_fuel_wood_firewood,253
Bagmati,Rasuwa,Kalika,NP03,NP0329,NP0329404,3,cooking fuel,cooking_fuel_lpg,174
Bagmati,Rasuwa,Kalika,NP03,NP0329,NP0329404,3,cooking fuel,cooking_fuel_electricity,0
Bagmati,Rasuwa,Kalika,NP03,NP0329,NP0329404,3,cooking fuel,cooking_fuel_cowdung,0
Bagmati,Rasuwa,Kalika,NP03,NP0329,NP0329404,3,cooking fuel,cooking_fuel_biogas,0
Bagmati,Rasuwa,Kalika,NP03,NP0329,NP0329404,3,cooking fuel,cooking_fuel_kerosene,0
Bagmati,Rasuwa,Kalika,NP03,NP0329,NP0329404,3,cooking fuel,cooking_fuel_other,1
Bagmati,Rasuwa,Kalika,NP03,NP0329,NP0329404,3,lighting fuel,lighting_electricity,420
Bagmati,Rasuwa,Kalika,NP03,NP0329,NP0329404,3,lighting fuel,lighting_solar,5
Bagmati,Rasuwa,Kalika,NP03,NP0329,NP0329404,3,lighting fuel,lighting_kerosene,2
Bagmati,Rasuwa,Kalika,NP03,NP0329,NP0329404,3,lighting fuel,lighting_biogas,0
Bagmati,Rasuwa,Kalika,NP03,NP0329,NP0329404,3,lighting fuel,lighting_other,1
Bagmati,Rasuwa,Kalika,NP03,NP0329,NP0329404,3,sanitation,toilet_flush_public_sewerage,5
Bagmati,Rasuwa,Kalika,NP03,NP0329,NP0329404,3,sanitation,toilet_flush_septic_tank,419
Bagmati,Rasuwa,Kalika,NP03,NP0329,NP0329404,3,sanitation,toilet_pit,1
Bagmati,Rasuwa,Kalika,NP03,NP0329,NP0329404,3,sanitation,toilet_public,0
Bagmati,Rasuwa,Kalika,NP03,NP0329,NP0329404,3,sanitation,toilet_no_toilet,3
Bagmati,Rasuwa,Kalika,NP03,NP0329,NP0329404,3,household amenities,hh_amenities_without,24
Bagmati,Rasuwa,Kalika,NP03,NP0329,NP0329404,3,household amenities,hh_amenities_at_least_one,404
Bagmati,Rasuwa,Kalika,NP03,NP0329,NP0329404,3,household amenities,hh_amenities_radio,166
Bagmati,Rasuwa,Kalika,NP03,NP0329,NP0329404,3,household amenities,hh_amenities_television,245
Bagmati,Rasuwa,Kalika,NP03,NP0329,NP0329404,3,household amenities,hh_amenities_landline,1
Bagmati,Rasuwa,Kalika,NP03,NP0329,NP0329404,3,household amenities,hh_amenities_mobile_phone_ordinary,343
Bagmati,Rasuwa,Kalika,NP03,NP0329,NP0329404,3,household amenities,hh_amenities_mobile_phone_smart,314
Bagmati,Rasuwa,Kalika,NP03,NP0329,NP0329404,3,household amenities,hh_amenities_computer_laptop,70
Bagmati,Rasuwa,Kalika,NP03,NP0329,NP0329404,3,household amenities,hh_amenities_internet,223
Bagmati,Rasuwa,Kalika,NP03,NP0329,NP0329404,3,household amenities,hh_amenities_car_jeep_van,11
Bagmati,Rasuwa,Kalika,NP03,NP0329,NP0329404,3,household amenities,hh_amenities_motorcycle_scooter,104
Bagmati,Rasuwa,Kalika,NP03,NP0329,NP0329404,3,household amenities,hh_amenities_bicycle,20
Bagmati,Rasuwa,Kalika,NP03,NP0329,NP0329404,3,household amenities,hh_amenities_electric_fan,109
Bagmati,Rasuwa,Kalika,NP03,NP0329,NP0329404,3,household amenities,hh_amenities_refridgerator,82
Bagmati,Rasuwa,Kalika,NP03,NP0329,NP0329404,3,household amenities,hh_amenities_washing_machine,0
Bagmati,Rasuwa,Kalika,NP03,NP0329,NP0329404,3,household amenities,hh_amenities_air_conditioner,0
Bagmati,Rasuwa,Kalika,NP03,NP0329,NP0329404,3,wealth quintile,wealth_quintile_poorest_quintile_count,7
Bagmati,Rasuwa,Kalika,NP03,NP0329,NP0329404,3,wealth quintile,wealth_quintile_poorer_quintile_count,20
Bagmati,Rasuwa,Kalika,NP03,NP0329,NP0329404,3,wealth quintile,wealth_quintile_middle_quintile_count,159
Bagmati,Rasuwa,Kalika,NP03,NP0329,NP0329404,3,wealth quintile,wealth_quintile_richer_quintile_count,155
Bagmati,Rasuwa,Kalika,NP03,NP0329,NP0329404,3,wealth quintile,wealth_quintile_richest_quintile_count,87
Bagmati,Rasuwa,Kalika,NP03,NP0329,NP0329404,3,wealth quintile,wealth_quintile_poorest_quintile_pc,1.64
Bagmati,Rasuwa,Kalika,NP03,NP0329,NP0329404,3,wealth quintile,wealth_quintile_poorer_quintile_pc,4.67
Bagmati,Rasuwa,Kalika,NP03,NP0329,NP0329404,3,wealth quintile,wealth_quintile_middle_quintile_pc,37.15
Bagmati,Rasuwa,Kalika,NP03,NP0329,NP0329404,3,wealth quintile,wealth_quintile_richer_quintile_pc,36.21
Bagmati,Rasuwa,Kalika,NP03,NP0329,NP0329404,3,wealth quintile,wealth_quintile_richest_quintile_pc,20.33
Bagmati,Rasuwa,Kalika,NP03,NP0329,NP0329404,3,housing,house_quality_most_adequate_count,153
Bagmati,Rasuwa,Kalika,NP03,NP0329,NP0329404,3,housing,house_quality_adequate_count,255
Bagmati,Rasuwa,Kalika,NP03,NP0329,NP0329404,3,housing,house_quality_moderate_count,17
Bagmati,Rasuwa,Kalika,NP03,NP0329,NP0329404,3,housing,house_quality_inadequate_count,3
Bagmati,Rasuwa,Kalika,NP03,NP0329,NP0329404,3,housing,house_quality_least_adequate_count,0
Bagmati,Rasuwa,Kalika,NP03,NP0329,NP0329404,3,housing,house_quality_most_adequate_pc,35.75
Bagmati,Rasuwa,Kalika,NP03,NP0329,NP0329404,3,housing,house_quality_adequate_pc,59.58
Bagmati,Rasuwa,Kalika,NP03,NP0329,NP0329404,3,housing,house_quality_moderate_pc,3.97
Bagmati,Rasuwa,Kalika,NP03,NP0329,NP0329404,3,housing,house_quality_inadequate_pc,0.7
Bagmati,Rasuwa,Kalika,NP03,NP0329,NP0329404,3,housing,house_quality_least_adequate_pc,0
Bagmati,Rasuwa,Kalika,NP03,NP0329,NP0329404,4,demographics,total_households,249
Bagmati,Rasuwa,Kalika,NP03,NP0329,NP0329404,4,housing,home_ownership_owned,249
Bagmati,Rasuwa,Kalika,NP03,NP0329,NP0329404,4,housing,home_ownership_rented,0
Bagmati,Rasuwa,Kalika,NP03,NP0329,NP0329404,4,housing,home_ownership_institutional,0
Bagmati,Rasuwa,Kalika,NP03,NP0329,NP0329404,4,housing,home_ownership_other,0
Bagmati,Rasuwa,Kalika,NP03,NP0329,NP0329404,4,housing,foundation_mud,57
Bagmati,Rasuwa,Kalika,NP03,NP0329,NP0329404,4,housing,foundation_mud_bonded_bricks_stone,190
Bagmati,Rasuwa,Kalika,NP03,NP0329,NP0329404,4,housing,foundation_cement_bonded_bricks_stone,2
Bagmati,Rasuwa,Kalika,NP03,NP0329,NP0329404,4,housing,foundation_reinforced_cement_concrete_with_pillars,0
Bagmati,Rasuwa,Kalika,NP03,NP0329,NP0329404,4,housing,foundation_wooden_pillars,0
Bagmati,Rasuwa,Kalika,NP03,NP0329,NP0329404,4,housing,outer_wall_mud_bonded_bricks_stone,49
Bagmati,Rasuwa,Kalika,NP03,NP0329,NP0329404,4,housing,outer_wall_cement_bonded_bricks_stone,199
Bagmati,Rasuwa,Kalika,NP03,NP0329,NP0329404,4,housing,outer_wall_wood_planks,1
Bagmati,Rasuwa,Kalika,NP03,NP0329,NP0329404,4,housing,outer_wall_bamboo,0
Bagmati,Rasuwa,Kalika,NP03,NP0329,NP0329404,4,housing,outer_wall_unbaked_bricks,0
Bagmati,Rasuwa,Kalika,NP03,NP0329,NP0329404,4,housing,outer_wall_galvanised_sheet,0
Bagmati,Rasuwa,Kalika,NP03,NP0329,NP0329404,4,housing,outer_wall_prefabricated_sheet,0
Bagmati,Rasuwa,Kalika,NP03,NP0329,NP0329404,4,housing,outer_wall_other,0
Bagmati,Rasuwa,Kalika,NP03,NP0329,NP0329404,4,housing,roof_galvanised_sheet,197
Bagmati,Rasuwa,Kalika,NP03,NP0329,NP0329404,4,housing,roof_reinforced_cement_concrete,52
Bagmati,Rasuwa,Kalika,NP03,NP0329,NP0329404,4,housing,roof_thatch_straw,0
Bagmati,Rasuwa,Kalika,NP03,NP0329,NP0329404,4,housing,roof_tile,0
Bagmati,Rasuwa,Kalika,NP03,NP0329,NP0329404,4,housing,roof_stone_slate,0
Bagmati,Rasuwa,Kalika,NP03,NP0329,NP0329404,4,housing,roof_wood_planks,0
Bagmati,Rasuwa,Kalika,NP03,NP0329,NP0329404,4,housing,roof_mud,0
Bagmati,Rasuwa,Kalika,NP03,NP0329,NP0329404,4,housing,roof_other,0
Bagmati,Rasuwa,Kalika,NP03,NP0329,NP0329404,4,housing,floor_mud,15
Bagmati,Rasuwa,Kalika,NP03,NP0329,NP0329404,4,housing,floor_wooden_plank_bamboo,4
Bagmati,Rasuwa,Kalika,NP03,NP0329,NP0329404,4,housing,floor_bricks_stone,0
Bagmati,Rasuwa,Kalika,NP03,NP0329,NP0329404,4,housing,floor_ceramic_tile,0
Bagmati,Rasuwa,Kalika,NP03,NP0329,NP0329404,4,housing,floor_cemented,230
Bagmati,Rasuwa,Kalika,NP03,NP0329,NP0329404,4,housing,floor_other,0
Bagmati,Rasuwa,Kalika,NP03,NP0329,NP0329404,4,drinking water,drinking_water_tap_piped_within_premises,235
Bagmati,Rasuwa,Kalika,NP03,NP0329,NP0329404,4,drinking water,drinking_water_tap_piped_outside_premises,12
Bagmati,Rasuwa,Kalika,NP03,NP0329,NP0329404,4,drinking water,drinking_water_tubewell_handpump,0
Bagmati,Rasuwa,Kalika,NP03,NP0329,NP0329404,4,drinking water,drinking_water_covered_well_kuwa,0
Bagmati,Rasuwa,Kalika,NP03,NP0329,NP0329404,4,drinking water,drinking_water_uncovered_well_kuwa,2
Bagmati,Rasuwa,Kalika,NP03,NP0329,NP0329404,4,drinking water,drinking_water_spout_water,0
Bagmati,Rasuwa,Kalika,NP03,NP0329,NP0329404,4,drinking water,drinking_water_river_stream,0
Bagmati,Rasuwa,Kalika,NP03,NP0329,NP0329404,4,drinking water,drinking_water_jar_bottle,0
Bagmati,Rasuwa,Kalika,NP03,NP0329,NP0329404,4,drinking water,drinking_water_other,0
Bagmati,Rasuwa,Kalika,NP03,NP0329,NP0329404,4,cooking fuel,cooking_fuel_wood_firewood,240
Bagmati,Rasuwa,Kalika,NP03,NP0329,NP0329404,4,cooking fuel,cooking_fuel_lpg,9
Bagmati,Rasuwa,Kalika,NP03,NP0329,NP0329404,4,cooking fuel,cooking_fuel_electricity,0
Bagmati,Rasuwa,Kalika,NP03,NP0329,NP0329404,4,cooking fuel,cooking_fuel_cowdung,0
Bagmati,Rasuwa,Kalika,NP03,NP0329,NP0329404,4,cooking fuel,cooking_fuel_biogas,0
Bagmati,Rasuwa,Kalika,NP03,NP0329,NP0329404,4,cooking fuel,cooking_fuel_kerosene,0
Bagmati,Rasuwa,Kalika,NP03,NP0329,NP0329404,4,cooking fuel,cooking_fuel_other,0
Bagmati,Rasuwa,Kalika,NP03,NP0329,NP0329404,4,lighting fuel,lighting_electricity,247
Bagmati,Rasuwa,Kalika,NP03,NP0329,NP0329404,4,lighting fuel,lighting_solar,2
Bagmati,Rasuwa,Kalika,NP03,NP0329,NP0329404,4,lighting fuel,lighting_kerosene,0
Bagmati,Rasuwa,Kalika,NP03,NP0329,NP0329404,4,lighting fuel,lighting_biogas,0
Bagmati,Rasuwa,Kalika,NP03,NP0329,NP0329404,4,lighting fuel,lighting_other,0
Bagmati,Rasuwa,Kalika,NP03,NP0329,NP0329404,4,sanitation,toilet_flush_public_sewerage,3
Bagmati,Rasuwa,Kalika,NP03,NP0329,NP0329404,4,sanitation,toilet_flush_septic_tank,243
Bagmati,Rasuwa,Kalika,NP03,NP0329,NP0329404,4,sanitation,toilet_pit,2
Bagmati,Rasuwa,Kalika,NP03,NP0329,NP0329404,4,sanitation,toilet_public,1
Bagmati,Rasuwa,Kalika,NP03,NP0329,NP0329404,4,sanitation,toilet_no_toilet,0
Bagmati,Rasuwa,Kalika,NP03,NP0329,NP0329404,4,household amenities,hh_amenities_without,3
Bagmati,Rasuwa,Kalika,NP03,NP0329,NP0329404,4,household amenities,hh_amenities_at_least_one,246
Bagmati,Rasuwa,Kalika,NP03,NP0329,NP0329404,4,household amenities,hh_amenities_radio,146
Bagmati,Rasuwa,Kalika,NP03,NP0329,NP0329404,4,household amenities,hh_amenities_television,65
Bagmati,Rasuwa,Kalika,NP03,NP0329,NP0329404,4,household amenities,hh_amenities_landline,1
Bagmati,Rasuwa,Kalika,NP03,NP0329,NP0329404,4,household amenities,hh_amenities_mobile_phone_ordinary,234
Bagmati,Rasuwa,Kalika,NP03,NP0329,NP0329404,4,household amenities,hh_amenities_mobile_phone_smart,124
Bagmati,Rasuwa,Kalika,NP03,NP0329,NP0329404,4,household amenities,hh_amenities_computer_laptop,8
Bagmati,Rasuwa,Kalika,NP03,NP0329,NP0329404,4,household amenities,hh_amenities_internet,16
Bagmati,Rasuwa,Kalika,NP03,NP0329,NP0329404,4,household amenities,hh_amenities_car_jeep_van,3
Bagmati,Rasuwa,Kalika,NP03,NP0329,NP0329404,4,household amenities,hh_amenities_motorcycle_scooter,21
Bagmati,Rasuwa,Kalika,NP03,NP0329,NP0329404,4,household amenities,hh_amenities_bicycle,5
Bagmati,Rasuwa,Kalika,NP03,NP0329,NP0329404,4,household amenities,hh_amenities_electric_fan,28
Bagmati,Rasuwa,Kalika,NP03,NP0329,NP0329404,4,household amenities,hh_amenities_refridgerator,19
Bagmati,Rasuwa,Kalika,NP03,NP0329,NP0329404,4,household amenities,hh_amenities_washing_machine,2
Bagmati,Rasuwa,Kalika,NP03,NP0329,NP0329404,4,household amenities,hh_amenities_air_conditioner,0
Bagmati,Rasuwa,Kalika,NP03,NP0329,NP0329404,4,wealth quintile,wealth_quintile_poorest_quintile_count,7
Bagmati,Rasuwa,Kalika,NP03,NP0329,NP0329404,4,wealth quintile,wealth_quintile_poorer_quintile_count,37
Bagmati,Rasuwa,Kalika,NP03,NP0329,NP0329404,4,wealth quintile,wealth_quintile_middle_quintile_count,175
Bagmati,Rasuwa,Kalika,NP03,NP0329,NP0329404,4,wealth quintile,wealth_quintile_richer_quintile_count,26
Bagmati,Rasuwa,Kalika,NP03,NP0329,NP0329404,4,wealth quintile,wealth_quintile_richest_quintile_count,4
Bagmati,Rasuwa,Kalika,NP03,NP0329,NP0329404,4,wealth quintile,wealth_quintile_poorest_quintile_pc,2.81
Bagmati,Rasuwa,Kalika,NP03,NP0329,NP0329404,4,wealth quintile,wealth_quintile_poorer_quintile_pc,14.86
Bagmati,Rasuwa,Kalika,NP03,NP0329,NP0329404,4,wealth quintile,wealth_quintile_middle_quintile_pc,70.28
Bagmati,Rasuwa,Kalika,NP03,NP0329,NP0329404,4,wealth quintile,wealth_quintile_richer_quintile_pc,10.44
Bagmati,Rasuwa,Kalika,NP03,NP0329,NP0329404,4,wealth quintile,wealth_quintile_richest_quintile_pc,1.61
Bagmati,Rasuwa,Kalika,NP03,NP0329,NP0329404,4,housing,house_quality_most_adequate_count,6
Bagmati,Rasuwa,Kalika,NP03,NP0329,NP0329404,4,housing,house_quality_adequate_count,230
Bagmati,Rasuwa,Kalika,NP03,NP0329,NP0329404,4,housing,house_quality_moderate_count,13
Bagmati,Rasuwa,Kalika,NP03,NP0329,NP0329404,4,housing,house_quality_inadequate_count,0
Bagmati,Rasuwa,Kalika,NP03,NP0329,NP0329404,4,housing,house_quality_least_adequate_count,0
Bagmati,Rasuwa,Kalika,NP03,NP0329,NP0329404,4,housing,house_quality_most_adequate_pc,2.41
Bagmati,Rasuwa,Kalika,NP03,NP0329,NP0329404,4,housing,house_quality_adequate_pc,92.37
Bagmati,Rasuwa,Kalika,NP03,NP0329,NP0329404,4,housing,house_quality_moderate_pc,5.22
Bagmati,Rasuwa,Kalika,NP03,NP0329,NP0329404,4,housing,house_quality_inadequate_pc,0
Bagmati,Rasuwa,Kalika,NP03,NP0329,NP0329404,4,housing,house_quality_least_adequate_pc,0
Bagmati,Rasuwa,Kalika,NP03,NP0329,NP0329404,5,demographics,total_households,474
Bagmati,Rasuwa,Kalika,NP03,NP0329,NP0329404,5,housing,home_ownership_owned,466
Bagmati,Rasuwa,Kalika,NP03,NP0329,NP0329404,5,housing,home_ownership_rented,6
Bagmati,Rasuwa,Kalika,NP03,NP0329,NP0329404,5,housing,home_ownership_institutional,1
Bagmati,Rasuwa,Kalika,NP03,NP0329,NP0329404,5,housing,home_ownership_other,1
Bagmati,Rasuwa,Kalika,NP03,NP0329,NP0329404,5,housing,foundation_mud,38
Bagmati,Rasuwa,Kalika,NP03,NP0329,NP0329404,5,housing,foundation_mud_bonded_bricks_stone,283
Bagmati,Rasuwa,Kalika,NP03,NP0329,NP0329404,5,housing,foundation_cement_bonded_bricks_stone,152
Bagmati,Rasuwa,Kalika,NP03,NP0329,NP0329404,5,housing,foundation_reinforced_cement_concrete_with_pillars,1
Bagmati,Rasuwa,Kalika,NP03,NP0329,NP0329404,5,housing,foundation_wooden_pillars,0
Bagmati,Rasuwa,Kalika,NP03,NP0329,NP0329404,5,housing,outer_wall_mud_bonded_bricks_stone,37
Bagmati,Rasuwa,Kalika,NP03,NP0329,NP0329404,5,housing,outer_wall_cement_bonded_bricks_stone,433
Bagmati,Rasuwa,Kalika,NP03,NP0329,NP0329404,5,housing,outer_wall_wood_planks,2
Bagmati,Rasuwa,Kalika,NP03,NP0329,NP0329404,5,housing,outer_wall_bamboo,0
Bagmati,Rasuwa,Kalika,NP03,NP0329,NP0329404,5,housing,outer_wall_unbaked_bricks,0
Bagmati,Rasuwa,Kalika,NP03,NP0329,NP0329404,5,housing,outer_wall_galvanised_sheet,2
Bagmati,Rasuwa,Kalika,NP03,NP0329,NP0329404,5,housing,outer_wall_prefabricated_sheet,0
Bagmati,Rasuwa,Kalika,NP03,NP0329,NP0329404,5,housing,outer_wall_other,0
Bagmati,Rasuwa,Kalika,NP03,NP0329,NP0329404,5,housing,roof_galvanised_sheet,234
Bagmati,Rasuwa,Kalika,NP03,NP0329,NP0329404,5,housing,roof_reinforced_cement_concrete,237
Bagmati,Rasuwa,Kalika,NP03,NP0329,NP0329404,5,housing,roof_thatch_straw,2
Bagmati,Rasuwa,Kalika,NP03,NP0329,NP0329404,5,housing,roof_tile,0
Bagmati,Rasuwa,Kalika,NP03,NP0329,NP0329404,5,housing,roof_stone_slate,1
Bagmati,Rasuwa,Kalika,NP03,NP0329,NP0329404,5,housing,roof_wood_planks,0
Bagmati,Rasuwa,Kalika,NP03,NP0329,NP0329404,5,housing,roof_mud,0
Bagmati,Rasuwa,Kalika,NP03,NP0329,NP0329404,5,housing,roof_other,0
Bagmati,Rasuwa,Kalika,NP03,NP0329,NP0329404,5,housing,floor_mud,46
Bagmati,Rasuwa,Kalika,NP03,NP0329,NP0329404,5,housing,floor_wooden_plank_bamboo,2
Bagmati,Rasuwa,Kalika,NP03,NP0329,NP0329404,5,housing,floor_bricks_stone,7
Bagmati,Rasuwa,Kalika,NP03,NP0329,NP0329404,5,housing,floor_ceramic_tile,4
Bagmati,Rasuwa,Kalika,NP03,NP0329,NP0329404,5,housing,floor_cemented,414
Bagmati,Rasuwa,Kalika,NP03,NP0329,NP0329404,5,housing,floor_other,1
Bagmati,Rasuwa,Kalika,NP03,NP0329,NP0329404,5,drinking water,drinking_water_tap_piped_within_premises,433
Bagmati,Rasuwa,Kalika,NP03,NP0329,NP0329404,5,drinking water,drinking_water_tap_piped_outside_premises,19
Bagmati,Rasuwa,Kalika,NP03,NP0329,NP0329404,5,drinking water,drinking_water_tubewell_handpump,0
Bagmati,Rasuwa,Kalika,NP03,NP0329,NP0329404,5,drinking water,drinking_water_covered_well_kuwa,1
Bagmati,Rasuwa,Kalika,NP03,NP0329,NP0329404,5,drinking water,drinking_water_uncovered_well_kuwa,21
Bagmati,Rasuwa,Kalika,NP03,NP0329,NP0329404,5,drinking water,drinking_water_spout_water,0
Bagmati,Rasuwa,Kalika,NP03,NP0329,NP0329404,5,drinking water,drinking_water_river_stream,0
Bagmati,Rasuwa,Kalika,NP03,NP0329,NP0329404,5,drinking water,drinking_water_jar_bottle,0
Bagmati,Rasuwa,Kalika,NP03,NP0329,NP0329404,5,drinking water,drinking_water_other,0
Bagmati,Rasuwa,Kalika,NP03,NP0329,NP0329404,5,cooking fuel,cooking_fuel_wood_firewood,348
Bagmati,Rasuwa,Kalika,NP03,NP0329,NP0329404,5,cooking fuel,cooking_fuel_lpg,124
Bagmati,Rasuwa,Kalika,NP03,NP0329,NP0329404,5,cooking fuel,cooking_fuel_electricity,0
Bagmati,Rasuwa,Kalika,NP03,NP0329,NP0329404,5,cooking fuel,cooking_fuel_cowdung,0
Bagmati,Rasuwa,Kalika,NP03,NP0329,NP0329404,5,cooking fuel,cooking_fuel_biogas,2
Bagmati,Rasuwa,Kalika,NP03,NP0329,NP0329404,5,cooking fuel,cooking_fuel_kerosene,0
Bagmati,Rasuwa,Kalika,NP03,NP0329,NP0329404,5,cooking fuel,cooking_fuel_other,0
Bagmati,Rasuwa,Kalika,NP03,NP0329,NP0329404,5,lighting fuel,lighting_electricity,472
Bagmati,Rasuwa,Kalika,NP03,NP0329,NP0329404,5,lighting fuel,lighting_solar,2
Bagmati,Rasuwa,Kalika,NP03,NP0329,NP0329404,5,lighting fuel,lighting_kerosene,0
Bagmati,Rasuwa,Kalika,NP03,NP0329,NP0329404,5,lighting fuel,lighting_biogas,0
Bagmati,Rasuwa,Kalika,NP03,NP0329,NP0329404,5,lighting fuel,lighting_other,0
Bagmati,Rasuwa,Kalika,NP03,NP0329,NP0329404,5,sanitation,toilet_flush_public_sewerage,0
Bagmati,Rasuwa,Kalika,NP03,NP0329,NP0329404,5,sanitation,toilet_flush_septic_tank,468
Bagmati,Rasuwa,Kalika,NP03,NP0329,NP0329404,5,sanitation,toilet_pit,3
Bagmati,Rasuwa,Kalika,NP03,NP0329,NP0329404,5,sanitation,toilet_public,0
Bagmati,Rasuwa,Kalika,NP03,NP0329,NP0329404,5,sanitation,toilet_no_toilet,3
Bagmati,Rasuwa,Kalika,NP03,NP0329,NP0329404,5,household amenities,hh_amenities_without,8
Bagmati,Rasuwa,Kalika,NP03,NP0329,NP0329404,5,household amenities,hh_amenities_at_least_one,466
Bagmati,Rasuwa,Kalika,NP03,NP0329,NP0329404,5,household amenities,hh_amenities_radio,220
Bagmati,Rasuwa,Kalika,NP03,NP0329,NP0329404,5,household amenities,hh_amenities_television,234
Bagmati,Rasuwa,Kalika,NP03,NP0329,NP0329404,5,household amenities,hh_amenities_landline,21
Bagmati,Rasuwa,Kalika,NP03,NP0329,NP0329404,5,household amenities,hh_amenities_mobile_phone_ordinary,395
Bagmati,Rasuwa,Kalika,NP03,NP0329,NP0329404,5,household amenities,hh_amenities_mobile_phone_smart,333
Bagmati,Rasuwa,Kalika,NP03,NP0329,NP0329404,5,household amenities,hh_amenities_computer_laptop,83
Bagmati,Rasuwa,Kalika,NP03,NP0329,NP0329404,5,household amenities,hh_amenities_internet,101
Bagmati,Rasuwa,Kalika,NP03,NP0329,NP0329404,5,household amenities,hh_amenities_car_jeep_van,3
Bagmati,Rasuwa,Kalika,NP03,NP0329,NP0329404,5,household amenities,hh_amenities_motorcycle_scooter,67
Bagmati,Rasuwa,Kalika,NP03,NP0329,NP0329404,5,household amenities,hh_amenities_bicycle,7
Bagmati,Rasuwa,Kalika,NP03,NP0329,NP0329404,5,household amenities,hh_amenities_electric_fan,21
Bagmati,Rasuwa,Kalika,NP03,NP0329,NP0329404,5,household amenities,hh_amenities_refridgerator,36
Bagmati,Rasuwa,Kalika,NP03,NP0329,NP0329404,5,household amenities,hh_amenities_washing_machine,0
Bagmati,Rasuwa,Kalika,NP03,NP0329,NP0329404,5,household amenities,hh_amenities_air_conditioner,0
Bagmati,Rasuwa,Kalika,NP03,NP0329,NP0329404,5,wealth quintile,wealth_quintile_poorest_quintile_count,8
Bagmati,Rasuwa,Kalika,NP03,NP0329,NP0329404,5,wealth quintile,wealth_quintile_poorer_quintile_count,42
Bagmati,Rasuwa,Kalika,NP03,NP0329,NP0329404,5,wealth quintile,wealth_quintile_middle_quintile_count,245
Bagmati,Rasuwa,Kalika,NP03,NP0329,NP0329404,5,wealth quintile,wealth_quintile_richer_quintile_count,123
Bagmati,Rasuwa,Kalika,NP03,NP0329,NP0329404,5,wealth quintile,wealth_quintile_richest_quintile_count,56
Bagmati,Rasuwa,Kalika,NP03,NP0329,NP0329404,5,wealth quintile,wealth_quintile_poorest_quintile_pc,1.69
Bagmati,Rasuwa,Kalika,NP03,NP0329,NP0329404,5,wealth quintile,wealth_quintile_poorer_quintile_pc,8.86
Bagmati,Rasuwa,Kalika,NP03,NP0329,NP0329404,5,wealth quintile,wealth_quintile_middle_quintile_pc,51.69
Bagmati,Rasuwa,Kalika,NP03,NP0329,NP0329404,5,wealth quintile,wealth_quintile_richer_quintile_pc,25.95
Bagmati,Rasuwa,Kalika,NP03,NP0329,NP0329404,5,wealth quintile,wealth_quintile_richest_quintile_pc,11.81
Bagmati,Rasuwa,Kalika,NP03,NP0329,NP0329404,5,housing,house_quality_most_adequate_count,119
Bagmati,Rasuwa,Kalika,NP03,NP0329,NP0329404,5,housing,house_quality_adequate_count,318
Bagmati,Rasuwa,Kalika,NP03,NP0329,NP0329404,5,housing,house_quality_moderate_count,37
Bagmati,Rasuwa,Kalika,NP03,NP0329,NP0329404,5,housing,house_quality_inadequate_count,0
Bagmati,Rasuwa,Kalika,NP03,NP0329,NP0329404,5,housing,house_quality_least_adequate_count,0
Bagmati,Rasuwa,Kalika,NP03,NP0329,NP0329404,5,housing,house_quality_most_adequate_pc,25.11
Bagmati,Rasuwa,Kalika,NP03,NP0329,NP0329404,5,housing,house_quality_adequate_pc,67.09
Bagmati,Rasuwa,Kalika,NP03,NP0329,NP0329404,5,housing,house_quality_moderate_pc,7.81
Bagmati,Rasuwa,Kalika,NP03,NP0329,NP0329404,5,housing,house_quality_inadequate_pc,0
Bagmati,Rasuwa,Kalika,NP03,NP0329,NP0329404,5,housing,house_quality_least_adequate_pc,0
Bagmati,Dhading,Siddhalek,NP03,NP0330,NP0330407,3,demographics,total_households,682
Bagmati,Dhading,Siddhalek,NP03,NP0330,NP0330407,3,housing,home_ownership_owned,674
Bagmati,Dhading,Siddhalek,NP03,NP0330,NP0330407,3,housing,home_ownership_rented,7
Bagmati,Dhading,Siddhalek,NP03,NP0330,NP0330407,3,housing,home_ownership_institutional,0
Bagmati,Dhading,Siddhalek,NP03,NP0330,NP0330407,3,housing,home_ownership_other,1
Bagmati,Dhading,Siddhalek,NP03,NP0330,NP0330407,3,housing,foundation_mud,465
Bagmati,Dhading,Siddhalek,NP03,NP0330,NP0330407,3,housing,foundation_mud_bonded_bricks_stone,173
Bagmati,Dhading,Siddhalek,NP03,NP0330,NP0330407,3,housing,foundation_cement_bonded_bricks_stone,42
Bagmati,Dhading,Siddhalek,NP03,NP0330,NP0330407,3,housing,foundation_reinforced_cement_concrete_with_pillars,2
Bagmati,Dhading,Siddhalek,NP03,NP0330,NP0330407,3,housing,foundation_wooden_pillars,0
Bagmati,Dhading,Siddhalek,NP03,NP0330,NP0330407,3,housing,outer_wall_mud_bonded_bricks_stone,418
Bagmati,Dhading,Siddhalek,NP03,NP0330,NP0330407,3,housing,outer_wall_cement_bonded_bricks_stone,260
Bagmati,Dhading,Siddhalek,NP03,NP0330,NP0330407,3,housing,outer_wall_wood_planks,0
Bagmati,Dhading,Siddhalek,NP03,NP0330,NP0330407,3,housing,outer_wall_bamboo,1
Bagmati,Dhading,Siddhalek,NP03,NP0330,NP0330407,3,housing,outer_wall_unbaked_bricks,1
Bagmati,Dhading,Siddhalek,NP03,NP0330,NP0330407,3,housing,outer_wall_galvanised_sheet,2
Bagmati,Dhading,Siddhalek,NP03,NP0330,NP0330407,3,housing,outer_wall_prefabricated_sheet,0
Bagmati,Dhading,Siddhalek,NP03,NP0330,NP0330407,3,housing,outer_wall_other,0
Bagmati,Dhading,Siddhalek,NP03,NP0330,NP0330407,3,housing,roof_galvanised_sheet,419
Bagmati,Dhading,Siddhalek,NP03,NP0330,NP0330407,3,housing,roof_reinforced_cement_concrete,142
Bagmati,Dhading,Siddhalek,NP03,NP0330,NP0330407,3,housing,roof_thatch_straw,1
Bagmati,Dhading,Siddhalek,NP03,NP0330,NP0330407,3,housing,roof_tile,1
Bagmati,Dhading,Siddhalek,NP03,NP0330,NP0330407,3,housing,roof_stone_slate,119
Bagmati,Dhading,Siddhalek,NP03,NP0330,NP0330407,3,housing,roof_wood_planks,0
Bagmati,Dhading,Siddhalek,NP03,NP0330,NP0330407,3,housing,roof_mud,0
Bagmati,Dhading,Siddhalek,NP03,NP0330,NP0330407,3,housing,roof_other,0
Bagmati,Dhading,Siddhalek,NP03,NP0330,NP0330407,3,housing,floor_mud,357
Bagmati,Dhading,Siddhalek,NP03,NP0330,NP0330407,3,housing,floor_wooden_plank_bamboo,8
Bagmati,Dhading,Siddhalek,NP03,NP0330,NP0330407,3,housing,floor_bricks_stone,2
Bagmati,Dhading,Siddhalek,NP03,NP0330,NP0330407,3,housing,floor_ceramic_tile,2
Bagmati,Dhading,Siddhalek,NP03,NP0330,NP0330407,3,housing,floor_cemented,310
Bagmati,Dhading,Siddhalek,NP03,NP0330,NP0330407,3,housing,floor_other,3
Bagmati,Dhading,Siddhalek,NP03,NP0330,NP0330407,3,drinking water,drinking_water_tap_piped_within_premises,153
Bagmati,Dhading,Siddhalek,NP03,NP0330,NP0330407,3,drinking water,drinking_water_tap_piped_outside_premises,405
Bagmati,Dhading,Siddhalek,NP03,NP0330,NP0330407,3,drinking water,drinking_water_tubewell_handpump,3
Bagmati,Dhading,Siddhalek,NP03,NP0330,NP0330407,3,drinking water,drinking_water_covered_well_kuwa,0
Bagmati,Dhading,Siddhalek,NP03,NP0330,NP0330407,3,drinking water,drinking_water_uncovered_well_kuwa,5
Bagmati,Dhading,Siddhalek,NP03,NP0330,NP0330407,3,drinking water,drinking_water_spout_water,90
Bagmati,Dhading,Siddhalek,NP03,NP0330,NP0330407,3,drinking water,drinking_water_river_stream,25
Bagmati,Dhading,Siddhalek,NP03,NP0330,NP0330407,3,drinking water,drinking_water_jar_bottle,0
Bagmati,Dhading,Siddhalek,NP03,NP0330,NP0330407,3,drinking water,drinking_water_other,1
Bagmati,Dhading,Siddhalek,NP03,NP0330,NP0330407,3,cooking fuel,cooking_fuel_wood_firewood,527
Bagmati,Dhading,Siddhalek,NP03,NP0330,NP0330407,3,cooking fuel,cooking_fuel_lpg,152
Bagmati,Dhading,Siddhalek,NP03,NP0330,NP0330407,3,cooking fuel,cooking_fuel_electricity,0
Bagmati,Dhading,Siddhalek,NP03,NP0330,NP0330407,3,cooking fuel,cooking_fuel_cowdung,1
Bagmati,Dhading,Siddhalek,NP03,NP0330,NP0330407,3,cooking fuel,cooking_fuel_biogas,2
Bagmati,Dhading,Siddhalek,NP03,NP0330,NP0330407,3,cooking fuel,cooking_fuel_kerosene,0
Bagmati,Dhading,Siddhalek,NP03,NP0330,NP0330407,3,cooking fuel,cooking_fuel_other,0
Bagmati,Dhading,Siddhalek,NP03,NP0330,NP0330407,3,lighting fuel,lighting_electricity,672
Bagmati,Dhading,Siddhalek,NP03,NP0330,NP0330407,3,lighting fuel,lighting_solar,7
Bagmati,Dhading,Siddhalek,NP03,NP0330,NP0330407,3,lighting fuel,lighting_kerosene,2
Bagmati,Dhading,Siddhalek,NP03,NP0330,NP0330407,3,lighting fuel,lighting_biogas,0
Bagmati,Dhading,Siddhalek,NP03,NP0330,NP0330407,3,lighting fuel,lighting_other,1
Bagmati,Dhading,Siddhalek,NP03,NP0330,NP0330407,3,sanitation,toilet_flush_public_sewerage,1
Bagmati,Dhading,Siddhalek,NP03,NP0330,NP0330407,3,sanitation,toilet_flush_septic_tank,289
Bagmati,Dhading,Siddhalek,NP03,NP0330,NP0330407,3,sanitation,toilet_pit,389
Bagmati,Dhading,Siddhalek,NP03,NP0330,NP0330407,3,sanitation,toilet_public,1
Bagmati,Dhading,Siddhalek,NP03,NP0330,NP0330407,3,sanitation,toilet_no_toilet,2
Bagmati,Dhading,Siddhalek,NP03,NP0330,NP0330407,3,household amenities,hh_amenities_without,42
Bagmati,Dhading,Siddhalek,NP03,NP0330,NP0330407,3,household amenities,hh_amenities_at_least_one,640
Bagmati,Dhading,Siddhalek,NP03,NP0330,NP0330407,3,household amenities,hh_amenities_radio,380
Bagmati,Dhading,Siddhalek,NP03,NP0330,NP0330407,3,household amenities,hh_amenities_television,260
Bagmati,Dhading,Siddhalek,NP03,NP0330,NP0330407,3,household amenities,hh_amenities_landline,2
Bagmati,Dhading,Siddhalek,NP03,NP0330,NP0330407,3,household amenities,hh_amenities_mobile_phone_ordinary,580
Bagmati,Dhading,Siddhalek,NP03,NP0330,NP0330407,3,household amenities,hh_amenities_mobile_phone_smart,313
Bagmati,Dhading,Siddhalek,NP03,NP0330,NP0330407,3,household amenities,hh_amenities_computer_laptop,13
Bagmati,Dhading,Siddhalek,NP03,NP0330,NP0330407,3,household amenities,hh_amenities_internet,106
Bagmati,Dhading,Siddhalek,NP03,NP0330,NP0330407,3,household amenities,hh_amenities_car_jeep_van,1
Bagmati,Dhading,Siddhalek,NP03,NP0330,NP0330407,3,household amenities,hh_amenities_motorcycle_scooter,34
Bagmati,Dhading,Siddhalek,NP03,NP0330,NP0330407,3,household amenities,hh_amenities_bicycle,5
Bagmati,Dhading,Siddhalek,NP03,NP0330,NP0330407,3,household amenities,hh_amenities_electric_fan,99
Bagmati,Dhading,Siddhalek,NP03,NP0330,NP0330407,3,household amenities,hh_amenities_refridgerator,23
Bagmati,Dhading,Siddhalek,NP03,NP0330,NP0330407,3,household amenities,hh_amenities_washing_machine,0
Bagmati,Dhading,Siddhalek,NP03,NP0330,NP0330407,3,household amenities,hh_amenities_air_conditioner,0
Bagmati,Dhading,Siddhalek,NP03,NP0330,NP0330407,3,wealth quintile,wealth_quintile_poorest_quintile_count,223
Bagmati,Dhading,Siddhalek,NP03,NP0330,NP0330407,3,wealth quintile,wealth_quintile_poorer_quintile_count,199
Bagmati,Dhading,Siddhalek,NP03,NP0330,NP0330407,3,wealth quintile,wealth_quintile_middle_quintile_count,174
Bagmati,Dhading,Siddhalek,NP03,NP0330,NP0330407,3,wealth quintile,wealth_quintile_richer_quintile_count,68
Bagmati,Dhading,Siddhalek,NP03,NP0330,NP0330407,3,wealth quintile,wealth_quintile_richest_quintile_count,18
Bagmati,Dhading,Siddhalek,NP03,NP0330,NP0330407,3,wealth quintile,wealth_quintile_poorest_quintile_pc,32.7
Bagmati,Dhading,Siddhalek,NP03,NP0330,NP0330407,3,wealth quintile,wealth_quintile_poorer_quintile_pc,29.18
Bagmati,Dhading,Siddhalek,NP03,NP0330,NP0330407,3,wealth quintile,wealth_quintile_middle_quintile_pc,25.51
Bagmati,Dhading,Siddhalek,NP03,NP0330,NP0330407,3,wealth quintile,wealth_quintile_richer_quintile_pc,9.97
Bagmati,Dhading,Siddhalek,NP03,NP0330,NP0330407,3,wealth quintile,wealth_quintile_richest_quintile_pc,2.64
Bagmati,Dhading,Siddhalek,NP03,NP0330,NP0330407,3,housing,house_quality_most_adequate_count,75
Bagmati,Dhading,Siddhalek,NP03,NP0330,NP0330407,3,housing,house_quality_adequate_count,188
Bagmati,Dhading,Siddhalek,NP03,NP0330,NP0330407,3,housing,house_quality_moderate_count,374
Bagmati,Dhading,Siddhalek,NP03,NP0330,NP0330407,3,housing,house_quality_inadequate_count,45
Bagmati,Dhading,Siddhalek,NP03,NP0330,NP0330407,3,housing,house_quality_least_adequate_count,0
Bagmati,Dhading,Siddhalek,NP03,NP0330,NP0330407,3,housing,house_quality_most_adequate_pc,11
Bagmati,Dhading,Siddhalek,NP03,NP0330,NP0330407,3,housing,house_quality_adequate_pc,27.57
Bagmati,Dhading,Siddhalek,NP03,NP0330,NP0330407,3,housing,house_quality_moderate_pc,54.84
Bagmati,Dhading,Siddhalek,NP03,NP0330,NP0330407,3,housing,house_quality_inadequate_pc,6.6
Bagmati,Dhading,Siddhalek,NP03,NP0330,NP0330407,3,housing,house_quality_least_adequate_pc,0
Bagmati,Dhading,Siddhalek,NP03,NP0330,NP0330407,4,demographics,total_households,680
Bagmati,Dhading,Siddhalek,NP03,NP0330,NP0330407,4,housing,home_ownership_owned,664
Bagmati,Dhading,Siddhalek,NP03,NP0330,NP0330407,4,housing,home_ownership_rented,13
Bagmati,Dhading,Siddhalek,NP03,NP0330,NP0330407,4,housing,home_ownership_institutional,0
Bagmati,Dhading,Siddhalek,NP03,NP0330,NP0330407,4,housing,home_ownership_other,3
Bagmati,Dhading,Siddhalek,NP03,NP0330,NP0330407,4,housing,foundation_mud,153
Bagmati,Dhading,Siddhalek,NP03,NP0330,NP0330407,4,housing,foundation_mud_bonded_bricks_stone,471
Bagmati,Dhading,Siddhalek,NP03,NP0330,NP0330407,4,housing,foundation_cement_bonded_bricks_stone,52
Bagmati,Dhading,Siddhalek,NP03,NP0330,NP0330407,4,housing,foundation_reinforced_cement_concrete_with_pillars,3
Bagmati,Dhading,Siddhalek,NP03,NP0330,NP0330407,4,housing,foundation_wooden_pillars,1
Bagmati,Dhading,Siddhalek,NP03,NP0330,NP0330407,4,housing,outer_wall_mud_bonded_bricks_stone,139
Bagmati,Dhading,Siddhalek,NP03,NP0330,NP0330407,4,housing,outer_wall_cement_bonded_bricks_stone,486
Bagmati,Dhading,Siddhalek,NP03,NP0330,NP0330407,4,housing,outer_wall_wood_planks,2
Bagmati,Dhading,Siddhalek,NP03,NP0330,NP0330407,4,housing,outer_wall_bamboo,0
Bagmati,Dhading,Siddhalek,NP03,NP0330,NP0330407,4,housing,outer_wall_unbaked_bricks,0
Bagmati,Dhading,Siddhalek,NP03,NP0330,NP0330407,4,housing,outer_wall_galvanised_sheet,2
Bagmati,Dhading,Siddhalek,NP03,NP0330,NP0330407,4,housing,outer_wall_prefabricated_sheet,0
Bagmati,Dhading,Siddhalek,NP03,NP0330,NP0330407,4,housing,outer_wall_other,51
Bagmati,Dhading,Siddhalek,NP03,NP0330,NP0330407,4,housing,roof_galvanised_sheet,421
Bagmati,Dhading,Siddhalek,NP03,NP0330,NP0330407,4,housing,roof_reinforced_cement_concrete,206
Bagmati,Dhading,Siddhalek,NP03,NP0330,NP0330407,4,housing,roof_thatch_straw,1
Bagmati,Dhading,Siddhalek,NP03,NP0330,NP0330407,4,housing,roof_tile,2
Bagmati,Dhading,Siddhalek,NP03,NP0330,NP0330407,4,housing,roof_stone_slate,49
Bagmati,Dhading,Siddhalek,NP03,NP0330,NP0330407,4,housing,roof_wood_planks,0
Bagmati,Dhading,Siddhalek,NP03,NP0330,NP0330407,4,housing,roof_mud,0
Bagmati,Dhading,Siddhalek,NP03,NP0330,NP0330407,4,housing,roof_other,1
Bagmati,Dhading,Siddhalek,NP03,NP0330,NP0330407,4,housing,floor_mud,90
Bagmati,Dhading,Siddhalek,NP03,NP0330,NP0330407,4,housing,floor_wooden_plank_bamboo,16
Bagmati,Dhading,Siddhalek,NP03,NP0330,NP0330407,4,housing,floor_bricks_stone,2
Bagmati,Dhading,Siddhalek,NP03,NP0330,NP0330407,4,housing,floor_ceramic_tile,2
Bagmati,Dhading,Siddhalek,NP03,NP0330,NP0330407,4,housing,floor_cemented,567
Bagmati,Dhading,Siddhalek,NP03,NP0330,NP0330407,4,housing,floor_other,3
Bagmati,Dhading,Siddhalek,NP03,NP0330,NP0330407,4,drinking water,drinking_water_tap_piped_within_premises,196
Bagmati,Dhading,Siddhalek,NP03,NP0330,NP0330407,4,drinking water,drinking_water_tap_piped_outside_premises,463
Bagmati,Dhading,Siddhalek,NP03,NP0330,NP0330407,4,drinking water,drinking_water_tubewell_handpump,9
Bagmati,Dhading,Siddhalek,NP03,NP0330,NP0330407,4,drinking water,drinking_water_covered_well_kuwa,1
Bagmati,Dhading,Siddhalek,NP03,NP0330,NP0330407,4,drinking water,drinking_water_uncovered_well_kuwa,5
Bagmati,Dhading,Siddhalek,NP03,NP0330,NP0330407,4,drinking water,drinking_water_spout_water,4
Bagmati,Dhading,Siddhalek,NP03,NP0330,NP0330407,4,drinking water,drinking_water_river_stream,1
Bagmati,Dhading,Siddhalek,NP03,NP0330,NP0330407,4,drinking water,drinking_water_jar_bottle,1
Bagmati,Dhading,Siddhalek,NP03,NP0330,NP0330407,4,drinking water,drinking_water_other,0
Bagmati,Dhading,Siddhalek,NP03,NP0330,NP0330407,4,cooking fuel,cooking_fuel_wood_firewood,288
Bagmati,Dhading,Siddhalek,NP03,NP0330,NP0330407,4,cooking fuel,cooking_fuel_lpg,374
Bagmati,Dhading,Siddhalek,NP03,NP0330,NP0330407,4,cooking fuel,cooking_fuel_electricity,5
Bagmati,Dhading,Siddhalek,NP03,NP0330,NP0330407,4,cooking fuel,cooking_fuel_cowdung,0
Bagmati,Dhading,Siddhalek,NP03,NP0330,NP0330407,4,cooking fuel,cooking_fuel_biogas,13
Bagmati,Dhading,Siddhalek,NP03,NP0330,NP0330407,4,cooking fuel,cooking_fuel_kerosene,0
Bagmati,Dhading,Siddhalek,NP03,NP0330,NP0330407,4,cooking fuel,cooking_fuel_other,0
Bagmati,Dhading,Siddhalek,NP03,NP0330,NP0330407,4,lighting fuel,lighting_electricity,661
Bagmati,Dhading,Siddhalek,NP03,NP0330,NP0330407,4,lighting fuel,lighting_solar,17
Bagmati,Dhading,Siddhalek,NP03,NP0330,NP0330407,4,lighting fuel,lighting_kerosene,1
Bagmati,Dhading,Siddhalek,NP03,NP0330,NP0330407,4,lighting fuel,lighting_biogas,0
Bagmati,Dhading,Siddhalek,NP03,NP0330,NP0330407,4,lighting fuel,lighting_other,1
Bagmati,Dhading,Siddhalek,NP03,NP0330,NP0330407,4,sanitation,toilet_flush_public_sewerage,3
Bagmati,Dhading,Siddhalek,NP03,NP0330,NP0330407,4,sanitation,toilet_flush_septic_tank,272
Bagmati,Dhading,Siddhalek,NP03,NP0330,NP0330407,4,sanitation,toilet_pit,402
Bagmati,Dhading,Siddhalek,NP03,NP0330,NP0330407,4,sanitation,toilet_public,2
Bagmati,Dhading,Siddhalek,NP03,NP0330,NP0330407,4,sanitation,toilet_no_toilet,1
Bagmati,Dhading,Siddhalek,NP03,NP0330,NP0330407,4,household amenities,hh_amenities_without,36
Bagmati,Dhading,Siddhalek,NP03,NP0330,NP0330407,4,household amenities,hh_amenities_at_least_one,644
Bagmati,Dhading,Siddhalek,NP03,NP0330,NP0330407,4,household amenities,hh_amenities_radio,294
Bagmati,Dhading,Siddhalek,NP03,NP0330,NP0330407,4,household amenities,hh_amenities_television,369
Bagmati,Dhading,Siddhalek,NP03,NP0330,NP0330407,4,household amenities,hh_amenities_landline,5
Bagmati,Dhading,Siddhalek,NP03,NP0330,NP0330407,4,household amenities,hh_amenities_mobile_phone_ordinary,545
Bagmati,Dhading,Siddhalek,NP03,NP0330,NP0330407,4,household amenities,hh_amenities_mobile_phone_smart,380
Bagmati,Dhading,Siddhalek,NP03,NP0330,NP0330407,4,household amenities,hh_amenities_computer_laptop,11
Bagmati,Dhading,Siddhalek,NP03,NP0330,NP0330407,4,household amenities,hh_amenities_internet,151
Bagmati,Dhading,Siddhalek,NP03,NP0330,NP0330407,4,household amenities,hh_amenities_car_jeep_van,8
Bagmati,Dhading,Siddhalek,NP03,NP0330,NP0330407,4,household amenities,hh_amenities_motorcycle_scooter,76
Bagmati,Dhading,Siddhalek,NP03,NP0330,NP0330407,4,household amenities,hh_amenities_bicycle,17
Bagmati,Dhading,Siddhalek,NP03,NP0330,NP0330407,4,household amenities,hh_amenities_electric_fan,224
Bagmati,Dhading,Siddhalek,NP03,NP0330,NP0330407,4,household amenities,hh_amenities_refridgerator,95
Bagmati,Dhading,Siddhalek,NP03,NP0330,NP0330407,4,household amenities,hh_amenities_washing_machine,0
Bagmati,Dhading,Siddhalek,NP03,NP0330,NP0330407,4,household amenities,hh_amenities_air_conditioner,0
Bagmati,Dhading,Siddhalek,NP03,NP0330,NP0330407,4,wealth quintile,wealth_quintile_poorest_quintile_count,44
Bagmati,Dhading,Siddhalek,NP03,NP0330,NP0330407,4,wealth quintile,wealth_quintile_poorer_quintile_count,93
Bagmati,Dhading,Siddhalek,NP03,NP0330,NP0330407,4,wealth quintile,wealth_quintile_middle_quintile_count,277
Bagmati,Dhading,Siddhalek,NP03,NP0330,NP0330407,4,wealth quintile,wealth_quintile_richer_quintile_count,225
Bagmati,Dhading,Siddhalek,NP03,NP0330,NP0330407,4,wealth quintile,wealth_quintile_richest_quintile_count,41
Bagmati,Dhading,Siddhalek,NP03,NP0330,NP0330407,4,wealth quintile,wealth_quintile_poorest_quintile_pc,6.47
Bagmati,Dhading,Siddhalek,NP03,NP0330,NP0330407,4,wealth quintile,wealth_quintile_poorer_quintile_pc,13.68
Bagmati,Dhading,Siddhalek,NP03,NP0330,NP0330407,4,wealth quintile,wealth_quintile_middle_quintile_pc,40.74
Bagmati,Dhading,Siddhalek,NP03,NP0330,NP0330407,4,wealth quintile,wealth_quintile_richer_quintile_pc,33.09
Bagmati,Dhading,Siddhalek,NP03,NP0330,NP0330407,4,wealth quintile,wealth_quintile_richest_quintile_pc,6.03
Bagmati,Dhading,Siddhalek,NP03,NP0330,NP0330407,4,housing,house_quality_most_adequate_count,150
Bagmati,Dhading,Siddhalek,NP03,NP0330,NP0330407,4,housing,house_quality_adequate_count,379
Bagmati,Dhading,Siddhalek,NP03,NP0330,NP0330407,4,housing,house_quality_moderate_count,148
Bagmati,Dhading,Siddhalek,NP03,NP0330,NP0330407,4,housing,house_quality_inadequate_count,3
Bagmati,Dhading,Siddhalek,NP03,NP0330,NP0330407,4,housing,house_quality_least_adequate_count,0
Bagmati,Dhading,Siddhalek,NP03,NP0330,NP0330407,4,housing,house_quality_most_adequate_pc,22.06
Bagmati,Dhading,Siddhalek,NP03,NP0330,NP0330407,4,housing,house_quality_adequate_pc,55.74
Bagmati,Dhading,Siddhalek,NP03,NP0330,NP0330407,4,housing,house_quality_moderate_pc,21.76
Bagmati,Dhading,Siddhalek,NP03,NP0330,NP0330407,4,housing,house_quality_inadequate_pc,0.44
Bagmati,Dhading,Siddhalek,NP03,NP0330,NP0330407,4,housing,house_quality_least_adequate_pc,0
Bagmati,Dhading,Siddhalek,NP03,NP0330,NP0330407,6,demographics,total_households,735
Bagmati,Dhading,Siddhalek,NP03,NP0330,NP0330407,6,housing,home_ownership_owned,726
Bagmati,Dhading,Siddhalek,NP03,NP0330,NP0330407,6,housing,home_ownership_rented,9
Bagmati,Dhading,Siddhalek,NP03,NP0330,NP0330407,6,housing,home_ownership_institutional,0
Bagmati,Dhading,Siddhalek,NP03,NP0330,NP0330407,6,housing,home_ownership_other,0
Bagmati,Dhading,Siddhalek,NP03,NP0330,NP0330407,6,housing,foundation_mud,427
Bagmati,Dhading,Siddhalek,NP03,NP0330,NP0330407,6,housing,foundation_mud_bonded_bricks_stone,227
Bagmati,Dhading,Siddhalek,NP03,NP0330,NP0330407,6,housing,foundation_cement_bonded_bricks_stone,73
Bagmati,Dhading,Siddhalek,NP03,NP0330,NP0330407,6,housing,foundation_reinforced_cement_concrete_with_pillars,8
Bagmati,Dhading,Siddhalek,NP03,NP0330,NP0330407,6,housing,foundation_wooden_pillars,0
Bagmati,Dhading,Siddhalek,NP03,NP0330,NP0330407,6,housing,outer_wall_mud_bonded_bricks_stone,363
Bagmati,Dhading,Siddhalek,NP03,NP0330,NP0330407,6,housing,outer_wall_cement_bonded_bricks_stone,351
Bagmati,Dhading,Siddhalek,NP03,NP0330,NP0330407,6,housing,outer_wall_wood_planks,7
Bagmati,Dhading,Siddhalek,NP03,NP0330,NP0330407,6,housing,outer_wall_bamboo,0
Bagmati,Dhading,Siddhalek,NP03,NP0330,NP0330407,6,housing,outer_wall_unbaked_bricks,0
Bagmati,Dhading,Siddhalek,NP03,NP0330,NP0330407,6,housing,outer_wall_galvanised_sheet,6
Bagmati,Dhading,Siddhalek,NP03,NP0330,NP0330407,6,housing,outer_wall_prefabricated_sheet,0
Bagmati,Dhading,Siddhalek,NP03,NP0330,NP0330407,6,housing,outer_wall_other,8
Bagmati,Dhading,Siddhalek,NP03,NP0330,NP0330407,6,housing,roof_galvanised_sheet,413
Bagmati,Dhading,Siddhalek,NP03,NP0330,NP0330407,6,housing,roof_reinforced_cement_concrete,228
Bagmati,Dhading,Siddhalek,NP03,NP0330,NP0330407,6,housing,roof_thatch_straw,3
Bagmati,Dhading,Siddhalek,NP03,NP0330,NP0330407,6,housing,roof_tile,0
Bagmati,Dhading,Siddhalek,NP03,NP0330,NP0330407,6,housing,roof_stone_slate,90
Bagmati,Dhading,Siddhalek,NP03,NP0330,NP0330407,6,housing,roof_wood_planks,1
Bagmati,Dhading,Siddhalek,NP03,NP0330,NP0330407,6,housing,roof_mud,0
Bagmati,Dhading,Siddhalek,NP03,NP0330,NP0330407,6,housing,roof_other,0
Bagmati,Dhading,Siddhalek,NP03,NP0330,NP0330407,6,housing,floor_mud,221
Bagmati,Dhading,Siddhalek,NP03,NP0330,NP0330407,6,housing,floor_wooden_plank_bamboo,16
Bagmati,Dhading,Siddhalek,NP03,NP0330,NP0330407,6,housing,floor_bricks_stone,1
Bagmati,Dhading,Siddhalek,NP03,NP0330,NP0330407,6,housing,floor_ceramic_tile,2
Bagmati,Dhading,Siddhalek,NP03,NP0330,NP0330407,6,housing,floor_cemented,483
Bagmati,Dhading,Siddhalek,NP03,NP0330,NP0330407,6,housing,floor_other,12
Bagmati,Dhading,Siddhalek,NP03,NP0330,NP0330407,6,drinking water,drinking_water_tap_piped_within_premises,62
Bagmati,Dhading,Siddhalek,NP03,NP0330,NP0330407,6,drinking water,drinking_water_tap_piped_outside_premises,487
Bagmati,Dhading,Siddhalek,NP03,NP0330,NP0330407,6,drinking water,drinking_water_tubewell_handpump,0
Bagmati,Dhading,Siddhalek,NP03,NP0330,NP0330407,6,drinking water,drinking_water_covered_well_kuwa,0
Bagmati,Dhading,Siddhalek,NP03,NP0330,NP0330407,6,drinking water,drinking_water_uncovered_well_kuwa,17
Bagmati,Dhading,Siddhalek,NP03,NP0330,NP0330407,6,drinking water,drinking_water_spout_water,168
Bagmati,Dhading,Siddhalek,NP03,NP0330,NP0330407,6,drinking water,drinking_water_river_stream,0
Bagmati,Dhading,Siddhalek,NP03,NP0330,NP0330407,6,drinking water,drinking_water_jar_bottle,1
Bagmati,Dhading,Siddhalek,NP03,NP0330,NP0330407,6,drinking water,drinking_water_other,0
Bagmati,Dhading,Siddhalek,NP03,NP0330,NP0330407,6,cooking fuel,cooking_fuel_wood_firewood,486
Bagmati,Dhading,Siddhalek,NP03,NP0330,NP0330407,6,cooking fuel,cooking_fuel_lpg,208
Bagmati,Dhading,Siddhalek,NP03,NP0330,NP0330407,6,cooking fuel,cooking_fuel_electricity,3
Bagmati,Dhading,Siddhalek,NP03,NP0330,NP0330407,6,cooking fuel,cooking_fuel_cowdung,0
Bagmati,Dhading,Siddhalek,NP03,NP0330,NP0330407,6,cooking fuel,cooking_fuel_biogas,33
Bagmati,Dhading,Siddhalek,NP03,NP0330,NP0330407,6,cooking fuel,cooking_fuel_kerosene,4
Bagmati,Dhading,Siddhalek,NP03,NP0330,NP0330407,6,cooking fuel,cooking_fuel_other,1
Bagmati,Dhading,Siddhalek,NP03,NP0330,NP0330407,6,lighting fuel,lighting_electricity,722
Bagmati,Dhading,Siddhalek,NP03,NP0330,NP0330407,6,lighting fuel,lighting_solar,7
Bagmati,Dhading,Siddhalek,NP03,NP0330,NP0330407,6,lighting fuel,lighting_kerosene,3
Bagmati,Dhading,Siddhalek,NP03,NP0330,NP0330407,6,lighting fuel,lighting_biogas,0
Bagmati,Dhading,Siddhalek,NP03,NP0330,NP0330407,6,lighting fuel,lighting_other,3
Bagmati,Dhading,Siddhalek,NP03,NP0330,NP0330407,6,sanitation,toilet_flush_public_sewerage,17
Bagmati,Dhading,Siddhalek,NP03,NP0330,NP0330407,6,sanitation,toilet_flush_septic_tank,193
Bagmati,Dhading,Siddhalek,NP03,NP0330,NP0330407,6,sanitation,toilet_pit,487
Bagmati,Dhading,Siddhalek,NP03,NP0330,NP0330407,6,sanitation,toilet_public,2
Bagmati,Dhading,Siddhalek,NP03,NP0330,NP0330407,6,sanitation,toilet_no_toilet,36
Bagmati,Dhading,Siddhalek,NP03,NP0330,NP0330407,6,household amenities,hh_amenities_without,55
Bagmati,Dhading,Siddhalek,NP03,NP0330,NP0330407,6,household amenities,hh_amenities_at_least_one,680
Bagmati,Dhading,Siddhalek,NP03,NP0330,NP0330407,6,household amenities,hh_amenities_radio,215
Bagmati,Dhading,Siddhalek,NP03,NP0330,NP0330407,6,household amenities,hh_amenities_television,337
Bagmati,Dhading,Siddhalek,NP03,NP0330,NP0330407,6,household amenities,hh_amenities_landline,6
Bagmati,Dhading,Siddhalek,NP03,NP0330,NP0330407,6,household amenities,hh_amenities_mobile_phone_ordinary,603
Bagmati,Dhading,Siddhalek,NP03,NP0330,NP0330407,6,household amenities,hh_amenities_mobile_phone_smart,317
Bagmati,Dhading,Siddhalek,NP03,NP0330,NP0330407,6,household amenities,hh_amenities_computer_laptop,30
Bagmati,Dhading,Siddhalek,NP03,NP0330,NP0330407,6,household amenities,hh_amenities_internet,76
Bagmati,Dhading,Siddhalek,NP03,NP0330,NP0330407,6,household amenities,hh_amenities_car_jeep_van,8
Bagmati,Dhading,Siddhalek,NP03,NP0330,NP0330407,6,household amenities,hh_amenities_motorcycle_scooter,73
Bagmati,Dhading,Siddhalek,NP03,NP0330,NP0330407,6,household amenities,hh_amenities_bicycle,25
Bagmati,Dhading,Siddhalek,NP03,NP0330,NP0330407,6,household amenities,hh_amenities_electric_fan,263
Bagmati,Dhading,Siddhalek,NP03,NP0330,NP0330407,6,household amenities,hh_amenities_refridgerator,122
Bagmati,Dhading,Siddhalek,NP03,NP0330,NP0330407,6,household amenities,hh_amenities_washing_machine,2
Bagmati,Dhading,Siddhalek,NP03,NP0330,NP0330407,6,household amenities,hh_amenities_air_conditioner,1
Bagmati,Dhading,Siddhalek,NP03,NP0330,NP0330407,6,wealth quintile,wealth_quintile_poorest_quintile_count,189
Bagmati,Dhading,Siddhalek,NP03,NP0330,NP0330407,6,wealth quintile,wealth_quintile_poorer_quintile_count,205
Bagmati,Dhading,Siddhalek,NP03,NP0330,NP0330407,6,wealth quintile,wealth_quintile_middle_quintile_count,165
Bagmati,Dhading,Siddhalek,NP03,NP0330,NP0330407,6,wealth quintile,wealth_quintile_richer_quintile_count,141
Bagmati,Dhading,Siddhalek,NP03,NP0330,NP0330407,6,wealth quintile,wealth_quintile_richest_quintile_count,35
Bagmati,Dhading,Siddhalek,NP03,NP0330,NP0330407,6,wealth quintile,wealth_quintile_poorest_quintile_pc,25.71
Bagmati,Dhading,Siddhalek,NP03,NP0330,NP0330407,6,wealth quintile,wealth_quintile_poorer_quintile_pc,27.89
Bagmati,Dhading,Siddhalek,NP03,NP0330,NP0330407,6,wealth quintile,wealth_quintile_middle_quintile_pc,22.45
Bagmati,Dhading,Siddhalek,NP03,NP0330,NP0330407,6,wealth quintile,wealth_quintile_richer_quintile_pc,19.18
Bagmati,Dhading,Siddhalek,NP03,NP0330,NP0330407,6,wealth quintile,wealth_quintile_richest_quintile_pc,4.76
Bagmati,Dhading,Siddhalek,NP03,NP0330,NP0330407,6,housing,house_quality_most_adequate_count,84
Bagmati,Dhading,Siddhalek,NP03,NP0330,NP0330407,6,housing,house_quality_adequate_count,241
Bagmati,Dhading,Siddhalek,NP03,NP0330,NP0330407,6,housing,house_quality_moderate_count,377
Bagmati,Dhading,Siddhalek,NP03,NP0330,NP0330407,6,housing,house_quality_inadequate_count,33
Bagmati,Dhading,Siddhalek,NP03,NP0330,NP0330407,6,housing,house_quality_least_adequate_count,0
Bagmati,Dhading,Siddhalek,NP03,NP0330,NP0330407,6,housing,house_quality_most_adequate_pc,11.43
Bagmati,Dhading,Siddhalek,NP03,NP0330,NP0330407,6,housing,house_quality_adequate_pc,32.79
Bagmati,Dhading,Siddhalek,NP03,NP0330,NP0330407,6,housing,house_quality_moderate_pc,51.29
Bagmati,Dhading,Siddhalek,NP03,NP0330,NP0330407,6,housing,house_quality_inadequate_pc,4.49
Bagmati,Dhading,Siddhalek,NP03,NP0330,NP0330407,6,housing,house_quality_least_adequate_pc,0
Bagmati,Dhading,Siddhalek,NP03,NP0330,NP0330407,7,demographics,total_households,990
Bagmati,Dhading,Siddhalek,NP03,NP0330,NP0330407,7,housing,home_ownership_owned,966
Bagmati,Dhading,Siddhalek,NP03,NP0330,NP0330407,7,housing,home_ownership_rented,20
Bagmati,Dhading,Siddhalek,NP03,NP0330,NP0330407,7,housing,home_ownership_institutional,2
Bagmati,Dhading,Siddhalek,NP03,NP0330,NP0330407,7,housing,home_ownership_other,2
Bagmati,Dhading,Siddhalek,NP03,NP0330,NP0330407,7,housing,foundation_mud,312
Bagmati,Dhading,Siddhalek,NP03,NP0330,NP0330407,7,housing,foundation_mud_bonded_bricks_stone,533
Bagmati,Dhading,Siddhalek,NP03,NP0330,NP0330407,7,housing,foundation_cement_bonded_bricks_stone,137
Bagmati,Dhading,Siddhalek,NP03,NP0330,NP0330407,7,housing,foundation_reinforced_cement_concrete_with_pillars,7
Bagmati,Dhading,Siddhalek,NP03,NP0330,NP0330407,7,housing,foundation_wooden_pillars,1
Bagmati,Dhading,Siddhalek,NP03,NP0330,NP0330407,7,housing,outer_wall_mud_bonded_bricks_stone,276
Bagmati,Dhading,Siddhalek,NP03,NP0330,NP0330407,7,housing,outer_wall_cement_bonded_bricks_stone,704
Bagmati,Dhading,Siddhalek,NP03,NP0330,NP0330407,7,housing,outer_wall_wood_planks,0
Bagmati,Dhading,Siddhalek,NP03,NP0330,NP0330407,7,housing,outer_wall_bamboo,5
Bagmati,Dhading,Siddhalek,NP03,NP0330,NP0330407,7,housing,outer_wall_unbaked_bricks,2
Bagmati,Dhading,Siddhalek,NP03,NP0330,NP0330407,7,housing,outer_wall_galvanised_sheet,3
Bagmati,Dhading,Siddhalek,NP03,NP0330,NP0330407,7,housing,outer_wall_prefabricated_sheet,0
Bagmati,Dhading,Siddhalek,NP03,NP0330,NP0330407,7,housing,outer_wall_other,0
Bagmati,Dhading,Siddhalek,NP03,NP0330,NP0330407,7,housing,roof_galvanised_sheet,631
Bagmati,Dhading,Siddhalek,NP03,NP0330,NP0330407,7,housing,roof_reinforced_cement_concrete,264
Bagmati,Dhading,Siddhalek,NP03,NP0330,NP0330407,7,housing,roof_thatch_straw,0
Bagmati,Dhading,Siddhalek,NP03,NP0330,NP0330407,7,housing,roof_tile,0
Bagmati,Dhading,Siddhalek,NP03,NP0330,NP0330407,7,housing,roof_stone_slate,94
Bagmati,Dhading,Siddhalek,NP03,NP0330,NP0330407,7,housing,roof_wood_planks,1
Bagmati,Dhading,Siddhalek,NP03,NP0330,NP0330407,7,housing,roof_mud,0
Bagmati,Dhading,Siddhalek,NP03,NP0330,NP0330407,7,housing,roof_other,0
Bagmati,Dhading,Siddhalek,NP03,NP0330,NP0330407,7,housing,floor_mud,176
Bagmati,Dhading,Siddhalek,NP03,NP0330,NP0330407,7,housing,floor_wooden_plank_bamboo,7
Bagmati,Dhading,Siddhalek,NP03,NP0330,NP0330407,7,housing,floor_bricks_stone,8
Bagmati,Dhading,Siddhalek,NP03,NP0330,NP0330407,7,housing,floor_ceramic_tile,9
Bagmati,Dhading,Siddhalek,NP03,NP0330,NP0330407,7,housing,floor_cemented,780
Bagmati,Dhading,Siddhalek,NP03,NP0330,NP0330407,7,housing,floor_other,10
Bagmati,Dhading,Siddhalek,NP03,NP0330,NP0330407,7,drinking water,drinking_water_tap_piped_within_premises,274
Bagmati,Dhading,Siddhalek,NP03,NP0330,NP0330407,7,drinking water,drinking_water_tap_piped_outside_premises,568
Bagmati,Dhading,Siddhalek,NP03,NP0330,NP0330407,7,drinking water,drinking_water_tubewell_handpump,1
Bagmati,Dhading,Siddhalek,NP03,NP0330,NP0330407,7,drinking water,drinking_water_covered_well_kuwa,0
Bagmati,Dhading,Siddhalek,NP03,NP0330,NP0330407,7,drinking water,drinking_water_uncovered_well_kuwa,7
Bagmati,Dhading,Siddhalek,NP03,NP0330,NP0330407,7,drinking water,drinking_water_spout_water,140
Bagmati,Dhading,Siddhalek,NP03,NP0330,NP0330407,7,drinking water,drinking_water_river_stream,0
Bagmati,Dhading,Siddhalek,NP03,NP0330,NP0330407,7,drinking water,drinking_water_jar_bottle,0
Bagmati,Dhading,Siddhalek,NP03,NP0330,NP0330407,7,drinking water,drinking_water_other,0
Bagmati,Dhading,Siddhalek,NP03,NP0330,NP0330407,7,cooking fuel,cooking_fuel_wood_firewood,391
Bagmati,Dhading,Siddhalek,NP03,NP0330,NP0330407,7,cooking fuel,cooking_fuel_lpg,569
Bagmati,Dhading,Siddhalek,NP03,NP0330,NP0330407,7,cooking fuel,cooking_fuel_electricity,1
Bagmati,Dhading,Siddhalek,NP03,NP0330,NP0330407,7,cooking fuel,cooking_fuel_cowdung,0
Bagmati,Dhading,Siddhalek,NP03,NP0330,NP0330407,7,cooking fuel,cooking_fuel_biogas,28
Bagmati,Dhading,Siddhalek,NP03,NP0330,NP0330407,7,cooking fuel,cooking_fuel_kerosene,0
Bagmati,Dhading,Siddhalek,NP03,NP0330,NP0330407,7,cooking fuel,cooking_fuel_other,1
Bagmati,Dhading,Siddhalek,NP03,NP0330,NP0330407,7,lighting fuel,lighting_electricity,978
Bagmati,Dhading,Siddhalek,NP03,NP0330,NP0330407,7,lighting fuel,lighting_solar,11
Bagmati,Dhading,Siddhalek,NP03,NP0330,NP0330407,7,lighting fuel,lighting_kerosene,0
Bagmati,Dhading,Siddhalek,NP03,NP0330,NP0330407,7,lighting fuel,lighting_biogas,0
Bagmati,Dhading,Siddhalek,NP03,NP0330,NP0330407,7,lighting fuel,lighting_other,1
Bagmati,Dhading,Siddhalek,NP03,NP0330,NP0330407,7,sanitation,toilet_flush_public_sewerage,7
Bagmati,Dhading,Siddhalek,NP03,NP0330,NP0330407,7,sanitation,toilet_flush_septic_tank,258
Bagmati,Dhading,Siddhalek,NP03,NP0330,NP0330407,7,sanitation,toilet_pit,717
Bagmati,Dhading,Siddhalek,NP03,NP0330,NP0330407,7,sanitation,toilet_public,0
Bagmati,Dhading,Siddhalek,NP03,NP0330,NP0330407,7,sanitation,toilet_no_toilet,8
Bagmati,Dhading,Siddhalek,NP03,NP0330,NP0330407,7,household amenities,hh_amenities_without,7
Bagmati,Dhading,Siddhalek,NP03,NP0330,NP0330407,7,household amenities,hh_amenities_at_least_one,983
Bagmati,Dhading,Siddhalek,NP03,NP0330,NP0330407,7,household amenities,hh_amenities_radio,376
Bagmati,Dhading,Siddhalek,NP03,NP0330,NP0330407,7,household amenities,hh_amenities_television,478
Bagmati,Dhading,Siddhalek,NP03,NP0330,NP0330407,7,household amenities,hh_amenities_landline,20
Bagmati,Dhading,Siddhalek,NP03,NP0330,NP0330407,7,household amenities,hh_amenities_mobile_phone_ordinary,910
Bagmati,Dhading,Siddhalek,NP03,NP0330,NP0330407,7,household amenities,hh_amenities_mobile_phone_smart,769
Bagmati,Dhading,Siddhalek,NP03,NP0330,NP0330407,7,household amenities,hh_amenities_computer_laptop,44
Bagmati,Dhading,Siddhalek,NP03,NP0330,NP0330407,7,household amenities,hh_amenities_internet,150
Bagmati,Dhading,Siddhalek,NP03,NP0330,NP0330407,7,household amenities,hh_amenities_car_jeep_van,8
Bagmati,Dhading,Siddhalek,NP03,NP0330,NP0330407,7,household amenities,hh_amenities_motorcycle_scooter,288
Bagmati,Dhading,Siddhalek,NP03,NP0330,NP0330407,7,household amenities,hh_amenities_bicycle,273
Bagmati,Dhading,Siddhalek,NP03,NP0330,NP0330407,7,household amenities,hh_amenities_electric_fan,572
Bagmati,Dhading,Siddhalek,NP03,NP0330,NP0330407,7,household amenities,hh_amenities_refridgerator,186
Bagmati,Dhading,Siddhalek,NP03,NP0330,NP0330407,7,household amenities,hh_amenities_washing_machine,2
Bagmati,Dhading,Siddhalek,NP03,NP0330,NP0330407,7,household amenities,hh_amenities_air_conditioner,1
Bagmati,Dhading,Siddhalek,NP03,NP0330,NP0330407,7,wealth quintile,wealth_quintile_poorest_quintile_count,82
Bagmati,Dhading,Siddhalek,NP03,NP0330,NP0330407,7,wealth quintile,wealth_quintile_poorer_quintile_count,135
Bagmati,Dhading,Siddhalek,NP03,NP0330,NP0330407,7,wealth quintile,wealth_quintile_middle_quintile_count,367
Bagmati,Dhading,Siddhalek,NP03,NP0330,NP0330407,7,wealth quintile,wealth_quintile_richer_quintile_count,334
Bagmati,Dhading,Siddhalek,NP03,NP0330,NP0330407,7,wealth quintile,wealth_quintile_richest_quintile_count,72
Bagmati,Dhading,Siddhalek,NP03,NP0330,NP0330407,7,wealth quintile,wealth_quintile_poorest_quintile_pc,8.28
Bagmati,Dhading,Siddhalek,NP03,NP0330,NP0330407,7,wealth quintile,wealth_quintile_poorer_quintile_pc,13.64
Bagmati,Dhading,Siddhalek,NP03,NP0330,NP0330407,7,wealth quintile,wealth_quintile_middle_quintile_pc,37.07
Bagmati,Dhading,Siddhalek,NP03,NP0330,NP0330407,7,wealth quintile,wealth_quintile_richer_quintile_pc,33.74
Bagmati,Dhading,Siddhalek,NP03,NP0330,NP0330407,7,wealth quintile,wealth_quintile_richest_quintile_pc,7.27
Bagmati,Dhading,Siddhalek,NP03,NP0330,NP0330407,7,housing,house_quality_most_adequate_count,178
Bagmati,Dhading,Siddhalek,NP03,NP0330,NP0330407,7,housing,house_quality_adequate_count,583
Bagmati,Dhading,Siddhalek,NP03,NP0330,NP0330407,7,housing,house_quality_moderate_count,210
Bagmati,Dhading,Siddhalek,NP03,NP0330,NP0330407,7,housing,house_quality_inadequate_count,19
Bagmati,Dhading,Siddhalek,NP03,NP0330,NP0330407,7,housing,house_quality_least_adequate_count,0
Bagmati,Dhading,Siddhalek,NP03,NP0330,NP0330407,7,housing,house_quality_most_adequate_pc,17.98
Bagmati,Dhading,Siddhalek,NP03,NP0330,NP0330407,7,housing,house_quality_adequate_pc,58.89
Bagmati,Dhading,Siddhalek,NP03,NP0330,NP0330407,7,housing,house_quality_moderate_pc,21.21
Bagmati,Dhading,Siddhalek,NP03,NP0330,NP0330407,7,housing,house_quality_inadequate_pc,1.92
Bagmati,Dhading,Siddhalek,NP03,NP0330,NP0330407,7,housing,house_quality_least_adequate_pc,0
Bagmati,Dhading,Benighat Rorang,NP03,NP0330,NP0330408,3,demographics,total_households,1189
Bagmati,Dhading,Benighat Rorang,NP03,NP0330,NP0330408,3,housing,home_ownership_owned,880
Bagmati,Dhading,Benighat Rorang,NP03,NP0330,NP0330408,3,housing,home_ownership_rented,293
Bagmati,Dhading,Benighat Rorang,NP03,NP0330,NP0330408,3,housing,home_ownership_institutional,6
Bagmati,Dhading,Benighat Rorang,NP03,NP0330,NP0330408,3,housing,home_ownership_other,10
Bagmati,Dhading,Benighat Rorang,NP03,NP0330,NP0330408,3,housing,foundation_mud,230
Bagmati,Dhading,Benighat Rorang,NP03,NP0330,NP0330408,3,housing,foundation_mud_bonded_bricks_stone,424
Bagmati,Dhading,Benighat Rorang,NP03,NP0330,NP0330408,3,housing,foundation_cement_bonded_bricks_stone,507
Bagmati,Dhading,Benighat Rorang,NP03,NP0330,NP0330408,3,housing,foundation_reinforced_cement_concrete_with_pillars,7
Bagmati,Dhading,Benighat Rorang,NP03,NP0330,NP0330408,3,housing,foundation_wooden_pillars,21
Bagmati,Dhading,Benighat Rorang,NP03,NP0330,NP0330408,3,housing,outer_wall_mud_bonded_bricks_stone,211
Bagmati,Dhading,Benighat Rorang,NP03,NP0330,NP0330408,3,housing,outer_wall_cement_bonded_bricks_stone,920
Bagmati,Dhading,Benighat Rorang,NP03,NP0330,NP0330408,3,housing,outer_wall_wood_planks,5
Bagmati,Dhading,Benighat Rorang,NP03,NP0330,NP0330408,3,housing,outer_wall_bamboo,3
Bagmati,Dhading,Benighat Rorang,NP03,NP0330,NP0330408,3,housing,outer_wall_unbaked_bricks,2
Bagmati,Dhading,Benighat Rorang,NP03,NP0330,NP0330408,3,housing,outer_wall_galvanised_sheet,10
Bagmati,Dhading,Benighat Rorang,NP03,NP0330,NP0330408,3,housing,outer_wall_prefabricated_sheet,0
Bagmati,Dhading,Benighat Rorang,NP03,NP0330,NP0330408,3,housing,outer_wall_other,38
Bagmati,Dhading,Benighat Rorang,NP03,NP0330,NP0330408,3,housing,roof_galvanised_sheet,462
Bagmati,Dhading,Benighat Rorang,NP03,NP0330,NP0330408,3,housing,roof_reinforced_cement_concrete,669
Bagmati,Dhading,Benighat Rorang,NP03,NP0330,NP0330408,3,housing,roof_thatch_straw,8
Bagmati,Dhading,Benighat Rorang,NP03,NP0330,NP0330408,3,housing,roof_tile,0
Bagmati,Dhading,Benighat Rorang,NP03,NP0330,NP0330408,3,housing,roof_stone_slate,49
Bagmati,Dhading,Benighat Rorang,NP03,NP0330,NP0330408,3,housing,roof_wood_planks,0
Bagmati,Dhading,Benighat Rorang,NP03,NP0330,NP0330408,3,housing,roof_mud,0
Bagmati,Dhading,Benighat Rorang,NP03,NP0330,NP0330408,3,housing,roof_other,1
Bagmati,Dhading,Benighat Rorang,NP03,NP0330,NP0330408,3,housing,floor_mud,195
Bagmati,Dhading,Benighat Rorang,NP03,NP0330,NP0330408,3,housing,floor_wooden_plank_bamboo,38
Bagmati,Dhading,Benighat Rorang,NP03,NP0330,NP0330408,3,housing,floor_bricks_stone,13
Bagmati,Dhading,Benighat Rorang,NP03,NP0330,NP0330408,3,housing,floor_ceramic_tile,33
Bagmati,Dhading,Benighat Rorang,NP03,NP0330,NP0330408,3,housing,floor_cemented,909
Bagmati,Dhading,Benighat Rorang,NP03,NP0330,NP0330408,3,housing,floor_other,1
Bagmati,Dhading,Benighat Rorang,NP03,NP0330,NP0330408,3,drinking water,drinking_water_tap_piped_within_premises,508
Bagmati,Dhading,Benighat Rorang,NP03,NP0330,NP0330408,3,drinking water,drinking_water_tap_piped_outside_premises,503
Bagmati,Dhading,Benighat Rorang,NP03,NP0330,NP0330408,3,drinking water,drinking_water_tubewell_handpump,2
Bagmati,Dhading,Benighat Rorang,NP03,NP0330,NP0330408,3,drinking water,drinking_water_covered_well_kuwa,2
Bagmati,Dhading,Benighat Rorang,NP03,NP0330,NP0330408,3,drinking water,drinking_water_uncovered_well_kuwa,45
Bagmati,Dhading,Benighat Rorang,NP03,NP0330,NP0330408,3,drinking water,drinking_water_spout_water,126
Bagmati,Dhading,Benighat Rorang,NP03,NP0330,NP0330408,3,drinking water,drinking_water_river_stream,3
Bagmati,Dhading,Benighat Rorang,NP03,NP0330,NP0330408,3,drinking water,drinking_water_jar_bottle,0
Bagmati,Dhading,Benighat Rorang,NP03,NP0330,NP0330408,3,drinking water,drinking_water_other,0
Bagmati,Dhading,Benighat Rorang,NP03,NP0330,NP0330408,3,cooking fuel,cooking_fuel_wood_firewood,324
Bagmati,Dhading,Benighat Rorang,NP03,NP0330,NP0330408,3,cooking fuel,cooking_fuel_lpg,858
Bagmati,Dhading,Benighat Rorang,NP03,NP0330,NP0330408,3,cooking fuel,cooking_fuel_electricity,2
Bagmati,Dhading,Benighat Rorang,NP03,NP0330,NP0330408,3,cooking fuel,cooking_fuel_cowdung,0
Bagmati,Dhading,Benighat Rorang,NP03,NP0330,NP0330408,3,cooking fuel,cooking_fuel_biogas,3
Bagmati,Dhading,Benighat Rorang,NP03,NP0330,NP0330408,3,cooking fuel,cooking_fuel_kerosene,1
Bagmati,Dhading,Benighat Rorang,NP03,NP0330,NP0330408,3,cooking fuel,cooking_fuel_other,1
Bagmati,Dhading,Benighat Rorang,NP03,NP0330,NP0330408,3,lighting fuel,lighting_electricity,1177
Bagmati,Dhading,Benighat Rorang,NP03,NP0330,NP0330408,3,lighting fuel,lighting_solar,2
Bagmati,Dhading,Benighat Rorang,NP03,NP0330,NP0330408,3,lighting fuel,lighting_kerosene,6
Bagmati,Dhading,Benighat Rorang,NP03,NP0330,NP0330408,3,lighting fuel,lighting_biogas,0
Bagmati,Dhading,Benighat Rorang,NP03,NP0330,NP0330408,3,lighting fuel,lighting_other,4
Bagmati,Dhading,Benighat Rorang,NP03,NP0330,NP0330408,3,sanitation,toilet_flush_public_sewerage,16
Bagmati,Dhading,Benighat Rorang,NP03,NP0330,NP0330408,3,sanitation,toilet_flush_septic_tank,1110
Bagmati,Dhading,Benighat Rorang,NP03,NP0330,NP0330408,3,sanitation,toilet_pit,21
Bagmati,Dhading,Benighat Rorang,NP03,NP0330,NP0330408,3,sanitation,toilet_public,11
Bagmati,Dhading,Benighat Rorang,NP03,NP0330,NP0330408,3,sanitation,toilet_no_toilet,31
Bagmati,Dhading,Benighat Rorang,NP03,NP0330,NP0330408,3,household amenities,hh_amenities_without,73
Bagmati,Dhading,Benighat Rorang,NP03,NP0330,NP0330408,3,household amenities,hh_amenities_at_least_one,1116
Bagmati,Dhading,Benighat Rorang,NP03,NP0330,NP0330408,3,household amenities,hh_amenities_radio,216
Bagmati,Dhading,Benighat Rorang,NP03,NP0330,NP0330408,3,household amenities,hh_amenities_television,686
Bagmati,Dhading,Benighat Rorang,NP03,NP0330,NP0330408,3,household amenities,hh_amenities_landline,40
Bagmati,Dhading,Benighat Rorang,NP03,NP0330,NP0330408,3,household amenities,hh_amenities_mobile_phone_ordinary,744
Bagmati,Dhading,Benighat Rorang,NP03,NP0330,NP0330408,3,household amenities,hh_amenities_mobile_phone_smart,918
Bagmati,Dhading,Benighat Rorang,NP03,NP0330,NP0330408,3,household amenities,hh_amenities_computer_laptop,194
Bagmati,Dhading,Benighat Rorang,NP03,NP0330,NP0330408,3,household amenities,hh_amenities_internet,437
Bagmati,Dhading,Benighat Rorang,NP03,NP0330,NP0330408,3,household amenities,hh_amenities_car_jeep_van,48
Bagmati,Dhading,Benighat Rorang,NP03,NP0330,NP0330408,3,household amenities,hh_amenities_motorcycle_scooter,343
Bagmati,Dhading,Benighat Rorang,NP03,NP0330,NP0330408,3,household amenities,hh_amenities_bicycle,76
Bagmati,Dhading,Benighat Rorang,NP03,NP0330,NP0330408,3,household amenities,hh_amenities_electric_fan,722
Bagmati,Dhading,Benighat Rorang,NP03,NP0330,NP0330408,3,household amenities,hh_amenities_refridgerator,381
Bagmati,Dhading,Benighat Rorang,NP03,NP0330,NP0330408,3,household amenities,hh_amenities_washing_machine,48
Bagmati,Dhading,Benighat Rorang,NP03,NP0330,NP0330408,3,household amenities,hh_amenities_air_conditioner,5
Bagmati,Dhading,Benighat Rorang,NP03,NP0330,NP0330408,3,wealth quintile,wealth_quintile_poorest_quintile_count,91
Bagmati,Dhading,Benighat Rorang,NP03,NP0330,NP0330408,3,wealth quintile,wealth_quintile_poorer_quintile_count,117
Bagmati,Dhading,Benighat Rorang,NP03,NP0330,NP0330408,3,wealth quintile,wealth_quintile_middle_quintile_count,251
Bagmati,Dhading,Benighat Rorang,NP03,NP0330,NP0330408,3,wealth quintile,wealth_quintile_richer_quintile_count,375
Bagmati,Dhading,Benighat Rorang,NP03,NP0330,NP0330408,3,wealth quintile,wealth_quintile_richest_quintile_count,355
Bagmati,Dhading,Benighat Rorang,NP03,NP0330,NP0330408,3,wealth quintile,wealth_quintile_poorest_quintile_pc,7.65
Bagmati,Dhading,Benighat Rorang,NP03,NP0330,NP0330408,3,wealth quintile,wealth_quintile_poorer_quintile_pc,9.84
Bagmati,Dhading,Benighat Rorang,NP03,NP0330,NP0330408,3,wealth quintile,wealth_quintile_middle_quintile_pc,21.11
Bagmati,Dhading,Benighat Rorang,NP03,NP0330,NP0330408,3,wealth quintile,wealth_quintile_richer_quintile_pc,31.54
Bagmati,Dhading,Benighat Rorang,NP03,NP0330,NP0330408,3,wealth quintile,wealth_quintile_richest_quintile_pc,29.86
Bagmati,Dhading,Benighat Rorang,NP03,NP0330,NP0330408,3,housing,house_quality_most_adequate_count,699
Bagmati,Dhading,Benighat Rorang,NP03,NP0330,NP0330408,3,housing,house_quality_adequate_count,262
Bagmati,Dhading,Benighat Rorang,NP03,NP0330,NP0330408,3,housing,house_quality_moderate_count,203
Bagmati,Dhading,Benighat Rorang,NP03,NP0330,NP0330408,3,housing,house_quality_inadequate_count,24
Bagmati,Dhading,Benighat Rorang,NP03,NP0330,NP0330408,3,housing,house_quality_least_adequate_count,1
Bagmati,Dhading,Benighat Rorang,NP03,NP0330,NP0330408,3,housing,house_quality_most_adequate_pc,58.79
Bagmati,Dhading,Benighat Rorang,NP03,NP0330,NP0330408,3,housing,house_quality_adequate_pc,22.04
Bagmati,Dhading,Benighat Rorang,NP03,NP0330,NP0330408,3,housing,house_quality_moderate_pc,17.07
Bagmati,Dhading,Benighat Rorang,NP03,NP0330,NP0330408,3,housing,house_quality_inadequate_pc,2.02
Bagmati,Dhading,Benighat Rorang,NP03,NP0330,NP0330408,3,housing,house_quality_least_adequate_pc,0.08
Bagmati,Dhading,Benighat Rorang,NP03,NP0330,NP0330408,5,demographics,total_households,766
Bagmati,Dhading,Benighat Rorang,NP03,NP0330,NP0330408,5,housing,home_ownership_owned,671
Bagmati,Dhading,Benighat Rorang,NP03,NP0330,NP0330408,5,housing,home_ownership_rented,82
Bagmati,Dhading,Benighat Rorang,NP03,NP0330,NP0330408,5,housing,home_ownership_institutional,11
Bagmati,Dhading,Benighat Rorang,NP03,NP0330,NP0330408,5,housing,home_ownership_other,2
Bagmati,Dhading,Benighat Rorang,NP03,NP0330,NP0330408,5,housing,foundation_mud,102
Bagmati,Dhading,Benighat Rorang,NP03,NP0330,NP0330408,5,housing,foundation_mud_bonded_bricks_stone,408
Bagmati,Dhading,Benighat Rorang,NP03,NP0330,NP0330408,5,housing,foundation_cement_bonded_bricks_stone,251
Bagmati,Dhading,Benighat Rorang,NP03,NP0330,NP0330408,5,housing,foundation_reinforced_cement_concrete_with_pillars,3
Bagmati,Dhading,Benighat Rorang,NP03,NP0330,NP0330408,5,housing,foundation_wooden_pillars,2
Bagmati,Dhading,Benighat Rorang,NP03,NP0330,NP0330408,5,housing,outer_wall_mud_bonded_bricks_stone,83
Bagmati,Dhading,Benighat Rorang,NP03,NP0330,NP0330408,5,housing,outer_wall_cement_bonded_bricks_stone,668
Bagmati,Dhading,Benighat Rorang,NP03,NP0330,NP0330408,5,housing,outer_wall_wood_planks,6
Bagmati,Dhading,Benighat Rorang,NP03,NP0330,NP0330408,5,housing,outer_wall_bamboo,1
Bagmati,Dhading,Benighat Rorang,NP03,NP0330,NP0330408,5,housing,outer_wall_unbaked_bricks,1
Bagmati,Dhading,Benighat Rorang,NP03,NP0330,NP0330408,5,housing,outer_wall_galvanised_sheet,7
Bagmati,Dhading,Benighat Rorang,NP03,NP0330,NP0330408,5,housing,outer_wall_prefabricated_sheet,0
Bagmati,Dhading,Benighat Rorang,NP03,NP0330,NP0330408,5,housing,outer_wall_other,0
Bagmati,Dhading,Benighat Rorang,NP03,NP0330,NP0330408,5,housing,roof_galvanised_sheet,362
Bagmati,Dhading,Benighat Rorang,NP03,NP0330,NP0330408,5,housing,roof_reinforced_cement_concrete,381
Bagmati,Dhading,Benighat Rorang,NP03,NP0330,NP0330408,5,housing,roof_thatch_straw,0
Bagmati,Dhading,Benighat Rorang,NP03,NP0330,NP0330408,5,housing,roof_tile,1
Bagmati,Dhading,Benighat Rorang,NP03,NP0330,NP0330408,5,housing,roof_stone_slate,21
Bagmati,Dhading,Benighat Rorang,NP03,NP0330,NP0330408,5,housing,roof_wood_planks,0
Bagmati,Dhading,Benighat Rorang,NP03,NP0330,NP0330408,5,housing,roof_mud,0
Bagmati,Dhading,Benighat Rorang,NP03,NP0330,NP0330408,5,housing,roof_other,1
Bagmati,Dhading,Benighat Rorang,NP03,NP0330,NP0330408,5,housing,floor_mud,86
Bagmati,Dhading,Benighat Rorang,NP03,NP0330,NP0330408,5,housing,floor_wooden_plank_bamboo,13
Bagmati,Dhading,Benighat Rorang,NP03,NP0330,NP0330408,5,housing,floor_bricks_stone,12
Bagmati,Dhading,Benighat Rorang,NP03,NP0330,NP0330408,5,housing,floor_ceramic_tile,5
Bagmati,Dhading,Benighat Rorang,NP03,NP0330,NP0330408,5,housing,floor_cemented,644
Bagmati,Dhading,Benighat Rorang,NP03,NP0330,NP0330408,5,housing,floor_other,6
Bagmati,Dhading,Benighat Rorang,NP03,NP0330,NP0330408,5,drinking water,drinking_water_tap_piped_within_premises,205
Bagmati,Dhading,Benighat Rorang,NP03,NP0330,NP0330408,5,drinking water,drinking_water_tap_piped_outside_premises,482
Bagmati,Dhading,Benighat Rorang,NP03,NP0330,NP0330408,5,drinking water,drinking_water_tubewell_handpump,3
Bagmati,Dhading,Benighat Rorang,NP03,NP0330,NP0330408,5,drinking water,drinking_water_covered_well_kuwa,0
Bagmati,Dhading,Benighat Rorang,NP03,NP0330,NP0330408,5,drinking water,drinking_water_uncovered_well_kuwa,21
Bagmati,Dhading,Benighat Rorang,NP03,NP0330,NP0330408,5,drinking water,drinking_water_spout_water,55
Bagmati,Dhading,Benighat Rorang,NP03,NP0330,NP0330408,5,drinking water,drinking_water_river_stream,0
Bagmati,Dhading,Benighat Rorang,NP03,NP0330,NP0330408,5,drinking water,drinking_water_jar_bottle,0
Bagmati,Dhading,Benighat Rorang,NP03,NP0330,NP0330408,5,drinking water,drinking_water_other,0
Bagmati,Dhading,Benighat Rorang,NP03,NP0330,NP0330408,5,cooking fuel,cooking_fuel_wood_firewood,205
Bagmati,Dhading,Benighat Rorang,NP03,NP0330,NP0330408,5,cooking fuel,cooking_fuel_lpg,552
Bagmati,Dhading,Benighat Rorang,NP03,NP0330,NP0330408,5,cooking fuel,cooking_fuel_electricity,8
Bagmati,Dhading,Benighat Rorang,NP03,NP0330,NP0330408,5,cooking fuel,cooking_fuel_cowdung,0
Bagmati,Dhading,Benighat Rorang,NP03,NP0330,NP0330408,5,cooking fuel,cooking_fuel_biogas,0
Bagmati,Dhading,Benighat Rorang,NP03,NP0330,NP0330408,5,cooking fuel,cooking_fuel_kerosene,0
Bagmati,Dhading,Benighat Rorang,NP03,NP0330,NP0330408,5,cooking fuel,cooking_fuel_other,1
Bagmati,Dhading,Benighat Rorang,NP03,NP0330,NP0330408,5,lighting fuel,lighting_electricity,748
Bagmati,Dhading,Benighat Rorang,NP03,NP0330,NP0330408,5,lighting fuel,lighting_solar,9
Bagmati,Dhading,Benighat Rorang,NP03,NP0330,NP0330408,5,lighting fuel,lighting_kerosene,3
Bagmati,Dhading,Benighat Rorang,NP03,NP0330,NP0330408,5,lighting fuel,lighting_biogas,0
Bagmati,Dhading,Benighat Rorang,NP03,NP0330,NP0330408,5,lighting fuel,lighting_other,6
Bagmati,Dhading,Benighat Rorang,NP03,NP0330,NP0330408,5,sanitation,toilet_flush_public_sewerage,12
Bagmati,Dhading,Benighat Rorang,NP03,NP0330,NP0330408,5,sanitation,toilet_flush_septic_tank,226
Bagmati,Dhading,Benighat Rorang,NP03,NP0330,NP0330408,5,sanitation,toilet_pit,518
Bagmati,Dhading,Benighat Rorang,NP03,NP0330,NP0330408,5,sanitation,toilet_public,5
Bagmati,Dhading,Benighat Rorang,NP03,NP0330,NP0330408,5,sanitation,toilet_no_toilet,5
Bagmati,Dhading,Benighat Rorang,NP03,NP0330,NP0330408,5,household amenities,hh_amenities_without,23
Bagmati,Dhading,Benighat Rorang,NP03,NP0330,NP0330408,5,household amenities,hh_amenities_at_least_one,743
Bagmati,Dhading,Benighat Rorang,NP03,NP0330,NP0330408,5,household amenities,hh_amenities_radio,221
Bagmati,Dhading,Benighat Rorang,NP03,NP0330,NP0330408,5,household amenities,hh_amenities_television,407
Bagmati,Dhading,Benighat Rorang,NP03,NP0330,NP0330408,5,household amenities,hh_amenities_landline,43
Bagmati,Dhading,Benighat Rorang,NP03,NP0330,NP0330408,5,household amenities,hh_amenities_mobile_phone_ordinary,585
Bagmati,Dhading,Benighat Rorang,NP03,NP0330,NP0330408,5,household amenities,hh_amenities_mobile_phone_smart,632
Bagmati,Dhading,Benighat Rorang,NP03,NP0330,NP0330408,5,household amenities,hh_amenities_computer_laptop,97
Bagmati,Dhading,Benighat Rorang,NP03,NP0330,NP0330408,5,household amenities,hh_amenities_internet,223
Bagmati,Dhading,Benighat Rorang,NP03,NP0330,NP0330408,5,household amenities,hh_amenities_car_jeep_van,21
Bagmati,Dhading,Benighat Rorang,NP03,NP0330,NP0330408,5,household amenities,hh_amenities_motorcycle_scooter,179
Bagmati,Dhading,Benighat Rorang,NP03,NP0330,NP0330408,5,household amenities,hh_amenities_bicycle,85
Bagmati,Dhading,Benighat Rorang,NP03,NP0330,NP0330408,5,household amenities,hh_amenities_electric_fan,448
Bagmati,Dhading,Benighat Rorang,NP03,NP0330,NP0330408,5,household amenities,hh_amenities_refridgerator,285
Bagmati,Dhading,Benighat Rorang,NP03,NP0330,NP0330408,5,household amenities,hh_amenities_washing_machine,31
Bagmati,Dhading,Benighat Rorang,NP03,NP0330,NP0330408,5,household amenities,hh_amenities_air_conditioner,2
Bagmati,Dhading,Benighat Rorang,NP03,NP0330,NP0330408,5,wealth quintile,wealth_quintile_poorest_quintile_count,43
Bagmati,Dhading,Benighat Rorang,NP03,NP0330,NP0330408,5,wealth quintile,wealth_quintile_poorer_quintile_count,52
Bagmati,Dhading,Benighat Rorang,NP03,NP0330,NP0330408,5,wealth quintile,wealth_quintile_middle_quintile_count,216
Bagmati,Dhading,Benighat Rorang,NP03,NP0330,NP0330408,5,wealth quintile,wealth_quintile_richer_quintile_count,296
Bagmati,Dhading,Benighat Rorang,NP03,NP0330,NP0330408,5,wealth quintile,wealth_quintile_richest_quintile_count,159
Bagmati,Dhading,Benighat Rorang,NP03,NP0330,NP0330408,5,wealth quintile,wealth_quintile_poorest_quintile_pc,5.61
Bagmati,Dhading,Benighat Rorang,NP03,NP0330,NP0330408,5,wealth quintile,wealth_quintile_poorer_quintile_pc,6.79
Bagmati,Dhading,Benighat Rorang,NP03,NP0330,NP0330408,5,wealth quintile,wealth_quintile_middle_quintile_pc,28.2
Bagmati,Dhading,Benighat Rorang,NP03,NP0330,NP0330408,5,wealth quintile,wealth_quintile_richer_quintile_pc,38.64
Bagmati,Dhading,Benighat Rorang,NP03,NP0330,NP0330408,5,wealth quintile,wealth_quintile_richest_quintile_pc,20.76
Bagmati,Dhading,Benighat Rorang,NP03,NP0330,NP0330408,5,housing,house_quality_most_adequate_count,274
Bagmati,Dhading,Benighat Rorang,NP03,NP0330,NP0330408,5,housing,house_quality_adequate_count,390
Bagmati,Dhading,Benighat Rorang,NP03,NP0330,NP0330408,5,housing,house_quality_moderate_count,94
Bagmati,Dhading,Benighat Rorang,NP03,NP0330,NP0330408,5,housing,house_quality_inadequate_count,7
Bagmati,Dhading,Benighat Rorang,NP03,NP0330,NP0330408,5,housing,house_quality_least_adequate_count,1
Bagmati,Dhading,Benighat Rorang,NP03,NP0330,NP0330408,5,housing,house_quality_most_adequate_pc,35.77
Bagmati,Dhading,Benighat Rorang,NP03,NP0330,NP0330408,5,housing,house_quality_adequate_pc,50.91
Bagmati,Dhading,Benighat Rorang,NP03,NP0330,NP0330408,5,housing,house_quality_moderate_pc,12.27
Bagmati,Dhading,Benighat Rorang,NP03,NP0330,NP0330408,5,housing,house_quality_inadequate_pc,0.91
Bagmati,Dhading,Benighat Rorang,NP03,NP0330,NP0330408,5,housing,house_quality_least_adequate_pc,0.13
Bagmati,Dhading,Benighat Rorang,NP03,NP0330,NP0330408,7,demographics,total_households,719
Bagmati,Dhading,Benighat Rorang,NP03,NP0330,NP0330408,7,housing,home_ownership_owned,578
Bagmati,Dhading,Benighat Rorang,NP03,NP0330,NP0330408,7,housing,home_ownership_rented,131
Bagmati,Dhading,Benighat Rorang,NP03,NP0330,NP0330408,7,housing,home_ownership_institutional,4
Bagmati,Dhading,Benighat Rorang,NP03,NP0330,NP0330408,7,housing,home_ownership_other,6
Bagmati,Dhading,Benighat Rorang,NP03,NP0330,NP0330408,7,housing,foundation_mud,237
Bagmati,Dhading,Benighat Rorang,NP03,NP0330,NP0330408,7,housing,foundation_mud_bonded_bricks_stone,212
Bagmati,Dhading,Benighat Rorang,NP03,NP0330,NP0330408,7,housing,foundation_cement_bonded_bricks_stone,258
Bagmati,Dhading,Benighat Rorang,NP03,NP0330,NP0330408,7,housing,foundation_reinforced_cement_concrete_with_pillars,11
Bagmati,Dhading,Benighat Rorang,NP03,NP0330,NP0330408,7,housing,foundation_wooden_pillars,1
Bagmati,Dhading,Benighat Rorang,NP03,NP0330,NP0330408,7,housing,outer_wall_mud_bonded_bricks_stone,216
Bagmati,Dhading,Benighat Rorang,NP03,NP0330,NP0330408,7,housing,outer_wall_cement_bonded_bricks_stone,468
Bagmati,Dhading,Benighat Rorang,NP03,NP0330,NP0330408,7,housing,outer_wall_wood_planks,23
Bagmati,Dhading,Benighat Rorang,NP03,NP0330,NP0330408,7,housing,outer_wall_bamboo,0
Bagmati,Dhading,Benighat Rorang,NP03,NP0330,NP0330408,7,housing,outer_wall_unbaked_bricks,0
Bagmati,Dhading,Benighat Rorang,NP03,NP0330,NP0330408,7,housing,outer_wall_galvanised_sheet,8
Bagmati,Dhading,Benighat Rorang,NP03,NP0330,NP0330408,7,housing,outer_wall_prefabricated_sheet,0
Bagmati,Dhading,Benighat Rorang,NP03,NP0330,NP0330408,7,housing,outer_wall_other,4
Bagmati,Dhading,Benighat Rorang,NP03,NP0330,NP0330408,7,housing,roof_galvanised_sheet,414
Bagmati,Dhading,Benighat Rorang,NP03,NP0330,NP0330408,7,housing,roof_reinforced_cement_concrete,275
Bagmati,Dhading,Benighat Rorang,NP03,NP0330,NP0330408,7,housing,roof_thatch_straw,0
Bagmati,Dhading,Benighat Rorang,NP03,NP0330,NP0330408,7,housing,roof_tile,3
Bagmati,Dhading,Benighat Rorang,NP03,NP0330,NP0330408,7,housing,roof_stone_slate,25
Bagmati,Dhading,Benighat Rorang,NP03,NP0330,NP0330408,7,housing,roof_wood_planks,2
Bagmati,Dhading,Benighat Rorang,NP03,NP0330,NP0330408,7,housing,roof_mud,0
Bagmati,Dhading,Benighat Rorang,NP03,NP0330,NP0330408,7,housing,roof_other,0
Bagmati,Dhading,Benighat Rorang,NP03,NP0330,NP0330408,7,housing,floor_mud,217
Bagmati,Dhading,Benighat Rorang,NP03,NP0330,NP0330408,7,housing,floor_wooden_plank_bamboo,13
Bagmati,Dhading,Benighat Rorang,NP03,NP0330,NP0330408,7,housing,floor_bricks_stone,0
Bagmati,Dhading,Benighat Rorang,NP03,NP0330,NP0330408,7,housing,floor_ceramic_tile,3
Bagmati,Dhading,Benighat Rorang,NP03,NP0330,NP0330408,7,housing,floor_cemented,483
Bagmati,Dhading,Benighat Rorang,NP03,NP0330,NP0330408,7,housing,floor_other,3
Bagmati,Dhading,Benighat Rorang,NP03,NP0330,NP0330408,7,drinking water,drinking_water_tap_piped_within_premises,186
Bagmati,Dhading,Benighat Rorang,NP03,NP0330,NP0330408,7,drinking water,drinking_water_tap_piped_outside_premises,390
Bagmati,Dhading,Benighat Rorang,NP03,NP0330,NP0330408,7,drinking water,drinking_water_tubewell_handpump,3
Bagmati,Dhading,Benighat Rorang,NP03,NP0330,NP0330408,7,drinking water,drinking_water_covered_well_kuwa,93
Bagmati,Dhading,Benighat Rorang,NP03,NP0330,NP0330408,7,drinking water,drinking_water_uncovered_well_kuwa,11
Bagmati,Dhading,Benighat Rorang,NP03,NP0330,NP0330408,7,drinking water,drinking_water_spout_water,27
Bagmati,Dhading,Benighat Rorang,NP03,NP0330,NP0330408,7,drinking water,drinking_water_river_stream,9
Bagmati,Dhading,Benighat Rorang,NP03,NP0330,NP0330408,7,drinking water,drinking_water_jar_bottle,0
Bagmati,Dhading,Benighat Rorang,NP03,NP0330,NP0330408,7,drinking water,drinking_water_other,0
Bagmati,Dhading,Benighat Rorang,NP03,NP0330,NP0330408,7,cooking fuel,cooking_fuel_wood_firewood,284
Bagmati,Dhading,Benighat Rorang,NP03,NP0330,NP0330408,7,cooking fuel,cooking_fuel_lpg,431
Bagmati,Dhading,Benighat Rorang,NP03,NP0330,NP0330408,7,cooking fuel,cooking_fuel_electricity,4
Bagmati,Dhading,Benighat Rorang,NP03,NP0330,NP0330408,7,cooking fuel,cooking_fuel_cowdung,0
Bagmati,Dhading,Benighat Rorang,NP03,NP0330,NP0330408,7,cooking fuel,cooking_fuel_biogas,0
Bagmati,Dhading,Benighat Rorang,NP03,NP0330,NP0330408,7,cooking fuel,cooking_fuel_kerosene,0
Bagmati,Dhading,Benighat Rorang,NP03,NP0330,NP0330408,7,cooking fuel,cooking_fuel_other,0
Bagmati,Dhading,Benighat Rorang,NP03,NP0330,NP0330408,7,lighting fuel,lighting_electricity,679
Bagmati,Dhading,Benighat Rorang,NP03,NP0330,NP0330408,7,lighting fuel,lighting_solar,23
Bagmati,Dhading,Benighat Rorang,NP03,NP0330,NP0330408,7,lighting fuel,lighting_kerosene,10
Bagmati,Dhading,Benighat Rorang,NP03,NP0330,NP0330408,7,lighting fuel,lighting_biogas,0
Bagmati,Dhading,Benighat Rorang,NP03,NP0330,NP0330408,7,lighting fuel,lighting_other,7
Bagmati,Dhading,Benighat Rorang,NP03,NP0330,NP0330408,7,sanitation,toilet_flush_public_sewerage,11
Bagmati,Dhading,Benighat Rorang,NP03,NP0330,NP0330408,7,sanitation,toilet_flush_septic_tank,562
Bagmati,Dhading,Benighat Rorang,NP03,NP0330,NP0330408,7,sanitation,toilet_pit,135
Bagmati,Dhading,Benighat Rorang,NP03,NP0330,NP0330408,7,sanitation,toilet_public,0
Bagmati,Dhading,Benighat Rorang,NP03,NP0330,NP0330408,7,sanitation,toilet_no_toilet,11
Bagmati,Dhading,Benighat Rorang,NP03,NP0330,NP0330408,7,household amenities,hh_amenities_without,24
Bagmati,Dhading,Benighat Rorang,NP03,NP0330,NP0330408,7,household amenities,hh_amenities_at_least_one,695
Bagmati,Dhading,Benighat Rorang,NP03,NP0330,NP0330408,7,household amenities,hh_amenities_radio,256
Bagmati,Dhading,Benighat Rorang,NP03,NP0330,NP0330408,7,household amenities,hh_amenities_television,464
Bagmati,Dhading,Benighat Rorang,NP03,NP0330,NP0330408,7,household amenities,hh_amenities_landline,27
Bagmati,Dhading,Benighat Rorang,NP03,NP0330,NP0330408,7,household amenities,hh_amenities_mobile_phone_ordinary,621
Bagmati,Dhading,Benighat Rorang,NP03,NP0330,NP0330408,7,household amenities,hh_amenities_mobile_phone_smart,593
Bagmati,Dhading,Benighat Rorang,NP03,NP0330,NP0330408,7,household amenities,hh_amenities_computer_laptop,98
Bagmati,Dhading,Benighat Rorang,NP03,NP0330,NP0330408,7,household amenities,hh_amenities_internet,435
Bagmati,Dhading,Benighat Rorang,NP03,NP0330,NP0330408,7,household amenities,hh_amenities_car_jeep_van,22
Bagmati,Dhading,Benighat Rorang,NP03,NP0330,NP0330408,7,household amenities,hh_amenities_motorcycle_scooter,145
Bagmati,Dhading,Benighat Rorang,NP03,NP0330,NP0330408,7,household amenities,hh_amenities_bicycle,120
Bagmati,Dhading,Benighat Rorang,NP03,NP0330,NP0330408,7,household amenities,hh_amenities_electric_fan,439
Bagmati,Dhading,Benighat Rorang,NP03,NP0330,NP0330408,7,household amenities,hh_amenities_refridgerator,297
Bagmati,Dhading,Benighat Rorang,NP03,NP0330,NP0330408,7,household amenities,hh_amenities_washing_machine,40
Bagmati,Dhading,Benighat Rorang,NP03,NP0330,NP0330408,7,household amenities,hh_amenities_air_conditioner,1
Bagmati,Dhading,Benighat Rorang,NP03,NP0330,NP0330408,7,wealth quintile,wealth_quintile_poorest_quintile_count,92
Bagmati,Dhading,Benighat Rorang,NP03,NP0330,NP0330408,7,wealth quintile,wealth_quintile_poorer_quintile_count,121
Bagmati,Dhading,Benighat Rorang,NP03,NP0330,NP0330408,7,wealth quintile,wealth_quintile_middle_quintile_count,71
Bagmati,Dhading,Benighat Rorang,NP03,NP0330,NP0330408,7,wealth quintile,wealth_quintile_richer_quintile_count,194
Bagmati,Dhading,Benighat Rorang,NP03,NP0330,NP0330408,7,wealth quintile,wealth_quintile_richest_quintile_count,241
Bagmati,Dhading,Benighat Rorang,NP03,NP0330,NP0330408,7,wealth quintile,wealth_quintile_poorest_quintile_pc,12.8
Bagmati,Dhading,Benighat Rorang,NP03,NP0330,NP0330408,7,wealth quintile,wealth_quintile_poorer_quintile_pc,16.83
Bagmati,Dhading,Benighat Rorang,NP03,NP0330,NP0330408,7,wealth quintile,wealth_quintile_middle_quintile_pc,9.87
Bagmati,Dhading,Benighat Rorang,NP03,NP0330,NP0330408,7,wealth quintile,wealth_quintile_richer_quintile_pc,26.98
Bagmati,Dhading,Benighat Rorang,NP03,NP0330,NP0330408,7,wealth quintile,wealth_quintile_richest_quintile_pc,33.52
Bagmati,Dhading,Benighat Rorang,NP03,NP0330,NP0330408,7,housing,house_quality_most_adequate_count,337
Bagmati,Dhading,Benighat Rorang,NP03,NP0330,NP0330408,7,housing,house_quality_adequate_count,160
Bagmati,Dhading,Benighat Rorang,NP03,NP0330,NP0330408,7,housing,house_quality_moderate_count,201
Bagmati,Dhading,Benighat Rorang,NP03,NP0330,NP0330408,7,housing,house_quality_inadequate_count,21
Bagmati,Dhading,Benighat Rorang,NP03,NP0330,NP0330408,7,housing,house_quality_least_adequate_count,0
Bagmati,Dhading,Benighat Rorang,NP03,NP0330,NP0330408,7,housing,house_quality_most_adequate_pc,46.87
Bagmati,Dhading,Benighat Rorang,NP03,NP0330,NP0330408,7,housing,house_quality_adequate_pc,22.25
Bagmati,Dhading,Benighat Rorang,NP03,NP0330,NP0330408,7,housing,house_quality_moderate_pc,27.96
Bagmati,Dhading,Benighat Rorang,NP03,NP0330,NP0330408,7,housing,house_quality_inadequate_pc,2.92
Bagmati,Dhading,Benighat Rorang,NP03,NP0330,NP0330408,7,housing,house_quality_least_adequate_pc,0
Bagmati,Dhading,Benighat Rorang,NP03,NP0330,NP0330408,9,demographics,total_households,785
Bagmati,Dhading,Benighat Rorang,NP03,NP0330,NP0330408,9,housing,home_ownership_owned,701
Bagmati,Dhading,Benighat Rorang,NP03,NP0330,NP0330408,9,housing,home_ownership_rented,75
Bagmati,Dhading,Benighat Rorang,NP03,NP0330,NP0330408,9,housing,home_ownership_institutional,7
Bagmati,Dhading,Benighat Rorang,NP03,NP0330,NP0330408,9,housing,home_ownership_other,2
Bagmati,Dhading,Benighat Rorang,NP03,NP0330,NP0330408,9,housing,foundation_mud,422
Bagmati,Dhading,Benighat Rorang,NP03,NP0330,NP0330408,9,housing,foundation_mud_bonded_bricks_stone,140
Bagmati,Dhading,Benighat Rorang,NP03,NP0330,NP0330408,9,housing,foundation_cement_bonded_bricks_stone,216
Bagmati,Dhading,Benighat Rorang,NP03,NP0330,NP0330408,9,housing,foundation_reinforced_cement_concrete_with_pillars,7
Bagmati,Dhading,Benighat Rorang,NP03,NP0330,NP0330408,9,housing,foundation_wooden_pillars,0
Bagmati,Dhading,Benighat Rorang,NP03,NP0330,NP0330408,9,housing,outer_wall_mud_bonded_bricks_stone,419
Bagmati,Dhading,Benighat Rorang,NP03,NP0330,NP0330408,9,housing,outer_wall_cement_bonded_bricks_stone,358
Bagmati,Dhading,Benighat Rorang,NP03,NP0330,NP0330408,9,housing,outer_wall_wood_planks,5
Bagmati,Dhading,Benighat Rorang,NP03,NP0330,NP0330408,9,housing,outer_wall_bamboo,1
Bagmati,Dhading,Benighat Rorang,NP03,NP0330,NP0330408,9,housing,outer_wall_unbaked_bricks,0
Bagmati,Dhading,Benighat Rorang,NP03,NP0330,NP0330408,9,housing,outer_wall_galvanised_sheet,2
Bagmati,Dhading,Benighat Rorang,NP03,NP0330,NP0330408,9,housing,outer_wall_prefabricated_sheet,0
Bagmati,Dhading,Benighat Rorang,NP03,NP0330,NP0330408,9,housing,outer_wall_other,0
Bagmati,Dhading,Benighat Rorang,NP03,NP0330,NP0330408,9,housing,roof_galvanised_sheet,515
Bagmati,Dhading,Benighat Rorang,NP03,NP0330,NP0330408,9,housing,roof_reinforced_cement_concrete,258
Bagmati,Dhading,Benighat Rorang,NP03,NP0330,NP0330408,9,housing,roof_thatch_straw,2
Bagmati,Dhading,Benighat Rorang,NP03,NP0330,NP0330408,9,housing,roof_tile,0
Bagmati,Dhading,Benighat Rorang,NP03,NP0330,NP0330408,9,housing,roof_stone_slate,9
Bagmati,Dhading,Benighat Rorang,NP03,NP0330,NP0330408,9,housing,roof_wood_planks,1
Bagmati,Dhading,Benighat Rorang,NP03,NP0330,NP0330408,9,housing,roof_mud,0
Bagmati,Dhading,Benighat Rorang,NP03,NP0330,NP0330408,9,housing,roof_other,0
Bagmati,Dhading,Benighat Rorang,NP03,NP0330,NP0330408,9,housing,floor_mud,396
Bagmati,Dhading,Benighat Rorang,NP03,NP0330,NP0330408,9,housing,floor_wooden_plank_bamboo,17
Bagmati,Dhading,Benighat Rorang,NP03,NP0330,NP0330408,9,housing,floor_bricks_stone,11
Bagmati,Dhading,Benighat Rorang,NP03,NP0330,NP0330408,9,housing,floor_ceramic_tile,1
Bagmati,Dhading,Benighat Rorang,NP03,NP0330,NP0330408,9,housing,floor_cemented,357
Bagmati,Dhading,Benighat Rorang,NP03,NP0330,NP0330408,9,housing,floor_other,3
Bagmati,Dhading,Benighat Rorang,NP03,NP0330,NP0330408,9,drinking water,drinking_water_tap_piped_within_premises,417
Bagmati,Dhading,Benighat Rorang,NP03,NP0330,NP0330408,9,drinking water,drinking_water_tap_piped_outside_premises,311
Bagmati,Dhading,Benighat Rorang,NP03,NP0330,NP0330408,9,drinking water,drinking_water_tubewell_handpump,0
Bagmati,Dhading,Benighat Rorang,NP03,NP0330,NP0330408,9,drinking water,drinking_water_covered_well_kuwa,5
Bagmati,Dhading,Benighat Rorang,NP03,NP0330,NP0330408,9,drinking water,drinking_water_uncovered_well_kuwa,22
Bagmati,Dhading,Benighat Rorang,NP03,NP0330,NP0330408,9,drinking water,drinking_water_spout_water,29
Bagmati,Dhading,Benighat Rorang,NP03,NP0330,NP0330408,9,drinking water,drinking_water_river_stream,1
Bagmati,Dhading,Benighat Rorang,NP03,NP0330,NP0330408,9,drinking water,drinking_water_jar_bottle,0
Bagmati,Dhading,Benighat Rorang,NP03,NP0330,NP0330408,9,drinking water,drinking_water_other,0
Bagmati,Dhading,Benighat Rorang,NP03,NP0330,NP0330408,9,cooking fuel,cooking_fuel_wood_firewood,492
Bagmati,Dhading,Benighat Rorang,NP03,NP0330,NP0330408,9,cooking fuel,cooking_fuel_lpg,269
Bagmati,Dhading,Benighat Rorang,NP03,NP0330,NP0330408,9,cooking fuel,cooking_fuel_electricity,0
Bagmati,Dhading,Benighat Rorang,NP03,NP0330,NP0330408,9,cooking fuel,cooking_fuel_cowdung,0
Bagmati,Dhading,Benighat Rorang,NP03,NP0330,NP0330408,9,cooking fuel,cooking_fuel_biogas,24
Bagmati,Dhading,Benighat Rorang,NP03,NP0330,NP0330408,9,cooking fuel,cooking_fuel_kerosene,0
Bagmati,Dhading,Benighat Rorang,NP03,NP0330,NP0330408,9,cooking fuel,cooking_fuel_other,0
Bagmati,Dhading,Benighat Rorang,NP03,NP0330,NP0330408,9,lighting fuel,lighting_electricity,742
Bagmati,Dhading,Benighat Rorang,NP03,NP0330,NP0330408,9,lighting fuel,lighting_solar,22
Bagmati,Dhading,Benighat Rorang,NP03,NP0330,NP0330408,9,lighting fuel,lighting_kerosene,17
Bagmati,Dhading,Benighat Rorang,NP03,NP0330,NP0330408,9,lighting fuel,lighting_biogas,2
Bagmati,Dhading,Benighat Rorang,NP03,NP0330,NP0330408,9,lighting fuel,lighting_other,2
Bagmati,Dhading,Benighat Rorang,NP03,NP0330,NP0330408,9,sanitation,toilet_flush_public_sewerage,9
Bagmati,Dhading,Benighat Rorang,NP03,NP0330,NP0330408,9,sanitation,toilet_flush_septic_tank,696
Bagmati,Dhading,Benighat Rorang,NP03,NP0330,NP0330408,9,sanitation,toilet_pit,68
Bagmati,Dhading,Benighat Rorang,NP03,NP0330,NP0330408,9,sanitation,toilet_public,4
Bagmati,Dhading,Benighat Rorang,NP03,NP0330,NP0330408,9,sanitation,toilet_no_toilet,8
Bagmati,Dhading,Benighat Rorang,NP03,NP0330,NP0330408,9,household amenities,hh_amenities_without,118
Bagmati,Dhading,Benighat Rorang,NP03,NP0330,NP0330408,9,household amenities,hh_amenities_at_least_one,667
Bagmati,Dhading,Benighat Rorang,NP03,NP0330,NP0330408,9,household amenities,hh_amenities_radio,252
Bagmati,Dhading,Benighat Rorang,NP03,NP0330,NP0330408,9,household amenities,hh_amenities_television,372
Bagmati,Dhading,Benighat Rorang,NP03,NP0330,NP0330408,9,household amenities,hh_amenities_landline,5
Bagmati,Dhading,Benighat Rorang,NP03,NP0330,NP0330408,9,household amenities,hh_amenities_mobile_phone_ordinary,494
Bagmati,Dhading,Benighat Rorang,NP03,NP0330,NP0330408,9,household amenities,hh_amenities_mobile_phone_smart,411
Bagmati,Dhading,Benighat Rorang,NP03,NP0330,NP0330408,9,household amenities,hh_amenities_computer_laptop,39
Bagmati,Dhading,Benighat Rorang,NP03,NP0330,NP0330408,9,household amenities,hh_amenities_internet,79
Bagmati,Dhading,Benighat Rorang,NP03,NP0330,NP0330408,9,household amenities,hh_amenities_car_jeep_van,13
Bagmati,Dhading,Benighat Rorang,NP03,NP0330,NP0330408,9,household amenities,hh_amenities_motorcycle_scooter,129
Bagmati,Dhading,Benighat Rorang,NP03,NP0330,NP0330408,9,household amenities,hh_amenities_bicycle,14
Bagmati,Dhading,Benighat Rorang,NP03,NP0330,NP0330408,9,household amenities,hh_amenities_electric_fan,298
Bagmati,Dhading,Benighat Rorang,NP03,NP0330,NP0330408,9,household amenities,hh_amenities_refridgerator,189
Bagmati,Dhading,Benighat Rorang,NP03,NP0330,NP0330408,9,household amenities,hh_amenities_washing_machine,9
Bagmati,Dhading,Benighat Rorang,NP03,NP0330,NP0330408,9,household amenities,hh_amenities_air_conditioner,2
Bagmati,Dhading,Benighat Rorang,NP03,NP0330,NP0330408,9,wealth quintile,wealth_quintile_poorest_quintile_count,251
Bagmati,Dhading,Benighat Rorang,NP03,NP0330,NP0330408,9,wealth quintile,wealth_quintile_poorer_quintile_count,161
Bagmati,Dhading,Benighat Rorang,NP03,NP0330,NP0330408,9,wealth quintile,wealth_quintile_middle_quintile_count,98
Bagmati,Dhading,Benighat Rorang,NP03,NP0330,NP0330408,9,wealth quintile,wealth_quintile_richer_quintile_count,167
Bagmati,Dhading,Benighat Rorang,NP03,NP0330,NP0330408,9,wealth quintile,wealth_quintile_richest_quintile_count,108
Bagmati,Dhading,Benighat Rorang,NP03,NP0330,NP0330408,9,wealth quintile,wealth_quintile_poorest_quintile_pc,31.97
Bagmati,Dhading,Benighat Rorang,NP03,NP0330,NP0330408,9,wealth quintile,wealth_quintile_poorer_quintile_pc,20.51
Bagmati,Dhading,Benighat Rorang,NP03,NP0330,NP0330408,9,wealth quintile,wealth_quintile_middle_quintile_pc,12.48
Bagmati,Dhading,Benighat Rorang,NP03,NP0330,NP0330408,9,wealth quintile,wealth_quintile_richer_quintile_pc,21.27
Bagmati,Dhading,Benighat Rorang,NP03,NP0330,NP0330408,9,wealth quintile,wealth_quintile_richest_quintile_pc,13.76
Bagmati,Dhading,Benighat Rorang,NP03,NP0330,NP0330408,9,housing,house_quality_most_adequate_count,254
Bagmati,Dhading,Benighat Rorang,NP03,NP0330,NP0330408,9,housing,house_quality_adequate_count,126
Bagmati,Dhading,Benighat Rorang,NP03,NP0330,NP0330408,9,housing,house_quality_moderate_count,387
Bagmati,Dhading,Benighat Rorang,NP03,NP0330,NP0330408,9,housing,house_quality_inadequate_count,17
Bagmati,Dhading,Benighat Rorang,NP03,NP0330,NP0330408,9,housing,house_quality_least_adequate_count,1
Bagmati,Dhading,Benighat Rorang,NP03,NP0330,NP0330408,9,housing,house_quality_most_adequate_pc,32.36
Bagmati,Dhading,Benighat Rorang,NP03,NP0330,NP0330408,9,housing,house_quality_adequate_pc,16.05
Bagmati,Dhading,Benighat Rorang,NP03,NP0330,NP0330408,9,housing,house_quality_moderate_pc,49.3
Bagmati,Dhading,Benighat Rorang,NP03,NP0330,NP0330408,9,housing,house_quality_inadequate_pc,2.17
Bagmati,Dhading,Benighat Rorang,NP03,NP0330,NP0330408,9,housing,house_quality_least_adequate_pc,0.13
Bagmati,Dhading,Benighat Rorang,NP03,NP0330,NP0330408,10,demographics,total_households,1019
Bagmati,Dhading,Benighat Rorang,NP03,NP0330,NP0330408,10,housing,home_ownership_owned,986
Bagmati,Dhading,Benighat Rorang,NP03,NP0330,NP0330408,10,housing,home_ownership_rented,27
Bagmati,Dhading,Benighat Rorang,NP03,NP0330,NP0330408,10,housing,home_ownership_institutional,3
Bagmati,Dhading,Benighat Rorang,NP03,NP0330,NP0330408,10,housing,home_ownership_other,3
Bagmati,Dhading,Benighat Rorang,NP03,NP0330,NP0330408,10,housing,foundation_mud,785
Bagmati,Dhading,Benighat Rorang,NP03,NP0330,NP0330408,10,housing,foundation_mud_bonded_bricks_stone,138
Bagmati,Dhading,Benighat Rorang,NP03,NP0330,NP0330408,10,housing,foundation_cement_bonded_bricks_stone,91
Bagmati,Dhading,Benighat Rorang,NP03,NP0330,NP0330408,10,housing,foundation_reinforced_cement_concrete_with_pillars,5
Bagmati,Dhading,Benighat Rorang,NP03,NP0330,NP0330408,10,housing,foundation_wooden_pillars,0
Bagmati,Dhading,Benighat Rorang,NP03,NP0330,NP0330408,10,housing,outer_wall_mud_bonded_bricks_stone,775
Bagmati,Dhading,Benighat Rorang,NP03,NP0330,NP0330408,10,housing,outer_wall_cement_bonded_bricks_stone,235
Bagmati,Dhading,Benighat Rorang,NP03,NP0330,NP0330408,10,housing,outer_wall_wood_planks,6
Bagmati,Dhading,Benighat Rorang,NP03,NP0330,NP0330408,10,housing,outer_wall_bamboo,2
Bagmati,Dhading,Benighat Rorang,NP03,NP0330,NP0330408,10,housing,outer_wall_unbaked_bricks,0
Bagmati,Dhading,Benighat Rorang,NP03,NP0330,NP0330408,10,housing,outer_wall_galvanised_sheet,0
Bagmati,Dhading,Benighat Rorang,NP03,NP0330,NP0330408,10,housing,outer_wall_prefabricated_sheet,0
Bagmati,Dhading,Benighat Rorang,NP03,NP0330,NP0330408,10,housing,outer_wall_other,1
Bagmati,Dhading,Benighat Rorang,NP03,NP0330,NP0330408,10,housing,roof_galvanised_sheet,830
Bagmati,Dhading,Benighat Rorang,NP03,NP0330,NP0330408,10,housing,roof_reinforced_cement_concrete,138
Bagmati,Dhading,Benighat Rorang,NP03,NP0330,NP0330408,10,housing,roof_thatch_straw,2
Bagmati,Dhading,Benighat Rorang,NP03,NP0330,NP0330408,10,housing,roof_tile,0
Bagmati,Dhading,Benighat Rorang,NP03,NP0330,NP0330408,10,housing,roof_stone_slate,47
Bagmati,Dhading,Benighat Rorang,NP03,NP0330,NP0330408,10,housing,roof_wood_planks,2
Bagmati,Dhading,Benighat Rorang,NP03,NP0330,NP0330408,10,housing,roof_mud,0
Bagmati,Dhading,Benighat Rorang,NP03,NP0330,NP0330408,10,housing,roof_other,0
Bagmati,Dhading,Benighat Rorang,NP03,NP0330,NP0330408,10,housing,floor_mud,686
Bagmati,Dhading,Benighat Rorang,NP03,NP0330,NP0330408,10,housing,floor_wooden_plank_bamboo,14
Bagmati,Dhading,Benighat Rorang,NP03,NP0330,NP0330408,10,housing,floor_bricks_stone,7
Bagmati,Dhading,Benighat Rorang,NP03,NP0330,NP0330408,10,housing,floor_ceramic_tile,4
Bagmati,Dhading,Benighat Rorang,NP03,NP0330,NP0330408,10,housing,floor_cemented,308
Bagmati,Dhading,Benighat Rorang,NP03,NP0330,NP0330408,10,housing,floor_other,0
Bagmati,Dhading,Benighat Rorang,NP03,NP0330,NP0330408,10,drinking water,drinking_water_tap_piped_within_premises,201
Bagmati,Dhading,Benighat Rorang,NP03,NP0330,NP0330408,10,drinking water,drinking_water_tap_piped_outside_premises,697
Bagmati,Dhading,Benighat Rorang,NP03,NP0330,NP0330408,10,drinking water,drinking_water_tubewell_handpump,1
Bagmati,Dhading,Benighat Rorang,NP03,NP0330,NP0330408,10,drinking water,drinking_water_covered_well_kuwa,4
Bagmati,Dhading,Benighat Rorang,NP03,NP0330,NP0330408,10,drinking water,drinking_water_uncovered_well_kuwa,28
Bagmati,Dhading,Benighat Rorang,NP03,NP0330,NP0330408,10,drinking water,drinking_water_spout_water,82
Bagmati,Dhading,Benighat Rorang,NP03,NP0330,NP0330408,10,drinking water,drinking_water_river_stream,6
Bagmati,Dhading,Benighat Rorang,NP03,NP0330,NP0330408,10,drinking water,drinking_water_jar_bottle,0
Bagmati,Dhading,Benighat Rorang,NP03,NP0330,NP0330408,10,drinking water,drinking_water_other,0
Bagmati,Dhading,Benighat Rorang,NP03,NP0330,NP0330408,10,cooking fuel,cooking_fuel_wood_firewood,712
Bagmati,Dhading,Benighat Rorang,NP03,NP0330,NP0330408,10,cooking fuel,cooking_fuel_lpg,292
Bagmati,Dhading,Benighat Rorang,NP03,NP0330,NP0330408,10,cooking fuel,cooking_fuel_electricity,6
Bagmati,Dhading,Benighat Rorang,NP03,NP0330,NP0330408,10,cooking fuel,cooking_fuel_cowdung,0
Bagmati,Dhading,Benighat Rorang,NP03,NP0330,NP0330408,10,cooking fuel,cooking_fuel_biogas,8
Bagmati,Dhading,Benighat Rorang,NP03,NP0330,NP0330408,10,cooking fuel,cooking_fuel_kerosene,0
Bagmati,Dhading,Benighat Rorang,NP03,NP0330,NP0330408,10,cooking fuel,cooking_fuel_other,1
Bagmati,Dhading,Benighat Rorang,NP03,NP0330,NP0330408,10,lighting fuel,lighting_electricity,948
Bagmati,Dhading,Benighat Rorang,NP03,NP0330,NP0330408,10,lighting fuel,lighting_solar,58
Bagmati,Dhading,Benighat Rorang,NP03,NP0330,NP0330408,10,lighting fuel,lighting_kerosene,4
Bagmati,Dhading,Benighat Rorang,NP03,NP0330,NP0330408,10,lighting fuel,lighting_biogas,1
Bagmati,Dhading,Benighat Rorang,NP03,NP0330,NP0330408,10,lighting fuel,lighting_other,8
Bagmati,Dhading,Benighat Rorang,NP03,NP0330,NP0330408,10,sanitation,toilet_flush_public_sewerage,45
Bagmati,Dhading,Benighat Rorang,NP03,NP0330,NP0330408,10,sanitation,toilet_flush_septic_tank,535
Bagmati,Dhading,Benighat Rorang,NP03,NP0330,NP0330408,10,sanitation,toilet_pit,381
Bagmati,Dhading,Benighat Rorang,NP03,NP0330,NP0330408,10,sanitation,toilet_public,10
Bagmati,Dhading,Benighat Rorang,NP03,NP0330,NP0330408,10,sanitation,toilet_no_toilet,48
Bagmati,Dhading,Benighat Rorang,NP03,NP0330,NP0330408,10,household amenities,hh_amenities_without,165
Bagmati,Dhading,Benighat Rorang,NP03,NP0330,NP0330408,10,household amenities,hh_amenities_at_least_one,854
Bagmati,Dhading,Benighat Rorang,NP03,NP0330,NP0330408,10,household amenities,hh_amenities_radio,193
Bagmati,Dhading,Benighat Rorang,NP03,NP0330,NP0330408,10,household amenities,hh_amenities_television,360
Bagmati,Dhading,Benighat Rorang,NP03,NP0330,NP0330408,10,household amenities,hh_amenities_landline,3
Bagmati,Dhading,Benighat Rorang,NP03,NP0330,NP0330408,10,household amenities,hh_amenities_mobile_phone_ordinary,681
Bagmati,Dhading,Benighat Rorang,NP03,NP0330,NP0330408,10,household amenities,hh_amenities_mobile_phone_smart,508
Bagmati,Dhading,Benighat Rorang,NP03,NP0330,NP0330408,10,household amenities,hh_amenities_computer_laptop,22
Bagmati,Dhading,Benighat Rorang,NP03,NP0330,NP0330408,10,household amenities,hh_amenities_internet,39
Bagmati,Dhading,Benighat Rorang,NP03,NP0330,NP0330408,10,household amenities,hh_amenities_car_jeep_van,8
Bagmati,Dhading,Benighat Rorang,NP03,NP0330,NP0330408,10,household amenities,hh_amenities_motorcycle_scooter,69
Bagmati,Dhading,Benighat Rorang,NP03,NP0330,NP0330408,10,household amenities,hh_amenities_bicycle,5
Bagmati,Dhading,Benighat Rorang,NP03,NP0330,NP0330408,10,household amenities,hh_amenities_electric_fan,114
Bagmati,Dhading,Benighat Rorang,NP03,NP0330,NP0330408,10,household amenities,hh_amenities_refridgerator,79
Bagmati,Dhading,Benighat Rorang,NP03,NP0330,NP0330408,10,household amenities,hh_amenities_washing_machine,3
Bagmati,Dhading,Benighat Rorang,NP03,NP0330,NP0330408,10,household amenities,hh_amenities_air_conditioner,3
Bagmati,Dhading,Benighat Rorang,NP03,NP0330,NP0330408,10,wealth quintile,wealth_quintile_poorest_quintile_count,452
Bagmati,Dhading,Benighat Rorang,NP03,NP0330,NP0330408,10,wealth quintile,wealth_quintile_poorer_quintile_count,265
Bagmati,Dhading,Benighat Rorang,NP03,NP0330,NP0330408,10,wealth quintile,wealth_quintile_middle_quintile_count,161
Bagmati,Dhading,Benighat Rorang,NP03,NP0330,NP0330408,10,wealth quintile,wealth_quintile_richer_quintile_count,104
Bagmati,Dhading,Benighat Rorang,NP03,NP0330,NP0330408,10,wealth quintile,wealth_quintile_richest_quintile_count,37
Bagmati,Dhading,Benighat Rorang,NP03,NP0330,NP0330408,10,wealth quintile,wealth_quintile_poorest_quintile_pc,44.36
Bagmati,Dhading,Benighat Rorang,NP03,NP0330,NP0330408,10,wealth quintile,wealth_quintile_poorer_quintile_pc,26.01
Bagmati,Dhading,Benighat Rorang,NP03,NP0330,NP0330408,10,wealth quintile,wealth_quintile_middle_quintile_pc,15.8
Bagmati,Dhading,Benighat Rorang,NP03,NP0330,NP0330408,10,wealth quintile,wealth_quintile_richer_quintile_pc,10.21
Bagmati,Dhading,Benighat Rorang,NP03,NP0330,NP0330408,10,wealth quintile,wealth_quintile_richest_quintile_pc,3.63
Bagmati,Dhading,Benighat Rorang,NP03,NP0330,NP0330408,10,housing,house_quality_most_adequate_count,117
Bagmati,Dhading,Benighat Rorang,NP03,NP0330,NP0330408,10,housing,house_quality_adequate_count,220
Bagmati,Dhading,Benighat Rorang,NP03,NP0330,NP0330408,10,housing,house_quality_moderate_count,627
Bagmati,Dhading,Benighat Rorang,NP03,NP0330,NP0330408,10,housing,house_quality_inadequate_count,54
Bagmati,Dhading,Benighat Rorang,NP03,NP0330,NP0330408,10,housing,house_quality_least_adequate_count,1
Bagmati,Dhading,Benighat Rorang,NP03,NP0330,NP0330408,10,housing,house_quality_most_adequate_pc,11.48
Bagmati,Dhading,Benighat Rorang,NP03,NP0330,NP0330408,10,housing,house_quality_adequate_pc,21.59
Bagmati,Dhading,Benighat Rorang,NP03,NP0330,NP0330408,10,housing,house_quality_moderate_pc,61.53
Bagmati,Dhading,Benighat Rorang,NP03,NP0330,NP0330408,10,housing,house_quality_inadequate_pc,5.3
Bagmati,Dhading,Benighat Rorang,NP03,NP0330,NP0330408,10,housing,house_quality_least_adequate_pc,0.1
Bagmati,Dhading,Gajuri,NP03,NP0330,NP0330409,1,demographics,total_households,1427
Bagmati,Dhading,Gajuri,NP03,NP0330,NP0330409,1,housing,home_ownership_owned,977
Bagmati,Dhading,Gajuri,NP03,NP0330,NP0330409,1,housing,home_ownership_rented,431
Bagmati,Dhading,Gajuri,NP03,NP0330,NP0330409,1,housing,home_ownership_institutional,11
Bagmati,Dhading,Gajuri,NP03,NP0330,NP0330409,1,housing,home_ownership_other,8
Bagmati,Dhading,Gajuri,NP03,NP0330,NP0330409,1,housing,foundation_mud,265
Bagmati,Dhading,Gajuri,NP03,NP0330,NP0330409,1,housing,foundation_mud_bonded_bricks_stone,451
Bagmati,Dhading,Gajuri,NP03,NP0330,NP0330409,1,housing,foundation_cement_bonded_bricks_stone,690
Bagmati,Dhading,Gajuri,NP03,NP0330,NP0330409,1,housing,foundation_reinforced_cement_concrete_with_pillars,18
Bagmati,Dhading,Gajuri,NP03,NP0330,NP0330409,1,housing,foundation_wooden_pillars,3
Bagmati,Dhading,Gajuri,NP03,NP0330,NP0330409,1,housing,outer_wall_mud_bonded_bricks_stone,235
Bagmati,Dhading,Gajuri,NP03,NP0330,NP0330409,1,housing,outer_wall_cement_bonded_bricks_stone,1171
Bagmati,Dhading,Gajuri,NP03,NP0330,NP0330409,1,housing,outer_wall_wood_planks,9
Bagmati,Dhading,Gajuri,NP03,NP0330,NP0330409,1,housing,outer_wall_bamboo,2
Bagmati,Dhading,Gajuri,NP03,NP0330,NP0330409,1,housing,outer_wall_unbaked_bricks,0
Bagmati,Dhading,Gajuri,NP03,NP0330,NP0330409,1,housing,outer_wall_galvanised_sheet,7
Bagmati,Dhading,Gajuri,NP03,NP0330,NP0330409,1,housing,outer_wall_prefabricated_sheet,0
Bagmati,Dhading,Gajuri,NP03,NP0330,NP0330409,1,housing,outer_wall_other,3
Bagmati,Dhading,Gajuri,NP03,NP0330,NP0330409,1,housing,roof_galvanised_sheet,532
Bagmati,Dhading,Gajuri,NP03,NP0330,NP0330409,1,housing,roof_reinforced_cement_concrete,838
Bagmati,Dhading,Gajuri,NP03,NP0330,NP0330409,1,housing,roof_thatch_straw,2
Bagmati,Dhading,Gajuri,NP03,NP0330,NP0330409,1,housing,roof_tile,0
Bagmati,Dhading,Gajuri,NP03,NP0330,NP0330409,1,housing,roof_stone_slate,50
Bagmati,Dhading,Gajuri,NP03,NP0330,NP0330409,1,housing,roof_wood_planks,2
Bagmati,Dhading,Gajuri,NP03,NP0330,NP0330409,1,housing,roof_mud,0
Bagmati,Dhading,Gajuri,NP03,NP0330,NP0330409,1,housing,roof_other,3
Bagmati,Dhading,Gajuri,NP03,NP0330,NP0330409,1,housing,floor_mud,218
Bagmati,Dhading,Gajuri,NP03,NP0330,NP0330409,1,housing,floor_wooden_plank_bamboo,11
Bagmati,Dhading,Gajuri,NP03,NP0330,NP0330409,1,housing,floor_bricks_stone,6
Bagmati,Dhading,Gajuri,NP03,NP0330,NP0330409,1,housing,floor_ceramic_tile,22
Bagmati,Dhading,Gajuri,NP03,NP0330,NP0330409,1,housing,floor_cemented,1162
Bagmati,Dhading,Gajuri,NP03,NP0330,NP0330409,1,housing,floor_other,8
Bagmati,Dhading,Gajuri,NP03,NP0330,NP0330409,1,drinking water,drinking_water_tap_piped_within_premises,887
Bagmati,Dhading,Gajuri,NP03,NP0330,NP0330409,1,drinking water,drinking_water_tap_piped_outside_premises,427
Bagmati,Dhading,Gajuri,NP03,NP0330,NP0330409,1,drinking water,drinking_water_tubewell_handpump,2
Bagmati,Dhading,Gajuri,NP03,NP0330,NP0330409,1,drinking water,drinking_water_covered_well_kuwa,20
Bagmati,Dhading,Gajuri,NP03,NP0330,NP0330409,1,drinking water,drinking_water_uncovered_well_kuwa,11
Bagmati,Dhading,Gajuri,NP03,NP0330,NP0330409,1,drinking water,drinking_water_spout_water,69
Bagmati,Dhading,Gajuri,NP03,NP0330,NP0330409,1,drinking water,drinking_water_river_stream,1
Bagmati,Dhading,Gajuri,NP03,NP0330,NP0330409,1,drinking water,drinking_water_jar_bottle,6
Bagmati,Dhading,Gajuri,NP03,NP0330,NP0330409,1,drinking water,drinking_water_other,4
Bagmati,Dhading,Gajuri,NP03,NP0330,NP0330409,1,cooking fuel,cooking_fuel_wood_firewood,330
Bagmati,Dhading,Gajuri,NP03,NP0330,NP0330409,1,cooking fuel,cooking_fuel_lpg,1094
Bagmati,Dhading,Gajuri,NP03,NP0330,NP0330409,1,cooking fuel,cooking_fuel_electricity,0
Bagmati,Dhading,Gajuri,NP03,NP0330,NP0330409,1,cooking fuel,cooking_fuel_cowdung,0
Bagmati,Dhading,Gajuri,NP03,NP0330,NP0330409,1,cooking fuel,cooking_fuel_biogas,0
Bagmati,Dhading,Gajuri,NP03,NP0330,NP0330409,1,cooking fuel,cooking_fuel_kerosene,2
Bagmati,Dhading,Gajuri,NP03,NP0330,NP0330409,1,cooking fuel,cooking_fuel_other,1
Bagmati,Dhading,Gajuri,NP03,NP0330,NP0330409,1,lighting fuel,lighting_electricity,1398
Bagmati,Dhading,Gajuri,NP03,NP0330,NP0330409,1,lighting fuel,lighting_solar,20
Bagmati,Dhading,Gajuri,NP03,NP0330,NP0330409,1,lighting fuel,lighting_kerosene,3
Bagmati,Dhading,Gajuri,NP03,NP0330,NP0330409,1,lighting fuel,lighting_biogas,0
Bagmati,Dhading,Gajuri,NP03,NP0330,NP0330409,1,lighting fuel,lighting_other,6
Bagmati,Dhading,Gajuri,NP03,NP0330,NP0330409,1,sanitation,toilet_flush_public_sewerage,13
Bagmati,Dhading,Gajuri,NP03,NP0330,NP0330409,1,sanitation,toilet_flush_septic_tank,1279
Bagmati,Dhading,Gajuri,NP03,NP0330,NP0330409,1,sanitation,toilet_pit,82
Bagmati,Dhading,Gajuri,NP03,NP0330,NP0330409,1,sanitation,toilet_public,1
Bagmati,Dhading,Gajuri,NP03,NP0330,NP0330409,1,sanitation,toilet_no_toilet,52
Bagmati,Dhading,Gajuri,NP03,NP0330,NP0330409,1,household amenities,hh_amenities_without,44
Bagmati,Dhading,Gajuri,NP03,NP0330,NP0330409,1,household amenities,hh_amenities_at_least_one,1383
Bagmati,Dhading,Gajuri,NP03,NP0330,NP0330409,1,household amenities,hh_amenities_radio,264
Bagmati,Dhading,Gajuri,NP03,NP0330,NP0330409,1,household amenities,hh_amenities_television,818
Bagmati,Dhading,Gajuri,NP03,NP0330,NP0330409,1,household amenities,hh_amenities_landline,101
Bagmati,Dhading,Gajuri,NP03,NP0330,NP0330409,1,household amenities,hh_amenities_mobile_phone_ordinary,1005
Bagmati,Dhading,Gajuri,NP03,NP0330,NP0330409,1,household amenities,hh_amenities_mobile_phone_smart,1058
Bagmati,Dhading,Gajuri,NP03,NP0330,NP0330409,1,household amenities,hh_amenities_computer_laptop,244
Bagmati,Dhading,Gajuri,NP03,NP0330,NP0330409,1,household amenities,hh_amenities_internet,589
Bagmati,Dhading,Gajuri,NP03,NP0330,NP0330409,1,household amenities,hh_amenities_car_jeep_van,48
Bagmati,Dhading,Gajuri,NP03,NP0330,NP0330409,1,household amenities,hh_amenities_motorcycle_scooter,408
Bagmati,Dhading,Gajuri,NP03,NP0330,NP0330409,1,household amenities,hh_amenities_bicycle,113
Bagmati,Dhading,Gajuri,NP03,NP0330,NP0330409,1,household amenities,hh_amenities_electric_fan,932
Bagmati,Dhading,Gajuri,NP03,NP0330,NP0330409,1,household amenities,hh_amenities_refridgerator,496
Bagmati,Dhading,Gajuri,NP03,NP0330,NP0330409,1,household amenities,hh_amenities_washing_machine,47
Bagmati,Dhading,Gajuri,NP03,NP0330,NP0330409,1,household amenities,hh_amenities_air_conditioner,10
Bagmati,Dhading,Gajuri,NP03,NP0330,NP0330409,1,wealth quintile,wealth_quintile_poorest_quintile_count,89
Bagmati,Dhading,Gajuri,NP03,NP0330,NP0330409,1,wealth quintile,wealth_quintile_poorer_quintile_count,112
Bagmati,Dhading,Gajuri,NP03,NP0330,NP0330409,1,wealth quintile,wealth_quintile_middle_quintile_count,311
Bagmati,Dhading,Gajuri,NP03,NP0330,NP0330409,1,wealth quintile,wealth_quintile_richer_quintile_count,458
Bagmati,Dhading,Gajuri,NP03,NP0330,NP0330409,1,wealth quintile,wealth_quintile_richest_quintile_count,457
Bagmati,Dhading,Gajuri,NP03,NP0330,NP0330409,1,wealth quintile,wealth_quintile_poorest_quintile_pc,6.24
Bagmati,Dhading,Gajuri,NP03,NP0330,NP0330409,1,wealth quintile,wealth_quintile_poorer_quintile_pc,7.85
Bagmati,Dhading,Gajuri,NP03,NP0330,NP0330409,1,wealth quintile,wealth_quintile_middle_quintile_pc,21.79
Bagmati,Dhading,Gajuri,NP03,NP0330,NP0330409,1,wealth quintile,wealth_quintile_richer_quintile_pc,32.1
Bagmati,Dhading,Gajuri,NP03,NP0330,NP0330409,1,wealth quintile,wealth_quintile_richest_quintile_pc,32.03
Bagmati,Dhading,Gajuri,NP03,NP0330,NP0330409,1,housing,house_quality_most_adequate_count,897
Bagmati,Dhading,Gajuri,NP03,NP0330,NP0330409,1,housing,house_quality_adequate_count,337
Bagmati,Dhading,Gajuri,NP03,NP0330,NP0330409,1,housing,house_quality_moderate_count,176
Bagmati,Dhading,Gajuri,NP03,NP0330,NP0330409,1,housing,house_quality_inadequate_count,17
Bagmati,Dhading,Gajuri,NP03,NP0330,NP0330409,1,housing,house_quality_least_adequate_count,0
Bagmati,Dhading,Gajuri,NP03,NP0330,NP0330409,1,housing,house_quality_most_adequate_pc,62.86
Bagmati,Dhading,Gajuri,NP03,NP0330,NP0330409,1,housing,house_quality_adequate_pc,23.62
Bagmati,Dhading,Gajuri,NP03,NP0330,NP0330409,1,housing,house_quality_moderate_pc,12.33
Bagmati,Dhading,Gajuri,NP03,NP0330,NP0330409,1,housing,house_quality_inadequate_pc,1.19
Bagmati,Dhading,Gajuri,NP03,NP0330,NP0330409,1,housing,house_quality_least_adequate_pc,0
Bagmati,Dhading,Gajuri,NP03,NP0330,NP0330409,2,demographics,total_households,1034
Bagmati,Dhading,Gajuri,NP03,NP0330,NP0330409,2,housing,home_ownership_owned,855
Bagmati,Dhading,Gajuri,NP03,NP0330,NP0330409,2,housing,home_ownership_rented,172
Bagmati,Dhading,Gajuri,NP03,NP0330,NP0330409,2,housing,home_ownership_institutional,3
Bagmati,Dhading,Gajuri,NP03,NP0330,NP0330409,2,housing,home_ownership_other,4
Bagmati,Dhading,Gajuri,NP03,NP0330,NP0330409,2,housing,foundation_mud,360
Bagmati,Dhading,Gajuri,NP03,NP0330,NP0330409,2,housing,foundation_mud_bonded_bricks_stone,356
Bagmati,Dhading,Gajuri,NP03,NP0330,NP0330409,2,housing,foundation_cement_bonded_bricks_stone,294
Bagmati,Dhading,Gajuri,NP03,NP0330,NP0330409,2,housing,foundation_reinforced_cement_concrete_with_pillars,15
Bagmati,Dhading,Gajuri,NP03,NP0330,NP0330409,2,housing,foundation_wooden_pillars,9
Bagmati,Dhading,Gajuri,NP03,NP0330,NP0330409,2,housing,outer_wall_mud_bonded_bricks_stone,349
Bagmati,Dhading,Gajuri,NP03,NP0330,NP0330409,2,housing,outer_wall_cement_bonded_bricks_stone,656
Bagmati,Dhading,Gajuri,NP03,NP0330,NP0330409,2,housing,outer_wall_wood_planks,6
Bagmati,Dhading,Gajuri,NP03,NP0330,NP0330409,2,housing,outer_wall_bamboo,6
Bagmati,Dhading,Gajuri,NP03,NP0330,NP0330409,2,housing,outer_wall_unbaked_bricks,0
Bagmati,Dhading,Gajuri,NP03,NP0330,NP0330409,2,housing,outer_wall_galvanised_sheet,8
Bagmati,Dhading,Gajuri,NP03,NP0330,NP0330409,2,housing,outer_wall_prefabricated_sheet,0
Bagmati,Dhading,Gajuri,NP03,NP0330,NP0330409,2,housing,outer_wall_other,9
Bagmati,Dhading,Gajuri,NP03,NP0330,NP0330409,2,housing,roof_galvanised_sheet,588
Bagmati,Dhading,Gajuri,NP03,NP0330,NP0330409,2,housing,roof_reinforced_cement_concrete,367
Bagmati,Dhading,Gajuri,NP03,NP0330,NP0330409,2,housing,roof_thatch_straw,8
Bagmati,Dhading,Gajuri,NP03,NP0330,NP0330409,2,housing,roof_tile,0
Bagmati,Dhading,Gajuri,NP03,NP0330,NP0330409,2,housing,roof_stone_slate,63
Bagmati,Dhading,Gajuri,NP03,NP0330,NP0330409,2,housing,roof_wood_planks,0
Bagmati,Dhading,Gajuri,NP03,NP0330,NP0330409,2,housing,roof_mud,0
Bagmati,Dhading,Gajuri,NP03,NP0330,NP0330409,2,housing,roof_other,8
Bagmati,Dhading,Gajuri,NP03,NP0330,NP0330409,2,housing,floor_mud,338
Bagmati,Dhading,Gajuri,NP03,NP0330,NP0330409,2,housing,floor_wooden_plank_bamboo,42
Bagmati,Dhading,Gajuri,NP03,NP0330,NP0330409,2,housing,floor_bricks_stone,1
Bagmati,Dhading,Gajuri,NP03,NP0330,NP0330409,2,housing,floor_ceramic_tile,6
Bagmati,Dhading,Gajuri,NP03,NP0330,NP0330409,2,housing,floor_cemented,646
Bagmati,Dhading,Gajuri,NP03,NP0330,NP0330409,2,housing,floor_other,1
Bagmati,Dhading,Gajuri,NP03,NP0330,NP0330409,2,drinking water,drinking_water_tap_piped_within_premises,419
Bagmati,Dhading,Gajuri,NP03,NP0330,NP0330409,2,drinking water,drinking_water_tap_piped_outside_premises,479
Bagmati,Dhading,Gajuri,NP03,NP0330,NP0330409,2,drinking water,drinking_water_tubewell_handpump,4
Bagmati,Dhading,Gajuri,NP03,NP0330,NP0330409,2,drinking water,drinking_water_covered_well_kuwa,31
Bagmati,Dhading,Gajuri,NP03,NP0330,NP0330409,2,drinking water,drinking_water_uncovered_well_kuwa,50
Bagmati,Dhading,Gajuri,NP03,NP0330,NP0330409,2,drinking water,drinking_water_spout_water,8
Bagmati,Dhading,Gajuri,NP03,NP0330,NP0330409,2,drinking water,drinking_water_river_stream,40
Bagmati,Dhading,Gajuri,NP03,NP0330,NP0330409,2,drinking water,drinking_water_jar_bottle,3
Bagmati,Dhading,Gajuri,NP03,NP0330,NP0330409,2,drinking water,drinking_water_other,0
Bagmati,Dhading,Gajuri,NP03,NP0330,NP0330409,2,cooking fuel,cooking_fuel_wood_firewood,502
Bagmati,Dhading,Gajuri,NP03,NP0330,NP0330409,2,cooking fuel,cooking_fuel_lpg,514
Bagmati,Dhading,Gajuri,NP03,NP0330,NP0330409,2,cooking fuel,cooking_fuel_electricity,2
Bagmati,Dhading,Gajuri,NP03,NP0330,NP0330409,2,cooking fuel,cooking_fuel_cowdung,0
Bagmati,Dhading,Gajuri,NP03,NP0330,NP0330409,2,cooking fuel,cooking_fuel_biogas,10
Bagmati,Dhading,Gajuri,NP03,NP0330,NP0330409,2,cooking fuel,cooking_fuel_kerosene,3
Bagmati,Dhading,Gajuri,NP03,NP0330,NP0330409,2,cooking fuel,cooking_fuel_other,3
Bagmati,Dhading,Gajuri,NP03,NP0330,NP0330409,2,lighting fuel,lighting_electricity,1014
Bagmati,Dhading,Gajuri,NP03,NP0330,NP0330409,2,lighting fuel,lighting_solar,9
Bagmati,Dhading,Gajuri,NP03,NP0330,NP0330409,2,lighting fuel,lighting_kerosene,5
Bagmati,Dhading,Gajuri,NP03,NP0330,NP0330409,2,lighting fuel,lighting_biogas,2
Bagmati,Dhading,Gajuri,NP03,NP0330,NP0330409,2,lighting fuel,lighting_other,4
Bagmati,Dhading,Gajuri,NP03,NP0330,NP0330409,2,sanitation,toilet_flush_public_sewerage,18
Bagmati,Dhading,Gajuri,NP03,NP0330,NP0330409,2,sanitation,toilet_flush_septic_tank,917
Bagmati,Dhading,Gajuri,NP03,NP0330,NP0330409,2,sanitation,toilet_pit,54
Bagmati,Dhading,Gajuri,NP03,NP0330,NP0330409,2,sanitation,toilet_public,19
Bagmati,Dhading,Gajuri,NP03,NP0330,NP0330409,2,sanitation,toilet_no_toilet,26
Bagmati,Dhading,Gajuri,NP03,NP0330,NP0330409,2,household amenities,hh_amenities_without,27
Bagmati,Dhading,Gajuri,NP03,NP0330,NP0330409,2,household amenities,hh_amenities_at_least_one,1007
Bagmati,Dhading,Gajuri,NP03,NP0330,NP0330409,2,household amenities,hh_amenities_radio,389
Bagmati,Dhading,Gajuri,NP03,NP0330,NP0330409,2,household amenities,hh_amenities_television,549
Bagmati,Dhading,Gajuri,NP03,NP0330,NP0330409,2,household amenities,hh_amenities_landline,9
Bagmati,Dhading,Gajuri,NP03,NP0330,NP0330409,2,household amenities,hh_amenities_mobile_phone_ordinary,826
Bagmati,Dhading,Gajuri,NP03,NP0330,NP0330409,2,household amenities,hh_amenities_mobile_phone_smart,581
Bagmati,Dhading,Gajuri,NP03,NP0330,NP0330409,2,household amenities,hh_amenities_computer_laptop,75
Bagmati,Dhading,Gajuri,NP03,NP0330,NP0330409,2,household amenities,hh_amenities_internet,213
Bagmati,Dhading,Gajuri,NP03,NP0330,NP0330409,2,household amenities,hh_amenities_car_jeep_van,15
Bagmati,Dhading,Gajuri,NP03,NP0330,NP0330409,2,household amenities,hh_amenities_motorcycle_scooter,216
Bagmati,Dhading,Gajuri,NP03,NP0330,NP0330409,2,household amenities,hh_amenities_bicycle,24
Bagmati,Dhading,Gajuri,NP03,NP0330,NP0330409,2,household amenities,hh_amenities_electric_fan,448
Bagmati,Dhading,Gajuri,NP03,NP0330,NP0330409,2,household amenities,hh_amenities_refridgerator,283
Bagmati,Dhading,Gajuri,NP03,NP0330,NP0330409,2,household amenities,hh_amenities_washing_machine,30
Bagmati,Dhading,Gajuri,NP03,NP0330,NP0330409,2,household amenities,hh_amenities_air_conditioner,1
Bagmati,Dhading,Gajuri,NP03,NP0330,NP0330409,2,wealth quintile,wealth_quintile_poorest_quintile_count,213
Bagmati,Dhading,Gajuri,NP03,NP0330,NP0330409,2,wealth quintile,wealth_quintile_poorer_quintile_count,126
Bagmati,Dhading,Gajuri,NP03,NP0330,NP0330409,2,wealth quintile,wealth_quintile_middle_quintile_count,253
Bagmati,Dhading,Gajuri,NP03,NP0330,NP0330409,2,wealth quintile,wealth_quintile_richer_quintile_count,253
Bagmati,Dhading,Gajuri,NP03,NP0330,NP0330409,2,wealth quintile,wealth_quintile_richest_quintile_count,189
Bagmati,Dhading,Gajuri,NP03,NP0330,NP0330409,2,wealth quintile,wealth_quintile_poorest_quintile_pc,20.6
Bagmati,Dhading,Gajuri,NP03,NP0330,NP0330409,2,wealth quintile,wealth_quintile_poorer_quintile_pc,12.19
Bagmati,Dhading,Gajuri,NP03,NP0330,NP0330409,2,wealth quintile,wealth_quintile_middle_quintile_pc,24.47
Bagmati,Dhading,Gajuri,NP03,NP0330,NP0330409,2,wealth quintile,wealth_quintile_richer_quintile_pc,24.47
Bagmati,Dhading,Gajuri,NP03,NP0330,NP0330409,2,wealth quintile,wealth_quintile_richest_quintile_pc,18.28
Bagmati,Dhading,Gajuri,NP03,NP0330,NP0330409,2,housing,house_quality_most_adequate_count,392
Bagmati,Dhading,Gajuri,NP03,NP0330,NP0330409,2,housing,house_quality_adequate_count,301
Bagmati,Dhading,Gajuri,NP03,NP0330,NP0330409,2,housing,house_quality_moderate_count,316
Bagmati,Dhading,Gajuri,NP03,NP0330,NP0330409,2,housing,house_quality_inadequate_count,18
Bagmati,Dhading,Gajuri,NP03,NP0330,NP0330409,2,housing,house_quality_least_adequate_count,7
Bagmati,Dhading,Gajuri,NP03,NP0330,NP0330409,2,housing,house_quality_most_adequate_pc,37.91
Bagmati,Dhading,Gajuri,NP03,NP0330,NP0330409,2,housing,house_quality_adequate_pc,29.11
Bagmati,Dhading,Gajuri,NP03,NP0330,NP0330409,2,housing,house_quality_moderate_pc,30.56
Bagmati,Dhading,Gajuri,NP03,NP0330,NP0330409,2,housing,house_quality_inadequate_pc,1.74
Bagmati,Dhading,Gajuri,NP03,NP0330,NP0330409,2,housing,house_quality_least_adequate_pc,0.68
Bagmati,Dhading,Gajuri,NP03,NP0330,NP0330409,5,demographics,total_households,955
Bagmati,Dhading,Gajuri,NP03,NP0330,NP0330409,5,housing,home_ownership_owned,899
Bagmati,Dhading,Gajuri,NP03,NP0330,NP0330409,5,housing,home_ownership_rented,56
Bagmati,Dhading,Gajuri,NP03,NP0330,NP0330409,5,housing,home_ownership_institutional,0
Bagmati,Dhading,Gajuri,NP03,NP0330,NP0330409,5,housing,home_ownership_other,0
Bagmati,Dhading,Gajuri,NP03,NP0330,NP0330409,5,housing,foundation_mud,365
Bagmati,Dhading,Gajuri,NP03,NP0330,NP0330409,5,housing,foundation_mud_bonded_bricks_stone,403
Bagmati,Dhading,Gajuri,NP03,NP0330,NP0330409,5,housing,foundation_cement_bonded_bricks_stone,157
Bagmati,Dhading,Gajuri,NP03,NP0330,NP0330409,5,housing,foundation_reinforced_cement_concrete_with_pillars,22
Bagmati,Dhading,Gajuri,NP03,NP0330,NP0330409,5,housing,foundation_wooden_pillars,8
Bagmati,Dhading,Gajuri,NP03,NP0330,NP0330409,5,housing,outer_wall_mud_bonded_bricks_stone,333
Bagmati,Dhading,Gajuri,NP03,NP0330,NP0330409,5,housing,outer_wall_cement_bonded_bricks_stone,555
Bagmati,Dhading,Gajuri,NP03,NP0330,NP0330409,5,housing,outer_wall_wood_planks,11
Bagmati,Dhading,Gajuri,NP03,NP0330,NP0330409,5,housing,outer_wall_bamboo,4
Bagmati,Dhading,Gajuri,NP03,NP0330,NP0330409,5,housing,outer_wall_unbaked_bricks,0
Bagmati,Dhading,Gajuri,NP03,NP0330,NP0330409,5,housing,outer_wall_galvanised_sheet,17
Bagmati,Dhading,Gajuri,NP03,NP0330,NP0330409,5,housing,outer_wall_prefabricated_sheet,0
Bagmati,Dhading,Gajuri,NP03,NP0330,NP0330409,5,housing,outer_wall_other,35
Bagmati,Dhading,Gajuri,NP03,NP0330,NP0330409,5,housing,roof_galvanised_sheet,541
Bagmati,Dhading,Gajuri,NP03,NP0330,NP0330409,5,housing,roof_reinforced_cement_concrete,273
Bagmati,Dhading,Gajuri,NP03,NP0330,NP0330409,5,housing,roof_thatch_straw,3
Bagmati,Dhading,Gajuri,NP03,NP0330,NP0330409,5,housing,roof_tile,1
Bagmati,Dhading,Gajuri,NP03,NP0330,NP0330409,5,housing,roof_stone_slate,137
Bagmati,Dhading,Gajuri,NP03,NP0330,NP0330409,5,housing,roof_wood_planks,0
Bagmati,Dhading,Gajuri,NP03,NP0330,NP0330409,5,housing,roof_mud,0
Bagmati,Dhading,Gajuri,NP03,NP0330,NP0330409,5,housing,roof_other,0
Bagmati,Dhading,Gajuri,NP03,NP0330,NP0330409,5,housing,floor_mud,311
Bagmati,Dhading,Gajuri,NP03,NP0330,NP0330409,5,housing,floor_wooden_plank_bamboo,6
Bagmati,Dhading,Gajuri,NP03,NP0330,NP0330409,5,housing,floor_bricks_stone,3
Bagmati,Dhading,Gajuri,NP03,NP0330,NP0330409,5,housing,floor_ceramic_tile,2
Bagmati,Dhading,Gajuri,NP03,NP0330,NP0330409,5,housing,floor_cemented,628
Bagmati,Dhading,Gajuri,NP03,NP0330,NP0330409,5,housing,floor_other,5
Bagmati,Dhading,Gajuri,NP03,NP0330,NP0330409,5,drinking water,drinking_water_tap_piped_within_premises,276
Bagmati,Dhading,Gajuri,NP03,NP0330,NP0330409,5,drinking water,drinking_water_tap_piped_outside_premises,616
Bagmati,Dhading,Gajuri,NP03,NP0330,NP0330409,5,drinking water,drinking_water_tubewell_handpump,13
Bagmati,Dhading,Gajuri,NP03,NP0330,NP0330409,5,drinking water,drinking_water_covered_well_kuwa,3
Bagmati,Dhading,Gajuri,NP03,NP0330,NP0330409,5,drinking water,drinking_water_uncovered_well_kuwa,10
Bagmati,Dhading,Gajuri,NP03,NP0330,NP0330409,5,drinking water,drinking_water_spout_water,24
Bagmati,Dhading,Gajuri,NP03,NP0330,NP0330409,5,drinking water,drinking_water_river_stream,0
Bagmati,Dhading,Gajuri,NP03,NP0330,NP0330409,5,drinking water,drinking_water_jar_bottle,12
Bagmati,Dhading,Gajuri,NP03,NP0330,NP0330409,5,drinking water,drinking_water_other,1
Bagmati,Dhading,Gajuri,NP03,NP0330,NP0330409,5,cooking fuel,cooking_fuel_wood_firewood,558
Bagmati,Dhading,Gajuri,NP03,NP0330,NP0330409,5,cooking fuel,cooking_fuel_lpg,383
Bagmati,Dhading,Gajuri,NP03,NP0330,NP0330409,5,cooking fuel,cooking_fuel_electricity,1
Bagmati,Dhading,Gajuri,NP03,NP0330,NP0330409,5,cooking fuel,cooking_fuel_cowdung,0
Bagmati,Dhading,Gajuri,NP03,NP0330,NP0330409,5,cooking fuel,cooking_fuel_biogas,13
Bagmati,Dhading,Gajuri,NP03,NP0330,NP0330409,5,cooking fuel,cooking_fuel_kerosene,0
Bagmati,Dhading,Gajuri,NP03,NP0330,NP0330409,5,cooking fuel,cooking_fuel_other,0
Bagmati,Dhading,Gajuri,NP03,NP0330,NP0330409,5,lighting fuel,lighting_electricity,930
Bagmati,Dhading,Gajuri,NP03,NP0330,NP0330409,5,lighting fuel,lighting_solar,20
Bagmati,Dhading,Gajuri,NP03,NP0330,NP0330409,5,lighting fuel,lighting_kerosene,0
Bagmati,Dhading,Gajuri,NP03,NP0330,NP0330409,5,lighting fuel,lighting_biogas,0
Bagmati,Dhading,Gajuri,NP03,NP0330,NP0330409,5,lighting fuel,lighting_other,5
Bagmati,Dhading,Gajuri,NP03,NP0330,NP0330409,5,sanitation,toilet_flush_public_sewerage,7
Bagmati,Dhading,Gajuri,NP03,NP0330,NP0330409,5,sanitation,toilet_flush_septic_tank,724
Bagmati,Dhading,Gajuri,NP03,NP0330,NP0330409,5,sanitation,toilet_pit,209
Bagmati,Dhading,Gajuri,NP03,NP0330,NP0330409,5,sanitation,toilet_public,0
Bagmati,Dhading,Gajuri,NP03,NP0330,NP0330409,5,sanitation,toilet_no_toilet,15
Bagmati,Dhading,Gajuri,NP03,NP0330,NP0330409,5,household amenities,hh_amenities_without,59
Bagmati,Dhading,Gajuri,NP03,NP0330,NP0330409,5,household amenities,hh_amenities_at_least_one,896
Bagmati,Dhading,Gajuri,NP03,NP0330,NP0330409,5,household amenities,hh_amenities_radio,397
Bagmati,Dhading,Gajuri,NP03,NP0330,NP0330409,5,household amenities,hh_amenities_television,486
Bagmati,Dhading,Gajuri,NP03,NP0330,NP0330409,5,household amenities,hh_amenities_landline,4
Bagmati,Dhading,Gajuri,NP03,NP0330,NP0330409,5,household amenities,hh_amenities_mobile_phone_ordinary,734
Bagmati,Dhading,Gajuri,NP03,NP0330,NP0330409,5,household amenities,hh_amenities_mobile_phone_smart,633
Bagmati,Dhading,Gajuri,NP03,NP0330,NP0330409,5,household amenities,hh_amenities_computer_laptop,75
Bagmati,Dhading,Gajuri,NP03,NP0330,NP0330409,5,household amenities,hh_amenities_internet,292
Bagmati,Dhading,Gajuri,NP03,NP0330,NP0330409,5,household amenities,hh_amenities_car_jeep_van,13
Bagmati,Dhading,Gajuri,NP03,NP0330,NP0330409,5,household amenities,hh_amenities_motorcycle_scooter,181
Bagmati,Dhading,Gajuri,NP03,NP0330,NP0330409,5,household amenities,hh_amenities_bicycle,21
Bagmati,Dhading,Gajuri,NP03,NP0330,NP0330409,5,household amenities,hh_amenities_electric_fan,338
Bagmati,Dhading,Gajuri,NP03,NP0330,NP0330409,5,household amenities,hh_amenities_refridgerator,162
Bagmati,Dhading,Gajuri,NP03,NP0330,NP0330409,5,household amenities,hh_amenities_washing_machine,17
Bagmati,Dhading,Gajuri,NP03,NP0330,NP0330409,5,household amenities,hh_amenities_air_conditioner,2
Bagmati,Dhading,Gajuri,NP03,NP0330,NP0330409,5,wealth quintile,wealth_quintile_poorest_quintile_count,126
Bagmati,Dhading,Gajuri,NP03,NP0330,NP0330409,5,wealth quintile,wealth_quintile_poorer_quintile_count,185
Bagmati,Dhading,Gajuri,NP03,NP0330,NP0330409,5,wealth quintile,wealth_quintile_middle_quintile_count,307
Bagmati,Dhading,Gajuri,NP03,NP0330,NP0330409,5,wealth quintile,wealth_quintile_richer_quintile_count,221
Bagmati,Dhading,Gajuri,NP03,NP0330,NP0330409,5,wealth quintile,wealth_quintile_richest_quintile_count,116
Bagmati,Dhading,Gajuri,NP03,NP0330,NP0330409,5,wealth quintile,wealth_quintile_poorest_quintile_pc,13.19
Bagmati,Dhading,Gajuri,NP03,NP0330,NP0330409,5,wealth quintile,wealth_quintile_poorer_quintile_pc,19.37
Bagmati,Dhading,Gajuri,NP03,NP0330,NP0330409,5,wealth quintile,wealth_quintile_middle_quintile_pc,32.15
Bagmati,Dhading,Gajuri,NP03,NP0330,NP0330409,5,wealth quintile,wealth_quintile_richer_quintile_pc,23.14
Bagmati,Dhading,Gajuri,NP03,NP0330,NP0330409,5,wealth quintile,wealth_quintile_richest_quintile_pc,12.15
Bagmati,Dhading,Gajuri,NP03,NP0330,NP0330409,5,housing,house_quality_most_adequate_count,213
Bagmati,Dhading,Gajuri,NP03,NP0330,NP0330409,5,housing,house_quality_adequate_count,420
Bagmati,Dhading,Gajuri,NP03,NP0330,NP0330409,5,housing,house_quality_moderate_count,298
Bagmati,Dhading,Gajuri,NP03,NP0330,NP0330409,5,housing,house_quality_inadequate_count,24
Bagmati,Dhading,Gajuri,NP03,NP0330,NP0330409,5,housing,house_quality_least_adequate_count,0
Bagmati,Dhading,Gajuri,NP03,NP0330,NP0330409,5,housing,house_quality_most_adequate_pc,22.3
Bagmati,Dhading,Gajuri,NP03,NP0330,NP0330409,5,housing,house_quality_adequate_pc,43.98
Bagmati,Dhading,Gajuri,NP03,NP0330,NP0330409,5,housing,house_quality_moderate_pc,31.2
Bagmati,Dhading,Gajuri,NP03,NP0330,NP0330409,5,housing,house_quality_inadequate_pc,2.51
Bagmati,Dhading,Gajuri,NP03,NP0330,NP0330409,5,housing,house_quality_least_adequate_pc,0
Bagmati,Dhading,Gajuri,NP03,NP0330,NP0330409,6,demographics,total_households,1127
Bagmati,Dhading,Gajuri,NP03,NP0330,NP0330409,6,housing,home_ownership_owned,1055
Bagmati,Dhading,Gajuri,NP03,NP0330,NP0330409,6,housing,home_ownership_rented,65
Bagmati,Dhading,Gajuri,NP03,NP0330,NP0330409,6,housing,home_ownership_institutional,2
Bagmati,Dhading,Gajuri,NP03,NP0330,NP0330409,6,housing,home_ownership_other,5
Bagmati,Dhading,Gajuri,NP03,NP0330,NP0330409,6,housing,foundation_mud,415
Bagmati,Dhading,Gajuri,NP03,NP0330,NP0330409,6,housing,foundation_mud_bonded_bricks_stone,614
Bagmati,Dhading,Gajuri,NP03,NP0330,NP0330409,6,housing,foundation_cement_bonded_bricks_stone,75
Bagmati,Dhading,Gajuri,NP03,NP0330,NP0330409,6,housing,foundation_reinforced_cement_concrete_with_pillars,21
Bagmati,Dhading,Gajuri,NP03,NP0330,NP0330409,6,housing,foundation_wooden_pillars,2
Bagmati,Dhading,Gajuri,NP03,NP0330,NP0330409,6,housing,outer_wall_mud_bonded_bricks_stone,371
Bagmati,Dhading,Gajuri,NP03,NP0330,NP0330409,6,housing,outer_wall_cement_bonded_bricks_stone,719
Bagmati,Dhading,Gajuri,NP03,NP0330,NP0330409,6,housing,outer_wall_wood_planks,7
Bagmati,Dhading,Gajuri,NP03,NP0330,NP0330409,6,housing,outer_wall_bamboo,2
Bagmati,Dhading,Gajuri,NP03,NP0330,NP0330409,6,housing,outer_wall_unbaked_bricks,2
Bagmati,Dhading,Gajuri,NP03,NP0330,NP0330409,6,housing,outer_wall_galvanised_sheet,19
Bagmati,Dhading,Gajuri,NP03,NP0330,NP0330409,6,housing,outer_wall_prefabricated_sheet,3
Bagmati,Dhading,Gajuri,NP03,NP0330,NP0330409,6,housing,outer_wall_other,4
Bagmati,Dhading,Gajuri,NP03,NP0330,NP0330409,6,housing,roof_galvanised_sheet,771
Bagmati,Dhading,Gajuri,NP03,NP0330,NP0330409,6,housing,roof_reinforced_cement_concrete,292
Bagmati,Dhading,Gajuri,NP03,NP0330,NP0330409,6,housing,roof_thatch_straw,2
Bagmati,Dhading,Gajuri,NP03,NP0330,NP0330409,6,housing,roof_tile,2
Bagmati,Dhading,Gajuri,NP03,NP0330,NP0330409,6,housing,roof_stone_slate,60
Bagmati,Dhading,Gajuri,NP03,NP0330,NP0330409,6,housing,roof_wood_planks,0
Bagmati,Dhading,Gajuri,NP03,NP0330,NP0330409,6,housing,roof_mud,0
Bagmati,Dhading,Gajuri,NP03,NP0330,NP0330409,6,housing,roof_other,0
Bagmati,Dhading,Gajuri,NP03,NP0330,NP0330409,6,housing,floor_mud,328
Bagmati,Dhading,Gajuri,NP03,NP0330,NP0330409,6,housing,floor_wooden_plank_bamboo,11
Bagmati,Dhading,Gajuri,NP03,NP0330,NP0330409,6,housing,floor_bricks_stone,4
Bagmati,Dhading,Gajuri,NP03,NP0330,NP0330409,6,housing,floor_ceramic_tile,7
Bagmati,Dhading,Gajuri,NP03,NP0330,NP0330409,6,housing,floor_cemented,760
Bagmati,Dhading,Gajuri,NP03,NP0330,NP0330409,6,housing,floor_other,17
Bagmati,Dhading,Gajuri,NP03,NP0330,NP0330409,6,drinking water,drinking_water_tap_piped_within_premises,496
Bagmati,Dhading,Gajuri,NP03,NP0330,NP0330409,6,drinking water,drinking_water_tap_piped_outside_premises,442
Bagmati,Dhading,Gajuri,NP03,NP0330,NP0330409,6,drinking water,drinking_water_tubewell_handpump,5
Bagmati,Dhading,Gajuri,NP03,NP0330,NP0330409,6,drinking water,drinking_water_covered_well_kuwa,17
Bagmati,Dhading,Gajuri,NP03,NP0330,NP0330409,6,drinking water,drinking_water_uncovered_well_kuwa,17
Bagmati,Dhading,Gajuri,NP03,NP0330,NP0330409,6,drinking water,drinking_water_spout_water,139
Bagmati,Dhading,Gajuri,NP03,NP0330,NP0330409,6,drinking water,drinking_water_river_stream,3
Bagmati,Dhading,Gajuri,NP03,NP0330,NP0330409,6,drinking water,drinking_water_jar_bottle,8
Bagmati,Dhading,Gajuri,NP03,NP0330,NP0330409,6,drinking water,drinking_water_other,0
Bagmati,Dhading,Gajuri,NP03,NP0330,NP0330409,6,cooking fuel,cooking_fuel_wood_firewood,643
Bagmati,Dhading,Gajuri,NP03,NP0330,NP0330409,6,cooking fuel,cooking_fuel_lpg,477
Bagmati,Dhading,Gajuri,NP03,NP0330,NP0330409,6,cooking fuel,cooking_fuel_electricity,4
Bagmati,Dhading,Gajuri,NP03,NP0330,NP0330409,6,cooking fuel,cooking_fuel_cowdung,0
Bagmati,Dhading,Gajuri,NP03,NP0330,NP0330409,6,cooking fuel,cooking_fuel_biogas,3
Bagmati,Dhading,Gajuri,NP03,NP0330,NP0330409,6,cooking fuel,cooking_fuel_kerosene,0
Bagmati,Dhading,Gajuri,NP03,NP0330,NP0330409,6,cooking fuel,cooking_fuel_other,0
Bagmati,Dhading,Gajuri,NP03,NP0330,NP0330409,6,lighting fuel,lighting_electricity,936
Bagmati,Dhading,Gajuri,NP03,NP0330,NP0330409,6,lighting fuel,lighting_solar,181
Bagmati,Dhading,Gajuri,NP03,NP0330,NP0330409,6,lighting fuel,lighting_kerosene,1
Bagmati,Dhading,Gajuri,NP03,NP0330,NP0330409,6,lighting fuel,lighting_biogas,1
Bagmati,Dhading,Gajuri,NP03,NP0330,NP0330409,6,lighting fuel,lighting_other,8
Bagmati,Dhading,Gajuri,NP03,NP0330,NP0330409,6,sanitation,toilet_flush_public_sewerage,10
Bagmati,Dhading,Gajuri,NP03,NP0330,NP0330409,6,sanitation,toilet_flush_septic_tank,979
Bagmati,Dhading,Gajuri,NP03,NP0330,NP0330409,6,sanitation,toilet_pit,73
Bagmati,Dhading,Gajuri,NP03,NP0330,NP0330409,6,sanitation,toilet_public,4
Bagmati,Dhading,Gajuri,NP03,NP0330,NP0330409,6,sanitation,toilet_no_toilet,61
Bagmati,Dhading,Gajuri,NP03,NP0330,NP0330409,6,household amenities,hh_amenities_without,148
Bagmati,Dhading,Gajuri,NP03,NP0330,NP0330409,6,household amenities,hh_amenities_at_least_one,979
Bagmati,Dhading,Gajuri,NP03,NP0330,NP0330409,6,household amenities,hh_amenities_radio,419
Bagmati,Dhading,Gajuri,NP03,NP0330,NP0330409,6,household amenities,hh_amenities_television,604
Bagmati,Dhading,Gajuri,NP03,NP0330,NP0330409,6,household amenities,hh_amenities_landline,45
Bagmati,Dhading,Gajuri,NP03,NP0330,NP0330409,6,household amenities,hh_amenities_mobile_phone_ordinary,859
Bagmati,Dhading,Gajuri,NP03,NP0330,NP0330409,6,household amenities,hh_amenities_mobile_phone_smart,682
Bagmati,Dhading,Gajuri,NP03,NP0330,NP0330409,6,household amenities,hh_amenities_computer_laptop,40
Bagmati,Dhading,Gajuri,NP03,NP0330,NP0330409,6,household amenities,hh_amenities_internet,455
Bagmati,Dhading,Gajuri,NP03,NP0330,NP0330409,6,household amenities,hh_amenities_car_jeep_van,27
Bagmati,Dhading,Gajuri,NP03,NP0330,NP0330409,6,household amenities,hh_amenities_motorcycle_scooter,119
Bagmati,Dhading,Gajuri,NP03,NP0330,NP0330409,6,household amenities,hh_amenities_bicycle,71
Bagmati,Dhading,Gajuri,NP03,NP0330,NP0330409,6,household amenities,hh_amenities_electric_fan,284
Bagmati,Dhading,Gajuri,NP03,NP0330,NP0330409,6,household amenities,hh_amenities_refridgerator,97
Bagmati,Dhading,Gajuri,NP03,NP0330,NP0330409,6,household amenities,hh_amenities_washing_machine,0
Bagmati,Dhading,Gajuri,NP03,NP0330,NP0330409,6,household amenities,hh_amenities_air_conditioner,1
Bagmati,Dhading,Gajuri,NP03,NP0330,NP0330409,6,wealth quintile,wealth_quintile_poorest_quintile_count,189
Bagmati,Dhading,Gajuri,NP03,NP0330,NP0330409,6,wealth quintile,wealth_quintile_poorer_quintile_count,144
Bagmati,Dhading,Gajuri,NP03,NP0330,NP0330409,6,wealth quintile,wealth_quintile_middle_quintile_count,326
Bagmati,Dhading,Gajuri,NP03,NP0330,NP0330409,6,wealth quintile,wealth_quintile_richer_quintile_count,352
Bagmati,Dhading,Gajuri,NP03,NP0330,NP0330409,6,wealth quintile,wealth_quintile_richest_quintile_count,116
Bagmati,Dhading,Gajuri,NP03,NP0330,NP0330409,6,wealth quintile,wealth_quintile_poorest_quintile_pc,16.77
Bagmati,Dhading,Gajuri,NP03,NP0330,NP0330409,6,wealth quintile,wealth_quintile_poorer_quintile_pc,12.78
Bagmati,Dhading,Gajuri,NP03,NP0330,NP0330409,6,wealth quintile,wealth_quintile_middle_quintile_pc,28.93
Bagmati,Dhading,Gajuri,NP03,NP0330,NP0330409,6,wealth quintile,wealth_quintile_richer_quintile_pc,31.23
Bagmati,Dhading,Gajuri,NP03,NP0330,NP0330409,6,wealth quintile,wealth_quintile_richest_quintile_pc,10.29
Bagmati,Dhading,Gajuri,NP03,NP0330,NP0330409,6,housing,house_quality_most_adequate_count,350
Bagmati,Dhading,Gajuri,NP03,NP0330,NP0330409,6,housing,house_quality_adequate_count,426
Bagmati,Dhading,Gajuri,NP03,NP0330,NP0330409,6,housing,house_quality_moderate_count,290
Bagmati,Dhading,Gajuri,NP03,NP0330,NP0330409,6,housing,house_quality_inadequate_count,61
Bagmati,Dhading,Gajuri,NP03,NP0330,NP0330409,6,housing,house_quality_least_adequate_count,0
Bagmati,Dhading,Gajuri,NP03,NP0330,NP0330409,6,housing,house_quality_most_adequate_pc,31.06
Bagmati,Dhading,Gajuri,NP03,NP0330,NP0330409,6,housing,house_quality_adequate_pc,37.8
Bagmati,Dhading,Gajuri,NP03,NP0330,NP0330409,6,housing,house_quality_moderate_pc,25.73
Bagmati,Dhading,Gajuri,NP03,NP0330,NP0330409,6,housing,house_quality_inadequate_pc,5.41
Bagmati,Dhading,Gajuri,NP03,NP0330,NP0330409,6,housing,house_quality_least_adequate_pc,0
Bagmati,Dhading,Galchhi,NP03,NP0330,NP0330410,1,demographics,total_households,879
Bagmati,Dhading,Galchhi,NP03,NP0330,NP0330410,1,housing,home_ownership_owned,869
Bagmati,Dhading,Galchhi,NP03,NP0330,NP0330410,1,housing,home_ownership_rented,5
Bagmati,Dhading,Galchhi,NP03,NP0330,NP0330410,1,housing,home_ownership_institutional,1
Bagmati,Dhading,Galchhi,NP03,NP0330,NP0330410,1,housing,home_ownership_other,4
Bagmati,Dhading,Galchhi,NP03,NP0330,NP0330410,1,housing,foundation_mud,484
Bagmati,Dhading,Galchhi,NP03,NP0330,NP0330410,1,housing,foundation_mud_bonded_bricks_stone,191
Bagmati,Dhading,Galchhi,NP03,NP0330,NP0330410,1,housing,foundation_cement_bonded_bricks_stone,189
Bagmati,Dhading,Galchhi,NP03,NP0330,NP0330410,1,housing,foundation_reinforced_cement_concrete_with_pillars,13
Bagmati,Dhading,Galchhi,NP03,NP0330,NP0330410,1,housing,foundation_wooden_pillars,2
Bagmati,Dhading,Galchhi,NP03,NP0330,NP0330410,1,housing,outer_wall_mud_bonded_bricks_stone,416
Bagmati,Dhading,Galchhi,NP03,NP0330,NP0330410,1,housing,outer_wall_cement_bonded_bricks_stone,445
Bagmati,Dhading,Galchhi,NP03,NP0330,NP0330410,1,housing,outer_wall_wood_planks,9
Bagmati,Dhading,Galchhi,NP03,NP0330,NP0330410,1,housing,outer_wall_bamboo,1
Bagmati,Dhading,Galchhi,NP03,NP0330,NP0330410,1,housing,outer_wall_unbaked_bricks,0
Bagmati,Dhading,Galchhi,NP03,NP0330,NP0330410,1,housing,outer_wall_galvanised_sheet,8
Bagmati,Dhading,Galchhi,NP03,NP0330,NP0330410,1,housing,outer_wall_prefabricated_sheet,0
Bagmati,Dhading,Galchhi,NP03,NP0330,NP0330410,1,housing,outer_wall_other,0
Bagmati,Dhading,Galchhi,NP03,NP0330,NP0330410,1,housing,roof_galvanised_sheet,648
Bagmati,Dhading,Galchhi,NP03,NP0330,NP0330410,1,housing,roof_reinforced_cement_concrete,176
Bagmati,Dhading,Galchhi,NP03,NP0330,NP0330410,1,housing,roof_thatch_straw,3
Bagmati,Dhading,Galchhi,NP03,NP0330,NP0330410,1,housing,roof_tile,0
Bagmati,Dhading,Galchhi,NP03,NP0330,NP0330410,1,housing,roof_stone_slate,51
Bagmati,Dhading,Galchhi,NP03,NP0330,NP0330410,1,housing,roof_wood_planks,0
Bagmati,Dhading,Galchhi,NP03,NP0330,NP0330410,1,housing,roof_mud,0
Bagmati,Dhading,Galchhi,NP03,NP0330,NP0330410,1,housing,roof_other,1
Bagmati,Dhading,Galchhi,NP03,NP0330,NP0330410,1,housing,floor_mud,278
Bagmati,Dhading,Galchhi,NP03,NP0330,NP0330410,1,housing,floor_wooden_plank_bamboo,7
Bagmati,Dhading,Galchhi,NP03,NP0330,NP0330410,1,housing,floor_bricks_stone,19
Bagmati,Dhading,Galchhi,NP03,NP0330,NP0330410,1,housing,floor_ceramic_tile,0
Bagmati,Dhading,Galchhi,NP03,NP0330,NP0330410,1,housing,floor_cemented,561
Bagmati,Dhading,Galchhi,NP03,NP0330,NP0330410,1,housing,floor_other,14
Bagmati,Dhading,Galchhi,NP03,NP0330,NP0330410,1,drinking water,drinking_water_tap_piped_within_premises,386
Bagmati,Dhading,Galchhi,NP03,NP0330,NP0330410,1,drinking water,drinking_water_tap_piped_outside_premises,300
Bagmati,Dhading,Galchhi,NP03,NP0330,NP0330410,1,drinking water,drinking_water_tubewell_handpump,1
Bagmati,Dhading,Galchhi,NP03,NP0330,NP0330410,1,drinking water,drinking_water_covered_well_kuwa,1
Bagmati,Dhading,Galchhi,NP03,NP0330,NP0330410,1,drinking water,drinking_water_uncovered_well_kuwa,22
Bagmati,Dhading,Galchhi,NP03,NP0330,NP0330410,1,drinking water,drinking_water_spout_water,162
Bagmati,Dhading,Galchhi,NP03,NP0330,NP0330410,1,drinking water,drinking_water_river_stream,3
Bagmati,Dhading,Galchhi,NP03,NP0330,NP0330410,1,drinking water,drinking_water_jar_bottle,0
Bagmati,Dhading,Galchhi,NP03,NP0330,NP0330410,1,drinking water,drinking_water_other,4
Bagmati,Dhading,Galchhi,NP03,NP0330,NP0330410,1,cooking fuel,cooking_fuel_wood_firewood,564
Bagmati,Dhading,Galchhi,NP03,NP0330,NP0330410,1,cooking fuel,cooking_fuel_lpg,291
Bagmati,Dhading,Galchhi,NP03,NP0330,NP0330410,1,cooking fuel,cooking_fuel_electricity,3
Bagmati,Dhading,Galchhi,NP03,NP0330,NP0330410,1,cooking fuel,cooking_fuel_cowdung,0
Bagmati,Dhading,Galchhi,NP03,NP0330,NP0330410,1,cooking fuel,cooking_fuel_biogas,20
Bagmati,Dhading,Galchhi,NP03,NP0330,NP0330410,1,cooking fuel,cooking_fuel_kerosene,1
Bagmati,Dhading,Galchhi,NP03,NP0330,NP0330410,1,cooking fuel,cooking_fuel_other,0
Bagmati,Dhading,Galchhi,NP03,NP0330,NP0330410,1,lighting fuel,lighting_electricity,861
Bagmati,Dhading,Galchhi,NP03,NP0330,NP0330410,1,lighting fuel,lighting_solar,11
Bagmati,Dhading,Galchhi,NP03,NP0330,NP0330410,1,lighting fuel,lighting_kerosene,2
Bagmati,Dhading,Galchhi,NP03,NP0330,NP0330410,1,lighting fuel,lighting_biogas,0
Bagmati,Dhading,Galchhi,NP03,NP0330,NP0330410,1,lighting fuel,lighting_other,5
Bagmati,Dhading,Galchhi,NP03,NP0330,NP0330410,1,sanitation,toilet_flush_public_sewerage,17
Bagmati,Dhading,Galchhi,NP03,NP0330,NP0330410,1,sanitation,toilet_flush_septic_tank,439
Bagmati,Dhading,Galchhi,NP03,NP0330,NP0330410,1,sanitation,toilet_pit,391
Bagmati,Dhading,Galchhi,NP03,NP0330,NP0330410,1,sanitation,toilet_public,6
Bagmati,Dhading,Galchhi,NP03,NP0330,NP0330410,1,sanitation,toilet_no_toilet,26
Bagmati,Dhading,Galchhi,NP03,NP0330,NP0330410,1,household amenities,hh_amenities_without,30
Bagmati,Dhading,Galchhi,NP03,NP0330,NP0330410,1,household amenities,hh_amenities_at_least_one,849
Bagmati,Dhading,Galchhi,NP03,NP0330,NP0330410,1,household amenities,hh_amenities_radio,264
Bagmati,Dhading,Galchhi,NP03,NP0330,NP0330410,1,household amenities,hh_amenities_television,533
Bagmati,Dhading,Galchhi,NP03,NP0330,NP0330410,1,household amenities,hh_amenities_landline,7
Bagmati,Dhading,Galchhi,NP03,NP0330,NP0330410,1,household amenities,hh_amenities_mobile_phone_ordinary,770
Bagmati,Dhading,Galchhi,NP03,NP0330,NP0330410,1,household amenities,hh_amenities_mobile_phone_smart,630
Bagmati,Dhading,Galchhi,NP03,NP0330,NP0330410,1,household amenities,hh_amenities_computer_laptop,31
Bagmati,Dhading,Galchhi,NP03,NP0330,NP0330410,1,household amenities,hh_amenities_internet,269
Bagmati,Dhading,Galchhi,NP03,NP0330,NP0330410,1,household amenities,hh_amenities_car_jeep_van,8
Bagmati,Dhading,Galchhi,NP03,NP0330,NP0330410,1,household amenities,hh_amenities_motorcycle_scooter,135
Bagmati,Dhading,Galchhi,NP03,NP0330,NP0330410,1,household amenities,hh_amenities_bicycle,17
Bagmati,Dhading,Galchhi,NP03,NP0330,NP0330410,1,household amenities,hh_amenities_electric_fan,379
Bagmati,Dhading,Galchhi,NP03,NP0330,NP0330410,1,household amenities,hh_amenities_refridgerator,162
Bagmati,Dhading,Galchhi,NP03,NP0330,NP0330410,1,household amenities,hh_amenities_washing_machine,1
Bagmati,Dhading,Galchhi,NP03,NP0330,NP0330410,1,household amenities,hh_amenities_air_conditioner,3
Bagmati,Dhading,Galchhi,NP03,NP0330,NP0330410,1,wealth quintile,wealth_quintile_poorest_quintile_count,163
Bagmati,Dhading,Galchhi,NP03,NP0330,NP0330410,1,wealth quintile,wealth_quintile_poorer_quintile_count,218
Bagmati,Dhading,Galchhi,NP03,NP0330,NP0330410,1,wealth quintile,wealth_quintile_middle_quintile_count,209
Bagmati,Dhading,Galchhi,NP03,NP0330,NP0330410,1,wealth quintile,wealth_quintile_richer_quintile_count,187
Bagmati,Dhading,Galchhi,NP03,NP0330,NP0330410,1,wealth quintile,wealth_quintile_richest_quintile_count,102
Bagmati,Dhading,Galchhi,NP03,NP0330,NP0330410,1,wealth quintile,wealth_quintile_poorest_quintile_pc,18.54
Bagmati,Dhading,Galchhi,NP03,NP0330,NP0330410,1,wealth quintile,wealth_quintile_poorer_quintile_pc,24.8
Bagmati,Dhading,Galchhi,NP03,NP0330,NP0330410,1,wealth quintile,wealth_quintile_middle_quintile_pc,23.78
Bagmati,Dhading,Galchhi,NP03,NP0330,NP0330410,1,wealth quintile,wealth_quintile_richer_quintile_pc,21.27
Bagmati,Dhading,Galchhi,NP03,NP0330,NP0330410,1,wealth quintile,wealth_quintile_richest_quintile_pc,11.6
Bagmati,Dhading,Galchhi,NP03,NP0330,NP0330410,1,housing,house_quality_most_adequate_count,194
Bagmati,Dhading,Galchhi,NP03,NP0330,NP0330410,1,housing,house_quality_adequate_count,280
Bagmati,Dhading,Galchhi,NP03,NP0330,NP0330410,1,housing,house_quality_moderate_count,338
Bagmati,Dhading,Galchhi,NP03,NP0330,NP0330410,1,housing,house_quality_inadequate_count,65
Bagmati,Dhading,Galchhi,NP03,NP0330,NP0330410,1,housing,house_quality_least_adequate_count,2
Bagmati,Dhading,Galchhi,NP03,NP0330,NP0330410,1,housing,house_quality_most_adequate_pc,22.07
Bagmati,Dhading,Galchhi,NP03,NP0330,NP0330410,1,housing,house_quality_adequate_pc,31.85
Bagmati,Dhading,Galchhi,NP03,NP0330,NP0330410,1,housing,house_quality_moderate_pc,38.45
Bagmati,Dhading,Galchhi,NP03,NP0330,NP0330410,1,housing,house_quality_inadequate_pc,7.39
Bagmati,Dhading,Galchhi,NP03,NP0330,NP0330410,1,housing,house_quality_least_adequate_pc,0.23
Bagmati,Dhading,Galchhi,NP03,NP0330,NP0330410,2,demographics,total_households,782
Bagmati,Dhading,Galchhi,NP03,NP0330,NP0330410,2,housing,home_ownership_owned,774
Bagmati,Dhading,Galchhi,NP03,NP0330,NP0330410,2,housing,home_ownership_rented,5
Bagmati,Dhading,Galchhi,NP03,NP0330,NP0330410,2,housing,home_ownership_institutional,1
Bagmati,Dhading,Galchhi,NP03,NP0330,NP0330410,2,housing,home_ownership_other,2
Bagmati,Dhading,Galchhi,NP03,NP0330,NP0330410,2,housing,foundation_mud,346
Bagmati,Dhading,Galchhi,NP03,NP0330,NP0330410,2,housing,foundation_mud_bonded_bricks_stone,302
Bagmati,Dhading,Galchhi,NP03,NP0330,NP0330410,2,housing,foundation_cement_bonded_bricks_stone,125
Bagmati,Dhading,Galchhi,NP03,NP0330,NP0330410,2,housing,foundation_reinforced_cement_concrete_with_pillars,6
Bagmati,Dhading,Galchhi,NP03,NP0330,NP0330410,2,housing,foundation_wooden_pillars,3
Bagmati,Dhading,Galchhi,NP03,NP0330,NP0330410,2,housing,outer_wall_mud_bonded_bricks_stone,354
Bagmati,Dhading,Galchhi,NP03,NP0330,NP0330410,2,housing,outer_wall_cement_bonded_bricks_stone,417
Bagmati,Dhading,Galchhi,NP03,NP0330,NP0330410,2,housing,outer_wall_wood_planks,7
Bagmati,Dhading,Galchhi,NP03,NP0330,NP0330410,2,housing,outer_wall_bamboo,2
Bagmati,Dhading,Galchhi,NP03,NP0330,NP0330410,2,housing,outer_wall_unbaked_bricks,0
Bagmati,Dhading,Galchhi,NP03,NP0330,NP0330410,2,housing,outer_wall_galvanised_sheet,1
Bagmati,Dhading,Galchhi,NP03,NP0330,NP0330410,2,housing,outer_wall_prefabricated_sheet,0
Bagmati,Dhading,Galchhi,NP03,NP0330,NP0330410,2,housing,outer_wall_other,1
Bagmati,Dhading,Galchhi,NP03,NP0330,NP0330410,2,housing,roof_galvanised_sheet,602
Bagmati,Dhading,Galchhi,NP03,NP0330,NP0330410,2,housing,roof_reinforced_cement_concrete,156
Bagmati,Dhading,Galchhi,NP03,NP0330,NP0330410,2,housing,roof_thatch_straw,1
Bagmati,Dhading,Galchhi,NP03,NP0330,NP0330410,2,housing,roof_tile,0
Bagmati,Dhading,Galchhi,NP03,NP0330,NP0330410,2,housing,roof_stone_slate,22
Bagmati,Dhading,Galchhi,NP03,NP0330,NP0330410,2,housing,roof_wood_planks,1
Bagmati,Dhading,Galchhi,NP03,NP0330,NP0330410,2,housing,roof_mud,0
Bagmati,Dhading,Galchhi,NP03,NP0330,NP0330410,2,housing,roof_other,0
Bagmati,Dhading,Galchhi,NP03,NP0330,NP0330410,2,housing,floor_mud,229
Bagmati,Dhading,Galchhi,NP03,NP0330,NP0330410,2,housing,floor_wooden_plank_bamboo,21
Bagmati,Dhading,Galchhi,NP03,NP0330,NP0330410,2,housing,floor_bricks_stone,7
Bagmati,Dhading,Galchhi,NP03,NP0330,NP0330410,2,housing,floor_ceramic_tile,2
Bagmati,Dhading,Galchhi,NP03,NP0330,NP0330410,2,housing,floor_cemented,518
Bagmati,Dhading,Galchhi,NP03,NP0330,NP0330410,2,housing,floor_other,5
Bagmati,Dhading,Galchhi,NP03,NP0330,NP0330410,2,drinking water,drinking_water_tap_piped_within_premises,419
Bagmati,Dhading,Galchhi,NP03,NP0330,NP0330410,2,drinking water,drinking_water_tap_piped_outside_premises,272
Bagmati,Dhading,Galchhi,NP03,NP0330,NP0330410,2,drinking water,drinking_water_tubewell_handpump,1
Bagmati,Dhading,Galchhi,NP03,NP0330,NP0330410,2,drinking water,drinking_water_covered_well_kuwa,2
Bagmati,Dhading,Galchhi,NP03,NP0330,NP0330410,2,drinking water,drinking_water_uncovered_well_kuwa,4
Bagmati,Dhading,Galchhi,NP03,NP0330,NP0330410,2,drinking water,drinking_water_spout_water,83
Bagmati,Dhading,Galchhi,NP03,NP0330,NP0330410,2,drinking water,drinking_water_river_stream,1
Bagmati,Dhading,Galchhi,NP03,NP0330,NP0330410,2,drinking water,drinking_water_jar_bottle,0
Bagmati,Dhading,Galchhi,NP03,NP0330,NP0330410,2,drinking water,drinking_water_other,0
Bagmati,Dhading,Galchhi,NP03,NP0330,NP0330410,2,cooking fuel,cooking_fuel_wood_firewood,572
Bagmati,Dhading,Galchhi,NP03,NP0330,NP0330410,2,cooking fuel,cooking_fuel_lpg,205
Bagmati,Dhading,Galchhi,NP03,NP0330,NP0330410,2,cooking fuel,cooking_fuel_electricity,1
Bagmati,Dhading,Galchhi,NP03,NP0330,NP0330410,2,cooking fuel,cooking_fuel_cowdung,0
Bagmati,Dhading,Galchhi,NP03,NP0330,NP0330410,2,cooking fuel,cooking_fuel_biogas,4
Bagmati,Dhading,Galchhi,NP03,NP0330,NP0330410,2,cooking fuel,cooking_fuel_kerosene,0
Bagmati,Dhading,Galchhi,NP03,NP0330,NP0330410,2,cooking fuel,cooking_fuel_other,0
Bagmati,Dhading,Galchhi,NP03,NP0330,NP0330410,2,lighting fuel,lighting_electricity,755
Bagmati,Dhading,Galchhi,NP03,NP0330,NP0330410,2,lighting fuel,lighting_solar,24
Bagmati,Dhading,Galchhi,NP03,NP0330,NP0330410,2,lighting fuel,lighting_kerosene,2
Bagmati,Dhading,Galchhi,NP03,NP0330,NP0330410,2,lighting fuel,lighting_biogas,0
Bagmati,Dhading,Galchhi,NP03,NP0330,NP0330410,2,lighting fuel,lighting_other,1
Bagmati,Dhading,Galchhi,NP03,NP0330,NP0330410,2,sanitation,toilet_flush_public_sewerage,4
Bagmati,Dhading,Galchhi,NP03,NP0330,NP0330410,2,sanitation,toilet_flush_septic_tank,736
Bagmati,Dhading,Galchhi,NP03,NP0330,NP0330410,2,sanitation,toilet_pit,22
Bagmati,Dhading,Galchhi,NP03,NP0330,NP0330410,2,sanitation,toilet_public,4
Bagmati,Dhading,Galchhi,NP03,NP0330,NP0330410,2,sanitation,toilet_no_toilet,16
Bagmati,Dhading,Galchhi,NP03,NP0330,NP0330410,2,household amenities,hh_amenities_without,24
Bagmati,Dhading,Galchhi,NP03,NP0330,NP0330410,2,household amenities,hh_amenities_at_least_one,758
Bagmati,Dhading,Galchhi,NP03,NP0330,NP0330410,2,household amenities,hh_amenities_radio,279
Bagmati,Dhading,Galchhi,NP03,NP0330,NP0330410,2,household amenities,hh_amenities_television,393
Bagmati,Dhading,Galchhi,NP03,NP0330,NP0330410,2,household amenities,hh_amenities_landline,5
Bagmati,Dhading,Galchhi,NP03,NP0330,NP0330410,2,household amenities,hh_amenities_mobile_phone_ordinary,694
Bagmati,Dhading,Galchhi,NP03,NP0330,NP0330410,2,household amenities,hh_amenities_mobile_phone_smart,391
Bagmati,Dhading,Galchhi,NP03,NP0330,NP0330410,2,household amenities,hh_amenities_computer_laptop,31
Bagmati,Dhading,Galchhi,NP03,NP0330,NP0330410,2,household amenities,hh_amenities_internet,248
Bagmati,Dhading,Galchhi,NP03,NP0330,NP0330410,2,household amenities,hh_amenities_car_jeep_van,2
Bagmati,Dhading,Galchhi,NP03,NP0330,NP0330410,2,household amenities,hh_amenities_motorcycle_scooter,89
Bagmati,Dhading,Galchhi,NP03,NP0330,NP0330410,2,household amenities,hh_amenities_bicycle,68
Bagmati,Dhading,Galchhi,NP03,NP0330,NP0330410,2,household amenities,hh_amenities_electric_fan,232
Bagmati,Dhading,Galchhi,NP03,NP0330,NP0330410,2,household amenities,hh_amenities_refridgerator,83
Bagmati,Dhading,Galchhi,NP03,NP0330,NP0330410,2,household amenities,hh_amenities_washing_machine,0
Bagmati,Dhading,Galchhi,NP03,NP0330,NP0330410,2,household amenities,hh_amenities_air_conditioner,2
Bagmati,Dhading,Galchhi,NP03,NP0330,NP0330410,2,wealth quintile,wealth_quintile_poorest_quintile_count,116
Bagmati,Dhading,Galchhi,NP03,NP0330,NP0330410,2,wealth quintile,wealth_quintile_poorer_quintile_count,181
Bagmati,Dhading,Galchhi,NP03,NP0330,NP0330410,2,wealth quintile,wealth_quintile_middle_quintile_count,267
Bagmati,Dhading,Galchhi,NP03,NP0330,NP0330410,2,wealth quintile,wealth_quintile_richer_quintile_count,152
Bagmati,Dhading,Galchhi,NP03,NP0330,NP0330410,2,wealth quintile,wealth_quintile_richest_quintile_count,66
Bagmati,Dhading,Galchhi,NP03,NP0330,NP0330410,2,wealth quintile,wealth_quintile_poorest_quintile_pc,14.83
Bagmati,Dhading,Galchhi,NP03,NP0330,NP0330410,2,wealth quintile,wealth_quintile_poorer_quintile_pc,23.15
Bagmati,Dhading,Galchhi,NP03,NP0330,NP0330410,2,wealth quintile,wealth_quintile_middle_quintile_pc,34.14
Bagmati,Dhading,Galchhi,NP03,NP0330,NP0330410,2,wealth quintile,wealth_quintile_richer_quintile_pc,19.44
Bagmati,Dhading,Galchhi,NP03,NP0330,NP0330410,2,wealth quintile,wealth_quintile_richest_quintile_pc,8.44
Bagmati,Dhading,Galchhi,NP03,NP0330,NP0330410,2,housing,house_quality_most_adequate_count,158
Bagmati,Dhading,Galchhi,NP03,NP0330,NP0330410,2,housing,house_quality_adequate_count,365
Bagmati,Dhading,Galchhi,NP03,NP0330,NP0330410,2,housing,house_quality_moderate_count,250
Bagmati,Dhading,Galchhi,NP03,NP0330,NP0330410,2,housing,house_quality_inadequate_count,9
Bagmati,Dhading,Galchhi,NP03,NP0330,NP0330410,2,housing,house_quality_least_adequate_count,0
Bagmati,Dhading,Galchhi,NP03,NP0330,NP0330410,2,housing,house_quality_most_adequate_pc,20.2
Bagmati,Dhading,Galchhi,NP03,NP0330,NP0330410,2,housing,house_quality_adequate_pc,46.68
Bagmati,Dhading,Galchhi,NP03,NP0330,NP0330410,2,housing,house_quality_moderate_pc,31.97
Bagmati,Dhading,Galchhi,NP03,NP0330,NP0330410,2,housing,house_quality_inadequate_pc,1.15
Bagmati,Dhading,Galchhi,NP03,NP0330,NP0330410,2,housing,house_quality_least_adequate_pc,0
Bagmati,Dhading,Galchhi,NP03,NP0330,NP0330410,4,demographics,total_households,824
Bagmati,Dhading,Galchhi,NP03,NP0330,NP0330410,4,housing,home_ownership_owned,734
Bagmati,Dhading,Galchhi,NP03,NP0330,NP0330410,4,housing,home_ownership_rented,85
Bagmati,Dhading,Galchhi,NP03,NP0330,NP0330410,4,housing,home_ownership_institutional,2
Bagmati,Dhading,Galchhi,NP03,NP0330,NP0330410,4,housing,home_ownership_other,3
Bagmati,Dhading,Galchhi,NP03,NP0330,NP0330410,4,housing,foundation_mud,302
Bagmati,Dhading,Galchhi,NP03,NP0330,NP0330410,4,housing,foundation_mud_bonded_bricks_stone,289
Bagmati,Dhading,Galchhi,NP03,NP0330,NP0330410,4,housing,foundation_cement_bonded_bricks_stone,218
Bagmati,Dhading,Galchhi,NP03,NP0330,NP0330410,4,housing,foundation_reinforced_cement_concrete_with_pillars,13
Bagmati,Dhading,Galchhi,NP03,NP0330,NP0330410,4,housing,foundation_wooden_pillars,2
Bagmati,Dhading,Galchhi,NP03,NP0330,NP0330410,4,housing,outer_wall_mud_bonded_bricks_stone,281
Bagmati,Dhading,Galchhi,NP03,NP0330,NP0330410,4,housing,outer_wall_cement_bonded_bricks_stone,496
Bagmati,Dhading,Galchhi,NP03,NP0330,NP0330410,4,housing,outer_wall_wood_planks,6
Bagmati,Dhading,Galchhi,NP03,NP0330,NP0330410,4,housing,outer_wall_bamboo,4
Bagmati,Dhading,Galchhi,NP03,NP0330,NP0330410,4,housing,outer_wall_unbaked_bricks,1
Bagmati,Dhading,Galchhi,NP03,NP0330,NP0330410,4,housing,outer_wall_galvanised_sheet,13
Bagmati,Dhading,Galchhi,NP03,NP0330,NP0330410,4,housing,outer_wall_prefabricated_sheet,0
Bagmati,Dhading,Galchhi,NP03,NP0330,NP0330410,4,housing,outer_wall_other,23
Bagmati,Dhading,Galchhi,NP03,NP0330,NP0330410,4,housing,roof_galvanised_sheet,514
Bagmati,Dhading,Galchhi,NP03,NP0330,NP0330410,4,housing,roof_reinforced_cement_concrete,244
Bagmati,Dhading,Galchhi,NP03,NP0330,NP0330410,4,housing,roof_thatch_straw,4
Bagmati,Dhading,Galchhi,NP03,NP0330,NP0330410,4,housing,roof_tile,0
Bagmati,Dhading,Galchhi,NP03,NP0330,NP0330410,4,housing,roof_stone_slate,59
Bagmati,Dhading,Galchhi,NP03,NP0330,NP0330410,4,housing,roof_wood_planks,0
Bagmati,Dhading,Galchhi,NP03,NP0330,NP0330410,4,housing,roof_mud,0
Bagmati,Dhading,Galchhi,NP03,NP0330,NP0330410,4,housing,roof_other,3
Bagmati,Dhading,Galchhi,NP03,NP0330,NP0330410,4,housing,floor_mud,236
Bagmati,Dhading,Galchhi,NP03,NP0330,NP0330410,4,housing,floor_wooden_plank_bamboo,7
Bagmati,Dhading,Galchhi,NP03,NP0330,NP0330410,4,housing,floor_bricks_stone,4
Bagmati,Dhading,Galchhi,NP03,NP0330,NP0330410,4,housing,floor_ceramic_tile,3
Bagmati,Dhading,Galchhi,NP03,NP0330,NP0330410,4,housing,floor_cemented,570
Bagmati,Dhading,Galchhi,NP03,NP0330,NP0330410,4,housing,floor_other,4
Bagmati,Dhading,Galchhi,NP03,NP0330,NP0330410,4,drinking water,drinking_water_tap_piped_within_premises,573
Bagmati,Dhading,Galchhi,NP03,NP0330,NP0330410,4,drinking water,drinking_water_tap_piped_outside_premises,92
Bagmati,Dhading,Galchhi,NP03,NP0330,NP0330410,4,drinking water,drinking_water_tubewell_handpump,0
Bagmati,Dhading,Galchhi,NP03,NP0330,NP0330410,4,drinking water,drinking_water_covered_well_kuwa,0
Bagmati,Dhading,Galchhi,NP03,NP0330,NP0330410,4,drinking water,drinking_water_uncovered_well_kuwa,18
Bagmati,Dhading,Galchhi,NP03,NP0330,NP0330410,4,drinking water,drinking_water_spout_water,125
Bagmati,Dhading,Galchhi,NP03,NP0330,NP0330410,4,drinking water,drinking_water_river_stream,16
Bagmati,Dhading,Galchhi,NP03,NP0330,NP0330410,4,drinking water,drinking_water_jar_bottle,0
Bagmati,Dhading,Galchhi,NP03,NP0330,NP0330410,4,drinking water,drinking_water_other,0
Bagmati,Dhading,Galchhi,NP03,NP0330,NP0330410,4,cooking fuel,cooking_fuel_wood_firewood,447
Bagmati,Dhading,Galchhi,NP03,NP0330,NP0330410,4,cooking fuel,cooking_fuel_lpg,364
Bagmati,Dhading,Galchhi,NP03,NP0330,NP0330410,4,cooking fuel,cooking_fuel_electricity,2
Bagmati,Dhading,Galchhi,NP03,NP0330,NP0330410,4,cooking fuel,cooking_fuel_cowdung,0
Bagmati,Dhading,Galchhi,NP03,NP0330,NP0330410,4,cooking fuel,cooking_fuel_biogas,9
Bagmati,Dhading,Galchhi,NP03,NP0330,NP0330410,4,cooking fuel,cooking_fuel_kerosene,1
Bagmati,Dhading,Galchhi,NP03,NP0330,NP0330410,4,cooking fuel,cooking_fuel_other,1
Bagmati,Dhading,Galchhi,NP03,NP0330,NP0330410,4,lighting fuel,lighting_electricity,813
Bagmati,Dhading,Galchhi,NP03,NP0330,NP0330410,4,lighting fuel,lighting_solar,7
Bagmati,Dhading,Galchhi,NP03,NP0330,NP0330410,4,lighting fuel,lighting_kerosene,3
Bagmati,Dhading,Galchhi,NP03,NP0330,NP0330410,4,lighting fuel,lighting_biogas,0
Bagmati,Dhading,Galchhi,NP03,NP0330,NP0330410,4,lighting fuel,lighting_other,1
Bagmati,Dhading,Galchhi,NP03,NP0330,NP0330410,4,sanitation,toilet_flush_public_sewerage,33
Bagmati,Dhading,Galchhi,NP03,NP0330,NP0330410,4,sanitation,toilet_flush_septic_tank,382
Bagmati,Dhading,Galchhi,NP03,NP0330,NP0330410,4,sanitation,toilet_pit,376
Bagmati,Dhading,Galchhi,NP03,NP0330,NP0330410,4,sanitation,toilet_public,11
Bagmati,Dhading,Galchhi,NP03,NP0330,NP0330410,4,sanitation,toilet_no_toilet,22
Bagmati,Dhading,Galchhi,NP03,NP0330,NP0330410,4,household amenities,hh_amenities_without,24
Bagmati,Dhading,Galchhi,NP03,NP0330,NP0330410,4,household amenities,hh_amenities_at_least_one,800
Bagmati,Dhading,Galchhi,NP03,NP0330,NP0330410,4,household amenities,hh_amenities_radio,457
Bagmati,Dhading,Galchhi,NP03,NP0330,NP0330410,4,household amenities,hh_amenities_television,462
Bagmati,Dhading,Galchhi,NP03,NP0330,NP0330410,4,household amenities,hh_amenities_landline,40
Bagmati,Dhading,Galchhi,NP03,NP0330,NP0330410,4,household amenities,hh_amenities_mobile_phone_ordinary,692
Bagmati,Dhading,Galchhi,NP03,NP0330,NP0330410,4,household amenities,hh_amenities_mobile_phone_smart,522
Bagmati,Dhading,Galchhi,NP03,NP0330,NP0330410,4,household amenities,hh_amenities_computer_laptop,70
Bagmati,Dhading,Galchhi,NP03,NP0330,NP0330410,4,household amenities,hh_amenities_internet,360
Bagmati,Dhading,Galchhi,NP03,NP0330,NP0330410,4,household amenities,hh_amenities_car_jeep_van,32
Bagmati,Dhading,Galchhi,NP03,NP0330,NP0330410,4,household amenities,hh_amenities_motorcycle_scooter,206
Bagmati,Dhading,Galchhi,NP03,NP0330,NP0330410,4,household amenities,hh_amenities_bicycle,41
Bagmati,Dhading,Galchhi,NP03,NP0330,NP0330410,4,household amenities,hh_amenities_electric_fan,327
Bagmati,Dhading,Galchhi,NP03,NP0330,NP0330410,4,household amenities,hh_amenities_refridgerator,187
Bagmati,Dhading,Galchhi,NP03,NP0330,NP0330410,4,household amenities,hh_amenities_washing_machine,13
Bagmati,Dhading,Galchhi,NP03,NP0330,NP0330410,4,household amenities,hh_amenities_air_conditioner,2
Bagmati,Dhading,Galchhi,NP03,NP0330,NP0330410,4,wealth quintile,wealth_quintile_poorest_quintile_count,136
Bagmati,Dhading,Galchhi,NP03,NP0330,NP0330410,4,wealth quintile,wealth_quintile_poorer_quintile_count,117
Bagmati,Dhading,Galchhi,NP03,NP0330,NP0330410,4,wealth quintile,wealth_quintile_middle_quintile_count,238
Bagmati,Dhading,Galchhi,NP03,NP0330,NP0330410,4,wealth quintile,wealth_quintile_richer_quintile_count,182
Bagmati,Dhading,Galchhi,NP03,NP0330,NP0330410,4,wealth quintile,wealth_quintile_richest_quintile_count,151
Bagmati,Dhading,Galchhi,NP03,NP0330,NP0330410,4,wealth quintile,wealth_quintile_poorest_quintile_pc,16.5
Bagmati,Dhading,Galchhi,NP03,NP0330,NP0330410,4,wealth quintile,wealth_quintile_poorer_quintile_pc,14.2
Bagmati,Dhading,Galchhi,NP03,NP0330,NP0330410,4,wealth quintile,wealth_quintile_middle_quintile_pc,28.88
Bagmati,Dhading,Galchhi,NP03,NP0330,NP0330410,4,wealth quintile,wealth_quintile_richer_quintile_pc,22.09
Bagmati,Dhading,Galchhi,NP03,NP0330,NP0330410,4,wealth quintile,wealth_quintile_richest_quintile_pc,18.33
Bagmati,Dhading,Galchhi,NP03,NP0330,NP0330410,4,housing,house_quality_most_adequate_count,200
Bagmati,Dhading,Galchhi,NP03,NP0330,NP0330410,4,housing,house_quality_adequate_count,336
Bagmati,Dhading,Galchhi,NP03,NP0330,NP0330410,4,housing,house_quality_moderate_count,222
Bagmati,Dhading,Galchhi,NP03,NP0330,NP0330410,4,housing,house_quality_inadequate_count,66
Bagmati,Dhading,Galchhi,NP03,NP0330,NP0330410,4,housing,house_quality_least_adequate_count,0
Bagmati,Dhading,Galchhi,NP03,NP0330,NP0330410,4,housing,house_quality_most_adequate_pc,24.27
Bagmati,Dhading,Galchhi,NP03,NP0330,NP0330410,4,housing,house_quality_adequate_pc,40.78
Bagmati,Dhading,Galchhi,NP03,NP0330,NP0330410,4,housing,house_quality_moderate_pc,26.94
Bagmati,Dhading,Galchhi,NP03,NP0330,NP0330410,4,housing,house_quality_inadequate_pc,8.01
Bagmati,Dhading,Galchhi,NP03,NP0330,NP0330410,4,housing,house_quality_least_adequate_pc,0
Bagmati,Dhading,Galchhi,NP03,NP0330,NP0330410,6,demographics,total_households,725
Bagmati,Dhading,Galchhi,NP03,NP0330,NP0330410,6,housing,home_ownership_owned,574
Bagmati,Dhading,Galchhi,NP03,NP0330,NP0330410,6,housing,home_ownership_rented,141
Bagmati,Dhading,Galchhi,NP03,NP0330,NP0330410,6,housing,home_ownership_institutional,1
Bagmati,Dhading,Galchhi,NP03,NP0330,NP0330410,6,housing,home_ownership_other,9
Bagmati,Dhading,Galchhi,NP03,NP0330,NP0330410,6,housing,foundation_mud,135
Bagmati,Dhading,Galchhi,NP03,NP0330,NP0330410,6,housing,foundation_mud_bonded_bricks_stone,389
Bagmati,Dhading,Galchhi,NP03,NP0330,NP0330410,6,housing,foundation_cement_bonded_bricks_stone,166
Bagmati,Dhading,Galchhi,NP03,NP0330,NP0330410,6,housing,foundation_reinforced_cement_concrete_with_pillars,25
Bagmati,Dhading,Galchhi,NP03,NP0330,NP0330410,6,housing,foundation_wooden_pillars,10
Bagmati,Dhading,Galchhi,NP03,NP0330,NP0330410,6,housing,outer_wall_mud_bonded_bricks_stone,117
Bagmati,Dhading,Galchhi,NP03,NP0330,NP0330410,6,housing,outer_wall_cement_bonded_bricks_stone,555
Bagmati,Dhading,Galchhi,NP03,NP0330,NP0330410,6,housing,outer_wall_wood_planks,3
Bagmati,Dhading,Galchhi,NP03,NP0330,NP0330410,6,housing,outer_wall_bamboo,0
Bagmati,Dhading,Galchhi,NP03,NP0330,NP0330410,6,housing,outer_wall_unbaked_bricks,0
Bagmati,Dhading,Galchhi,NP03,NP0330,NP0330410,6,housing,outer_wall_galvanised_sheet,44
Bagmati,Dhading,Galchhi,NP03,NP0330,NP0330410,6,housing,outer_wall_prefabricated_sheet,0
Bagmati,Dhading,Galchhi,NP03,NP0330,NP0330410,6,housing,outer_wall_other,6
Bagmati,Dhading,Galchhi,NP03,NP0330,NP0330410,6,housing,roof_galvanised_sheet,293
Bagmati,Dhading,Galchhi,NP03,NP0330,NP0330410,6,housing,roof_reinforced_cement_concrete,402
Bagmati,Dhading,Galchhi,NP03,NP0330,NP0330410,6,housing,roof_thatch_straw,2
Bagmati,Dhading,Galchhi,NP03,NP0330,NP0330410,6,housing,roof_tile,0
Bagmati,Dhading,Galchhi,NP03,NP0330,NP0330410,6,housing,roof_stone_slate,26
Bagmati,Dhading,Galchhi,NP03,NP0330,NP0330410,6,housing,roof_wood_planks,2
Bagmati,Dhading,Galchhi,NP03,NP0330,NP0330410,6,housing,roof_mud,0
Bagmati,Dhading,Galchhi,NP03,NP0330,NP0330410,6,housing,roof_other,0
Bagmati,Dhading,Galchhi,NP03,NP0330,NP0330410,6,housing,floor_mud,118
Bagmati,Dhading,Galchhi,NP03,NP0330,NP0330410,6,housing,floor_wooden_plank_bamboo,13
Bagmati,Dhading,Galchhi,NP03,NP0330,NP0330410,6,housing,floor_bricks_stone,11
Bagmati,Dhading,Galchhi,NP03,NP0330,NP0330410,6,housing,floor_ceramic_tile,21
Bagmati,Dhading,Galchhi,NP03,NP0330,NP0330410,6,housing,floor_cemented,555
Bagmati,Dhading,Galchhi,NP03,NP0330,NP0330410,6,housing,floor_other,7
Bagmati,Dhading,Galchhi,NP03,NP0330,NP0330410,6,drinking water,drinking_water_tap_piped_within_premises,292
Bagmati,Dhading,Galchhi,NP03,NP0330,NP0330410,6,drinking water,drinking_water_tap_piped_outside_premises,334
Bagmati,Dhading,Galchhi,NP03,NP0330,NP0330410,6,drinking water,drinking_water_tubewell_handpump,31
Bagmati,Dhading,Galchhi,NP03,NP0330,NP0330410,6,drinking water,drinking_water_covered_well_kuwa,11
Bagmati,Dhading,Galchhi,NP03,NP0330,NP0330410,6,drinking water,drinking_water_uncovered_well_kuwa,34
Bagmati,Dhading,Galchhi,NP03,NP0330,NP0330410,6,drinking water,drinking_water_spout_water,15
Bagmati,Dhading,Galchhi,NP03,NP0330,NP0330410,6,drinking water,drinking_water_river_stream,0
Bagmati,Dhading,Galchhi,NP03,NP0330,NP0330410,6,drinking water,drinking_water_jar_bottle,0
Bagmati,Dhading,Galchhi,NP03,NP0330,NP0330410,6,drinking water,drinking_water_other,8
Bagmati,Dhading,Galchhi,NP03,NP0330,NP0330410,6,cooking fuel,cooking_fuel_wood_firewood,218
Bagmati,Dhading,Galchhi,NP03,NP0330,NP0330410,6,cooking fuel,cooking_fuel_lpg,506
Bagmati,Dhading,Galchhi,NP03,NP0330,NP0330410,6,cooking fuel,cooking_fuel_electricity,0
Bagmati,Dhading,Galchhi,NP03,NP0330,NP0330410,6,cooking fuel,cooking_fuel_cowdung,1
Bagmati,Dhading,Galchhi,NP03,NP0330,NP0330410,6,cooking fuel,cooking_fuel_biogas,0
Bagmati,Dhading,Galchhi,NP03,NP0330,NP0330410,6,cooking fuel,cooking_fuel_kerosene,0
Bagmati,Dhading,Galchhi,NP03,NP0330,NP0330410,6,cooking fuel,cooking_fuel_other,0
Bagmati,Dhading,Galchhi,NP03,NP0330,NP0330410,6,lighting fuel,lighting_electricity,715
Bagmati,Dhading,Galchhi,NP03,NP0330,NP0330410,6,lighting fuel,lighting_solar,8
Bagmati,Dhading,Galchhi,NP03,NP0330,NP0330410,6,lighting fuel,lighting_kerosene,0
Bagmati,Dhading,Galchhi,NP03,NP0330,NP0330410,6,lighting fuel,lighting_biogas,0
Bagmati,Dhading,Galchhi,NP03,NP0330,NP0330410,6,lighting fuel,lighting_other,2
Bagmati,Dhading,Galchhi,NP03,NP0330,NP0330410,6,sanitation,toilet_flush_public_sewerage,84
Bagmati,Dhading,Galchhi,NP03,NP0330,NP0330410,6,sanitation,toilet_flush_septic_tank,577
Bagmati,Dhading,Galchhi,NP03,NP0330,NP0330410,6,sanitation,toilet_pit,47
Bagmati,Dhading,Galchhi,NP03,NP0330,NP0330410,6,sanitation,toilet_public,0
Bagmati,Dhading,Galchhi,NP03,NP0330,NP0330410,6,sanitation,toilet_no_toilet,17
Bagmati,Dhading,Galchhi,NP03,NP0330,NP0330410,6,household amenities,hh_amenities_without,20
Bagmati,Dhading,Galchhi,NP03,NP0330,NP0330410,6,household amenities,hh_amenities_at_least_one,705
Bagmati,Dhading,Galchhi,NP03,NP0330,NP0330410,6,household amenities,hh_amenities_radio,573
Bagmati,Dhading,Galchhi,NP03,NP0330,NP0330410,6,household amenities,hh_amenities_television,486
Bagmati,Dhading,Galchhi,NP03,NP0330,NP0330410,6,household amenities,hh_amenities_landline,66
Bagmati,Dhading,Galchhi,NP03,NP0330,NP0330410,6,household amenities,hh_amenities_mobile_phone_ordinary,602
Bagmati,Dhading,Galchhi,NP03,NP0330,NP0330410,6,household amenities,hh_amenities_mobile_phone_smart,526
Bagmati,Dhading,Galchhi,NP03,NP0330,NP0330410,6,household amenities,hh_amenities_computer_laptop,128
Bagmati,Dhading,Galchhi,NP03,NP0330,NP0330410,6,household amenities,hh_amenities_internet,355
Bagmati,Dhading,Galchhi,NP03,NP0330,NP0330410,6,household amenities,hh_amenities_car_jeep_van,40
Bagmati,Dhading,Galchhi,NP03,NP0330,NP0330410,6,household amenities,hh_amenities_motorcycle_scooter,256
Bagmati,Dhading,Galchhi,NP03,NP0330,NP0330410,6,household amenities,hh_amenities_bicycle,55
Bagmati,Dhading,Galchhi,NP03,NP0330,NP0330410,6,household amenities,hh_amenities_electric_fan,510
Bagmati,Dhading,Galchhi,NP03,NP0330,NP0330410,6,household amenities,hh_amenities_refridgerator,226
Bagmati,Dhading,Galchhi,NP03,NP0330,NP0330410,6,household amenities,hh_amenities_washing_machine,36
Bagmati,Dhading,Galchhi,NP03,NP0330,NP0330410,6,household amenities,hh_amenities_air_conditioner,3
Bagmati,Dhading,Galchhi,NP03,NP0330,NP0330410,6,wealth quintile,wealth_quintile_poorest_quintile_count,50
Bagmati,Dhading,Galchhi,NP03,NP0330,NP0330410,6,wealth quintile,wealth_quintile_poorer_quintile_count,70
Bagmati,Dhading,Galchhi,NP03,NP0330,NP0330410,6,wealth quintile,wealth_quintile_middle_quintile_count,150
Bagmati,Dhading,Galchhi,NP03,NP0330,NP0330410,6,wealth quintile,wealth_quintile_richer_quintile_count,217
Bagmati,Dhading,Galchhi,NP03,NP0330,NP0330410,6,wealth quintile,wealth_quintile_richest_quintile_count,238
Bagmati,Dhading,Galchhi,NP03,NP0330,NP0330410,6,wealth quintile,wealth_quintile_poorest_quintile_pc,6.9
Bagmati,Dhading,Galchhi,NP03,NP0330,NP0330410,6,wealth quintile,wealth_quintile_poorer_quintile_pc,9.66
Bagmati,Dhading,Galchhi,NP03,NP0330,NP0330410,6,wealth quintile,wealth_quintile_middle_quintile_pc,20.69
Bagmati,Dhading,Galchhi,NP03,NP0330,NP0330410,6,wealth quintile,wealth_quintile_richer_quintile_pc,29.93
Bagmati,Dhading,Galchhi,NP03,NP0330,NP0330410,6,wealth quintile,wealth_quintile_richest_quintile_pc,32.83
Bagmati,Dhading,Galchhi,NP03,NP0330,NP0330410,6,housing,house_quality_most_adequate_count,401
Bagmati,Dhading,Galchhi,NP03,NP0330,NP0330410,6,housing,house_quality_adequate_count,191
Bagmati,Dhading,Galchhi,NP03,NP0330,NP0330410,6,housing,house_quality_moderate_count,116
Bagmati,Dhading,Galchhi,NP03,NP0330,NP0330410,6,housing,house_quality_inadequate_count,17
Bagmati,Dhading,Galchhi,NP03,NP0330,NP0330410,6,housing,house_quality_least_adequate_count,0
Bagmati,Dhading,Galchhi,NP03,NP0330,NP0330410,6,housing,house_quality_most_adequate_pc,55.31
Bagmati,Dhading,Galchhi,NP03,NP0330,NP0330410,6,housing,house_quality_adequate_pc,26.34
Bagmati,Dhading,Galchhi,NP03,NP0330,NP0330410,6,housing,house_quality_moderate_pc,16
Bagmati,Dhading,Galchhi,NP03,NP0330,NP0330410,6,housing,house_quality_inadequate_pc,2.34
Bagmati,Dhading,Galchhi,NP03,NP0330,NP0330410,6,housing,house_quality_least_adequate_pc,0
Bagmati,Dhading,Galchhi,NP03,NP0330,NP0330410,8,demographics,total_households,809
Bagmati,Dhading,Galchhi,NP03,NP0330,NP0330410,8,housing,home_ownership_owned,775
Bagmati,Dhading,Galchhi,NP03,NP0330,NP0330410,8,housing,home_ownership_rented,30
Bagmati,Dhading,Galchhi,NP03,NP0330,NP0330410,8,housing,home_ownership_institutional,1
Bagmati,Dhading,Galchhi,NP03,NP0330,NP0330410,8,housing,home_ownership_other,3
Bagmati,Dhading,Galchhi,NP03,NP0330,NP0330410,8,housing,foundation_mud,223
Bagmati,Dhading,Galchhi,NP03,NP0330,NP0330410,8,housing,foundation_mud_bonded_bricks_stone,505
Bagmati,Dhading,Galchhi,NP03,NP0330,NP0330410,8,housing,foundation_cement_bonded_bricks_stone,70
Bagmati,Dhading,Galchhi,NP03,NP0330,NP0330410,8,housing,foundation_reinforced_cement_concrete_with_pillars,11
Bagmati,Dhading,Galchhi,NP03,NP0330,NP0330410,8,housing,foundation_wooden_pillars,0
Bagmati,Dhading,Galchhi,NP03,NP0330,NP0330410,8,housing,outer_wall_mud_bonded_bricks_stone,223
Bagmati,Dhading,Galchhi,NP03,NP0330,NP0330410,8,housing,outer_wall_cement_bonded_bricks_stone,576
Bagmati,Dhading,Galchhi,NP03,NP0330,NP0330410,8,housing,outer_wall_wood_planks,1
Bagmati,Dhading,Galchhi,NP03,NP0330,NP0330410,8,housing,outer_wall_bamboo,1
Bagmati,Dhading,Galchhi,NP03,NP0330,NP0330410,8,housing,outer_wall_unbaked_bricks,0
Bagmati,Dhading,Galchhi,NP03,NP0330,NP0330410,8,housing,outer_wall_galvanised_sheet,8
Bagmati,Dhading,Galchhi,NP03,NP0330,NP0330410,8,housing,outer_wall_prefabricated_sheet,0
Bagmati,Dhading,Galchhi,NP03,NP0330,NP0330410,8,housing,outer_wall_other,0
Bagmati,Dhading,Galchhi,NP03,NP0330,NP0330410,8,housing,roof_galvanised_sheet,629
Bagmati,Dhading,Galchhi,NP03,NP0330,NP0330410,8,housing,roof_reinforced_cement_concrete,177
Bagmati,Dhading,Galchhi,NP03,NP0330,NP0330410,8,housing,roof_thatch_straw,1
Bagmati,Dhading,Galchhi,NP03,NP0330,NP0330410,8,housing,roof_tile,2
Bagmati,Dhading,Galchhi,NP03,NP0330,NP0330410,8,housing,roof_stone_slate,0
Bagmati,Dhading,Galchhi,NP03,NP0330,NP0330410,8,housing,roof_wood_planks,0
Bagmati,Dhading,Galchhi,NP03,NP0330,NP0330410,8,housing,roof_mud,0
Bagmati,Dhading,Galchhi,NP03,NP0330,NP0330410,8,housing,roof_other,0
Bagmati,Dhading,Galchhi,NP03,NP0330,NP0330410,8,housing,floor_mud,197
Bagmati,Dhading,Galchhi,NP03,NP0330,NP0330410,8,housing,floor_wooden_plank_bamboo,18
Bagmati,Dhading,Galchhi,NP03,NP0330,NP0330410,8,housing,floor_bricks_stone,12
Bagmati,Dhading,Galchhi,NP03,NP0330,NP0330410,8,housing,floor_ceramic_tile,5
Bagmati,Dhading,Galchhi,NP03,NP0330,NP0330410,8,housing,floor_cemented,572
Bagmati,Dhading,Galchhi,NP03,NP0330,NP0330410,8,housing,floor_other,5
Bagmati,Dhading,Galchhi,NP03,NP0330,NP0330410,8,drinking water,drinking_water_tap_piped_within_premises,14
Bagmati,Dhading,Galchhi,NP03,NP0330,NP0330410,8,drinking water,drinking_water_tap_piped_outside_premises,369
Bagmati,Dhading,Galchhi,NP03,NP0330,NP0330410,8,drinking water,drinking_water_tubewell_handpump,2
Bagmati,Dhading,Galchhi,NP03,NP0330,NP0330410,8,drinking water,drinking_water_covered_well_kuwa,4
Bagmati,Dhading,Galchhi,NP03,NP0330,NP0330410,8,drinking water,drinking_water_uncovered_well_kuwa,127
Bagmati,Dhading,Galchhi,NP03,NP0330,NP0330410,8,drinking water,drinking_water_spout_water,292
Bagmati,Dhading,Galchhi,NP03,NP0330,NP0330410,8,drinking water,drinking_water_river_stream,0
Bagmati,Dhading,Galchhi,NP03,NP0330,NP0330410,8,drinking water,drinking_water_jar_bottle,0
Bagmati,Dhading,Galchhi,NP03,NP0330,NP0330410,8,drinking water,drinking_water_other,1
Bagmati,Dhading,Galchhi,NP03,NP0330,NP0330410,8,cooking fuel,cooking_fuel_wood_firewood,654
Bagmati,Dhading,Galchhi,NP03,NP0330,NP0330410,8,cooking fuel,cooking_fuel_lpg,150
Bagmati,Dhading,Galchhi,NP03,NP0330,NP0330410,8,cooking fuel,cooking_fuel_electricity,1
Bagmati,Dhading,Galchhi,NP03,NP0330,NP0330410,8,cooking fuel,cooking_fuel_cowdung,0
Bagmati,Dhading,Galchhi,NP03,NP0330,NP0330410,8,cooking fuel,cooking_fuel_biogas,4
Bagmati,Dhading,Galchhi,NP03,NP0330,NP0330410,8,cooking fuel,cooking_fuel_kerosene,0
Bagmati,Dhading,Galchhi,NP03,NP0330,NP0330410,8,cooking fuel,cooking_fuel_other,0
Bagmati,Dhading,Galchhi,NP03,NP0330,NP0330410,8,lighting fuel,lighting_electricity,775
Bagmati,Dhading,Galchhi,NP03,NP0330,NP0330410,8,lighting fuel,lighting_solar,31
Bagmati,Dhading,Galchhi,NP03,NP0330,NP0330410,8,lighting fuel,lighting_kerosene,0
Bagmati,Dhading,Galchhi,NP03,NP0330,NP0330410,8,lighting fuel,lighting_biogas,1
Bagmati,Dhading,Galchhi,NP03,NP0330,NP0330410,8,lighting fuel,lighting_other,2
Bagmati,Dhading,Galchhi,NP03,NP0330,NP0330410,8,sanitation,toilet_flush_public_sewerage,4
Bagmati,Dhading,Galchhi,NP03,NP0330,NP0330410,8,sanitation,toilet_flush_septic_tank,329
Bagmati,Dhading,Galchhi,NP03,NP0330,NP0330410,8,sanitation,toilet_pit,445
Bagmati,Dhading,Galchhi,NP03,NP0330,NP0330410,8,sanitation,toilet_public,19
Bagmati,Dhading,Galchhi,NP03,NP0330,NP0330410,8,sanitation,toilet_no_toilet,12
Bagmati,Dhading,Galchhi,NP03,NP0330,NP0330410,8,household amenities,hh_amenities_without,36
Bagmati,Dhading,Galchhi,NP03,NP0330,NP0330410,8,household amenities,hh_amenities_at_least_one,773
Bagmati,Dhading,Galchhi,NP03,NP0330,NP0330410,8,household amenities,hh_amenities_radio,575
Bagmati,Dhading,Galchhi,NP03,NP0330,NP0330410,8,household amenities,hh_amenities_television,339
Bagmati,Dhading,Galchhi,NP03,NP0330,NP0330410,8,household amenities,hh_amenities_landline,6
Bagmati,Dhading,Galchhi,NP03,NP0330,NP0330410,8,household amenities,hh_amenities_mobile_phone_ordinary,724
Bagmati,Dhading,Galchhi,NP03,NP0330,NP0330410,8,household amenities,hh_amenities_mobile_phone_smart,389
Bagmati,Dhading,Galchhi,NP03,NP0330,NP0330410,8,household amenities,hh_amenities_computer_laptop,22
Bagmati,Dhading,Galchhi,NP03,NP0330,NP0330410,8,household amenities,hh_amenities_internet,191
Bagmati,Dhading,Galchhi,NP03,NP0330,NP0330410,8,household amenities,hh_amenities_car_jeep_van,5
Bagmati,Dhading,Galchhi,NP03,NP0330,NP0330410,8,household amenities,hh_amenities_motorcycle_scooter,130
Bagmati,Dhading,Galchhi,NP03,NP0330,NP0330410,8,household amenities,hh_amenities_bicycle,3
Bagmati,Dhading,Galchhi,NP03,NP0330,NP0330410,8,household amenities,hh_amenities_electric_fan,149
Bagmati,Dhading,Galchhi,NP03,NP0330,NP0330410,8,household amenities,hh_amenities_refridgerator,62
Bagmati,Dhading,Galchhi,NP03,NP0330,NP0330410,8,household amenities,hh_amenities_washing_machine,3
Bagmati,Dhading,Galchhi,NP03,NP0330,NP0330410,8,household amenities,hh_amenities_air_conditioner,2
Bagmati,Dhading,Galchhi,NP03,NP0330,NP0330410,8,wealth quintile,wealth_quintile_poorest_quintile_count,118
Bagmati,Dhading,Galchhi,NP03,NP0330,NP0330410,8,wealth quintile,wealth_quintile_poorer_quintile_count,168
Bagmati,Dhading,Galchhi,NP03,NP0330,NP0330410,8,wealth quintile,wealth_quintile_middle_quintile_count,351
Bagmati,Dhading,Galchhi,NP03,NP0330,NP0330410,8,wealth quintile,wealth_quintile_richer_quintile_count,134
Bagmati,Dhading,Galchhi,NP03,NP0330,NP0330410,8,wealth quintile,wealth_quintile_richest_quintile_count,38
Bagmati,Dhading,Galchhi,NP03,NP0330,NP0330410,8,wealth quintile,wealth_quintile_poorest_quintile_pc,14.59
Bagmati,Dhading,Galchhi,NP03,NP0330,NP0330410,8,wealth quintile,wealth_quintile_poorer_quintile_pc,20.77
Bagmati,Dhading,Galchhi,NP03,NP0330,NP0330410,8,wealth quintile,wealth_quintile_middle_quintile_pc,43.39
Bagmati,Dhading,Galchhi,NP03,NP0330,NP0330410,8,wealth quintile,wealth_quintile_richer_quintile_pc,16.56
Bagmati,Dhading,Galchhi,NP03,NP0330,NP0330410,8,wealth quintile,wealth_quintile_richest_quintile_pc,4.7
Bagmati,Dhading,Galchhi,NP03,NP0330,NP0330410,8,housing,house_quality_most_adequate_count,66
Bagmati,Dhading,Galchhi,NP03,NP0330,NP0330410,8,housing,house_quality_adequate_count,379
Bagmati,Dhading,Galchhi,NP03,NP0330,NP0330410,8,housing,house_quality_moderate_count,257
Bagmati,Dhading,Galchhi,NP03,NP0330,NP0330410,8,housing,house_quality_inadequate_count,107
Bagmati,Dhading,Galchhi,NP03,NP0330,NP0330410,8,housing,house_quality_least_adequate_count,0
Bagmati,Dhading,Galchhi,NP03,NP0330,NP0330410,8,housing,house_quality_most_adequate_pc,8.16
Bagmati,Dhading,Galchhi,NP03,NP0330,NP0330410,8,housing,house_quality_adequate_pc,46.85
Bagmati,Dhading,Galchhi,NP03,NP0330,NP0330410,8,housing,house_quality_moderate_pc,31.77
Bagmati,Dhading,Galchhi,NP03,NP0330,NP0330410,8,housing,house_quality_inadequate_pc,13.23
Bagmati,Dhading,Galchhi,NP03,NP0330,NP0330410,8,housing,house_quality_least_adequate_pc,0
Bagmati,Nuwakot,Bidur,NP03,NP0328,NP0328301,1,demographics,total_households,670
Bagmati,Nuwakot,Bidur,NP03,NP0328,NP0328301,1,housing,home_ownership_owned,552
Bagmati,Nuwakot,Bidur,NP03,NP0328,NP0328301,1,housing,home_ownership_rented,109
Bagmati,Nuwakot,Bidur,NP03,NP0328,NP0328301,1,housing,home_ownership_institutional,1
Bagmati,Nuwakot,Bidur,NP03,NP0328,NP0328301,1,housing,home_ownership_other,8
Bagmati,Nuwakot,Bidur,NP03,NP0328,NP0328301,1,housing,foundation_mud,144
Bagmati,Nuwakot,Bidur,NP03,NP0328,NP0328301,1,housing,foundation_mud_bonded_bricks_stone,243
Bagmati,Nuwakot,Bidur,NP03,NP0328,NP0328301,1,housing,foundation_cement_bonded_bricks_stone,211
Bagmati,Nuwakot,Bidur,NP03,NP0328,NP0328301,1,housing,foundation_reinforced_cement_concrete_with_pillars,51
Bagmati,Nuwakot,Bidur,NP03,NP0328,NP0328301,1,housing,foundation_wooden_pillars,21
Bagmati,Nuwakot,Bidur,NP03,NP0328,NP0328301,1,housing,outer_wall_mud_bonded_bricks_stone,89
Bagmati,Nuwakot,Bidur,NP03,NP0328,NP0328301,1,housing,outer_wall_cement_bonded_bricks_stone,504
Bagmati,Nuwakot,Bidur,NP03,NP0328,NP0328301,1,housing,outer_wall_wood_planks,2
Bagmati,Nuwakot,Bidur,NP03,NP0328,NP0328301,1,housing,outer_wall_bamboo,1
Bagmati,Nuwakot,Bidur,NP03,NP0328,NP0328301,1,housing,outer_wall_unbaked_bricks,0
Bagmati,Nuwakot,Bidur,NP03,NP0328,NP0328301,1,housing,outer_wall_galvanised_sheet,71
Bagmati,Nuwakot,Bidur,NP03,NP0328,NP0328301,1,housing,outer_wall_prefabricated_sheet,0
Bagmati,Nuwakot,Bidur,NP03,NP0328,NP0328301,1,housing,outer_wall_other,3
Bagmati,Nuwakot,Bidur,NP03,NP0328,NP0328301,1,housing,roof_galvanised_sheet,314
Bagmati,Nuwakot,Bidur,NP03,NP0328,NP0328301,1,housing,roof_reinforced_cement_concrete,339
Bagmati,Nuwakot,Bidur,NP03,NP0328,NP0328301,1,housing,roof_thatch_straw,0
Bagmati,Nuwakot,Bidur,NP03,NP0328,NP0328301,1,housing,roof_tile,12
Bagmati,Nuwakot,Bidur,NP03,NP0328,NP0328301,1,housing,roof_stone_slate,4
Bagmati,Nuwakot,Bidur,NP03,NP0328,NP0328301,1,housing,roof_wood_planks,1
Bagmati,Nuwakot,Bidur,NP03,NP0328,NP0328301,1,housing,roof_mud,0
Bagmati,Nuwakot,Bidur,NP03,NP0328,NP0328301,1,housing,roof_other,0
Bagmati,Nuwakot,Bidur,NP03,NP0328,NP0328301,1,housing,floor_mud,133
Bagmati,Nuwakot,Bidur,NP03,NP0328,NP0328301,1,housing,floor_wooden_plank_bamboo,8
Bagmati,Nuwakot,Bidur,NP03,NP0328,NP0328301,1,housing,floor_bricks_stone,9
Bagmati,Nuwakot,Bidur,NP03,NP0328,NP0328301,1,housing,floor_ceramic_tile,17
Bagmati,Nuwakot,Bidur,NP03,NP0328,NP0328301,1,housing,floor_cemented,494
Bagmati,Nuwakot,Bidur,NP03,NP0328,NP0328301,1,housing,floor_other,9
Bagmati,Nuwakot,Bidur,NP03,NP0328,NP0328301,1,drinking water,drinking_water_tap_piped_within_premises,371
Bagmati,Nuwakot,Bidur,NP03,NP0328,NP0328301,1,drinking water,drinking_water_tap_piped_outside_premises,207
Bagmati,Nuwakot,Bidur,NP03,NP0328,NP0328301,1,drinking water,drinking_water_tubewell_handpump,0
Bagmati,Nuwakot,Bidur,NP03,NP0328,NP0328301,1,drinking water,drinking_water_covered_well_kuwa,2
Bagmati,Nuwakot,Bidur,NP03,NP0328,NP0328301,1,drinking water,drinking_water_uncovered_well_kuwa,2
Bagmati,Nuwakot,Bidur,NP03,NP0328,NP0328301,1,drinking water,drinking_water_spout_water,72
Bagmati,Nuwakot,Bidur,NP03,NP0328,NP0328301,1,drinking water,drinking_water_river_stream,13
Bagmati,Nuwakot,Bidur,NP03,NP0328,NP0328301,1,drinking water,drinking_water_jar_bottle,2
Bagmati,Nuwakot,Bidur,NP03,NP0328,NP0328301,1,drinking water,drinking_water_other,1
Bagmati,Nuwakot,Bidur,NP03,NP0328,NP0328301,1,cooking fuel,cooking_fuel_wood_firewood,176
Bagmati,Nuwakot,Bidur,NP03,NP0328,NP0328301,1,cooking fuel,cooking_fuel_lpg,491
Bagmati,Nuwakot,Bidur,NP03,NP0328,NP0328301,1,cooking fuel,cooking_fuel_electricity,3
Bagmati,Nuwakot,Bidur,NP03,NP0328,NP0328301,1,cooking fuel,cooking_fuel_cowdung,0
Bagmati,Nuwakot,Bidur,NP03,NP0328,NP0328301,1,cooking fuel,cooking_fuel_biogas,0
Bagmati,Nuwakot,Bidur,NP03,NP0328,NP0328301,1,cooking fuel,cooking_fuel_kerosene,0
Bagmati,Nuwakot,Bidur,NP03,NP0328,NP0328301,1,cooking fuel,cooking_fuel_other,0
Bagmati,Nuwakot,Bidur,NP03,NP0328,NP0328301,1,lighting fuel,lighting_electricity,667
Bagmati,Nuwakot,Bidur,NP03,NP0328,NP0328301,1,lighting fuel,lighting_solar,1
Bagmati,Nuwakot,Bidur,NP03,NP0328,NP0328301,1,lighting fuel,lighting_kerosene,2
Bagmati,Nuwakot,Bidur,NP03,NP0328,NP0328301,1,lighting fuel,lighting_biogas,0
Bagmati,Nuwakot,Bidur,NP03,NP0328,NP0328301,1,lighting fuel,lighting_other,0
Bagmati,Nuwakot,Bidur,NP03,NP0328,NP0328301,1,sanitation,toilet_flush_public_sewerage,76
Bagmati,Nuwakot,Bidur,NP03,NP0328,NP0328301,1,sanitation,toilet_flush_septic_tank,401
Bagmati,Nuwakot,Bidur,NP03,NP0328,NP0328301,1,sanitation,toilet_pit,163
Bagmati,Nuwakot,Bidur,NP03,NP0328,NP0328301,1,sanitation,toilet_public,17
Bagmati,Nuwakot,Bidur,NP03,NP0328,NP0328301,1,sanitation,toilet_no_toilet,13
Bagmati,Nuwakot,Bidur,NP03,NP0328,NP0328301,1,household amenities,hh_amenities_without,14
Bagmati,Nuwakot,Bidur,NP03,NP0328,NP0328301,1,household amenities,hh_amenities_at_least_one,656
Bagmati,Nuwakot,Bidur,NP03,NP0328,NP0328301,1,household amenities,hh_amenities_radio,251
Bagmati,Nuwakot,Bidur,NP03,NP0328,NP0328301,1,household amenities,hh_amenities_television,484
Bagmati,Nuwakot,Bidur,NP03,NP0328,NP0328301,1,household amenities,hh_amenities_landline,100
Bagmati,Nuwakot,Bidur,NP03,NP0328,NP0328301,1,household amenities,hh_amenities_mobile_phone_ordinary,416
Bagmati,Nuwakot,Bidur,NP03,NP0328,NP0328301,1,household amenities,hh_amenities_mobile_phone_smart,494
Bagmati,Nuwakot,Bidur,NP03,NP0328,NP0328301,1,household amenities,hh_amenities_computer_laptop,176
Bagmati,Nuwakot,Bidur,NP03,NP0328,NP0328301,1,household amenities,hh_amenities_internet,318
Bagmati,Nuwakot,Bidur,NP03,NP0328,NP0328301,1,household amenities,hh_amenities_car_jeep_van,50
Bagmati,Nuwakot,Bidur,NP03,NP0328,NP0328301,1,household amenities,hh_amenities_motorcycle_scooter,252
Bagmati,Nuwakot,Bidur,NP03,NP0328,NP0328301,1,household amenities,hh_amenities_bicycle,96
Bagmati,Nuwakot,Bidur,NP03,NP0328,NP0328301,1,household amenities,hh_amenities_electric_fan,523
Bagmati,Nuwakot,Bidur,NP03,NP0328,NP0328301,1,household amenities,hh_amenities_refridgerator,356
Bagmati,Nuwakot,Bidur,NP03,NP0328,NP0328301,1,household amenities,hh_amenities_washing_machine,42
Bagmati,Nuwakot,Bidur,NP03,NP0328,NP0328301,1,household amenities,hh_amenities_air_conditioner,13
Bagmati,Nuwakot,Bidur,NP03,NP0328,NP0328301,1,wealth quintile,wealth_quintile_poorest_quintile_count,35
Bagmati,Nuwakot,Bidur,NP03,NP0328,NP0328301,1,wealth quintile,wealth_quintile_poorer_quintile_count,84
Bagmati,Nuwakot,Bidur,NP03,NP0328,NP0328301,1,wealth quintile,wealth_quintile_middle_quintile_count,124
Bagmati,Nuwakot,Bidur,NP03,NP0328,NP0328301,1,wealth quintile,wealth_quintile_richer_quintile_count,174
Bagmati,Nuwakot,Bidur,NP03,NP0328,NP0328301,1,wealth quintile,wealth_quintile_richest_quintile_count,253
Bagmati,Nuwakot,Bidur,NP03,NP0328,NP0328301,1,wealth quintile,wealth_quintile_poorest_quintile_pc,5.22
Bagmati,Nuwakot,Bidur,NP03,NP0328,NP0328301,1,wealth quintile,wealth_quintile_poorer_quintile_pc,12.54
Bagmati,Nuwakot,Bidur,NP03,NP0328,NP0328301,1,wealth quintile,wealth_quintile_middle_quintile_pc,18.51
Bagmati,Nuwakot,Bidur,NP03,NP0328,NP0328301,1,wealth quintile,wealth_quintile_richer_quintile_pc,25.97
Bagmati,Nuwakot,Bidur,NP03,NP0328,NP0328301,1,wealth quintile,wealth_quintile_richest_quintile_pc,37.76
Bagmati,Nuwakot,Bidur,NP03,NP0328,NP0328301,1,housing,house_quality_most_adequate_count,330
Bagmati,Nuwakot,Bidur,NP03,NP0328,NP0328301,1,housing,house_quality_adequate_count,209
Bagmati,Nuwakot,Bidur,NP03,NP0328,NP0328301,1,housing,house_quality_moderate_count,69
Bagmati,Nuwakot,Bidur,NP03,NP0328,NP0328301,1,housing,house_quality_inadequate_count,59
Bagmati,Nuwakot,Bidur,NP03,NP0328,NP0328301,1,housing,house_quality_least_adequate_count,3
Bagmati,Nuwakot,Bidur,NP03,NP0328,NP0328301,1,housing,house_quality_most_adequate_pc,49.25
Bagmati,Nuwakot,Bidur,NP03,NP0328,NP0328301,1,housing,house_quality_adequate_pc,31.19
Bagmati,Nuwakot,Bidur,NP03,NP0328,NP0328301,1,housing,house_quality_moderate_pc,10.3
Bagmati,Nuwakot,Bidur,NP03,NP0328,NP0328301,1,housing,house_quality_inadequate_pc,8.81
Bagmati,Nuwakot,Bidur,NP03,NP0328,NP0328301,1,housing,house_quality_least_adequate_pc,0.45
Bagmati,Nuwakot,Bidur,NP03,NP0328,NP0328301,3,demographics,total_households,1272
Bagmati,Nuwakot,Bidur,NP03,NP0328,NP0328301,3,housing,home_ownership_owned,1264
Bagmati,Nuwakot,Bidur,NP03,NP0328,NP0328301,3,housing,home_ownership_rented,7
Bagmati,Nuwakot,Bidur,NP03,NP0328,NP0328301,3,housing,home_ownership_institutional,1
Bagmati,Nuwakot,Bidur,NP03,NP0328,NP0328301,3,housing,home_ownership_other,0
Bagmati,Nuwakot,Bidur,NP03,NP0328,NP0328301,3,housing,foundation_mud,245
Bagmati,Nuwakot,Bidur,NP03,NP0328,NP0328301,3,housing,foundation_mud_bonded_bricks_stone,558
Bagmati,Nuwakot,Bidur,NP03,NP0328,NP0328301,3,housing,foundation_cement_bonded_bricks_stone,460
Bagmati,Nuwakot,Bidur,NP03,NP0328,NP0328301,3,housing,foundation_reinforced_cement_concrete_with_pillars,8
Bagmati,Nuwakot,Bidur,NP03,NP0328,NP0328301,3,housing,foundation_wooden_pillars,1
Bagmati,Nuwakot,Bidur,NP03,NP0328,NP0328301,3,housing,outer_wall_mud_bonded_bricks_stone,150
Bagmati,Nuwakot,Bidur,NP03,NP0328,NP0328301,3,housing,outer_wall_cement_bonded_bricks_stone,1098
Bagmati,Nuwakot,Bidur,NP03,NP0328,NP0328301,3,housing,outer_wall_wood_planks,4
Bagmati,Nuwakot,Bidur,NP03,NP0328,NP0328301,3,housing,outer_wall_bamboo,1
Bagmati,Nuwakot,Bidur,NP03,NP0328,NP0328301,3,housing,outer_wall_unbaked_bricks,4
Bagmati,Nuwakot,Bidur,NP03,NP0328,NP0328301,3,housing,outer_wall_galvanised_sheet,14
Bagmati,Nuwakot,Bidur,NP03,NP0328,NP0328301,3,housing,outer_wall_prefabricated_sheet,1
Bagmati,Nuwakot,Bidur,NP03,NP0328,NP0328301,3,housing,outer_wall_other,0
Bagmati,Nuwakot,Bidur,NP03,NP0328,NP0328301,3,housing,roof_galvanised_sheet,713
Bagmati,Nuwakot,Bidur,NP03,NP0328,NP0328301,3,housing,roof_reinforced_cement_concrete,545
Bagmati,Nuwakot,Bidur,NP03,NP0328,NP0328301,3,housing,roof_thatch_straw,3
Bagmati,Nuwakot,Bidur,NP03,NP0328,NP0328301,3,housing,roof_tile,3
Bagmati,Nuwakot,Bidur,NP03,NP0328,NP0328301,3,housing,roof_stone_slate,7
Bagmati,Nuwakot,Bidur,NP03,NP0328,NP0328301,3,housing,roof_wood_planks,1
Bagmati,Nuwakot,Bidur,NP03,NP0328,NP0328301,3,housing,roof_mud,0
Bagmati,Nuwakot,Bidur,NP03,NP0328,NP0328301,3,housing,roof_other,0
Bagmati,Nuwakot,Bidur,NP03,NP0328,NP0328301,3,housing,floor_mud,158
Bagmati,Nuwakot,Bidur,NP03,NP0328,NP0328301,3,housing,floor_wooden_plank_bamboo,9
Bagmati,Nuwakot,Bidur,NP03,NP0328,NP0328301,3,housing,floor_bricks_stone,10
Bagmati,Nuwakot,Bidur,NP03,NP0328,NP0328301,3,housing,floor_ceramic_tile,6
Bagmati,Nuwakot,Bidur,NP03,NP0328,NP0328301,3,housing,floor_cemented,1080
Bagmati,Nuwakot,Bidur,NP03,NP0328,NP0328301,3,housing,floor_other,9
Bagmati,Nuwakot,Bidur,NP03,NP0328,NP0328301,3,drinking water,drinking_water_tap_piped_within_premises,523
Bagmati,Nuwakot,Bidur,NP03,NP0328,NP0328301,3,drinking water,drinking_water_tap_piped_outside_premises,356
Bagmati,Nuwakot,Bidur,NP03,NP0328,NP0328301,3,drinking water,drinking_water_tubewell_handpump,0
Bagmati,Nuwakot,Bidur,NP03,NP0328,NP0328301,3,drinking water,drinking_water_covered_well_kuwa,65
Bagmati,Nuwakot,Bidur,NP03,NP0328,NP0328301,3,drinking water,drinking_water_uncovered_well_kuwa,38
Bagmati,Nuwakot,Bidur,NP03,NP0328,NP0328301,3,drinking water,drinking_water_spout_water,282
Bagmati,Nuwakot,Bidur,NP03,NP0328,NP0328301,3,drinking water,drinking_water_river_stream,7
Bagmati,Nuwakot,Bidur,NP03,NP0328,NP0328301,3,drinking water,drinking_water_jar_bottle,1
Bagmati,Nuwakot,Bidur,NP03,NP0328,NP0328301,3,drinking water,drinking_water_other,0
Bagmati,Nuwakot,Bidur,NP03,NP0328,NP0328301,3,cooking fuel,cooking_fuel_wood_firewood,614
Bagmati,Nuwakot,Bidur,NP03,NP0328,NP0328301,3,cooking fuel,cooking_fuel_lpg,621
Bagmati,Nuwakot,Bidur,NP03,NP0328,NP0328301,3,cooking fuel,cooking_fuel_electricity,2
Bagmati,Nuwakot,Bidur,NP03,NP0328,NP0328301,3,cooking fuel,cooking_fuel_cowdung,5
Bagmati,Nuwakot,Bidur,NP03,NP0328,NP0328301,3,cooking fuel,cooking_fuel_biogas,27
Bagmati,Nuwakot,Bidur,NP03,NP0328,NP0328301,3,cooking fuel,cooking_fuel_kerosene,3
Bagmati,Nuwakot,Bidur,NP03,NP0328,NP0328301,3,cooking fuel,cooking_fuel_other,0
Bagmati,Nuwakot,Bidur,NP03,NP0328,NP0328301,3,lighting fuel,lighting_electricity,1260
Bagmati,Nuwakot,Bidur,NP03,NP0328,NP0328301,3,lighting fuel,lighting_solar,6
Bagmati,Nuwakot,Bidur,NP03,NP0328,NP0328301,3,lighting fuel,lighting_kerosene,6
Bagmati,Nuwakot,Bidur,NP03,NP0328,NP0328301,3,lighting fuel,lighting_biogas,0
Bagmati,Nuwakot,Bidur,NP03,NP0328,NP0328301,3,lighting fuel,lighting_other,0
Bagmati,Nuwakot,Bidur,NP03,NP0328,NP0328301,3,sanitation,toilet_flush_public_sewerage,8
Bagmati,Nuwakot,Bidur,NP03,NP0328,NP0328301,3,sanitation,toilet_flush_septic_tank,837
Bagmati,Nuwakot,Bidur,NP03,NP0328,NP0328301,3,sanitation,toilet_pit,410
Bagmati,Nuwakot,Bidur,NP03,NP0328,NP0328301,3,sanitation,toilet_public,2
Bagmati,Nuwakot,Bidur,NP03,NP0328,NP0328301,3,sanitation,toilet_no_toilet,15
Bagmati,Nuwakot,Bidur,NP03,NP0328,NP0328301,3,household amenities,hh_amenities_without,21
Bagmati,Nuwakot,Bidur,NP03,NP0328,NP0328301,3,household amenities,hh_amenities_at_least_one,1251
Bagmati,Nuwakot,Bidur,NP03,NP0328,NP0328301,3,household amenities,hh_amenities_radio,939
Bagmati,Nuwakot,Bidur,NP03,NP0328,NP0328301,3,household amenities,hh_amenities_television,797
Bagmati,Nuwakot,Bidur,NP03,NP0328,NP0328301,3,household amenities,hh_amenities_landline,11
Bagmati,Nuwakot,Bidur,NP03,NP0328,NP0328301,3,household amenities,hh_amenities_mobile_phone_ordinary,1131
Bagmati,Nuwakot,Bidur,NP03,NP0328,NP0328301,3,household amenities,hh_amenities_mobile_phone_smart,948
Bagmati,Nuwakot,Bidur,NP03,NP0328,NP0328301,3,household amenities,hh_amenities_computer_laptop,102
Bagmati,Nuwakot,Bidur,NP03,NP0328,NP0328301,3,household amenities,hh_amenities_internet,541
Bagmati,Nuwakot,Bidur,NP03,NP0328,NP0328301,3,household amenities,hh_amenities_car_jeep_van,20
Bagmati,Nuwakot,Bidur,NP03,NP0328,NP0328301,3,household amenities,hh_amenities_motorcycle_scooter,284
Bagmati,Nuwakot,Bidur,NP03,NP0328,NP0328301,3,household amenities,hh_amenities_bicycle,82
Bagmati,Nuwakot,Bidur,NP03,NP0328,NP0328301,3,household amenities,hh_amenities_electric_fan,755
Bagmati,Nuwakot,Bidur,NP03,NP0328,NP0328301,3,household amenities,hh_amenities_refridgerator,301
Bagmati,Nuwakot,Bidur,NP03,NP0328,NP0328301,3,household amenities,hh_amenities_washing_machine,8
Bagmati,Nuwakot,Bidur,NP03,NP0328,NP0328301,3,household amenities,hh_amenities_air_conditioner,2
Bagmati,Nuwakot,Bidur,NP03,NP0328,NP0328301,3,wealth quintile,wealth_quintile_poorest_quintile_count,51
Bagmati,Nuwakot,Bidur,NP03,NP0328,NP0328301,3,wealth quintile,wealth_quintile_poorer_quintile_count,123
Bagmati,Nuwakot,Bidur,NP03,NP0328,NP0328301,3,wealth quintile,wealth_quintile_middle_quintile_count,467
Bagmati,Nuwakot,Bidur,NP03,NP0328,NP0328301,3,wealth quintile,wealth_quintile_richer_quintile_count,420
Bagmati,Nuwakot,Bidur,NP03,NP0328,NP0328301,3,wealth quintile,wealth_quintile_richest_quintile_count,211
Bagmati,Nuwakot,Bidur,NP03,NP0328,NP0328301,3,wealth quintile,wealth_quintile_poorest_quintile_pc,4.01
Bagmati,Nuwakot,Bidur,NP03,NP0328,NP0328301,3,wealth quintile,wealth_quintile_poorer_quintile_pc,9.67
Bagmati,Nuwakot,Bidur,NP03,NP0328,NP0328301,3,wealth quintile,wealth_quintile_middle_quintile_pc,36.71
Bagmati,Nuwakot,Bidur,NP03,NP0328,NP0328301,3,wealth quintile,wealth_quintile_richer_quintile_pc,33.02
Bagmati,Nuwakot,Bidur,NP03,NP0328,NP0328301,3,wealth quintile,wealth_quintile_richest_quintile_pc,16.59
Bagmati,Nuwakot,Bidur,NP03,NP0328,NP0328301,3,housing,house_quality_most_adequate_count,351
Bagmati,Nuwakot,Bidur,NP03,NP0328,NP0328301,3,housing,house_quality_adequate_count,698
Bagmati,Nuwakot,Bidur,NP03,NP0328,NP0328301,3,housing,house_quality_moderate_count,210
Bagmati,Nuwakot,Bidur,NP03,NP0328,NP0328301,3,housing,house_quality_inadequate_count,13
Bagmati,Nuwakot,Bidur,NP03,NP0328,NP0328301,3,housing,house_quality_least_adequate_count,0
Bagmati,Nuwakot,Bidur,NP03,NP0328,NP0328301,3,housing,house_quality_most_adequate_pc,27.59
Bagmati,Nuwakot,Bidur,NP03,NP0328,NP0328301,3,housing,house_quality_adequate_pc,54.87
Bagmati,Nuwakot,Bidur,NP03,NP0328,NP0328301,3,housing,house_quality_moderate_pc,16.51
Bagmati,Nuwakot,Bidur,NP03,NP0328,NP0328301,3,housing,house_quality_inadequate_pc,1.02
Bagmati,Nuwakot,Bidur,NP03,NP0328,NP0328301,3,housing,house_quality_least_adequate_pc,0
Bagmati,Nuwakot,Bidur,NP03,NP0328,NP0328301,4,demographics,total_households,1732
Bagmati,Nuwakot,Bidur,NP03,NP0328,NP0328301,4,housing,home_ownership_owned,1126
Bagmati,Nuwakot,Bidur,NP03,NP0328,NP0328301,4,housing,home_ownership_rented,561
Bagmati,Nuwakot,Bidur,NP03,NP0328,NP0328301,4,housing,home_ownership_institutional,31
Bagmati,Nuwakot,Bidur,NP03,NP0328,NP0328301,4,housing,home_ownership_other,14
Bagmati,Nuwakot,Bidur,NP03,NP0328,NP0328301,4,housing,foundation_mud,63
Bagmati,Nuwakot,Bidur,NP03,NP0328,NP0328301,4,housing,foundation_mud_bonded_bricks_stone,503
Bagmati,Nuwakot,Bidur,NP03,NP0328,NP0328301,4,housing,foundation_cement_bonded_bricks_stone,1104
Bagmati,Nuwakot,Bidur,NP03,NP0328,NP0328301,4,housing,foundation_reinforced_cement_concrete_with_pillars,38
Bagmati,Nuwakot,Bidur,NP03,NP0328,NP0328301,4,housing,foundation_wooden_pillars,24
Bagmati,Nuwakot,Bidur,NP03,NP0328,NP0328301,4,housing,outer_wall_mud_bonded_bricks_stone,54
Bagmati,Nuwakot,Bidur,NP03,NP0328,NP0328301,4,housing,outer_wall_cement_bonded_bricks_stone,1605
Bagmati,Nuwakot,Bidur,NP03,NP0328,NP0328301,4,housing,outer_wall_wood_planks,4
Bagmati,Nuwakot,Bidur,NP03,NP0328,NP0328301,4,housing,outer_wall_bamboo,6
Bagmati,Nuwakot,Bidur,NP03,NP0328,NP0328301,4,housing,outer_wall_unbaked_bricks,6
Bagmati,Nuwakot,Bidur,NP03,NP0328,NP0328301,4,housing,outer_wall_galvanised_sheet,47
Bagmati,Nuwakot,Bidur,NP03,NP0328,NP0328301,4,housing,outer_wall_prefabricated_sheet,0
Bagmati,Nuwakot,Bidur,NP03,NP0328,NP0328301,4,housing,outer_wall_other,10
Bagmati,Nuwakot,Bidur,NP03,NP0328,NP0328301,4,housing,roof_galvanised_sheet,308
Bagmati,Nuwakot,Bidur,NP03,NP0328,NP0328301,4,housing,roof_reinforced_cement_concrete,1411
Bagmati,Nuwakot,Bidur,NP03,NP0328,NP0328301,4,housing,roof_thatch_straw,3
Bagmati,Nuwakot,Bidur,NP03,NP0328,NP0328301,4,housing,roof_tile,7
Bagmati,Nuwakot,Bidur,NP03,NP0328,NP0328301,4,housing,roof_stone_slate,2
Bagmati,Nuwakot,Bidur,NP03,NP0328,NP0328301,4,housing,roof_wood_planks,1
Bagmati,Nuwakot,Bidur,NP03,NP0328,NP0328301,4,housing,roof_mud,0
Bagmati,Nuwakot,Bidur,NP03,NP0328,NP0328301,4,housing,roof_other,0
Bagmati,Nuwakot,Bidur,NP03,NP0328,NP0328301,4,housing,floor_mud,75
Bagmati,Nuwakot,Bidur,NP03,NP0328,NP0328301,4,housing,floor_wooden_plank_bamboo,21
Bagmati,Nuwakot,Bidur,NP03,NP0328,NP0328301,4,housing,floor_bricks_stone,25
Bagmati,Nuwakot,Bidur,NP03,NP0328,NP0328301,4,housing,floor_ceramic_tile,61
Bagmati,Nuwakot,Bidur,NP03,NP0328,NP0328301,4,housing,floor_cemented,1531
Bagmati,Nuwakot,Bidur,NP03,NP0328,NP0328301,4,housing,floor_other,19
Bagmati,Nuwakot,Bidur,NP03,NP0328,NP0328301,4,drinking water,drinking_water_tap_piped_within_premises,1185
Bagmati,Nuwakot,Bidur,NP03,NP0328,NP0328301,4,drinking water,drinking_water_tap_piped_outside_premises,301
Bagmati,Nuwakot,Bidur,NP03,NP0328,NP0328301,4,drinking water,drinking_water_tubewell_handpump,0
Bagmati,Nuwakot,Bidur,NP03,NP0328,NP0328301,4,drinking water,drinking_water_covered_well_kuwa,2
Bagmati,Nuwakot,Bidur,NP03,NP0328,NP0328301,4,drinking water,drinking_water_uncovered_well_kuwa,3
Bagmati,Nuwakot,Bidur,NP03,NP0328,NP0328301,4,drinking water,drinking_water_spout_water,204
Bagmati,Nuwakot,Bidur,NP03,NP0328,NP0328301,4,drinking water,drinking_water_river_stream,0
Bagmati,Nuwakot,Bidur,NP03,NP0328,NP0328301,4,drinking water,drinking_water_jar_bottle,36
Bagmati,Nuwakot,Bidur,NP03,NP0328,NP0328301,4,drinking water,drinking_water_other,1
Bagmati,Nuwakot,Bidur,NP03,NP0328,NP0328301,4,cooking fuel,cooking_fuel_wood_firewood,79
Bagmati,Nuwakot,Bidur,NP03,NP0328,NP0328301,4,cooking fuel,cooking_fuel_lpg,1645
Bagmati,Nuwakot,Bidur,NP03,NP0328,NP0328301,4,cooking fuel,cooking_fuel_electricity,7
Bagmati,Nuwakot,Bidur,NP03,NP0328,NP0328301,4,cooking fuel,cooking_fuel_cowdung,0
Bagmati,Nuwakot,Bidur,NP03,NP0328,NP0328301,4,cooking fuel,cooking_fuel_biogas,1
Bagmati,Nuwakot,Bidur,NP03,NP0328,NP0328301,4,cooking fuel,cooking_fuel_kerosene,0
Bagmati,Nuwakot,Bidur,NP03,NP0328,NP0328301,4,cooking fuel,cooking_fuel_other,0
Bagmati,Nuwakot,Bidur,NP03,NP0328,NP0328301,4,lighting fuel,lighting_electricity,1725
Bagmati,Nuwakot,Bidur,NP03,NP0328,NP0328301,4,lighting fuel,lighting_solar,6
Bagmati,Nuwakot,Bidur,NP03,NP0328,NP0328301,4,lighting fuel,lighting_kerosene,1
Bagmati,Nuwakot,Bidur,NP03,NP0328,NP0328301,4,lighting fuel,lighting_biogas,0
Bagmati,Nuwakot,Bidur,NP03,NP0328,NP0328301,4,lighting fuel,lighting_other,0
Bagmati,Nuwakot,Bidur,NP03,NP0328,NP0328301,4,sanitation,toilet_flush_public_sewerage,30
Bagmati,Nuwakot,Bidur,NP03,NP0328,NP0328301,4,sanitation,toilet_flush_septic_tank,1057
Bagmati,Nuwakot,Bidur,NP03,NP0328,NP0328301,4,sanitation,toilet_pit,627
Bagmati,Nuwakot,Bidur,NP03,NP0328,NP0328301,4,sanitation,toilet_public,9
Bagmati,Nuwakot,Bidur,NP03,NP0328,NP0328301,4,sanitation,toilet_no_toilet,9
Bagmati,Nuwakot,Bidur,NP03,NP0328,NP0328301,4,household amenities,hh_amenities_without,16
Bagmati,Nuwakot,Bidur,NP03,NP0328,NP0328301,4,household amenities,hh_amenities_at_least_one,1716
Bagmati,Nuwakot,Bidur,NP03,NP0328,NP0328301,4,household amenities,hh_amenities_radio,711
Bagmati,Nuwakot,Bidur,NP03,NP0328,NP0328301,4,household amenities,hh_amenities_television,1245
Bagmati,Nuwakot,Bidur,NP03,NP0328,NP0328301,4,household amenities,hh_amenities_landline,234
Bagmati,Nuwakot,Bidur,NP03,NP0328,NP0328301,4,household amenities,hh_amenities_mobile_phone_ordinary,1298
Bagmati,Nuwakot,Bidur,NP03,NP0328,NP0328301,4,household amenities,hh_amenities_mobile_phone_smart,1616
Bagmati,Nuwakot,Bidur,NP03,NP0328,NP0328301,4,household amenities,hh_amenities_computer_laptop,586
Bagmati,Nuwakot,Bidur,NP03,NP0328,NP0328301,4,household amenities,hh_amenities_internet,1255
Bagmati,Nuwakot,Bidur,NP03,NP0328,NP0328301,4,household amenities,hh_amenities_car_jeep_van,113
Bagmati,Nuwakot,Bidur,NP03,NP0328,NP0328301,4,household amenities,hh_amenities_motorcycle_scooter,876
Bagmati,Nuwakot,Bidur,NP03,NP0328,NP0328301,4,household amenities,hh_amenities_bicycle,247
Bagmati,Nuwakot,Bidur,NP03,NP0328,NP0328301,4,household amenities,hh_amenities_electric_fan,1483
Bagmati,Nuwakot,Bidur,NP03,NP0328,NP0328301,4,household amenities,hh_amenities_refridgerator,1025
Bagmati,Nuwakot,Bidur,NP03,NP0328,NP0328301,4,household amenities,hh_amenities_washing_machine,139
Bagmati,Nuwakot,Bidur,NP03,NP0328,NP0328301,4,household amenities,hh_amenities_air_conditioner,54
Bagmati,Nuwakot,Bidur,NP03,NP0328,NP0328301,4,wealth quintile,wealth_quintile_poorest_quintile_count,12
Bagmati,Nuwakot,Bidur,NP03,NP0328,NP0328301,4,wealth quintile,wealth_quintile_poorer_quintile_count,51
Bagmati,Nuwakot,Bidur,NP03,NP0328,NP0328301,4,wealth quintile,wealth_quintile_middle_quintile_count,166
Bagmati,Nuwakot,Bidur,NP03,NP0328,NP0328301,4,wealth quintile,wealth_quintile_richer_quintile_count,573
Bagmati,Nuwakot,Bidur,NP03,NP0328,NP0328301,4,wealth quintile,wealth_quintile_richest_quintile_count,930
Bagmati,Nuwakot,Bidur,NP03,NP0328,NP0328301,4,wealth quintile,wealth_quintile_poorest_quintile_pc,0.69
Bagmati,Nuwakot,Bidur,NP03,NP0328,NP0328301,4,wealth quintile,wealth_quintile_poorer_quintile_pc,2.94
Bagmati,Nuwakot,Bidur,NP03,NP0328,NP0328301,4,wealth quintile,wealth_quintile_middle_quintile_pc,9.58
Bagmati,Nuwakot,Bidur,NP03,NP0328,NP0328301,4,wealth quintile,wealth_quintile_richer_quintile_pc,33.08
Bagmati,Nuwakot,Bidur,NP03,NP0328,NP0328301,4,wealth quintile,wealth_quintile_richest_quintile_pc,53.7
Bagmati,Nuwakot,Bidur,NP03,NP0328,NP0328301,4,housing,house_quality_most_adequate_count,1161
Bagmati,Nuwakot,Bidur,NP03,NP0328,NP0328301,4,housing,house_quality_adequate_count,471
Bagmati,Nuwakot,Bidur,NP03,NP0328,NP0328301,4,housing,house_quality_moderate_count,88
Bagmati,Nuwakot,Bidur,NP03,NP0328,NP0328301,4,housing,house_quality_inadequate_count,12
Bagmati,Nuwakot,Bidur,NP03,NP0328,NP0328301,4,housing,house_quality_least_adequate_count,0
Bagmati,Nuwakot,Bidur,NP03,NP0328,NP0328301,4,housing,house_quality_most_adequate_pc,67.03
Bagmati,Nuwakot,Bidur,NP03,NP0328,NP0328301,4,housing,house_quality_adequate_pc,27.19
Bagmati,Nuwakot,Bidur,NP03,NP0328,NP0328301,4,housing,house_quality_moderate_pc,5.08
Bagmati,Nuwakot,Bidur,NP03,NP0328,NP0328301,4,housing,house_quality_inadequate_pc,0.69
Bagmati,Nuwakot,Bidur,NP03,NP0328,NP0328301,4,housing,house_quality_least_adequate_pc,0
Bagmati,Nuwakot,Bidur,NP03,NP0328,NP0328301,5,demographics,total_households,1437
Bagmati,Nuwakot,Bidur,NP03,NP0328,NP0328301,5,housing,home_ownership_owned,1360
Bagmati,Nuwakot,Bidur,NP03,NP0328,NP0328301,5,housing,home_ownership_rented,71
Bagmati,Nuwakot,Bidur,NP03,NP0328,NP0328301,5,housing,home_ownership_institutional,4
Bagmati,Nuwakot,Bidur,NP03,NP0328,NP0328301,5,housing,home_ownership_other,2
Bagmati,Nuwakot,Bidur,NP03,NP0328,NP0328301,5,housing,foundation_mud,243
Bagmati,Nuwakot,Bidur,NP03,NP0328,NP0328301,5,housing,foundation_mud_bonded_bricks_stone,793
Bagmati,Nuwakot,Bidur,NP03,NP0328,NP0328301,5,housing,foundation_cement_bonded_bricks_stone,372
Bagmati,Nuwakot,Bidur,NP03,NP0328,NP0328301,5,housing,foundation_reinforced_cement_concrete_with_pillars,18
Bagmati,Nuwakot,Bidur,NP03,NP0328,NP0328301,5,housing,foundation_wooden_pillars,11
Bagmati,Nuwakot,Bidur,NP03,NP0328,NP0328301,5,housing,outer_wall_mud_bonded_bricks_stone,58
Bagmati,Nuwakot,Bidur,NP03,NP0328,NP0328301,5,housing,outer_wall_cement_bonded_bricks_stone,1317
Bagmati,Nuwakot,Bidur,NP03,NP0328,NP0328301,5,housing,outer_wall_wood_planks,13
Bagmati,Nuwakot,Bidur,NP03,NP0328,NP0328301,5,housing,outer_wall_bamboo,0
Bagmati,Nuwakot,Bidur,NP03,NP0328,NP0328301,5,housing,outer_wall_unbaked_bricks,0
Bagmati,Nuwakot,Bidur,NP03,NP0328,NP0328301,5,housing,outer_wall_galvanised_sheet,30
Bagmati,Nuwakot,Bidur,NP03,NP0328,NP0328301,5,housing,outer_wall_prefabricated_sheet,0
Bagmati,Nuwakot,Bidur,NP03,NP0328,NP0328301,5,housing,outer_wall_other,19
Bagmati,Nuwakot,Bidur,NP03,NP0328,NP0328301,5,housing,roof_galvanised_sheet,591
Bagmati,Nuwakot,Bidur,NP03,NP0328,NP0328301,5,housing,roof_reinforced_cement_concrete,839
Bagmati,Nuwakot,Bidur,NP03,NP0328,NP0328301,5,housing,roof_thatch_straw,2
Bagmati,Nuwakot,Bidur,NP03,NP0328,NP0328301,5,housing,roof_tile,1
Bagmati,Nuwakot,Bidur,NP03,NP0328,NP0328301,5,housing,roof_stone_slate,4
Bagmati,Nuwakot,Bidur,NP03,NP0328,NP0328301,5,housing,roof_wood_planks,0
Bagmati,Nuwakot,Bidur,NP03,NP0328,NP0328301,5,housing,roof_mud,0
Bagmati,Nuwakot,Bidur,NP03,NP0328,NP0328301,5,housing,roof_other,0
Bagmati,Nuwakot,Bidur,NP03,NP0328,NP0328301,5,housing,floor_mud,81
Bagmati,Nuwakot,Bidur,NP03,NP0328,NP0328301,5,housing,floor_wooden_plank_bamboo,11
Bagmati,Nuwakot,Bidur,NP03,NP0328,NP0328301,5,housing,floor_bricks_stone,12
Bagmati,Nuwakot,Bidur,NP03,NP0328,NP0328301,5,housing,floor_ceramic_tile,17
Bagmati,Nuwakot,Bidur,NP03,NP0328,NP0328301,5,housing,floor_cemented,1304
Bagmati,Nuwakot,Bidur,NP03,NP0328,NP0328301,5,housing,floor_other,12
Bagmati,Nuwakot,Bidur,NP03,NP0328,NP0328301,5,drinking water,drinking_water_tap_piped_within_premises,878
Bagmati,Nuwakot,Bidur,NP03,NP0328,NP0328301,5,drinking water,drinking_water_tap_piped_outside_premises,488
Bagmati,Nuwakot,Bidur,NP03,NP0328,NP0328301,5,drinking water,drinking_water_tubewell_handpump,0
Bagmati,Nuwakot,Bidur,NP03,NP0328,NP0328301,5,drinking water,drinking_water_covered_well_kuwa,10
Bagmati,Nuwakot,Bidur,NP03,NP0328,NP0328301,5,drinking water,drinking_water_uncovered_well_kuwa,23
Bagmati,Nuwakot,Bidur,NP03,NP0328,NP0328301,5,drinking water,drinking_water_spout_water,11
Bagmati,Nuwakot,Bidur,NP03,NP0328,NP0328301,5,drinking water,drinking_water_river_stream,0
Bagmati,Nuwakot,Bidur,NP03,NP0328,NP0328301,5,drinking water,drinking_water_jar_bottle,25
Bagmati,Nuwakot,Bidur,NP03,NP0328,NP0328301,5,drinking water,drinking_water_other,2
Bagmati,Nuwakot,Bidur,NP03,NP0328,NP0328301,5,cooking fuel,cooking_fuel_wood_firewood,359
Bagmati,Nuwakot,Bidur,NP03,NP0328,NP0328301,5,cooking fuel,cooking_fuel_lpg,1055
Bagmati,Nuwakot,Bidur,NP03,NP0328,NP0328301,5,cooking fuel,cooking_fuel_electricity,0
Bagmati,Nuwakot,Bidur,NP03,NP0328,NP0328301,5,cooking fuel,cooking_fuel_cowdung,0
Bagmati,Nuwakot,Bidur,NP03,NP0328,NP0328301,5,cooking fuel,cooking_fuel_biogas,21
Bagmati,Nuwakot,Bidur,NP03,NP0328,NP0328301,5,cooking fuel,cooking_fuel_kerosene,1
Bagmati,Nuwakot,Bidur,NP03,NP0328,NP0328301,5,cooking fuel,cooking_fuel_other,1
Bagmati,Nuwakot,Bidur,NP03,NP0328,NP0328301,5,lighting fuel,lighting_electricity,1435
Bagmati,Nuwakot,Bidur,NP03,NP0328,NP0328301,5,lighting fuel,lighting_solar,1
Bagmati,Nuwakot,Bidur,NP03,NP0328,NP0328301,5,lighting fuel,lighting_kerosene,1
Bagmati,Nuwakot,Bidur,NP03,NP0328,NP0328301,5,lighting fuel,lighting_biogas,0
Bagmati,Nuwakot,Bidur,NP03,NP0328,NP0328301,5,lighting fuel,lighting_other,0
Bagmati,Nuwakot,Bidur,NP03,NP0328,NP0328301,5,sanitation,toilet_flush_public_sewerage,5
Bagmati,Nuwakot,Bidur,NP03,NP0328,NP0328301,5,sanitation,toilet_flush_septic_tank,1259
Bagmati,Nuwakot,Bidur,NP03,NP0328,NP0328301,5,sanitation,toilet_pit,164
Bagmati,Nuwakot,Bidur,NP03,NP0328,NP0328301,5,sanitation,toilet_public,0
Bagmati,Nuwakot,Bidur,NP03,NP0328,NP0328301,5,sanitation,toilet_no_toilet,9
Bagmati,Nuwakot,Bidur,NP03,NP0328,NP0328301,5,household amenities,hh_amenities_without,32
Bagmati,Nuwakot,Bidur,NP03,NP0328,NP0328301,5,household amenities,hh_amenities_at_least_one,1405
Bagmati,Nuwakot,Bidur,NP03,NP0328,NP0328301,5,household amenities,hh_amenities_radio,546
Bagmati,Nuwakot,Bidur,NP03,NP0328,NP0328301,5,household amenities,hh_amenities_television,1031
Bagmati,Nuwakot,Bidur,NP03,NP0328,NP0328301,5,household amenities,hh_amenities_landline,67
Bagmati,Nuwakot,Bidur,NP03,NP0328,NP0328301,5,household amenities,hh_amenities_mobile_phone_ordinary,1239
Bagmati,Nuwakot,Bidur,NP03,NP0328,NP0328301,5,household amenities,hh_amenities_mobile_phone_smart,1200
Bagmati,Nuwakot,Bidur,NP03,NP0328,NP0328301,5,household amenities,hh_amenities_computer_laptop,262
Bagmati,Nuwakot,Bidur,NP03,NP0328,NP0328301,5,household amenities,hh_amenities_internet,767
Bagmati,Nuwakot,Bidur,NP03,NP0328,NP0328301,5,household amenities,hh_amenities_car_jeep_van,50
Bagmati,Nuwakot,Bidur,NP03,NP0328,NP0328301,5,household amenities,hh_amenities_motorcycle_scooter,532
Bagmati,Nuwakot,Bidur,NP03,NP0328,NP0328301,5,household amenities,hh_amenities_bicycle,236
Bagmati,Nuwakot,Bidur,NP03,NP0328,NP0328301,5,household amenities,hh_amenities_electric_fan,1092
Bagmati,Nuwakot,Bidur,NP03,NP0328,NP0328301,5,household amenities,hh_amenities_refridgerator,663
Bagmati,Nuwakot,Bidur,NP03,NP0328,NP0328301,5,household amenities,hh_amenities_washing_machine,31
Bagmati,Nuwakot,Bidur,NP03,NP0328,NP0328301,5,household amenities,hh_amenities_air_conditioner,13
Bagmati,Nuwakot,Bidur,NP03,NP0328,NP0328301,5,wealth quintile,wealth_quintile_poorest_quintile_count,26
Bagmati,Nuwakot,Bidur,NP03,NP0328,NP0328301,5,wealth quintile,wealth_quintile_poorer_quintile_count,52
Bagmati,Nuwakot,Bidur,NP03,NP0328,NP0328301,5,wealth quintile,wealth_quintile_middle_quintile_count,307
Bagmati,Nuwakot,Bidur,NP03,NP0328,NP0328301,5,wealth quintile,wealth_quintile_richer_quintile_count,522
Bagmati,Nuwakot,Bidur,NP03,NP0328,NP0328301,5,wealth quintile,wealth_quintile_richest_quintile_count,530
Bagmati,Nuwakot,Bidur,NP03,NP0328,NP0328301,5,wealth quintile,wealth_quintile_poorest_quintile_pc,1.81
Bagmati,Nuwakot,Bidur,NP03,NP0328,NP0328301,5,wealth quintile,wealth_quintile_poorer_quintile_pc,3.62
Bagmati,Nuwakot,Bidur,NP03,NP0328,NP0328301,5,wealth quintile,wealth_quintile_middle_quintile_pc,21.36
Bagmati,Nuwakot,Bidur,NP03,NP0328,NP0328301,5,wealth quintile,wealth_quintile_richer_quintile_pc,36.33
Bagmati,Nuwakot,Bidur,NP03,NP0328,NP0328301,5,wealth quintile,wealth_quintile_richest_quintile_pc,36.88
Bagmati,Nuwakot,Bidur,NP03,NP0328,NP0328301,5,housing,house_quality_most_adequate_count,823
Bagmati,Nuwakot,Bidur,NP03,NP0328,NP0328301,5,housing,house_quality_adequate_count,532
Bagmati,Nuwakot,Bidur,NP03,NP0328,NP0328301,5,housing,house_quality_moderate_count,77
Bagmati,Nuwakot,Bidur,NP03,NP0328,NP0328301,5,housing,house_quality_inadequate_count,5
Bagmati,Nuwakot,Bidur,NP03,NP0328,NP0328301,5,housing,house_quality_least_adequate_count,0
Bagmati,Nuwakot,Bidur,NP03,NP0328,NP0328301,5,housing,house_quality_most_adequate_pc,57.27
Bagmati,Nuwakot,Bidur,NP03,NP0328,NP0328301,5,housing,house_quality_adequate_pc,37.02
Bagmati,Nuwakot,Bidur,NP03,NP0328,NP0328301,5,housing,house_quality_moderate_pc,5.36
Bagmati,Nuwakot,Bidur,NP03,NP0328,NP0328301,5,housing,house_quality_inadequate_pc,0.35
Bagmati,Nuwakot,Bidur,NP03,NP0328,NP0328301,5,housing,house_quality_least_adequate_pc,0
Bagmati,Nuwakot,Bidur,NP03,NP0328,NP0328301,6,demographics,total_households,946
Bagmati,Nuwakot,Bidur,NP03,NP0328,NP0328301,6,housing,home_ownership_owned,882
Bagmati,Nuwakot,Bidur,NP03,NP0328,NP0328301,6,housing,home_ownership_rented,43
Bagmati,Nuwakot,Bidur,NP03,NP0328,NP0328301,6,housing,home_ownership_institutional,20
Bagmati,Nuwakot,Bidur,NP03,NP0328,NP0328301,6,housing,home_ownership_other,1
Bagmati,Nuwakot,Bidur,NP03,NP0328,NP0328301,6,housing,foundation_mud,102
Bagmati,Nuwakot,Bidur,NP03,NP0328,NP0328301,6,housing,foundation_mud_bonded_bricks_stone,619
Bagmati,Nuwakot,Bidur,NP03,NP0328,NP0328301,6,housing,foundation_cement_bonded_bricks_stone,218
Bagmati,Nuwakot,Bidur,NP03,NP0328,NP0328301,6,housing,foundation_reinforced_cement_concrete_with_pillars,5
Bagmati,Nuwakot,Bidur,NP03,NP0328,NP0328301,6,housing,foundation_wooden_pillars,2
Bagmati,Nuwakot,Bidur,NP03,NP0328,NP0328301,6,housing,outer_wall_mud_bonded_bricks_stone,55
Bagmati,Nuwakot,Bidur,NP03,NP0328,NP0328301,6,housing,outer_wall_cement_bonded_bricks_stone,875
Bagmati,Nuwakot,Bidur,NP03,NP0328,NP0328301,6,housing,outer_wall_wood_planks,0
Bagmati,Nuwakot,Bidur,NP03,NP0328,NP0328301,6,housing,outer_wall_bamboo,0
Bagmati,Nuwakot,Bidur,NP03,NP0328,NP0328301,6,housing,outer_wall_unbaked_bricks,0
Bagmati,Nuwakot,Bidur,NP03,NP0328,NP0328301,6,housing,outer_wall_galvanised_sheet,16
Bagmati,Nuwakot,Bidur,NP03,NP0328,NP0328301,6,housing,outer_wall_prefabricated_sheet,0
Bagmati,Nuwakot,Bidur,NP03,NP0328,NP0328301,6,housing,outer_wall_other,0
Bagmati,Nuwakot,Bidur,NP03,NP0328,NP0328301,6,housing,roof_galvanised_sheet,429
Bagmati,Nuwakot,Bidur,NP03,NP0328,NP0328301,6,housing,roof_reinforced_cement_concrete,517
Bagmati,Nuwakot,Bidur,NP03,NP0328,NP0328301,6,housing,roof_thatch_straw,0
Bagmati,Nuwakot,Bidur,NP03,NP0328,NP0328301,6,housing,roof_tile,0
Bagmati,Nuwakot,Bidur,NP03,NP0328,NP0328301,6,housing,roof_stone_slate,0
Bagmati,Nuwakot,Bidur,NP03,NP0328,NP0328301,6,housing,roof_wood_planks,0
Bagmati,Nuwakot,Bidur,NP03,NP0328,NP0328301,6,housing,roof_mud,0
Bagmati,Nuwakot,Bidur,NP03,NP0328,NP0328301,6,housing,roof_other,0
Bagmati,Nuwakot,Bidur,NP03,NP0328,NP0328301,6,housing,floor_mud,57
Bagmati,Nuwakot,Bidur,NP03,NP0328,NP0328301,6,housing,floor_wooden_plank_bamboo,8
Bagmati,Nuwakot,Bidur,NP03,NP0328,NP0328301,6,housing,floor_bricks_stone,8
Bagmati,Nuwakot,Bidur,NP03,NP0328,NP0328301,6,housing,floor_ceramic_tile,5
Bagmati,Nuwakot,Bidur,NP03,NP0328,NP0328301,6,housing,floor_cemented,867
Bagmati,Nuwakot,Bidur,NP03,NP0328,NP0328301,6,housing,floor_other,1
Bagmati,Nuwakot,Bidur,NP03,NP0328,NP0328301,6,drinking water,drinking_water_tap_piped_within_premises,473
Bagmati,Nuwakot,Bidur,NP03,NP0328,NP0328301,6,drinking water,drinking_water_tap_piped_outside_premises,307
Bagmati,Nuwakot,Bidur,NP03,NP0328,NP0328301,6,drinking water,drinking_water_tubewell_handpump,0
Bagmati,Nuwakot,Bidur,NP03,NP0328,NP0328301,6,drinking water,drinking_water_covered_well_kuwa,57
Bagmati,Nuwakot,Bidur,NP03,NP0328,NP0328301,6,drinking water,drinking_water_uncovered_well_kuwa,12
Bagmati,Nuwakot,Bidur,NP03,NP0328,NP0328301,6,drinking water,drinking_water_spout_water,97
Bagmati,Nuwakot,Bidur,NP03,NP0328,NP0328301,6,drinking water,drinking_water_river_stream,0
Bagmati,Nuwakot,Bidur,NP03,NP0328,NP0328301,6,drinking water,drinking_water_jar_bottle,0
Bagmati,Nuwakot,Bidur,NP03,NP0328,NP0328301,6,drinking water,drinking_water_other,0
Bagmati,Nuwakot,Bidur,NP03,NP0328,NP0328301,6,cooking fuel,cooking_fuel_wood_firewood,300
Bagmati,Nuwakot,Bidur,NP03,NP0328,NP0328301,6,cooking fuel,cooking_fuel_lpg,621
Bagmati,Nuwakot,Bidur,NP03,NP0328,NP0328301,6,cooking fuel,cooking_fuel_electricity,13
Bagmati,Nuwakot,Bidur,NP03,NP0328,NP0328301,6,cooking fuel,cooking_fuel_cowdung,0
Bagmati,Nuwakot,Bidur,NP03,NP0328,NP0328301,6,cooking fuel,cooking_fuel_biogas,12
Bagmati,Nuwakot,Bidur,NP03,NP0328,NP0328301,6,cooking fuel,cooking_fuel_kerosene,0
Bagmati,Nuwakot,Bidur,NP03,NP0328,NP0328301,6,cooking fuel,cooking_fuel_other,0
Bagmati,Nuwakot,Bidur,NP03,NP0328,NP0328301,6,lighting fuel,lighting_electricity,939
Bagmati,Nuwakot,Bidur,NP03,NP0328,NP0328301,6,lighting fuel,lighting_solar,3
Bagmati,Nuwakot,Bidur,NP03,NP0328,NP0328301,6,lighting fuel,lighting_kerosene,4
Bagmati,Nuwakot,Bidur,NP03,NP0328,NP0328301,6,lighting fuel,lighting_biogas,0
Bagmati,Nuwakot,Bidur,NP03,NP0328,NP0328301,6,lighting fuel,lighting_other,0
Bagmati,Nuwakot,Bidur,NP03,NP0328,NP0328301,6,sanitation,toilet_flush_public_sewerage,1
Bagmati,Nuwakot,Bidur,NP03,NP0328,NP0328301,6,sanitation,toilet_flush_septic_tank,931
Bagmati,Nuwakot,Bidur,NP03,NP0328,NP0328301,6,sanitation,toilet_pit,2
Bagmati,Nuwakot,Bidur,NP03,NP0328,NP0328301,6,sanitation,toilet_public,0
Bagmati,Nuwakot,Bidur,NP03,NP0328,NP0328301,6,sanitation,toilet_no_toilet,12
Bagmati,Nuwakot,Bidur,NP03,NP0328,NP0328301,6,household amenities,hh_amenities_without,29
Bagmati,Nuwakot,Bidur,NP03,NP0328,NP0328301,6,household amenities,hh_amenities_at_least_one,917
Bagmati,Nuwakot,Bidur,NP03,NP0328,NP0328301,6,household amenities,hh_amenities_radio,368
Bagmati,Nuwakot,Bidur,NP03,NP0328,NP0328301,6,household amenities,hh_amenities_television,677
Bagmati,Nuwakot,Bidur,NP03,NP0328,NP0328301,6,household amenities,hh_amenities_landline,16
Bagmati,Nuwakot,Bidur,NP03,NP0328,NP0328301,6,household amenities,hh_amenities_mobile_phone_ordinary,664
Bagmati,Nuwakot,Bidur,NP03,NP0328,NP0328301,6,household amenities,hh_amenities_mobile_phone_smart,754
Bagmati,Nuwakot,Bidur,NP03,NP0328,NP0328301,6,household amenities,hh_amenities_computer_laptop,151
Bagmati,Nuwakot,Bidur,NP03,NP0328,NP0328301,6,household amenities,hh_amenities_internet,601
Bagmati,Nuwakot,Bidur,NP03,NP0328,NP0328301,6,household amenities,hh_amenities_car_jeep_van,26
Bagmati,Nuwakot,Bidur,NP03,NP0328,NP0328301,6,household amenities,hh_amenities_motorcycle_scooter,370
Bagmati,Nuwakot,Bidur,NP03,NP0328,NP0328301,6,household amenities,hh_amenities_bicycle,185
Bagmati,Nuwakot,Bidur,NP03,NP0328,NP0328301,6,household amenities,hh_amenities_electric_fan,743
Bagmati,Nuwakot,Bidur,NP03,NP0328,NP0328301,6,household amenities,hh_amenities_refridgerator,424
Bagmati,Nuwakot,Bidur,NP03,NP0328,NP0328301,6,household amenities,hh_amenities_washing_machine,14
Bagmati,Nuwakot,Bidur,NP03,NP0328,NP0328301,6,household amenities,hh_amenities_air_conditioner,7
Bagmati,Nuwakot,Bidur,NP03,NP0328,NP0328301,6,wealth quintile,wealth_quintile_poorest_quintile_count,20
Bagmati,Nuwakot,Bidur,NP03,NP0328,NP0328301,6,wealth quintile,wealth_quintile_poorer_quintile_count,32
Bagmati,Nuwakot,Bidur,NP03,NP0328,NP0328301,6,wealth quintile,wealth_quintile_middle_quintile_count,222
Bagmati,Nuwakot,Bidur,NP03,NP0328,NP0328301,6,wealth quintile,wealth_quintile_richer_quintile_count,284
Bagmati,Nuwakot,Bidur,NP03,NP0328,NP0328301,6,wealth quintile,wealth_quintile_richest_quintile_count,388
Bagmati,Nuwakot,Bidur,NP03,NP0328,NP0328301,6,wealth quintile,wealth_quintile_poorest_quintile_pc,2.11
Bagmati,Nuwakot,Bidur,NP03,NP0328,NP0328301,6,wealth quintile,wealth_quintile_poorer_quintile_pc,3.38
Bagmati,Nuwakot,Bidur,NP03,NP0328,NP0328301,6,wealth quintile,wealth_quintile_middle_quintile_pc,23.47
Bagmati,Nuwakot,Bidur,NP03,NP0328,NP0328301,6,wealth quintile,wealth_quintile_richer_quintile_pc,30.02
Bagmati,Nuwakot,Bidur,NP03,NP0328,NP0328301,6,wealth quintile,wealth_quintile_richest_quintile_pc,41.01
Bagmati,Nuwakot,Bidur,NP03,NP0328,NP0328301,6,housing,house_quality_most_adequate_count,504
Bagmati,Nuwakot,Bidur,NP03,NP0328,NP0328301,6,housing,house_quality_adequate_count,385
Bagmati,Nuwakot,Bidur,NP03,NP0328,NP0328301,6,housing,house_quality_moderate_count,48
Bagmati,Nuwakot,Bidur,NP03,NP0328,NP0328301,6,housing,house_quality_inadequate_count,9
Bagmati,Nuwakot,Bidur,NP03,NP0328,NP0328301,6,housing,house_quality_least_adequate_count,0
Bagmati,Nuwakot,Bidur,NP03,NP0328,NP0328301,6,housing,house_quality_most_adequate_pc,53.28
Bagmati,Nuwakot,Bidur,NP03,NP0328,NP0328301,6,housing,house_quality_adequate_pc,40.7
Bagmati,Nuwakot,Bidur,NP03,NP0328,NP0328301,6,housing,house_quality_moderate_pc,5.07
Bagmati,Nuwakot,Bidur,NP03,NP0328,NP0328301,6,housing,house_quality_inadequate_pc,0.95
Bagmati,Nuwakot,Bidur,NP03,NP0328,NP0328301,6,housing,house_quality_least_adequate_pc,0
Bagmati,Nuwakot,Bidur,NP03,NP0328,NP0328301,7,demographics,total_households,1057
Bagmati,Nuwakot,Bidur,NP03,NP0328,NP0328301,7,housing,home_ownership_owned,1019
Bagmati,Nuwakot,Bidur,NP03,NP0328,NP0328301,7,housing,home_ownership_rented,28
Bagmati,Nuwakot,Bidur,NP03,NP0328,NP0328301,7,housing,home_ownership_institutional,7
Bagmati,Nuwakot,Bidur,NP03,NP0328,NP0328301,7,housing,home_ownership_other,3
Bagmati,Nuwakot,Bidur,NP03,NP0328,NP0328301,7,housing,foundation_mud,353
Bagmati,Nuwakot,Bidur,NP03,NP0328,NP0328301,7,housing,foundation_mud_bonded_bricks_stone,417
Bagmati,Nuwakot,Bidur,NP03,NP0328,NP0328301,7,housing,foundation_cement_bonded_bricks_stone,265
Bagmati,Nuwakot,Bidur,NP03,NP0328,NP0328301,7,housing,foundation_reinforced_cement_concrete_with_pillars,12
Bagmati,Nuwakot,Bidur,NP03,NP0328,NP0328301,7,housing,foundation_wooden_pillars,10
Bagmati,Nuwakot,Bidur,NP03,NP0328,NP0328301,7,housing,outer_wall_mud_bonded_bricks_stone,345
Bagmati,Nuwakot,Bidur,NP03,NP0328,NP0328301,7,housing,outer_wall_cement_bonded_bricks_stone,673
Bagmati,Nuwakot,Bidur,NP03,NP0328,NP0328301,7,housing,outer_wall_wood_planks,0
Bagmati,Nuwakot,Bidur,NP03,NP0328,NP0328301,7,housing,outer_wall_bamboo,0
Bagmati,Nuwakot,Bidur,NP03,NP0328,NP0328301,7,housing,outer_wall_unbaked_bricks,1
Bagmati,Nuwakot,Bidur,NP03,NP0328,NP0328301,7,housing,outer_wall_galvanised_sheet,37
Bagmati,Nuwakot,Bidur,NP03,NP0328,NP0328301,7,housing,outer_wall_prefabricated_sheet,0
Bagmati,Nuwakot,Bidur,NP03,NP0328,NP0328301,7,housing,outer_wall_other,1
Bagmati,Nuwakot,Bidur,NP03,NP0328,NP0328301,7,housing,roof_galvanised_sheet,800
Bagmati,Nuwakot,Bidur,NP03,NP0328,NP0328301,7,housing,roof_reinforced_cement_concrete,248
Bagmati,Nuwakot,Bidur,NP03,NP0328,NP0328301,7,housing,roof_thatch_straw,0
Bagmati,Nuwakot,Bidur,NP03,NP0328,NP0328301,7,housing,roof_tile,0
Bagmati,Nuwakot,Bidur,NP03,NP0328,NP0328301,7,housing,roof_stone_slate,9
Bagmati,Nuwakot,Bidur,NP03,NP0328,NP0328301,7,housing,roof_wood_planks,0
Bagmati,Nuwakot,Bidur,NP03,NP0328,NP0328301,7,housing,roof_mud,0
Bagmati,Nuwakot,Bidur,NP03,NP0328,NP0328301,7,housing,roof_other,0
Bagmati,Nuwakot,Bidur,NP03,NP0328,NP0328301,7,housing,floor_mud,275
Bagmati,Nuwakot,Bidur,NP03,NP0328,NP0328301,7,housing,floor_wooden_plank_bamboo,21
Bagmati,Nuwakot,Bidur,NP03,NP0328,NP0328301,7,housing,floor_bricks_stone,5
Bagmati,Nuwakot,Bidur,NP03,NP0328,NP0328301,7,housing,floor_ceramic_tile,2
Bagmati,Nuwakot,Bidur,NP03,NP0328,NP0328301,7,housing,floor_cemented,751
Bagmati,Nuwakot,Bidur,NP03,NP0328,NP0328301,7,housing,floor_other,3
Bagmati,Nuwakot,Bidur,NP03,NP0328,NP0328301,7,drinking water,drinking_water_tap_piped_within_premises,242
Bagmati,Nuwakot,Bidur,NP03,NP0328,NP0328301,7,drinking water,drinking_water_tap_piped_outside_premises,758
Bagmati,Nuwakot,Bidur,NP03,NP0328,NP0328301,7,drinking water,drinking_water_tubewell_handpump,0
Bagmati,Nuwakot,Bidur,NP03,NP0328,NP0328301,7,drinking water,drinking_water_covered_well_kuwa,0
Bagmati,Nuwakot,Bidur,NP03,NP0328,NP0328301,7,drinking water,drinking_water_uncovered_well_kuwa,12
Bagmati,Nuwakot,Bidur,NP03,NP0328,NP0328301,7,drinking water,drinking_water_spout_water,42
Bagmati,Nuwakot,Bidur,NP03,NP0328,NP0328301,7,drinking water,drinking_water_river_stream,0
Bagmati,Nuwakot,Bidur,NP03,NP0328,NP0328301,7,drinking water,drinking_water_jar_bottle,0
Bagmati,Nuwakot,Bidur,NP03,NP0328,NP0328301,7,drinking water,drinking_water_other,3
Bagmati,Nuwakot,Bidur,NP03,NP0328,NP0328301,7,cooking fuel,cooking_fuel_wood_firewood,661
Bagmati,Nuwakot,Bidur,NP03,NP0328,NP0328301,7,cooking fuel,cooking_fuel_lpg,388
Bagmati,Nuwakot,Bidur,NP03,NP0328,NP0328301,7,cooking fuel,cooking_fuel_electricity,0
Bagmati,Nuwakot,Bidur,NP03,NP0328,NP0328301,7,cooking fuel,cooking_fuel_cowdung,0
Bagmati,Nuwakot,Bidur,NP03,NP0328,NP0328301,7,cooking fuel,cooking_fuel_biogas,8
Bagmati,Nuwakot,Bidur,NP03,NP0328,NP0328301,7,cooking fuel,cooking_fuel_kerosene,0
Bagmati,Nuwakot,Bidur,NP03,NP0328,NP0328301,7,cooking fuel,cooking_fuel_other,0
Bagmati,Nuwakot,Bidur,NP03,NP0328,NP0328301,7,lighting fuel,lighting_electricity,1056
Bagmati,Nuwakot,Bidur,NP03,NP0328,NP0328301,7,lighting fuel,lighting_solar,1
Bagmati,Nuwakot,Bidur,NP03,NP0328,NP0328301,7,lighting fuel,lighting_kerosene,0
Bagmati,Nuwakot,Bidur,NP03,NP0328,NP0328301,7,lighting fuel,lighting_biogas,0
Bagmati,Nuwakot,Bidur,NP03,NP0328,NP0328301,7,lighting fuel,lighting_other,0
Bagmati,Nuwakot,Bidur,NP03,NP0328,NP0328301,7,sanitation,toilet_flush_public_sewerage,9
Bagmati,Nuwakot,Bidur,NP03,NP0328,NP0328301,7,sanitation,toilet_flush_septic_tank,1029
Bagmati,Nuwakot,Bidur,NP03,NP0328,NP0328301,7,sanitation,toilet_pit,12
Bagmati,Nuwakot,Bidur,NP03,NP0328,NP0328301,7,sanitation,toilet_public,1
Bagmati,Nuwakot,Bidur,NP03,NP0328,NP0328301,7,sanitation,toilet_no_toilet,6
Bagmati,Nuwakot,Bidur,NP03,NP0328,NP0328301,7,household amenities,hh_amenities_without,41
Bagmati,Nuwakot,Bidur,NP03,NP0328,NP0328301,7,household amenities,hh_amenities_at_least_one,1016
Bagmati,Nuwakot,Bidur,NP03,NP0328,NP0328301,7,household amenities,hh_amenities_radio,550
Bagmati,Nuwakot,Bidur,NP03,NP0328,NP0328301,7,household amenities,hh_amenities_television,738
Bagmati,Nuwakot,Bidur,NP03,NP0328,NP0328301,7,household amenities,hh_amenities_landline,34
Bagmati,Nuwakot,Bidur,NP03,NP0328,NP0328301,7,household amenities,hh_amenities_mobile_phone_ordinary,863
Bagmati,Nuwakot,Bidur,NP03,NP0328,NP0328301,7,household amenities,hh_amenities_mobile_phone_smart,794
Bagmati,Nuwakot,Bidur,NP03,NP0328,NP0328301,7,household amenities,hh_amenities_computer_laptop,161
Bagmati,Nuwakot,Bidur,NP03,NP0328,NP0328301,7,household amenities,hh_amenities_internet,595
Bagmati,Nuwakot,Bidur,NP03,NP0328,NP0328301,7,household amenities,hh_amenities_car_jeep_van,24
Bagmati,Nuwakot,Bidur,NP03,NP0328,NP0328301,7,household amenities,hh_amenities_motorcycle_scooter,245
Bagmati,Nuwakot,Bidur,NP03,NP0328,NP0328301,7,household amenities,hh_amenities_bicycle,56
Bagmati,Nuwakot,Bidur,NP03,NP0328,NP0328301,7,household amenities,hh_amenities_electric_fan,451
Bagmati,Nuwakot,Bidur,NP03,NP0328,NP0328301,7,household amenities,hh_amenities_refridgerator,267
Bagmati,Nuwakot,Bidur,NP03,NP0328,NP0328301,7,household amenities,hh_amenities_washing_machine,8
Bagmati,Nuwakot,Bidur,NP03,NP0328,NP0328301,7,household amenities,hh_amenities_air_conditioner,2
Bagmati,Nuwakot,Bidur,NP03,NP0328,NP0328301,7,wealth quintile,wealth_quintile_poorest_quintile_count,72
Bagmati,Nuwakot,Bidur,NP03,NP0328,NP0328301,7,wealth quintile,wealth_quintile_poorer_quintile_count,154
Bagmati,Nuwakot,Bidur,NP03,NP0328,NP0328301,7,wealth quintile,wealth_quintile_middle_quintile_count,319
Bagmati,Nuwakot,Bidur,NP03,NP0328,NP0328301,7,wealth quintile,wealth_quintile_richer_quintile_count,277
Bagmati,Nuwakot,Bidur,NP03,NP0328,NP0328301,7,wealth quintile,wealth_quintile_richest_quintile_count,235
Bagmati,Nuwakot,Bidur,NP03,NP0328,NP0328301,7,wealth quintile,wealth_quintile_poorest_quintile_pc,6.81
Bagmati,Nuwakot,Bidur,NP03,NP0328,NP0328301,7,wealth quintile,wealth_quintile_poorer_quintile_pc,14.57
Bagmati,Nuwakot,Bidur,NP03,NP0328,NP0328301,7,wealth quintile,wealth_quintile_middle_quintile_pc,30.18
Bagmati,Nuwakot,Bidur,NP03,NP0328,NP0328301,7,wealth quintile,wealth_quintile_richer_quintile_pc,26.21
Bagmati,Nuwakot,Bidur,NP03,NP0328,NP0328301,7,wealth quintile,wealth_quintile_richest_quintile_pc,22.23
Bagmati,Nuwakot,Bidur,NP03,NP0328,NP0328301,7,housing,house_quality_most_adequate_count,327
Bagmati,Nuwakot,Bidur,NP03,NP0328,NP0328301,7,housing,house_quality_adequate_count,438
Bagmati,Nuwakot,Bidur,NP03,NP0328,NP0328301,7,housing,house_quality_moderate_count,282
Bagmati,Nuwakot,Bidur,NP03,NP0328,NP0328301,7,housing,house_quality_inadequate_count,10
Bagmati,Nuwakot,Bidur,NP03,NP0328,NP0328301,7,housing,house_quality_least_adequate_count,0
Bagmati,Nuwakot,Bidur,NP03,NP0328,NP0328301,7,housing,house_quality_most_adequate_pc,30.94
Bagmati,Nuwakot,Bidur,NP03,NP0328,NP0328301,7,housing,house_quality_adequate_pc,41.44
Bagmati,Nuwakot,Bidur,NP03,NP0328,NP0328301,7,housing,house_quality_moderate_pc,26.68
Bagmati,Nuwakot,Bidur,NP03,NP0328,NP0328301,7,housing,house_quality_inadequate_pc,0.95
Bagmati,Nuwakot,Bidur,NP03,NP0328,NP0328301,7,housing,house_quality_least_adequate_pc,0
Bagmati,Nuwakot,Bidur,NP03,NP0328,NP0328301,9,demographics,total_households,1903
Bagmati,Nuwakot,Bidur,NP03,NP0328,NP0328301,9,housing,home_ownership_owned,1447
Bagmati,Nuwakot,Bidur,NP03,NP0328,NP0328301,9,housing,home_ownership_rented,378
Bagmati,Nuwakot,Bidur,NP03,NP0328,NP0328301,9,housing,home_ownership_institutional,67
Bagmati,Nuwakot,Bidur,NP03,NP0328,NP0328301,9,housing,home_ownership_other,11
Bagmati,Nuwakot,Bidur,NP03,NP0328,NP0328301,9,housing,foundation_mud,133
Bagmati,Nuwakot,Bidur,NP03,NP0328,NP0328301,9,housing,foundation_mud_bonded_bricks_stone,710
Bagmati,Nuwakot,Bidur,NP03,NP0328,NP0328301,9,housing,foundation_cement_bonded_bricks_stone,1038
Bagmati,Nuwakot,Bidur,NP03,NP0328,NP0328301,9,housing,foundation_reinforced_cement_concrete_with_pillars,16
Bagmati,Nuwakot,Bidur,NP03,NP0328,NP0328301,9,housing,foundation_wooden_pillars,6
Bagmati,Nuwakot,Bidur,NP03,NP0328,NP0328301,9,housing,outer_wall_mud_bonded_bricks_stone,54
Bagmati,Nuwakot,Bidur,NP03,NP0328,NP0328301,9,housing,outer_wall_cement_bonded_bricks_stone,1795
Bagmati,Nuwakot,Bidur,NP03,NP0328,NP0328301,9,housing,outer_wall_wood_planks,6
Bagmati,Nuwakot,Bidur,NP03,NP0328,NP0328301,9,housing,outer_wall_bamboo,0
Bagmati,Nuwakot,Bidur,NP03,NP0328,NP0328301,9,housing,outer_wall_unbaked_bricks,0
Bagmati,Nuwakot,Bidur,NP03,NP0328,NP0328301,9,housing,outer_wall_galvanised_sheet,45
Bagmati,Nuwakot,Bidur,NP03,NP0328,NP0328301,9,housing,outer_wall_prefabricated_sheet,1
Bagmati,Nuwakot,Bidur,NP03,NP0328,NP0328301,9,housing,outer_wall_other,2
Bagmati,Nuwakot,Bidur,NP03,NP0328,NP0328301,9,housing,roof_galvanised_sheet,782
Bagmati,Nuwakot,Bidur,NP03,NP0328,NP0328301,9,housing,roof_reinforced_cement_concrete,1105
Bagmati,Nuwakot,Bidur,NP03,NP0328,NP0328301,9,housing,roof_thatch_straw,7
Bagmati,Nuwakot,Bidur,NP03,NP0328,NP0328301,9,housing,roof_tile,5
Bagmati,Nuwakot,Bidur,NP03,NP0328,NP0328301,9,housing,roof_stone_slate,4
Bagmati,Nuwakot,Bidur,NP03,NP0328,NP0328301,9,housing,roof_wood_planks,0
Bagmati,Nuwakot,Bidur,NP03,NP0328,NP0328301,9,housing,roof_mud,0
Bagmati,Nuwakot,Bidur,NP03,NP0328,NP0328301,9,housing,roof_other,0
Bagmati,Nuwakot,Bidur,NP03,NP0328,NP0328301,9,housing,floor_mud,73
Bagmati,Nuwakot,Bidur,NP03,NP0328,NP0328301,9,housing,floor_wooden_plank_bamboo,21
Bagmati,Nuwakot,Bidur,NP03,NP0328,NP0328301,9,housing,floor_bricks_stone,9
Bagmati,Nuwakot,Bidur,NP03,NP0328,NP0328301,9,housing,floor_ceramic_tile,35
Bagmati,Nuwakot,Bidur,NP03,NP0328,NP0328301,9,housing,floor_cemented,1759
Bagmati,Nuwakot,Bidur,NP03,NP0328,NP0328301,9,housing,floor_other,6
Bagmati,Nuwakot,Bidur,NP03,NP0328,NP0328301,9,drinking water,drinking_water_tap_piped_within_premises,770
Bagmati,Nuwakot,Bidur,NP03,NP0328,NP0328301,9,drinking water,drinking_water_tap_piped_outside_premises,1047
Bagmati,Nuwakot,Bidur,NP03,NP0328,NP0328301,9,drinking water,drinking_water_tubewell_handpump,0
Bagmati,Nuwakot,Bidur,NP03,NP0328,NP0328301,9,drinking water,drinking_water_covered_well_kuwa,4
Bagmati,Nuwakot,Bidur,NP03,NP0328,NP0328301,9,drinking water,drinking_water_uncovered_well_kuwa,9
Bagmati,Nuwakot,Bidur,NP03,NP0328,NP0328301,9,drinking water,drinking_water_spout_water,62
Bagmati,Nuwakot,Bidur,NP03,NP0328,NP0328301,9,drinking water,drinking_water_river_stream,9
Bagmati,Nuwakot,Bidur,NP03,NP0328,NP0328301,9,drinking water,drinking_water_jar_bottle,1
Bagmati,Nuwakot,Bidur,NP03,NP0328,NP0328301,9,drinking water,drinking_water_other,1
Bagmati,Nuwakot,Bidur,NP03,NP0328,NP0328301,9,cooking fuel,cooking_fuel_wood_firewood,330
Bagmati,Nuwakot,Bidur,NP03,NP0328,NP0328301,9,cooking fuel,cooking_fuel_lpg,1554
Bagmati,Nuwakot,Bidur,NP03,NP0328,NP0328301,9,cooking fuel,cooking_fuel_electricity,7
Bagmati,Nuwakot,Bidur,NP03,NP0328,NP0328301,9,cooking fuel,cooking_fuel_cowdung,0
Bagmati,Nuwakot,Bidur,NP03,NP0328,NP0328301,9,cooking fuel,cooking_fuel_biogas,9
Bagmati,Nuwakot,Bidur,NP03,NP0328,NP0328301,9,cooking fuel,cooking_fuel_kerosene,0
Bagmati,Nuwakot,Bidur,NP03,NP0328,NP0328301,9,cooking fuel,cooking_fuel_other,3
Bagmati,Nuwakot,Bidur,NP03,NP0328,NP0328301,9,lighting fuel,lighting_electricity,1890
Bagmati,Nuwakot,Bidur,NP03,NP0328,NP0328301,9,lighting fuel,lighting_solar,11
Bagmati,Nuwakot,Bidur,NP03,NP0328,NP0328301,9,lighting fuel,lighting_kerosene,1
Bagmati,Nuwakot,Bidur,NP03,NP0328,NP0328301,9,lighting fuel,lighting_biogas,1
Bagmati,Nuwakot,Bidur,NP03,NP0328,NP0328301,9,lighting fuel,lighting_other,0
Bagmati,Nuwakot,Bidur,NP03,NP0328,NP0328301,9,sanitation,toilet_flush_public_sewerage,12
Bagmati,Nuwakot,Bidur,NP03,NP0328,NP0328301,9,sanitation,toilet_flush_septic_tank,1800
Bagmati,Nuwakot,Bidur,NP03,NP0328,NP0328301,9,sanitation,toilet_pit,78
Bagmati,Nuwakot,Bidur,NP03,NP0328,NP0328301,9,sanitation,toilet_public,1
Bagmati,Nuwakot,Bidur,NP03,NP0328,NP0328301,9,sanitation,toilet_no_toilet,12
Bagmati,Nuwakot,Bidur,NP03,NP0328,NP0328301,9,household amenities,hh_amenities_without,25
Bagmati,Nuwakot,Bidur,NP03,NP0328,NP0328301,9,household amenities,hh_amenities_at_least_one,1878
Bagmati,Nuwakot,Bidur,NP03,NP0328,NP0328301,9,household amenities,hh_amenities_radio,680
Bagmati,Nuwakot,Bidur,NP03,NP0328,NP0328301,9,household amenities,hh_amenities_television,1329
Bagmati,Nuwakot,Bidur,NP03,NP0328,NP0328301,9,household amenities,hh_amenities_landline,71
Bagmati,Nuwakot,Bidur,NP03,NP0328,NP0328301,9,household amenities,hh_amenities_mobile_phone_ordinary,1284
Bagmati,Nuwakot,Bidur,NP03,NP0328,NP0328301,9,household amenities,hh_amenities_mobile_phone_smart,1674
Bagmati,Nuwakot,Bidur,NP03,NP0328,NP0328301,9,household amenities,hh_amenities_computer_laptop,354
Bagmati,Nuwakot,Bidur,NP03,NP0328,NP0328301,9,household amenities,hh_amenities_internet,1385
Bagmati,Nuwakot,Bidur,NP03,NP0328,NP0328301,9,household amenities,hh_amenities_car_jeep_van,64
Bagmati,Nuwakot,Bidur,NP03,NP0328,NP0328301,9,household amenities,hh_amenities_motorcycle_scooter,675
Bagmati,Nuwakot,Bidur,NP03,NP0328,NP0328301,9,household amenities,hh_amenities_bicycle,183
Bagmati,Nuwakot,Bidur,NP03,NP0328,NP0328301,9,household amenities,hh_amenities_electric_fan,1599
Bagmati,Nuwakot,Bidur,NP03,NP0328,NP0328301,9,household amenities,hh_amenities_refridgerator,1002
Bagmati,Nuwakot,Bidur,NP03,NP0328,NP0328301,9,household amenities,hh_amenities_washing_machine,82
Bagmati,Nuwakot,Bidur,NP03,NP0328,NP0328301,9,household amenities,hh_amenities_air_conditioner,20
Bagmati,Nuwakot,Bidur,NP03,NP0328,NP0328301,9,wealth quintile,wealth_quintile_poorest_quintile_count,15
Bagmati,Nuwakot,Bidur,NP03,NP0328,NP0328301,9,wealth quintile,wealth_quintile_poorer_quintile_count,31
Bagmati,Nuwakot,Bidur,NP03,NP0328,NP0328301,9,wealth quintile,wealth_quintile_middle_quintile_count,255
Bagmati,Nuwakot,Bidur,NP03,NP0328,NP0328301,9,wealth quintile,wealth_quintile_richer_quintile_count,750
Bagmati,Nuwakot,Bidur,NP03,NP0328,NP0328301,9,wealth quintile,wealth_quintile_richest_quintile_count,852
Bagmati,Nuwakot,Bidur,NP03,NP0328,NP0328301,9,wealth quintile,wealth_quintile_poorest_quintile_pc,0.79
Bagmati,Nuwakot,Bidur,NP03,NP0328,NP0328301,9,wealth quintile,wealth_quintile_poorer_quintile_pc,1.63
Bagmati,Nuwakot,Bidur,NP03,NP0328,NP0328301,9,wealth quintile,wealth_quintile_middle_quintile_pc,13.4
Bagmati,Nuwakot,Bidur,NP03,NP0328,NP0328301,9,wealth quintile,wealth_quintile_richer_quintile_pc,39.41
Bagmati,Nuwakot,Bidur,NP03,NP0328,NP0328301,9,wealth quintile,wealth_quintile_richest_quintile_pc,44.77
Bagmati,Nuwakot,Bidur,NP03,NP0328,NP0328301,9,housing,house_quality_most_adequate_count,1374
Bagmati,Nuwakot,Bidur,NP03,NP0328,NP0328301,9,housing,house_quality_adequate_count,450
Bagmati,Nuwakot,Bidur,NP03,NP0328,NP0328301,9,housing,house_quality_moderate_count,72
Bagmati,Nuwakot,Bidur,NP03,NP0328,NP0328301,9,housing,house_quality_inadequate_count,7
Bagmati,Nuwakot,Bidur,NP03,NP0328,NP0328301,9,housing,house_quality_least_adequate_count,0
Bagmati,Nuwakot,Bidur,NP03,NP0328,NP0328301,9,housing,house_quality_most_adequate_pc,72.2
Bagmati,Nuwakot,Bidur,NP03,NP0328,NP0328301,9,housing,house_quality_adequate_pc,23.65
Bagmati,Nuwakot,Bidur,NP03,NP0328,NP0328301,9,housing,house_quality_moderate_pc,3.78
Bagmati,Nuwakot,Bidur,NP03,NP0328,NP0328301,9,housing,house_quality_inadequate_pc,0.37
Bagmati,Nuwakot,Bidur,NP03,NP0328,NP0328301,9,housing,house_quality_least_adequate_pc,0
Bagmati,Nuwakot,Bidur,NP03,NP0328,NP0328301,10,demographics,total_households,869
Bagmati,Nuwakot,Bidur,NP03,NP0328,NP0328301,10,housing,home_ownership_owned,865
Bagmati,Nuwakot,Bidur,NP03,NP0328,NP0328301,10,housing,home_ownership_rented,3
Bagmati,Nuwakot,Bidur,NP03,NP0328,NP0328301,10,housing,home_ownership_institutional,1
Bagmati,Nuwakot,Bidur,NP03,NP0328,NP0328301,10,housing,home_ownership_other,0
Bagmati,Nuwakot,Bidur,NP03,NP0328,NP0328301,10,housing,foundation_mud,105
Bagmati,Nuwakot,Bidur,NP03,NP0328,NP0328301,10,housing,foundation_mud_bonded_bricks_stone,601
Bagmati,Nuwakot,Bidur,NP03,NP0328,NP0328301,10,housing,foundation_cement_bonded_bricks_stone,152
Bagmati,Nuwakot,Bidur,NP03,NP0328,NP0328301,10,housing,foundation_reinforced_cement_concrete_with_pillars,7
Bagmati,Nuwakot,Bidur,NP03,NP0328,NP0328301,10,housing,foundation_wooden_pillars,4
Bagmati,Nuwakot,Bidur,NP03,NP0328,NP0328301,10,housing,outer_wall_mud_bonded_bricks_stone,167
Bagmati,Nuwakot,Bidur,NP03,NP0328,NP0328301,10,housing,outer_wall_cement_bonded_bricks_stone,676
Bagmati,Nuwakot,Bidur,NP03,NP0328,NP0328301,10,housing,outer_wall_wood_planks,2
Bagmati,Nuwakot,Bidur,NP03,NP0328,NP0328301,10,housing,outer_wall_bamboo,2
Bagmati,Nuwakot,Bidur,NP03,NP0328,NP0328301,10,housing,outer_wall_unbaked_bricks,1
Bagmati,Nuwakot,Bidur,NP03,NP0328,NP0328301,10,housing,outer_wall_galvanised_sheet,20
Bagmati,Nuwakot,Bidur,NP03,NP0328,NP0328301,10,housing,outer_wall_prefabricated_sheet,0
Bagmati,Nuwakot,Bidur,NP03,NP0328,NP0328301,10,housing,outer_wall_other,1
Bagmati,Nuwakot,Bidur,NP03,NP0328,NP0328301,10,housing,roof_galvanised_sheet,557
Bagmati,Nuwakot,Bidur,NP03,NP0328,NP0328301,10,housing,roof_reinforced_cement_concrete,308
Bagmati,Nuwakot,Bidur,NP03,NP0328,NP0328301,10,housing,roof_thatch_straw,1
Bagmati,Nuwakot,Bidur,NP03,NP0328,NP0328301,10,housing,roof_tile,0
Bagmati,Nuwakot,Bidur,NP03,NP0328,NP0328301,10,housing,roof_stone_slate,1
Bagmati,Nuwakot,Bidur,NP03,NP0328,NP0328301,10,housing,roof_wood_planks,2
Bagmati,Nuwakot,Bidur,NP03,NP0328,NP0328301,10,housing,roof_mud,0
Bagmati,Nuwakot,Bidur,NP03,NP0328,NP0328301,10,housing,roof_other,0
Bagmati,Nuwakot,Bidur,NP03,NP0328,NP0328301,10,housing,floor_mud,161
Bagmati,Nuwakot,Bidur,NP03,NP0328,NP0328301,10,housing,floor_wooden_plank_bamboo,11
Bagmati,Nuwakot,Bidur,NP03,NP0328,NP0328301,10,housing,floor_bricks_stone,5
Bagmati,Nuwakot,Bidur,NP03,NP0328,NP0328301,10,housing,floor_ceramic_tile,3
Bagmati,Nuwakot,Bidur,NP03,NP0328,NP0328301,10,housing,floor_cemented,686
Bagmati,Nuwakot,Bidur,NP03,NP0328,NP0328301,10,housing,floor_other,3
Bagmati,Nuwakot,Bidur,NP03,NP0328,NP0328301,10,drinking water,drinking_water_tap_piped_within_premises,424
Bagmati,Nuwakot,Bidur,NP03,NP0328,NP0328301,10,drinking water,drinking_water_tap_piped_outside_premises,370
Bagmati,Nuwakot,Bidur,NP03,NP0328,NP0328301,10,drinking water,drinking_water_tubewell_handpump,0
Bagmati,Nuwakot,Bidur,NP03,NP0328,NP0328301,10,drinking water,drinking_water_covered_well_kuwa,0
Bagmati,Nuwakot,Bidur,NP03,NP0328,NP0328301,10,drinking water,drinking_water_uncovered_well_kuwa,3
Bagmati,Nuwakot,Bidur,NP03,NP0328,NP0328301,10,drinking water,drinking_water_spout_water,69
Bagmati,Nuwakot,Bidur,NP03,NP0328,NP0328301,10,drinking water,drinking_water_river_stream,1
Bagmati,Nuwakot,Bidur,NP03,NP0328,NP0328301,10,drinking water,drinking_water_jar_bottle,2
Bagmati,Nuwakot,Bidur,NP03,NP0328,NP0328301,10,drinking water,drinking_water_other,0
Bagmati,Nuwakot,Bidur,NP03,NP0328,NP0328301,10,cooking fuel,cooking_fuel_wood_firewood,456
Bagmati,Nuwakot,Bidur,NP03,NP0328,NP0328301,10,cooking fuel,cooking_fuel_lpg,412
Bagmati,Nuwakot,Bidur,NP03,NP0328,NP0328301,10,cooking fuel,cooking_fuel_electricity,0
Bagmati,Nuwakot,Bidur,NP03,NP0328,NP0328301,10,cooking fuel,cooking_fuel_cowdung,0
Bagmati,Nuwakot,Bidur,NP03,NP0328,NP0328301,10,cooking fuel,cooking_fuel_biogas,1
Bagmati,Nuwakot,Bidur,NP03,NP0328,NP0328301,10,cooking fuel,cooking_fuel_kerosene,0
Bagmati,Nuwakot,Bidur,NP03,NP0328,NP0328301,10,cooking fuel,cooking_fuel_other,0
Bagmati,Nuwakot,Bidur,NP03,NP0328,NP0328301,10,lighting fuel,lighting_electricity,868
Bagmati,Nuwakot,Bidur,NP03,NP0328,NP0328301,10,lighting fuel,lighting_solar,0
Bagmati,Nuwakot,Bidur,NP03,NP0328,NP0328301,10,lighting fuel,lighting_kerosene,1
Bagmati,Nuwakot,Bidur,NP03,NP0328,NP0328301,10,lighting fuel,lighting_biogas,0
Bagmati,Nuwakot,Bidur,NP03,NP0328,NP0328301,10,lighting fuel,lighting_other,0
Bagmati,Nuwakot,Bidur,NP03,NP0328,NP0328301,10,sanitation,toilet_flush_public_sewerage,7
Bagmati,Nuwakot,Bidur,NP03,NP0328,NP0328301,10,sanitation,toilet_flush_septic_tank,826
Bagmati,Nuwakot,Bidur,NP03,NP0328,NP0328301,10,sanitation,toilet_pit,21
Bagmati,Nuwakot,Bidur,NP03,NP0328,NP0328301,10,sanitation,toilet_public,4
Bagmati,Nuwakot,Bidur,NP03,NP0328,NP0328301,10,sanitation,toilet_no_toilet,11
Bagmati,Nuwakot,Bidur,NP03,NP0328,NP0328301,10,household amenities,hh_amenities_without,19
Bagmati,Nuwakot,Bidur,NP03,NP0328,NP0328301,10,household amenities,hh_amenities_at_least_one,850
Bagmati,Nuwakot,Bidur,NP03,NP0328,NP0328301,10,household amenities,hh_amenities_radio,384
Bagmati,Nuwakot,Bidur,NP03,NP0328,NP0328301,10,household amenities,hh_amenities_television,585
Bagmati,Nuwakot,Bidur,NP03,NP0328,NP0328301,10,household amenities,hh_amenities_landline,19
Bagmati,Nuwakot,Bidur,NP03,NP0328,NP0328301,10,household amenities,hh_amenities_mobile_phone_ordinary,754
Bagmati,Nuwakot,Bidur,NP03,NP0328,NP0328301,10,household amenities,hh_amenities_mobile_phone_smart,638
Bagmati,Nuwakot,Bidur,NP03,NP0328,NP0328301,10,household amenities,hh_amenities_computer_laptop,104
Bagmati,Nuwakot,Bidur,NP03,NP0328,NP0328301,10,household amenities,hh_amenities_internet,519
Bagmati,Nuwakot,Bidur,NP03,NP0328,NP0328301,10,household amenities,hh_amenities_car_jeep_van,26
Bagmati,Nuwakot,Bidur,NP03,NP0328,NP0328301,10,household amenities,hh_amenities_motorcycle_scooter,280
Bagmati,Nuwakot,Bidur,NP03,NP0328,NP0328301,10,household amenities,hh_amenities_bicycle,44
Bagmati,Nuwakot,Bidur,NP03,NP0328,NP0328301,10,household amenities,hh_amenities_electric_fan,519
Bagmati,Nuwakot,Bidur,NP03,NP0328,NP0328301,10,household amenities,hh_amenities_refridgerator,281
Bagmati,Nuwakot,Bidur,NP03,NP0328,NP0328301,10,household amenities,hh_amenities_washing_machine,9
Bagmati,Nuwakot,Bidur,NP03,NP0328,NP0328301,10,household amenities,hh_amenities_air_conditioner,1
Bagmati,Nuwakot,Bidur,NP03,NP0328,NP0328301,10,wealth quintile,wealth_quintile_poorest_quintile_count,33
Bagmati,Nuwakot,Bidur,NP03,NP0328,NP0328301,10,wealth quintile,wealth_quintile_poorer_quintile_count,97
Bagmati,Nuwakot,Bidur,NP03,NP0328,NP0328301,10,wealth quintile,wealth_quintile_middle_quintile_count,224
Bagmati,Nuwakot,Bidur,NP03,NP0328,NP0328301,10,wealth quintile,wealth_quintile_richer_quintile_count,261
Bagmati,Nuwakot,Bidur,NP03,NP0328,NP0328301,10,wealth quintile,wealth_quintile_richest_quintile_count,254
Bagmati,Nuwakot,Bidur,NP03,NP0328,NP0328301,10,wealth quintile,wealth_quintile_poorest_quintile_pc,3.8
Bagmati,Nuwakot,Bidur,NP03,NP0328,NP0328301,10,wealth quintile,wealth_quintile_poorer_quintile_pc,11.16
Bagmati,Nuwakot,Bidur,NP03,NP0328,NP0328301,10,wealth quintile,wealth_quintile_middle_quintile_pc,25.78
Bagmati,Nuwakot,Bidur,NP03,NP0328,NP0328301,10,wealth quintile,wealth_quintile_richer_quintile_pc,30.03
Bagmati,Nuwakot,Bidur,NP03,NP0328,NP0328301,10,wealth quintile,wealth_quintile_richest_quintile_pc,29.23
Bagmati,Nuwakot,Bidur,NP03,NP0328,NP0328301,10,housing,house_quality_most_adequate_count,321
Bagmati,Nuwakot,Bidur,NP03,NP0328,NP0328301,10,housing,house_quality_adequate_count,439
Bagmati,Nuwakot,Bidur,NP03,NP0328,NP0328301,10,housing,house_quality_moderate_count,106
Bagmati,Nuwakot,Bidur,NP03,NP0328,NP0328301,10,housing,house_quality_inadequate_count,3
Bagmati,Nuwakot,Bidur,NP03,NP0328,NP0328301,10,housing,house_quality_least_adequate_count,0
Bagmati,Nuwakot,Bidur,NP03,NP0328,NP0328301,10,housing,house_quality_most_adequate_pc,36.94
Bagmati,Nuwakot,Bidur,NP03,NP0328,NP0328301,10,housing,house_quality_adequate_pc,50.52
Bagmati,Nuwakot,Bidur,NP03,NP0328,NP0328301,10,housing,house_quality_moderate_pc,12.2
Bagmati,Nuwakot,Bidur,NP03,NP0328,NP0328301,10,housing,house_quality_inadequate_pc,0.35
Bagmati,Nuwakot,Bidur,NP03,NP0328,NP0328301,10,housing,house_quality_least_adequate_pc,0
Bagmati,Nuwakot,Bidur,NP03,NP0328,NP0328301,12,demographics,total_households,949
Bagmati,Nuwakot,Bidur,NP03,NP0328,NP0328301,12,housing,home_ownership_owned,935
Bagmati,Nuwakot,Bidur,NP03,NP0328,NP0328301,12,housing,home_ownership_rented,7
Bagmati,Nuwakot,Bidur,NP03,NP0328,NP0328301,12,housing,home_ownership_institutional,1
Bagmati,Nuwakot,Bidur,NP03,NP0328,NP0328301,12,housing,home_ownership_other,6
Bagmati,Nuwakot,Bidur,NP03,NP0328,NP0328301,12,housing,foundation_mud,247
Bagmati,Nuwakot,Bidur,NP03,NP0328,NP0328301,12,housing,foundation_mud_bonded_bricks_stone,504
Bagmati,Nuwakot,Bidur,NP03,NP0328,NP0328301,12,housing,foundation_cement_bonded_bricks_stone,189
Bagmati,Nuwakot,Bidur,NP03,NP0328,NP0328301,12,housing,foundation_reinforced_cement_concrete_with_pillars,8
Bagmati,Nuwakot,Bidur,NP03,NP0328,NP0328301,12,housing,foundation_wooden_pillars,1
Bagmati,Nuwakot,Bidur,NP03,NP0328,NP0328301,12,housing,outer_wall_mud_bonded_bricks_stone,230
Bagmati,Nuwakot,Bidur,NP03,NP0328,NP0328301,12,housing,outer_wall_cement_bonded_bricks_stone,710
Bagmati,Nuwakot,Bidur,NP03,NP0328,NP0328301,12,housing,outer_wall_wood_planks,1
Bagmati,Nuwakot,Bidur,NP03,NP0328,NP0328301,12,housing,outer_wall_bamboo,0
Bagmati,Nuwakot,Bidur,NP03,NP0328,NP0328301,12,housing,outer_wall_unbaked_bricks,0
Bagmati,Nuwakot,Bidur,NP03,NP0328,NP0328301,12,housing,outer_wall_galvanised_sheet,8
Bagmati,Nuwakot,Bidur,NP03,NP0328,NP0328301,12,housing,outer_wall_prefabricated_sheet,0
Bagmati,Nuwakot,Bidur,NP03,NP0328,NP0328301,12,housing,outer_wall_other,0
Bagmati,Nuwakot,Bidur,NP03,NP0328,NP0328301,12,housing,roof_galvanised_sheet,706
Bagmati,Nuwakot,Bidur,NP03,NP0328,NP0328301,12,housing,roof_reinforced_cement_concrete,236
Bagmati,Nuwakot,Bidur,NP03,NP0328,NP0328301,12,housing,roof_thatch_straw,1
Bagmati,Nuwakot,Bidur,NP03,NP0328,NP0328301,12,housing,roof_tile,1
Bagmati,Nuwakot,Bidur,NP03,NP0328,NP0328301,12,housing,roof_stone_slate,5
Bagmati,Nuwakot,Bidur,NP03,NP0328,NP0328301,12,housing,roof_wood_planks,0
Bagmati,Nuwakot,Bidur,NP03,NP0328,NP0328301,12,housing,roof_mud,0
Bagmati,Nuwakot,Bidur,NP03,NP0328,NP0328301,12,housing,roof_other,0
Bagmati,Nuwakot,Bidur,NP03,NP0328,NP0328301,12,housing,floor_mud,212
Bagmati,Nuwakot,Bidur,NP03,NP0328,NP0328301,12,housing,floor_wooden_plank_bamboo,4
Bagmati,Nuwakot,Bidur,NP03,NP0328,NP0328301,12,housing,floor_bricks_stone,3
Bagmati,Nuwakot,Bidur,NP03,NP0328,NP0328301,12,housing,floor_ceramic_tile,4
Bagmati,Nuwakot,Bidur,NP03,NP0328,NP0328301,12,housing,floor_cemented,719
Bagmati,Nuwakot,Bidur,NP03,NP0328,NP0328301,12,housing,floor_other,7
Bagmati,Nuwakot,Bidur,NP03,NP0328,NP0328301,12,drinking water,drinking_water_tap_piped_within_premises,500
Bagmati,Nuwakot,Bidur,NP03,NP0328,NP0328301,12,drinking water,drinking_water_tap_piped_outside_premises,406
Bagmati,Nuwakot,Bidur,NP03,NP0328,NP0328301,12,drinking water,drinking_water_tubewell_handpump,0
Bagmati,Nuwakot,Bidur,NP03,NP0328,NP0328301,12,drinking water,drinking_water_covered_well_kuwa,0
Bagmati,Nuwakot,Bidur,NP03,NP0328,NP0328301,12,drinking water,drinking_water_uncovered_well_kuwa,7
Bagmati,Nuwakot,Bidur,NP03,NP0328,NP0328301,12,drinking water,drinking_water_spout_water,36
Bagmati,Nuwakot,Bidur,NP03,NP0328,NP0328301,12,drinking water,drinking_water_river_stream,0
Bagmati,Nuwakot,Bidur,NP03,NP0328,NP0328301,12,drinking water,drinking_water_jar_bottle,0
Bagmati,Nuwakot,Bidur,NP03,NP0328,NP0328301,12,drinking water,drinking_water_other,0
Bagmati,Nuwakot,Bidur,NP03,NP0328,NP0328301,12,cooking fuel,cooking_fuel_wood_firewood,758
Bagmati,Nuwakot,Bidur,NP03,NP0328,NP0328301,12,cooking fuel,cooking_fuel_lpg,189
Bagmati,Nuwakot,Bidur,NP03,NP0328,NP0328301,12,cooking fuel,cooking_fuel_electricity,0
Bagmati,Nuwakot,Bidur,NP03,NP0328,NP0328301,12,cooking fuel,cooking_fuel_cowdung,0
Bagmati,Nuwakot,Bidur,NP03,NP0328,NP0328301,12,cooking fuel,cooking_fuel_biogas,2
Bagmati,Nuwakot,Bidur,NP03,NP0328,NP0328301,12,cooking fuel,cooking_fuel_kerosene,0
Bagmati,Nuwakot,Bidur,NP03,NP0328,NP0328301,12,cooking fuel,cooking_fuel_other,0
Bagmati,Nuwakot,Bidur,NP03,NP0328,NP0328301,12,lighting fuel,lighting_electricity,942
Bagmati,Nuwakot,Bidur,NP03,NP0328,NP0328301,12,lighting fuel,lighting_solar,6
Bagmati,Nuwakot,Bidur,NP03,NP0328,NP0328301,12,lighting fuel,lighting_kerosene,0
Bagmati,Nuwakot,Bidur,NP03,NP0328,NP0328301,12,lighting fuel,lighting_biogas,0
Bagmati,Nuwakot,Bidur,NP03,NP0328,NP0328301,12,lighting fuel,lighting_other,1
Bagmati,Nuwakot,Bidur,NP03,NP0328,NP0328301,12,sanitation,toilet_flush_public_sewerage,5
Bagmati,Nuwakot,Bidur,NP03,NP0328,NP0328301,12,sanitation,toilet_flush_septic_tank,929
Bagmati,Nuwakot,Bidur,NP03,NP0328,NP0328301,12,sanitation,toilet_pit,7
Bagmati,Nuwakot,Bidur,NP03,NP0328,NP0328301,12,sanitation,toilet_public,1
Bagmati,Nuwakot,Bidur,NP03,NP0328,NP0328301,12,sanitation,toilet_no_toilet,7
Bagmati,Nuwakot,Bidur,NP03,NP0328,NP0328301,12,household amenities,hh_amenities_without,50
Bagmati,Nuwakot,Bidur,NP03,NP0328,NP0328301,12,household amenities,hh_amenities_at_least_one,899
Bagmati,Nuwakot,Bidur,NP03,NP0328,NP0328301,12,household amenities,hh_amenities_radio,556
Bagmati,Nuwakot,Bidur,NP03,NP0328,NP0328301,12,household amenities,hh_amenities_television,591
Bagmati,Nuwakot,Bidur,NP03,NP0328,NP0328301,12,household amenities,hh_amenities_landline,8
Bagmati,Nuwakot,Bidur,NP03,NP0328,NP0328301,12,household amenities,hh_amenities_mobile_phone_ordinary,801
Bagmati,Nuwakot,Bidur,NP03,NP0328,NP0328301,12,household amenities,hh_amenities_mobile_phone_smart,674
Bagmati,Nuwakot,Bidur,NP03,NP0328,NP0328301,12,household amenities,hh_amenities_computer_laptop,59
Bagmati,Nuwakot,Bidur,NP03,NP0328,NP0328301,12,household amenities,hh_amenities_internet,559
Bagmati,Nuwakot,Bidur,NP03,NP0328,NP0328301,12,household amenities,hh_amenities_car_jeep_van,14
Bagmati,Nuwakot,Bidur,NP03,NP0328,NP0328301,12,household amenities,hh_amenities_motorcycle_scooter,186
Bagmati,Nuwakot,Bidur,NP03,NP0328,NP0328301,12,household amenities,hh_amenities_bicycle,38
Bagmati,Nuwakot,Bidur,NP03,NP0328,NP0328301,12,household amenities,hh_amenities_electric_fan,334
Bagmati,Nuwakot,Bidur,NP03,NP0328,NP0328301,12,household amenities,hh_amenities_refridgerator,145
Bagmati,Nuwakot,Bidur,NP03,NP0328,NP0328301,12,household amenities,hh_amenities_washing_machine,6
Bagmati,Nuwakot,Bidur,NP03,NP0328,NP0328301,12,household amenities,hh_amenities_air_conditioner,3
Bagmati,Nuwakot,Bidur,NP03,NP0328,NP0328301,12,wealth quintile,wealth_quintile_poorest_quintile_count,53
Bagmati,Nuwakot,Bidur,NP03,NP0328,NP0328301,12,wealth quintile,wealth_quintile_poorer_quintile_count,85
Bagmati,Nuwakot,Bidur,NP03,NP0328,NP0328301,12,wealth quintile,wealth_quintile_middle_quintile_count,383
Bagmati,Nuwakot,Bidur,NP03,NP0328,NP0328301,12,wealth quintile,wealth_quintile_richer_quintile_count,335
Bagmati,Nuwakot,Bidur,NP03,NP0328,NP0328301,12,wealth quintile,wealth_quintile_richest_quintile_count,93
Bagmati,Nuwakot,Bidur,NP03,NP0328,NP0328301,12,wealth quintile,wealth_quintile_poorest_quintile_pc,5.58
Bagmati,Nuwakot,Bidur,NP03,NP0328,NP0328301,12,wealth quintile,wealth_quintile_poorer_quintile_pc,8.96
Bagmati,Nuwakot,Bidur,NP03,NP0328,NP0328301,12,wealth quintile,wealth_quintile_middle_quintile_pc,40.36
Bagmati,Nuwakot,Bidur,NP03,NP0328,NP0328301,12,wealth quintile,wealth_quintile_richer_quintile_pc,35.3
Bagmati,Nuwakot,Bidur,NP03,NP0328,NP0328301,12,wealth quintile,wealth_quintile_richest_quintile_pc,9.8
Bagmati,Nuwakot,Bidur,NP03,NP0328,NP0328301,12,housing,house_quality_most_adequate_count,158
Bagmati,Nuwakot,Bidur,NP03,NP0328,NP0328301,12,housing,house_quality_adequate_count,597
Bagmati,Nuwakot,Bidur,NP03,NP0328,NP0328301,12,housing,house_quality_moderate_count,191
Bagmati,Nuwakot,Bidur,NP03,NP0328,NP0328301,12,housing,house_quality_inadequate_count,2
Bagmati,Nuwakot,Bidur,NP03,NP0328,NP0328301,12,housing,house_quality_least_adequate_count,1
Bagmati,Nuwakot,Bidur,NP03,NP0328,NP0328301,12,housing,house_quality_most_adequate_pc,16.65
Bagmati,Nuwakot,Bidur,NP03,NP0328,NP0328301,12,housing,house_quality_adequate_pc,62.91
Bagmati,Nuwakot,Bidur,NP03,NP0328,NP0328301,12,housing,house_quality_moderate_pc,20.13
Bagmati,Nuwakot,Bidur,NP03,NP0328,NP0328301,12,housing,house_quality_inadequate_pc,0.21
Bagmati,Nuwakot,Bidur,NP03,NP0328,NP0328301,12,housing,house_quality_least_adequate_pc,0.11
Bagmati,Nuwakot,Kispang,NP03,NP0328,NP0328402,5,demographics,total_households,915
Bagmati,Nuwakot,Kispang,NP03,NP0328,NP0328402,5,housing,home_ownership_owned,894
Bagmati,Nuwakot,Kispang,NP03,NP0328,NP0328402,5,housing,home_ownership_rented,13
Bagmati,Nuwakot,Kispang,NP03,NP0328,NP0328402,5,housing,home_ownership_institutional,7
Bagmati,Nuwakot,Kispang,NP03,NP0328,NP0328402,5,housing,home_ownership_other,1
Bagmati,Nuwakot,Kispang,NP03,NP0328,NP0328402,5,housing,foundation_mud,78
Bagmati,Nuwakot,Kispang,NP03,NP0328,NP0328402,5,housing,foundation_mud_bonded_bricks_stone,541
Bagmati,Nuwakot,Kispang,NP03,NP0328,NP0328402,5,housing,foundation_cement_bonded_bricks_stone,277
Bagmati,Nuwakot,Kispang,NP03,NP0328,NP0328402,5,housing,foundation_reinforced_cement_concrete_with_pillars,16
Bagmati,Nuwakot,Kispang,NP03,NP0328,NP0328402,5,housing,foundation_wooden_pillars,3
Bagmati,Nuwakot,Kispang,NP03,NP0328,NP0328402,5,housing,outer_wall_mud_bonded_bricks_stone,81
Bagmati,Nuwakot,Kispang,NP03,NP0328,NP0328402,5,housing,outer_wall_cement_bonded_bricks_stone,797
Bagmati,Nuwakot,Kispang,NP03,NP0328,NP0328402,5,housing,outer_wall_wood_planks,2
Bagmati,Nuwakot,Kispang,NP03,NP0328,NP0328402,5,housing,outer_wall_bamboo,1
Bagmati,Nuwakot,Kispang,NP03,NP0328,NP0328402,5,housing,outer_wall_unbaked_bricks,1
Bagmati,Nuwakot,Kispang,NP03,NP0328,NP0328402,5,housing,outer_wall_galvanised_sheet,33
Bagmati,Nuwakot,Kispang,NP03,NP0328,NP0328402,5,housing,outer_wall_prefabricated_sheet,0
Bagmati,Nuwakot,Kispang,NP03,NP0328,NP0328402,5,housing,outer_wall_other,0
Bagmati,Nuwakot,Kispang,NP03,NP0328,NP0328402,5,housing,roof_galvanised_sheet,581
Bagmati,Nuwakot,Kispang,NP03,NP0328,NP0328402,5,housing,roof_reinforced_cement_concrete,333
Bagmati,Nuwakot,Kispang,NP03,NP0328,NP0328402,5,housing,roof_thatch_straw,0
Bagmati,Nuwakot,Kispang,NP03,NP0328,NP0328402,5,housing,roof_tile,0
Bagmati,Nuwakot,Kispang,NP03,NP0328,NP0328402,5,housing,roof_stone_slate,1
Bagmati,Nuwakot,Kispang,NP03,NP0328,NP0328402,5,housing,roof_wood_planks,0
Bagmati,Nuwakot,Kispang,NP03,NP0328,NP0328402,5,housing,roof_mud,0
Bagmati,Nuwakot,Kispang,NP03,NP0328,NP0328402,5,housing,roof_other,0
Bagmati,Nuwakot,Kispang,NP03,NP0328,NP0328402,5,housing,floor_mud,80
Bagmati,Nuwakot,Kispang,NP03,NP0328,NP0328402,5,housing,floor_wooden_plank_bamboo,4
Bagmati,Nuwakot,Kispang,NP03,NP0328,NP0328402,5,housing,floor_bricks_stone,1
Bagmati,Nuwakot,Kispang,NP03,NP0328,NP0328402,5,housing,floor_ceramic_tile,3
Bagmati,Nuwakot,Kispang,NP03,NP0328,NP0328402,5,housing,floor_cemented,826
Bagmati,Nuwakot,Kispang,NP03,NP0328,NP0328402,5,housing,floor_other,1
Bagmati,Nuwakot,Kispang,NP03,NP0328,NP0328402,5,drinking water,drinking_water_tap_piped_within_premises,384
Bagmati,Nuwakot,Kispang,NP03,NP0328,NP0328402,5,drinking water,drinking_water_tap_piped_outside_premises,503
Bagmati,Nuwakot,Kispang,NP03,NP0328,NP0328402,5,drinking water,drinking_water_tubewell_handpump,0
Bagmati,Nuwakot,Kispang,NP03,NP0328,NP0328402,5,drinking water,drinking_water_covered_well_kuwa,0
Bagmati,Nuwakot,Kispang,NP03,NP0328,NP0328402,5,drinking water,drinking_water_uncovered_well_kuwa,2
Bagmati,Nuwakot,Kispang,NP03,NP0328,NP0328402,5,drinking water,drinking_water_spout_water,26
Bagmati,Nuwakot,Kispang,NP03,NP0328,NP0328402,5,drinking water,drinking_water_river_stream,0
Bagmati,Nuwakot,Kispang,NP03,NP0328,NP0328402,5,drinking water,drinking_water_jar_bottle,0
Bagmati,Nuwakot,Kispang,NP03,NP0328,NP0328402,5,drinking water,drinking_water_other,0
Bagmati,Nuwakot,Kispang,NP03,NP0328,NP0328402,5,cooking fuel,cooking_fuel_wood_firewood,512
Bagmati,Nuwakot,Kispang,NP03,NP0328,NP0328402,5,cooking fuel,cooking_fuel_lpg,402
Bagmati,Nuwakot,Kispang,NP03,NP0328,NP0328402,5,cooking fuel,cooking_fuel_electricity,0
Bagmati,Nuwakot,Kispang,NP03,NP0328,NP0328402,5,cooking fuel,cooking_fuel_cowdung,0
Bagmati,Nuwakot,Kispang,NP03,NP0328,NP0328402,5,cooking fuel,cooking_fuel_biogas,1
Bagmati,Nuwakot,Kispang,NP03,NP0328,NP0328402,5,cooking fuel,cooking_fuel_kerosene,0
Bagmati,Nuwakot,Kispang,NP03,NP0328,NP0328402,5,cooking fuel,cooking_fuel_other,0
Bagmati,Nuwakot,Kispang,NP03,NP0328,NP0328402,5,lighting fuel,lighting_electricity,906
Bagmati,Nuwakot,Kispang,NP03,NP0328,NP0328402,5,lighting fuel,lighting_solar,5
Bagmati,Nuwakot,Kispang,NP03,NP0328,NP0328402,5,lighting fuel,lighting_kerosene,2
Bagmati,Nuwakot,Kispang,NP03,NP0328,NP0328402,5,lighting fuel,lighting_biogas,0
Bagmati,Nuwakot,Kispang,NP03,NP0328,NP0328402,5,lighting fuel,lighting_other,2
Bagmati,Nuwakot,Kispang,NP03,NP0328,NP0328402,5,sanitation,toilet_flush_public_sewerage,5
Bagmati,Nuwakot,Kispang,NP03,NP0328,NP0328402,5,sanitation,toilet_flush_septic_tank,723
Bagmati,Nuwakot,Kispang,NP03,NP0328,NP0328402,5,sanitation,toilet_pit,174
Bagmati,Nuwakot,Kispang,NP03,NP0328,NP0328402,5,sanitation,toilet_public,1
Bagmati,Nuwakot,Kispang,NP03,NP0328,NP0328402,5,sanitation,toilet_no_toilet,12
Bagmati,Nuwakot,Kispang,NP03,NP0328,NP0328402,5,household amenities,hh_amenities_without,53
Bagmati,Nuwakot,Kispang,NP03,NP0328,NP0328402,5,household amenities,hh_amenities_at_least_one,862
Bagmati,Nuwakot,Kispang,NP03,NP0328,NP0328402,5,household amenities,hh_amenities_radio,328
Bagmati,Nuwakot,Kispang,NP03,NP0328,NP0328402,5,household amenities,hh_amenities_television,499
Bagmati,Nuwakot,Kispang,NP03,NP0328,NP0328402,5,household amenities,hh_amenities_landline,2
Bagmati,Nuwakot,Kispang,NP03,NP0328,NP0328402,5,household amenities,hh_amenities_mobile_phone_ordinary,634
Bagmati,Nuwakot,Kispang,NP03,NP0328,NP0328402,5,household amenities,hh_amenities_mobile_phone_smart,611
Bagmati,Nuwakot,Kispang,NP03,NP0328,NP0328402,5,household amenities,hh_amenities_computer_laptop,57
Bagmati,Nuwakot,Kispang,NP03,NP0328,NP0328402,5,household amenities,hh_amenities_internet,82
Bagmati,Nuwakot,Kispang,NP03,NP0328,NP0328402,5,household amenities,hh_amenities_car_jeep_van,11
Bagmati,Nuwakot,Kispang,NP03,NP0328,NP0328402,5,household amenities,hh_amenities_motorcycle_scooter,103
Bagmati,Nuwakot,Kispang,NP03,NP0328,NP0328402,5,household amenities,hh_amenities_bicycle,21
Bagmati,Nuwakot,Kispang,NP03,NP0328,NP0328402,5,household amenities,hh_amenities_electric_fan,310
Bagmati,Nuwakot,Kispang,NP03,NP0328,NP0328402,5,household amenities,hh_amenities_refridgerator,163
Bagmati,Nuwakot,Kispang,NP03,NP0328,NP0328402,5,household amenities,hh_amenities_washing_machine,2
Bagmati,Nuwakot,Kispang,NP03,NP0328,NP0328402,5,household amenities,hh_amenities_air_conditioner,4
Bagmati,Nuwakot,Kispang,NP03,NP0328,NP0328402,5,wealth quintile,wealth_quintile_poorest_quintile_count,39
Bagmati,Nuwakot,Kispang,NP03,NP0328,NP0328402,5,wealth quintile,wealth_quintile_poorer_quintile_count,55
Bagmati,Nuwakot,Kispang,NP03,NP0328,NP0328402,5,wealth quintile,wealth_quintile_middle_quintile_count,430
Bagmati,Nuwakot,Kispang,NP03,NP0328,NP0328402,5,wealth quintile,wealth_quintile_richer_quintile_count,329
Bagmati,Nuwakot,Kispang,NP03,NP0328,NP0328402,5,wealth quintile,wealth_quintile_richest_quintile_count,62
Bagmati,Nuwakot,Kispang,NP03,NP0328,NP0328402,5,wealth quintile,wealth_quintile_poorest_quintile_pc,4.26
Bagmati,Nuwakot,Kispang,NP03,NP0328,NP0328402,5,wealth quintile,wealth_quintile_poorer_quintile_pc,6.01
Bagmati,Nuwakot,Kispang,NP03,NP0328,NP0328402,5,wealth quintile,wealth_quintile_middle_quintile_pc,46.99
Bagmati,Nuwakot,Kispang,NP03,NP0328,NP0328402,5,wealth quintile,wealth_quintile_richer_quintile_pc,35.96
Bagmati,Nuwakot,Kispang,NP03,NP0328,NP0328402,5,wealth quintile,wealth_quintile_richest_quintile_pc,6.78
Bagmati,Nuwakot,Kispang,NP03,NP0328,NP0328402,5,housing,house_quality_most_adequate_count,319
Bagmati,Nuwakot,Kispang,NP03,NP0328,NP0328402,5,housing,house_quality_adequate_count,499
Bagmati,Nuwakot,Kispang,NP03,NP0328,NP0328402,5,housing,house_quality_moderate_count,90
Bagmati,Nuwakot,Kispang,NP03,NP0328,NP0328402,5,housing,house_quality_inadequate_count,7
Bagmati,Nuwakot,Kispang,NP03,NP0328,NP0328402,5,housing,house_quality_least_adequate_count,0
Bagmati,Nuwakot,Kispang,NP03,NP0328,NP0328402,5,housing,house_quality_most_adequate_pc,34.86
Bagmati,Nuwakot,Kispang,NP03,NP0328,NP0328402,5,housing,house_quality_adequate_pc,54.54
Bagmati,Nuwakot,Kispang,NP03,NP0328,NP0328402,5,housing,house_quality_moderate_pc,9.84
Bagmati,Nuwakot,Kispang,NP03,NP0328,NP0328402,5,housing,house_quality_inadequate_pc,0.77
Bagmati,Nuwakot,Kispang,NP03,NP0328,NP0328402,5,housing,house_quality_least_adequate_pc,0
Bagmati,Nuwakot,Tarakeshwor,NP03,NP0328,NP0328403,2,demographics,total_households,589
Bagmati,Nuwakot,Tarakeshwor,NP03,NP0328,NP0328403,2,housing,home_ownership_owned,589
Bagmati,Nuwakot,Tarakeshwor,NP03,NP0328,NP0328403,2,housing,home_ownership_rented,0
Bagmati,Nuwakot,Tarakeshwor,NP03,NP0328,NP0328403,2,housing,home_ownership_institutional,0
Bagmati,Nuwakot,Tarakeshwor,NP03,NP0328,NP0328403,2,housing,home_ownership_other,0
Bagmati,Nuwakot,Tarakeshwor,NP03,NP0328,NP0328403,2,housing,foundation_mud,218
Bagmati,Nuwakot,Tarakeshwor,NP03,NP0328,NP0328403,2,housing,foundation_mud_bonded_bricks_stone,265
Bagmati,Nuwakot,Tarakeshwor,NP03,NP0328,NP0328403,2,housing,foundation_cement_bonded_bricks_stone,89
Bagmati,Nuwakot,Tarakeshwor,NP03,NP0328,NP0328403,2,housing,foundation_reinforced_cement_concrete_with_pillars,16
Bagmati,Nuwakot,Tarakeshwor,NP03,NP0328,NP0328403,2,housing,foundation_wooden_pillars,1
Bagmati,Nuwakot,Tarakeshwor,NP03,NP0328,NP0328403,2,housing,outer_wall_mud_bonded_bricks_stone,128
Bagmati,Nuwakot,Tarakeshwor,NP03,NP0328,NP0328403,2,housing,outer_wall_cement_bonded_bricks_stone,444
Bagmati,Nuwakot,Tarakeshwor,NP03,NP0328,NP0328403,2,housing,outer_wall_wood_planks,2
Bagmati,Nuwakot,Tarakeshwor,NP03,NP0328,NP0328403,2,housing,outer_wall_bamboo,1
Bagmati,Nuwakot,Tarakeshwor,NP03,NP0328,NP0328403,2,housing,outer_wall_unbaked_bricks,2
Bagmati,Nuwakot,Tarakeshwor,NP03,NP0328,NP0328403,2,housing,outer_wall_galvanised_sheet,12
Bagmati,Nuwakot,Tarakeshwor,NP03,NP0328,NP0328403,2,housing,outer_wall_prefabricated_sheet,0
Bagmati,Nuwakot,Tarakeshwor,NP03,NP0328,NP0328403,2,housing,outer_wall_other,0
Bagmati,Nuwakot,Tarakeshwor,NP03,NP0328,NP0328403,2,housing,roof_galvanised_sheet,451
Bagmati,Nuwakot,Tarakeshwor,NP03,NP0328,NP0328403,2,housing,roof_reinforced_cement_concrete,115
Bagmati,Nuwakot,Tarakeshwor,NP03,NP0328,NP0328403,2,housing,roof_thatch_straw,0
Bagmati,Nuwakot,Tarakeshwor,NP03,NP0328,NP0328403,2,housing,roof_tile,0
Bagmati,Nuwakot,Tarakeshwor,NP03,NP0328,NP0328403,2,housing,roof_stone_slate,23
Bagmati,Nuwakot,Tarakeshwor,NP03,NP0328,NP0328403,2,housing,roof_wood_planks,0
Bagmati,Nuwakot,Tarakeshwor,NP03,NP0328,NP0328403,2,housing,roof_mud,0
Bagmati,Nuwakot,Tarakeshwor,NP03,NP0328,NP0328403,2,housing,roof_other,0
Bagmati,Nuwakot,Tarakeshwor,NP03,NP0328,NP0328403,2,housing,floor_mud,138
Bagmati,Nuwakot,Tarakeshwor,NP03,NP0328,NP0328403,2,housing,floor_wooden_plank_bamboo,6
Bagmati,Nuwakot,Tarakeshwor,NP03,NP0328,NP0328403,2,housing,floor_bricks_stone,0
Bagmati,Nuwakot,Tarakeshwor,NP03,NP0328,NP0328403,2,housing,floor_ceramic_tile,0
Bagmati,Nuwakot,Tarakeshwor,NP03,NP0328,NP0328403,2,housing,floor_cemented,444
Bagmati,Nuwakot,Tarakeshwor,NP03,NP0328,NP0328403,2,housing,floor_other,1
Bagmati,Nuwakot,Tarakeshwor,NP03,NP0328,NP0328403,2,drinking water,drinking_water_tap_piped_within_premises,213
Bagmati,Nuwakot,Tarakeshwor,NP03,NP0328,NP0328403,2,drinking water,drinking_water_tap_piped_outside_premises,358
Bagmati,Nuwakot,Tarakeshwor,NP03,NP0328,NP0328403,2,drinking water,drinking_water_tubewell_handpump,0
Bagmati,Nuwakot,Tarakeshwor,NP03,NP0328,NP0328403,2,drinking water,drinking_water_covered_well_kuwa,0
Bagmati,Nuwakot,Tarakeshwor,NP03,NP0328,NP0328403,2,drinking water,drinking_water_uncovered_well_kuwa,10
Bagmati,Nuwakot,Tarakeshwor,NP03,NP0328,NP0328403,2,drinking water,drinking_water_spout_water,3
Bagmati,Nuwakot,Tarakeshwor,NP03,NP0328,NP0328403,2,drinking water,drinking_water_river_stream,5
Bagmati,Nuwakot,Tarakeshwor,NP03,NP0328,NP0328403,2,drinking water,drinking_water_jar_bottle,0
Bagmati,Nuwakot,Tarakeshwor,NP03,NP0328,NP0328403,2,drinking water,drinking_water_other,0
Bagmati,Nuwakot,Tarakeshwor,NP03,NP0328,NP0328403,2,cooking fuel,cooking_fuel_wood_firewood,472
Bagmati,Nuwakot,Tarakeshwor,NP03,NP0328,NP0328403,2,cooking fuel,cooking_fuel_lpg,116
Bagmati,Nuwakot,Tarakeshwor,NP03,NP0328,NP0328403,2,cooking fuel,cooking_fuel_electricity,0
Bagmati,Nuwakot,Tarakeshwor,NP03,NP0328,NP0328403,2,cooking fuel,cooking_fuel_cowdung,0
Bagmati,Nuwakot,Tarakeshwor,NP03,NP0328,NP0328403,2,cooking fuel,cooking_fuel_biogas,1
Bagmati,Nuwakot,Tarakeshwor,NP03,NP0328,NP0328403,2,cooking fuel,cooking_fuel_kerosene,0
Bagmati,Nuwakot,Tarakeshwor,NP03,NP0328,NP0328403,2,cooking fuel,cooking_fuel_other,0
Bagmati,Nuwakot,Tarakeshwor,NP03,NP0328,NP0328403,2,lighting fuel,lighting_electricity,584
Bagmati,Nuwakot,Tarakeshwor,NP03,NP0328,NP0328403,2,lighting fuel,lighting_solar,3
Bagmati,Nuwakot,Tarakeshwor,NP03,NP0328,NP0328403,2,lighting fuel,lighting_kerosene,1
Bagmati,Nuwakot,Tarakeshwor,NP03,NP0328,NP0328403,2,lighting fuel,lighting_biogas,0
Bagmati,Nuwakot,Tarakeshwor,NP03,NP0328,NP0328403,2,lighting fuel,lighting_other,1
Bagmati,Nuwakot,Tarakeshwor,NP03,NP0328,NP0328403,2,sanitation,toilet_flush_public_sewerage,12
Bagmati,Nuwakot,Tarakeshwor,NP03,NP0328,NP0328403,2,sanitation,toilet_flush_septic_tank,568
Bagmati,Nuwakot,Tarakeshwor,NP03,NP0328,NP0328403,2,sanitation,toilet_pit,4
Bagmati,Nuwakot,Tarakeshwor,NP03,NP0328,NP0328403,2,sanitation,toilet_public,0
Bagmati,Nuwakot,Tarakeshwor,NP03,NP0328,NP0328403,2,sanitation,toilet_no_toilet,5
Bagmati,Nuwakot,Tarakeshwor,NP03,NP0328,NP0328403,2,household amenities,hh_amenities_without,12
Bagmati,Nuwakot,Tarakeshwor,NP03,NP0328,NP0328403,2,household amenities,hh_amenities_at_least_one,577
Bagmati,Nuwakot,Tarakeshwor,NP03,NP0328,NP0328403,2,household amenities,hh_amenities_radio,282
Bagmati,Nuwakot,Tarakeshwor,NP03,NP0328,NP0328403,2,household amenities,hh_amenities_television,250
Bagmati,Nuwakot,Tarakeshwor,NP03,NP0328,NP0328403,2,household amenities,hh_amenities_landline,6
Bagmati,Nuwakot,Tarakeshwor,NP03,NP0328,NP0328403,2,household amenities,hh_amenities_mobile_phone_ordinary,516
Bagmati,Nuwakot,Tarakeshwor,NP03,NP0328,NP0328403,2,household amenities,hh_amenities_mobile_phone_smart,369
Bagmati,Nuwakot,Tarakeshwor,NP03,NP0328,NP0328403,2,household amenities,hh_amenities_computer_laptop,13
Bagmati,Nuwakot,Tarakeshwor,NP03,NP0328,NP0328403,2,household amenities,hh_amenities_internet,212
Bagmati,Nuwakot,Tarakeshwor,NP03,NP0328,NP0328403,2,household amenities,hh_amenities_car_jeep_van,9
Bagmati,Nuwakot,Tarakeshwor,NP03,NP0328,NP0328403,2,household amenities,hh_amenities_motorcycle_scooter,50
Bagmati,Nuwakot,Tarakeshwor,NP03,NP0328,NP0328403,2,household amenities,hh_amenities_bicycle,40
Bagmati,Nuwakot,Tarakeshwor,NP03,NP0328,NP0328403,2,household amenities,hh_amenities_electric_fan,244
Bagmati,Nuwakot,Tarakeshwor,NP03,NP0328,NP0328403,2,household amenities,hh_amenities_refridgerator,66
Bagmati,Nuwakot,Tarakeshwor,NP03,NP0328,NP0328403,2,household amenities,hh_amenities_washing_machine,0
Bagmati,Nuwakot,Tarakeshwor,NP03,NP0328,NP0328403,2,household amenities,hh_amenities_air_conditioner,0
Bagmati,Nuwakot,Tarakeshwor,NP03,NP0328,NP0328403,2,wealth quintile,wealth_quintile_poorest_quintile_count,47
Bagmati,Nuwakot,Tarakeshwor,NP03,NP0328,NP0328403,2,wealth quintile,wealth_quintile_poorer_quintile_count,93
Bagmati,Nuwakot,Tarakeshwor,NP03,NP0328,NP0328403,2,wealth quintile,wealth_quintile_middle_quintile_count,281
Bagmati,Nuwakot,Tarakeshwor,NP03,NP0328,NP0328403,2,wealth quintile,wealth_quintile_richer_quintile_count,139
Bagmati,Nuwakot,Tarakeshwor,NP03,NP0328,NP0328403,2,wealth quintile,wealth_quintile_richest_quintile_count,29
Bagmati,Nuwakot,Tarakeshwor,NP03,NP0328,NP0328403,2,wealth quintile,wealth_quintile_poorest_quintile_pc,7.98
Bagmati,Nuwakot,Tarakeshwor,NP03,NP0328,NP0328403,2,wealth quintile,wealth_quintile_poorer_quintile_pc,15.79
Bagmati,Nuwakot,Tarakeshwor,NP03,NP0328,NP0328403,2,wealth quintile,wealth_quintile_middle_quintile_pc,47.71
Bagmati,Nuwakot,Tarakeshwor,NP03,NP0328,NP0328403,2,wealth quintile,wealth_quintile_richer_quintile_pc,23.6
Bagmati,Nuwakot,Tarakeshwor,NP03,NP0328,NP0328403,2,wealth quintile,wealth_quintile_richest_quintile_pc,4.92
Bagmati,Nuwakot,Tarakeshwor,NP03,NP0328,NP0328403,2,housing,house_quality_most_adequate_count,80
Bagmati,Nuwakot,Tarakeshwor,NP03,NP0328,NP0328403,2,housing,house_quality_adequate_count,387
Bagmati,Nuwakot,Tarakeshwor,NP03,NP0328,NP0328403,2,housing,house_quality_moderate_count,117
Bagmati,Nuwakot,Tarakeshwor,NP03,NP0328,NP0328403,2,housing,house_quality_inadequate_count,4
Bagmati,Nuwakot,Tarakeshwor,NP03,NP0328,NP0328403,2,housing,house_quality_least_adequate_count,1
Bagmati,Nuwakot,Tarakeshwor,NP03,NP0328,NP0328403,2,housing,house_quality_most_adequate_pc,13.58
Bagmati,Nuwakot,Tarakeshwor,NP03,NP0328,NP0328403,2,housing,house_quality_adequate_pc,65.7
Bagmati,Nuwakot,Tarakeshwor,NP03,NP0328,NP0328403,2,housing,house_quality_moderate_pc,19.86
Bagmati,Nuwakot,Tarakeshwor,NP03,NP0328,NP0328403,2,housing,house_quality_inadequate_pc,0.68
Bagmati,Nuwakot,Tarakeshwor,NP03,NP0328,NP0328403,2,housing,house_quality_least_adequate_pc,0.17
Bagmati,Nuwakot,Tarakeshwor,NP03,NP0328,NP0328403,4,demographics,total_households,677
Bagmati,Nuwakot,Tarakeshwor,NP03,NP0328,NP0328403,4,housing,home_ownership_owned,668
Bagmati,Nuwakot,Tarakeshwor,NP03,NP0328,NP0328403,4,housing,home_ownership_rented,7
Bagmati,Nuwakot,Tarakeshwor,NP03,NP0328,NP0328403,4,housing,home_ownership_institutional,1
Bagmati,Nuwakot,Tarakeshwor,NP03,NP0328,NP0328403,4,housing,home_ownership_other,1
Bagmati,Nuwakot,Tarakeshwor,NP03,NP0328,NP0328403,4,housing,foundation_mud,221
Bagmati,Nuwakot,Tarakeshwor,NP03,NP0328,NP0328403,4,housing,foundation_mud_bonded_bricks_stone,250
Bagmati,Nuwakot,Tarakeshwor,NP03,NP0328,NP0328403,4,housing,foundation_cement_bonded_bricks_stone,193
Bagmati,Nuwakot,Tarakeshwor,NP03,NP0328,NP0328403,4,housing,foundation_reinforced_cement_concrete_with_pillars,13
Bagmati,Nuwakot,Tarakeshwor,NP03,NP0328,NP0328403,4,housing,foundation_wooden_pillars,0
Bagmati,Nuwakot,Tarakeshwor,NP03,NP0328,NP0328403,4,housing,outer_wall_mud_bonded_bricks_stone,203
Bagmati,Nuwakot,Tarakeshwor,NP03,NP0328,NP0328403,4,housing,outer_wall_cement_bonded_bricks_stone,461
Bagmati,Nuwakot,Tarakeshwor,NP03,NP0328,NP0328403,4,housing,outer_wall_wood_planks,2
Bagmati,Nuwakot,Tarakeshwor,NP03,NP0328,NP0328403,4,housing,outer_wall_bamboo,0
Bagmati,Nuwakot,Tarakeshwor,NP03,NP0328,NP0328403,4,housing,outer_wall_unbaked_bricks,2
Bagmati,Nuwakot,Tarakeshwor,NP03,NP0328,NP0328403,4,housing,outer_wall_galvanised_sheet,9
Bagmati,Nuwakot,Tarakeshwor,NP03,NP0328,NP0328403,4,housing,outer_wall_prefabricated_sheet,0
Bagmati,Nuwakot,Tarakeshwor,NP03,NP0328,NP0328403,4,housing,outer_wall_other,0
Bagmati,Nuwakot,Tarakeshwor,NP03,NP0328,NP0328403,4,housing,roof_galvanised_sheet,484
Bagmati,Nuwakot,Tarakeshwor,NP03,NP0328,NP0328403,4,housing,roof_reinforced_cement_concrete,188
Bagmati,Nuwakot,Tarakeshwor,NP03,NP0328,NP0328403,4,housing,roof_thatch_straw,1
Bagmati,Nuwakot,Tarakeshwor,NP03,NP0328,NP0328403,4,housing,roof_tile,0
Bagmati,Nuwakot,Tarakeshwor,NP03,NP0328,NP0328403,4,housing,roof_stone_slate,4
Bagmati,Nuwakot,Tarakeshwor,NP03,NP0328,NP0328403,4,housing,roof_wood_planks,0
Bagmati,Nuwakot,Tarakeshwor,NP03,NP0328,NP0328403,4,housing,roof_mud,0
Bagmati,Nuwakot,Tarakeshwor,NP03,NP0328,NP0328403,4,housing,roof_other,0
Bagmati,Nuwakot,Tarakeshwor,NP03,NP0328,NP0328403,4,housing,floor_mud,192
Bagmati,Nuwakot,Tarakeshwor,NP03,NP0328,NP0328403,4,housing,floor_wooden_plank_bamboo,5
Bagmati,Nuwakot,Tarakeshwor,NP03,NP0328,NP0328403,4,housing,floor_bricks_stone,3
Bagmati,Nuwakot,Tarakeshwor,NP03,NP0328,NP0328403,4,housing,floor_ceramic_tile,2
Bagmati,Nuwakot,Tarakeshwor,NP03,NP0328,NP0328403,4,housing,floor_cemented,474
Bagmati,Nuwakot,Tarakeshwor,NP03,NP0328,NP0328403,4,housing,floor_other,1
Bagmati,Nuwakot,Tarakeshwor,NP03,NP0328,NP0328403,4,drinking water,drinking_water_tap_piped_within_premises,299
Bagmati,Nuwakot,Tarakeshwor,NP03,NP0328,NP0328403,4,drinking water,drinking_water_tap_piped_outside_premises,347
Bagmati,Nuwakot,Tarakeshwor,NP03,NP0328,NP0328403,4,drinking water,drinking_water_tubewell_handpump,0
Bagmati,Nuwakot,Tarakeshwor,NP03,NP0328,NP0328403,4,drinking water,drinking_water_covered_well_kuwa,0
Bagmati,Nuwakot,Tarakeshwor,NP03,NP0328,NP0328403,4,drinking water,drinking_water_uncovered_well_kuwa,21
Bagmati,Nuwakot,Tarakeshwor,NP03,NP0328,NP0328403,4,drinking water,drinking_water_spout_water,9
Bagmati,Nuwakot,Tarakeshwor,NP03,NP0328,NP0328403,4,drinking water,drinking_water_river_stream,1
Bagmati,Nuwakot,Tarakeshwor,NP03,NP0328,NP0328403,4,drinking water,drinking_water_jar_bottle,0
Bagmati,Nuwakot,Tarakeshwor,NP03,NP0328,NP0328403,4,drinking water,drinking_water_other,0
Bagmati,Nuwakot,Tarakeshwor,NP03,NP0328,NP0328403,4,cooking fuel,cooking_fuel_wood_firewood,476
Bagmati,Nuwakot,Tarakeshwor,NP03,NP0328,NP0328403,4,cooking fuel,cooking_fuel_lpg,147
Bagmati,Nuwakot,Tarakeshwor,NP03,NP0328,NP0328403,4,cooking fuel,cooking_fuel_electricity,1
Bagmati,Nuwakot,Tarakeshwor,NP03,NP0328,NP0328403,4,cooking fuel,cooking_fuel_cowdung,0
Bagmati,Nuwakot,Tarakeshwor,NP03,NP0328,NP0328403,4,cooking fuel,cooking_fuel_biogas,52
Bagmati,Nuwakot,Tarakeshwor,NP03,NP0328,NP0328403,4,cooking fuel,cooking_fuel_kerosene,0
Bagmati,Nuwakot,Tarakeshwor,NP03,NP0328,NP0328403,4,cooking fuel,cooking_fuel_other,1
Bagmati,Nuwakot,Tarakeshwor,NP03,NP0328,NP0328403,4,lighting fuel,lighting_electricity,666
Bagmati,Nuwakot,Tarakeshwor,NP03,NP0328,NP0328403,4,lighting fuel,lighting_solar,8
Bagmati,Nuwakot,Tarakeshwor,NP03,NP0328,NP0328403,4,lighting fuel,lighting_kerosene,1
Bagmati,Nuwakot,Tarakeshwor,NP03,NP0328,NP0328403,4,lighting fuel,lighting_biogas,0
Bagmati,Nuwakot,Tarakeshwor,NP03,NP0328,NP0328403,4,lighting fuel,lighting_other,2
Bagmati,Nuwakot,Tarakeshwor,NP03,NP0328,NP0328403,4,sanitation,toilet_flush_public_sewerage,9
Bagmati,Nuwakot,Tarakeshwor,NP03,NP0328,NP0328403,4,sanitation,toilet_flush_septic_tank,627
Bagmati,Nuwakot,Tarakeshwor,NP03,NP0328,NP0328403,4,sanitation,toilet_pit,34
Bagmati,Nuwakot,Tarakeshwor,NP03,NP0328,NP0328403,4,sanitation,toilet_public,1
Bagmati,Nuwakot,Tarakeshwor,NP03,NP0328,NP0328403,4,sanitation,toilet_no_toilet,6
Bagmati,Nuwakot,Tarakeshwor,NP03,NP0328,NP0328403,4,household amenities,hh_amenities_without,24
Bagmati,Nuwakot,Tarakeshwor,NP03,NP0328,NP0328403,4,household amenities,hh_amenities_at_least_one,653
Bagmati,Nuwakot,Tarakeshwor,NP03,NP0328,NP0328403,4,household amenities,hh_amenities_radio,400
Bagmati,Nuwakot,Tarakeshwor,NP03,NP0328,NP0328403,4,household amenities,hh_amenities_television,325
Bagmati,Nuwakot,Tarakeshwor,NP03,NP0328,NP0328403,4,household amenities,hh_amenities_landline,1
Bagmati,Nuwakot,Tarakeshwor,NP03,NP0328,NP0328403,4,household amenities,hh_amenities_mobile_phone_ordinary,596
Bagmati,Nuwakot,Tarakeshwor,NP03,NP0328,NP0328403,4,household amenities,hh_amenities_mobile_phone_smart,400
Bagmati,Nuwakot,Tarakeshwor,NP03,NP0328,NP0328403,4,household amenities,hh_amenities_computer_laptop,19
Bagmati,Nuwakot,Tarakeshwor,NP03,NP0328,NP0328403,4,household amenities,hh_amenities_internet,190
Bagmati,Nuwakot,Tarakeshwor,NP03,NP0328,NP0328403,4,household amenities,hh_amenities_car_jeep_van,9
Bagmati,Nuwakot,Tarakeshwor,NP03,NP0328,NP0328403,4,household amenities,hh_amenities_motorcycle_scooter,71
Bagmati,Nuwakot,Tarakeshwor,NP03,NP0328,NP0328403,4,household amenities,hh_amenities_bicycle,13
Bagmati,Nuwakot,Tarakeshwor,NP03,NP0328,NP0328403,4,household amenities,hh_amenities_electric_fan,217
Bagmati,Nuwakot,Tarakeshwor,NP03,NP0328,NP0328403,4,household amenities,hh_amenities_refridgerator,67
Bagmati,Nuwakot,Tarakeshwor,NP03,NP0328,NP0328403,4,household amenities,hh_amenities_washing_machine,0
Bagmati,Nuwakot,Tarakeshwor,NP03,NP0328,NP0328403,4,household amenities,hh_amenities_air_conditioner,0
Bagmati,Nuwakot,Tarakeshwor,NP03,NP0328,NP0328403,4,wealth quintile,wealth_quintile_poorest_quintile_count,83
Bagmati,Nuwakot,Tarakeshwor,NP03,NP0328,NP0328403,4,wealth quintile,wealth_quintile_poorer_quintile_count,109
Bagmati,Nuwakot,Tarakeshwor,NP03,NP0328,NP0328403,4,wealth quintile,wealth_quintile_middle_quintile_count,267
Bagmati,Nuwakot,Tarakeshwor,NP03,NP0328,NP0328403,4,wealth quintile,wealth_quintile_richer_quintile_count,170
Bagmati,Nuwakot,Tarakeshwor,NP03,NP0328,NP0328403,4,wealth quintile,wealth_quintile_richest_quintile_count,48
Bagmati,Nuwakot,Tarakeshwor,NP03,NP0328,NP0328403,4,wealth quintile,wealth_quintile_poorest_quintile_pc,12.26
Bagmati,Nuwakot,Tarakeshwor,NP03,NP0328,NP0328403,4,wealth quintile,wealth_quintile_poorer_quintile_pc,16.1
Bagmati,Nuwakot,Tarakeshwor,NP03,NP0328,NP0328403,4,wealth quintile,wealth_quintile_middle_quintile_pc,39.44
Bagmati,Nuwakot,Tarakeshwor,NP03,NP0328,NP0328403,4,wealth quintile,wealth_quintile_richer_quintile_pc,25.11
Bagmati,Nuwakot,Tarakeshwor,NP03,NP0328,NP0328403,4,wealth quintile,wealth_quintile_richest_quintile_pc,7.09
Bagmati,Nuwakot,Tarakeshwor,NP03,NP0328,NP0328403,4,housing,house_quality_most_adequate_count,137
Bagmati,Nuwakot,Tarakeshwor,NP03,NP0328,NP0328403,4,housing,house_quality_adequate_count,372
Bagmati,Nuwakot,Tarakeshwor,NP03,NP0328,NP0328403,4,housing,house_quality_moderate_count,165
Bagmati,Nuwakot,Tarakeshwor,NP03,NP0328,NP0328403,4,housing,house_quality_inadequate_count,3
Bagmati,Nuwakot,Tarakeshwor,NP03,NP0328,NP0328403,4,housing,house_quality_least_adequate_count,0
Bagmati,Nuwakot,Tarakeshwor,NP03,NP0328,NP0328403,4,housing,house_quality_most_adequate_pc,20.24
Bagmati,Nuwakot,Tarakeshwor,NP03,NP0328,NP0328403,4,housing,house_quality_adequate_pc,54.95
Bagmati,Nuwakot,Tarakeshwor,NP03,NP0328,NP0328403,4,housing,house_quality_moderate_pc,24.37
Bagmati,Nuwakot,Tarakeshwor,NP03,NP0328,NP0328403,4,housing,house_quality_inadequate_pc,0.44
Bagmati,Nuwakot,Tarakeshwor,NP03,NP0328,NP0328403,4,housing,house_quality_least_adequate_pc,0
Bagmati,Nuwakot,Belkotgadhi,NP03,NP0328,NP0328302,5,demographics,total_households,826
Bagmati,Nuwakot,Belkotgadhi,NP03,NP0328,NP0328302,5,housing,home_ownership_owned,776
Bagmati,Nuwakot,Belkotgadhi,NP03,NP0328,NP0328302,5,housing,home_ownership_rented,44
Bagmati,Nuwakot,Belkotgadhi,NP03,NP0328,NP0328302,5,housing,home_ownership_institutional,4
Bagmati,Nuwakot,Belkotgadhi,NP03,NP0328,NP0328302,5,housing,home_ownership_other,2
Bagmati,Nuwakot,Belkotgadhi,NP03,NP0328,NP0328302,5,housing,foundation_mud,358
Bagmati,Nuwakot,Belkotgadhi,NP03,NP0328,NP0328302,5,housing,foundation_mud_bonded_bricks_stone,249
Bagmati,Nuwakot,Belkotgadhi,NP03,NP0328,NP0328302,5,housing,foundation_cement_bonded_bricks_stone,208
Bagmati,Nuwakot,Belkotgadhi,NP03,NP0328,NP0328302,5,housing,foundation_reinforced_cement_concrete_with_pillars,7
Bagmati,Nuwakot,Belkotgadhi,NP03,NP0328,NP0328302,5,housing,foundation_wooden_pillars,4
Bagmati,Nuwakot,Belkotgadhi,NP03,NP0328,NP0328302,5,housing,outer_wall_mud_bonded_bricks_stone,211
Bagmati,Nuwakot,Belkotgadhi,NP03,NP0328,NP0328302,5,housing,outer_wall_cement_bonded_bricks_stone,596
Bagmati,Nuwakot,Belkotgadhi,NP03,NP0328,NP0328302,5,housing,outer_wall_wood_planks,2
Bagmati,Nuwakot,Belkotgadhi,NP03,NP0328,NP0328302,5,housing,outer_wall_bamboo,1
Bagmati,Nuwakot,Belkotgadhi,NP03,NP0328,NP0328302,5,housing,outer_wall_unbaked_bricks,0
Bagmati,Nuwakot,Belkotgadhi,NP03,NP0328,NP0328302,5,housing,outer_wall_galvanised_sheet,14
Bagmati,Nuwakot,Belkotgadhi,NP03,NP0328,NP0328302,5,housing,outer_wall_prefabricated_sheet,0
Bagmati,Nuwakot,Belkotgadhi,NP03,NP0328,NP0328302,5,housing,outer_wall_other,2
Bagmati,Nuwakot,Belkotgadhi,NP03,NP0328,NP0328302,5,housing,roof_galvanised_sheet,551
Bagmati,Nuwakot,Belkotgadhi,NP03,NP0328,NP0328302,5,housing,roof_reinforced_cement_concrete,238
Bagmati,Nuwakot,Belkotgadhi,NP03,NP0328,NP0328302,5,housing,roof_thatch_straw,1
Bagmati,Nuwakot,Belkotgadhi,NP03,NP0328,NP0328302,5,housing,roof_tile,0
Bagmati,Nuwakot,Belkotgadhi,NP03,NP0328,NP0328302,5,housing,roof_stone_slate,31
Bagmati,Nuwakot,Belkotgadhi,NP03,NP0328,NP0328302,5,housing,roof_wood_planks,3
Bagmati,Nuwakot,Belkotgadhi,NP03,NP0328,NP0328302,5,housing,roof_mud,0
Bagmati,Nuwakot,Belkotgadhi,NP03,NP0328,NP0328302,5,housing,roof_other,2
Bagmati,Nuwakot,Belkotgadhi,NP03,NP0328,NP0328302,5,housing,floor_mud,198
Bagmati,Nuwakot,Belkotgadhi,NP03,NP0328,NP0328302,5,housing,floor_wooden_plank_bamboo,22
Bagmati,Nuwakot,Belkotgadhi,NP03,NP0328,NP0328302,5,housing,floor_bricks_stone,1
Bagmati,Nuwakot,Belkotgadhi,NP03,NP0328,NP0328302,5,housing,floor_ceramic_tile,14
Bagmati,Nuwakot,Belkotgadhi,NP03,NP0328,NP0328302,5,housing,floor_cemented,580
Bagmati,Nuwakot,Belkotgadhi,NP03,NP0328,NP0328302,5,housing,floor_other,11
Bagmati,Nuwakot,Belkotgadhi,NP03,NP0328,NP0328302,5,drinking water,drinking_water_tap_piped_within_premises,377
Bagmati,Nuwakot,Belkotgadhi,NP03,NP0328,NP0328302,5,drinking water,drinking_water_tap_piped_outside_premises,348
Bagmati,Nuwakot,Belkotgadhi,NP03,NP0328,NP0328302,5,drinking water,drinking_water_tubewell_handpump,0
Bagmati,Nuwakot,Belkotgadhi,NP03,NP0328,NP0328302,5,drinking water,drinking_water_covered_well_kuwa,7
Bagmati,Nuwakot,Belkotgadhi,NP03,NP0328,NP0328302,5,drinking water,drinking_water_uncovered_well_kuwa,18
Bagmati,Nuwakot,Belkotgadhi,NP03,NP0328,NP0328302,5,drinking water,drinking_water_spout_water,74
Bagmati,Nuwakot,Belkotgadhi,NP03,NP0328,NP0328302,5,drinking water,drinking_water_river_stream,2
Bagmati,Nuwakot,Belkotgadhi,NP03,NP0328,NP0328302,5,drinking water,drinking_water_jar_bottle,0
Bagmati,Nuwakot,Belkotgadhi,NP03,NP0328,NP0328302,5,drinking water,drinking_water_other,0
Bagmati,Nuwakot,Belkotgadhi,NP03,NP0328,NP0328302,5,cooking fuel,cooking_fuel_wood_firewood,454
Bagmati,Nuwakot,Belkotgadhi,NP03,NP0328,NP0328302,5,cooking fuel,cooking_fuel_lpg,356
Bagmati,Nuwakot,Belkotgadhi,NP03,NP0328,NP0328302,5,cooking fuel,cooking_fuel_electricity,2
Bagmati,Nuwakot,Belkotgadhi,NP03,NP0328,NP0328302,5,cooking fuel,cooking_fuel_cowdung,0
Bagmati,Nuwakot,Belkotgadhi,NP03,NP0328,NP0328302,5,cooking fuel,cooking_fuel_biogas,14
Bagmati,Nuwakot,Belkotgadhi,NP03,NP0328,NP0328302,5,cooking fuel,cooking_fuel_kerosene,0
Bagmati,Nuwakot,Belkotgadhi,NP03,NP0328,NP0328302,5,cooking fuel,cooking_fuel_other,0
Bagmati,Nuwakot,Belkotgadhi,NP03,NP0328,NP0328302,5,lighting fuel,lighting_electricity,817
Bagmati,Nuwakot,Belkotgadhi,NP03,NP0328,NP0328302,5,lighting fuel,lighting_solar,7
Bagmati,Nuwakot,Belkotgadhi,NP03,NP0328,NP0328302,5,lighting fuel,lighting_kerosene,2
Bagmati,Nuwakot,Belkotgadhi,NP03,NP0328,NP0328302,5,lighting fuel,lighting_biogas,0
Bagmati,Nuwakot,Belkotgadhi,NP03,NP0328,NP0328302,5,lighting fuel,lighting_other,0
Bagmati,Nuwakot,Belkotgadhi,NP03,NP0328,NP0328302,5,sanitation,toilet_flush_public_sewerage,9
Bagmati,Nuwakot,Belkotgadhi,NP03,NP0328,NP0328302,5,sanitation,toilet_flush_septic_tank,506
Bagmati,Nuwakot,Belkotgadhi,NP03,NP0328,NP0328302,5,sanitation,toilet_pit,301
Bagmati,Nuwakot,Belkotgadhi,NP03,NP0328,NP0328302,5,sanitation,toilet_public,1
Bagmati,Nuwakot,Belkotgadhi,NP03,NP0328,NP0328302,5,sanitation,toilet_no_toilet,9
Bagmati,Nuwakot,Belkotgadhi,NP03,NP0328,NP0328302,5,household amenities,hh_amenities_without,36
Bagmati,Nuwakot,Belkotgadhi,NP03,NP0328,NP0328302,5,household amenities,hh_amenities_at_least_one,790
Bagmati,Nuwakot,Belkotgadhi,NP03,NP0328,NP0328302,5,household amenities,hh_amenities_radio,328
Bagmati,Nuwakot,Belkotgadhi,NP03,NP0328,NP0328302,5,household amenities,hh_amenities_television,421
Bagmati,Nuwakot,Belkotgadhi,NP03,NP0328,NP0328302,5,household amenities,hh_amenities_landline,1
Bagmati,Nuwakot,Belkotgadhi,NP03,NP0328,NP0328302,5,household amenities,hh_amenities_mobile_phone_ordinary,729
Bagmati,Nuwakot,Belkotgadhi,NP03,NP0328,NP0328302,5,household amenities,hh_amenities_mobile_phone_smart,510
Bagmati,Nuwakot,Belkotgadhi,NP03,NP0328,NP0328302,5,household amenities,hh_amenities_computer_laptop,43
Bagmati,Nuwakot,Belkotgadhi,NP03,NP0328,NP0328302,5,household amenities,hh_amenities_internet,147
Bagmati,Nuwakot,Belkotgadhi,NP03,NP0328,NP0328302,5,household amenities,hh_amenities_car_jeep_van,11
Bagmati,Nuwakot,Belkotgadhi,NP03,NP0328,NP0328302,5,household amenities,hh_amenities_motorcycle_scooter,167
Bagmati,Nuwakot,Belkotgadhi,NP03,NP0328,NP0328302,5,household amenities,hh_amenities_bicycle,47
Bagmati,Nuwakot,Belkotgadhi,NP03,NP0328,NP0328302,5,household amenities,hh_amenities_electric_fan,292
Bagmati,Nuwakot,Belkotgadhi,NP03,NP0328,NP0328302,5,household amenities,hh_amenities_refridgerator,129
Bagmati,Nuwakot,Belkotgadhi,NP03,NP0328,NP0328302,5,household amenities,hh_amenities_washing_machine,2
Bagmati,Nuwakot,Belkotgadhi,NP03,NP0328,NP0328302,5,household amenities,hh_amenities_air_conditioner,2
Bagmati,Nuwakot,Belkotgadhi,NP03,NP0328,NP0328302,5,wealth quintile,wealth_quintile_poorest_quintile_count,108
Bagmati,Nuwakot,Belkotgadhi,NP03,NP0328,NP0328302,5,wealth quintile,wealth_quintile_poorer_quintile_count,137
Bagmati,Nuwakot,Belkotgadhi,NP03,NP0328,NP0328302,5,wealth quintile,wealth_quintile_middle_quintile_count,308
Bagmati,Nuwakot,Belkotgadhi,NP03,NP0328,NP0328302,5,wealth quintile,wealth_quintile_richer_quintile_count,185
Bagmati,Nuwakot,Belkotgadhi,NP03,NP0328,NP0328302,5,wealth quintile,wealth_quintile_richest_quintile_count,88
Bagmati,Nuwakot,Belkotgadhi,NP03,NP0328,NP0328302,5,wealth quintile,wealth_quintile_poorest_quintile_pc,13.08
Bagmati,Nuwakot,Belkotgadhi,NP03,NP0328,NP0328302,5,wealth quintile,wealth_quintile_poorer_quintile_pc,16.59
Bagmati,Nuwakot,Belkotgadhi,NP03,NP0328,NP0328302,5,wealth quintile,wealth_quintile_middle_quintile_pc,37.29
Bagmati,Nuwakot,Belkotgadhi,NP03,NP0328,NP0328302,5,wealth quintile,wealth_quintile_richer_quintile_pc,22.4
Bagmati,Nuwakot,Belkotgadhi,NP03,NP0328,NP0328302,5,wealth quintile,wealth_quintile_richest_quintile_pc,10.65
Bagmati,Nuwakot,Belkotgadhi,NP03,NP0328,NP0328302,5,housing,house_quality_most_adequate_count,210
Bagmati,Nuwakot,Belkotgadhi,NP03,NP0328,NP0328302,5,housing,house_quality_adequate_count,398
Bagmati,Nuwakot,Belkotgadhi,NP03,NP0328,NP0328302,5,housing,house_quality_moderate_count,200
Bagmati,Nuwakot,Belkotgadhi,NP03,NP0328,NP0328302,5,housing,house_quality_inadequate_count,18
Bagmati,Nuwakot,Belkotgadhi,NP03,NP0328,NP0328302,5,housing,house_quality_least_adequate_count,0
Bagmati,Nuwakot,Belkotgadhi,NP03,NP0328,NP0328302,5,housing,house_quality_most_adequate_pc,25.42
Bagmati,Nuwakot,Belkotgadhi,NP03,NP0328,NP0328302,5,housing,house_quality_adequate_pc,48.18
Bagmati,Nuwakot,Belkotgadhi,NP03,NP0328,NP0328302,5,housing,house_quality_moderate_pc,24.21
Bagmati,Nuwakot,Belkotgadhi,NP03,NP0328,NP0328302,5,housing,house_quality_inadequate_pc,2.18
Bagmati,Nuwakot,Belkotgadhi,NP03,NP0328,NP0328302,5,housing,house_quality_least_adequate_pc,0
Bagmati,Nuwakot,Belkotgadhi,NP03,NP0328,NP0328302,7,demographics,total_households,1090
Bagmati,Nuwakot,Belkotgadhi,NP03,NP0328,NP0328302,7,housing,home_ownership_owned,1044
Bagmati,Nuwakot,Belkotgadhi,NP03,NP0328,NP0328302,7,housing,home_ownership_rented,42
Bagmati,Nuwakot,Belkotgadhi,NP03,NP0328,NP0328302,7,housing,home_ownership_institutional,1
Bagmati,Nuwakot,Belkotgadhi,NP03,NP0328,NP0328302,7,housing,home_ownership_other,3
Bagmati,Nuwakot,Belkotgadhi,NP03,NP0328,NP0328302,7,housing,foundation_mud,130
Bagmati,Nuwakot,Belkotgadhi,NP03,NP0328,NP0328302,7,housing,foundation_mud_bonded_bricks_stone,497
Bagmati,Nuwakot,Belkotgadhi,NP03,NP0328,NP0328302,7,housing,foundation_cement_bonded_bricks_stone,459
Bagmati,Nuwakot,Belkotgadhi,NP03,NP0328,NP0328302,7,housing,foundation_reinforced_cement_concrete_with_pillars,3
Bagmati,Nuwakot,Belkotgadhi,NP03,NP0328,NP0328302,7,housing,foundation_wooden_pillars,1
Bagmati,Nuwakot,Belkotgadhi,NP03,NP0328,NP0328302,7,housing,outer_wall_mud_bonded_bricks_stone,131
Bagmati,Nuwakot,Belkotgadhi,NP03,NP0328,NP0328302,7,housing,outer_wall_cement_bonded_bricks_stone,950
Bagmati,Nuwakot,Belkotgadhi,NP03,NP0328,NP0328302,7,housing,outer_wall_wood_planks,2
Bagmati,Nuwakot,Belkotgadhi,NP03,NP0328,NP0328302,7,housing,outer_wall_bamboo,0
Bagmati,Nuwakot,Belkotgadhi,NP03,NP0328,NP0328302,7,housing,outer_wall_unbaked_bricks,0
Bagmati,Nuwakot,Belkotgadhi,NP03,NP0328,NP0328302,7,housing,outer_wall_galvanised_sheet,7
Bagmati,Nuwakot,Belkotgadhi,NP03,NP0328,NP0328302,7,housing,outer_wall_prefabricated_sheet,0
Bagmati,Nuwakot,Belkotgadhi,NP03,NP0328,NP0328302,7,housing,outer_wall_other,0
Bagmati,Nuwakot,Belkotgadhi,NP03,NP0328,NP0328302,7,housing,roof_galvanised_sheet,489
Bagmati,Nuwakot,Belkotgadhi,NP03,NP0328,NP0328302,7,housing,roof_reinforced_cement_concrete,592
Bagmati,Nuwakot,Belkotgadhi,NP03,NP0328,NP0328302,7,housing,roof_thatch_straw,1
Bagmati,Nuwakot,Belkotgadhi,NP03,NP0328,NP0328302,7,housing,roof_tile,0
Bagmati,Nuwakot,Belkotgadhi,NP03,NP0328,NP0328302,7,housing,roof_stone_slate,8
Bagmati,Nuwakot,Belkotgadhi,NP03,NP0328,NP0328302,7,housing,roof_wood_planks,0
Bagmati,Nuwakot,Belkotgadhi,NP03,NP0328,NP0328302,7,housing,roof_mud,0
Bagmati,Nuwakot,Belkotgadhi,NP03,NP0328,NP0328302,7,housing,roof_other,0
Bagmati,Nuwakot,Belkotgadhi,NP03,NP0328,NP0328302,7,housing,floor_mud,128
Bagmati,Nuwakot,Belkotgadhi,NP03,NP0328,NP0328302,7,housing,floor_wooden_plank_bamboo,12
Bagmati,Nuwakot,Belkotgadhi,NP03,NP0328,NP0328302,7,housing,floor_bricks_stone,8
Bagmati,Nuwakot,Belkotgadhi,NP03,NP0328,NP0328302,7,housing,floor_ceramic_tile,6
Bagmati,Nuwakot,Belkotgadhi,NP03,NP0328,NP0328302,7,housing,floor_cemented,933
Bagmati,Nuwakot,Belkotgadhi,NP03,NP0328,NP0328302,7,housing,floor_other,3
Bagmati,Nuwakot,Belkotgadhi,NP03,NP0328,NP0328302,7,drinking water,drinking_water_tap_piped_within_premises,634
Bagmati,Nuwakot,Belkotgadhi,NP03,NP0328,NP0328302,7,drinking water,drinking_water_tap_piped_outside_premises,114
Bagmati,Nuwakot,Belkotgadhi,NP03,NP0328,NP0328302,7,drinking water,drinking_water_tubewell_handpump,0
Bagmati,Nuwakot,Belkotgadhi,NP03,NP0328,NP0328302,7,drinking water,drinking_water_covered_well_kuwa,166
Bagmati,Nuwakot,Belkotgadhi,NP03,NP0328,NP0328302,7,drinking water,drinking_water_uncovered_well_kuwa,75
Bagmati,Nuwakot,Belkotgadhi,NP03,NP0328,NP0328302,7,drinking water,drinking_water_spout_water,98
Bagmati,Nuwakot,Belkotgadhi,NP03,NP0328,NP0328302,7,drinking water,drinking_water_river_stream,0
Bagmati,Nuwakot,Belkotgadhi,NP03,NP0328,NP0328302,7,drinking water,drinking_water_jar_bottle,2
Bagmati,Nuwakot,Belkotgadhi,NP03,NP0328,NP0328302,7,drinking water,drinking_water_other,1
Bagmati,Nuwakot,Belkotgadhi,NP03,NP0328,NP0328302,7,cooking fuel,cooking_fuel_wood_firewood,332
Bagmati,Nuwakot,Belkotgadhi,NP03,NP0328,NP0328302,7,cooking fuel,cooking_fuel_lpg,750
Bagmati,Nuwakot,Belkotgadhi,NP03,NP0328,NP0328302,7,cooking fuel,cooking_fuel_electricity,1
Bagmati,Nuwakot,Belkotgadhi,NP03,NP0328,NP0328302,7,cooking fuel,cooking_fuel_cowdung,0
Bagmati,Nuwakot,Belkotgadhi,NP03,NP0328,NP0328302,7,cooking fuel,cooking_fuel_biogas,7
Bagmati,Nuwakot,Belkotgadhi,NP03,NP0328,NP0328302,7,cooking fuel,cooking_fuel_kerosene,0
Bagmati,Nuwakot,Belkotgadhi,NP03,NP0328,NP0328302,7,cooking fuel,cooking_fuel_other,0
Bagmati,Nuwakot,Belkotgadhi,NP03,NP0328,NP0328302,7,lighting fuel,lighting_electricity,1089
Bagmati,Nuwakot,Belkotgadhi,NP03,NP0328,NP0328302,7,lighting fuel,lighting_solar,1
Bagmati,Nuwakot,Belkotgadhi,NP03,NP0328,NP0328302,7,lighting fuel,lighting_kerosene,0
Bagmati,Nuwakot,Belkotgadhi,NP03,NP0328,NP0328302,7,lighting fuel,lighting_biogas,0
Bagmati,Nuwakot,Belkotgadhi,NP03,NP0328,NP0328302,7,lighting fuel,lighting_other,0
Bagmati,Nuwakot,Belkotgadhi,NP03,NP0328,NP0328302,7,sanitation,toilet_flush_public_sewerage,24
Bagmati,Nuwakot,Belkotgadhi,NP03,NP0328,NP0328302,7,sanitation,toilet_flush_septic_tank,796
Bagmati,Nuwakot,Belkotgadhi,NP03,NP0328,NP0328302,7,sanitation,toilet_pit,265
Bagmati,Nuwakot,Belkotgadhi,NP03,NP0328,NP0328302,7,sanitation,toilet_public,0
Bagmati,Nuwakot,Belkotgadhi,NP03,NP0328,NP0328302,7,sanitation,toilet_no_toilet,5
Bagmati,Nuwakot,Belkotgadhi,NP03,NP0328,NP0328302,7,household amenities,hh_amenities_without,37
Bagmati,Nuwakot,Belkotgadhi,NP03,NP0328,NP0328302,7,household amenities,hh_amenities_at_least_one,1053
Bagmati,Nuwakot,Belkotgadhi,NP03,NP0328,NP0328302,7,household amenities,hh_amenities_radio,427
Bagmati,Nuwakot,Belkotgadhi,NP03,NP0328,NP0328302,7,household amenities,hh_amenities_television,679
Bagmati,Nuwakot,Belkotgadhi,NP03,NP0328,NP0328302,7,household amenities,hh_amenities_landline,5
Bagmati,Nuwakot,Belkotgadhi,NP03,NP0328,NP0328302,7,household amenities,hh_amenities_mobile_phone_ordinary,863
Bagmati,Nuwakot,Belkotgadhi,NP03,NP0328,NP0328302,7,household amenities,hh_amenities_mobile_phone_smart,741
Bagmati,Nuwakot,Belkotgadhi,NP03,NP0328,NP0328302,7,household amenities,hh_amenities_computer_laptop,66
Bagmati,Nuwakot,Belkotgadhi,NP03,NP0328,NP0328302,7,household amenities,hh_amenities_internet,233
Bagmati,Nuwakot,Belkotgadhi,NP03,NP0328,NP0328302,7,household amenities,hh_amenities_car_jeep_van,42
Bagmati,Nuwakot,Belkotgadhi,NP03,NP0328,NP0328302,7,household amenities,hh_amenities_motorcycle_scooter,270
Bagmati,Nuwakot,Belkotgadhi,NP03,NP0328,NP0328302,7,household amenities,hh_amenities_bicycle,77
Bagmati,Nuwakot,Belkotgadhi,NP03,NP0328,NP0328302,7,household amenities,hh_amenities_electric_fan,672
Bagmati,Nuwakot,Belkotgadhi,NP03,NP0328,NP0328302,7,household amenities,hh_amenities_refridgerator,257
Bagmati,Nuwakot,Belkotgadhi,NP03,NP0328,NP0328302,7,household amenities,hh_amenities_washing_machine,5
Bagmati,Nuwakot,Belkotgadhi,NP03,NP0328,NP0328302,7,household amenities,hh_amenities_air_conditioner,1
Bagmati,Nuwakot,Belkotgadhi,NP03,NP0328,NP0328302,7,wealth quintile,wealth_quintile_poorest_quintile_count,74
Bagmati,Nuwakot,Belkotgadhi,NP03,NP0328,NP0328302,7,wealth quintile,wealth_quintile_poorer_quintile_count,58
Bagmati,Nuwakot,Belkotgadhi,NP03,NP0328,NP0328302,7,wealth quintile,wealth_quintile_middle_quintile_count,303
Bagmati,Nuwakot,Belkotgadhi,NP03,NP0328,NP0328302,7,wealth quintile,wealth_quintile_richer_quintile_count,465
Bagmati,Nuwakot,Belkotgadhi,NP03,NP0328,NP0328302,7,wealth quintile,wealth_quintile_richest_quintile_count,190
Bagmati,Nuwakot,Belkotgadhi,NP03,NP0328,NP0328302,7,wealth quintile,wealth_quintile_poorest_quintile_pc,6.79
Bagmati,Nuwakot,Belkotgadhi,NP03,NP0328,NP0328302,7,wealth quintile,wealth_quintile_poorer_quintile_pc,5.32
Bagmati,Nuwakot,Belkotgadhi,NP03,NP0328,NP0328302,7,wealth quintile,wealth_quintile_middle_quintile_pc,27.8
Bagmati,Nuwakot,Belkotgadhi,NP03,NP0328,NP0328302,7,wealth quintile,wealth_quintile_richer_quintile_pc,42.66
Bagmati,Nuwakot,Belkotgadhi,NP03,NP0328,NP0328302,7,wealth quintile,wealth_quintile_richest_quintile_pc,17.43
Bagmati,Nuwakot,Belkotgadhi,NP03,NP0328,NP0328302,7,housing,house_quality_most_adequate_count,456
Bagmati,Nuwakot,Belkotgadhi,NP03,NP0328,NP0328302,7,housing,house_quality_adequate_count,512
Bagmati,Nuwakot,Belkotgadhi,NP03,NP0328,NP0328302,7,housing,house_quality_moderate_count,113
Bagmati,Nuwakot,Belkotgadhi,NP03,NP0328,NP0328302,7,housing,house_quality_inadequate_count,8
Bagmati,Nuwakot,Belkotgadhi,NP03,NP0328,NP0328302,7,housing,house_quality_least_adequate_count,1
Bagmati,Nuwakot,Belkotgadhi,NP03,NP0328,NP0328302,7,housing,house_quality_most_adequate_pc,41.83
Bagmati,Nuwakot,Belkotgadhi,NP03,NP0328,NP0328302,7,housing,house_quality_adequate_pc,46.97
Bagmati,Nuwakot,Belkotgadhi,NP03,NP0328,NP0328302,7,housing,house_quality_moderate_pc,10.37
Bagmati,Nuwakot,Belkotgadhi,NP03,NP0328,NP0328302,7,housing,house_quality_inadequate_pc,0.73
Bagmati,Nuwakot,Belkotgadhi,NP03,NP0328,NP0328302,7,housing,house_quality_least_adequate_pc,0.09
Bagmati,Nuwakot,Belkotgadhi,NP03,NP0328,NP0328302,8,demographics,total_households,746
Bagmati,Nuwakot,Belkotgadhi,NP03,NP0328,NP0328302,8,housing,home_ownership_owned,738
Bagmati,Nuwakot,Belkotgadhi,NP03,NP0328,NP0328302,8,housing,home_ownership_rented,7
Bagmati,Nuwakot,Belkotgadhi,NP03,NP0328,NP0328302,8,housing,home_ownership_institutional,0
Bagmati,Nuwakot,Belkotgadhi,NP03,NP0328,NP0328302,8,housing,home_ownership_other,1
Bagmati,Nuwakot,Belkotgadhi,NP03,NP0328,NP0328302,8,housing,foundation_mud,137
Bagmati,Nuwakot,Belkotgadhi,NP03,NP0328,NP0328302,8,housing,foundation_mud_bonded_bricks_stone,465
Bagmati,Nuwakot,Belkotgadhi,NP03,NP0328,NP0328302,8,housing,foundation_cement_bonded_bricks_stone,136
Bagmati,Nuwakot,Belkotgadhi,NP03,NP0328,NP0328302,8,housing,foundation_reinforced_cement_concrete_with_pillars,0
Bagmati,Nuwakot,Belkotgadhi,NP03,NP0328,NP0328302,8,housing,foundation_wooden_pillars,8
Bagmati,Nuwakot,Belkotgadhi,NP03,NP0328,NP0328302,8,housing,outer_wall_mud_bonded_bricks_stone,137
Bagmati,Nuwakot,Belkotgadhi,NP03,NP0328,NP0328302,8,housing,outer_wall_cement_bonded_bricks_stone,598
Bagmati,Nuwakot,Belkotgadhi,NP03,NP0328,NP0328302,8,housing,outer_wall_wood_planks,0
Bagmati,Nuwakot,Belkotgadhi,NP03,NP0328,NP0328302,8,housing,outer_wall_bamboo,0
Bagmati,Nuwakot,Belkotgadhi,NP03,NP0328,NP0328302,8,housing,outer_wall_unbaked_bricks,2
Bagmati,Nuwakot,Belkotgadhi,NP03,NP0328,NP0328302,8,housing,outer_wall_galvanised_sheet,6
Bagmati,Nuwakot,Belkotgadhi,NP03,NP0328,NP0328302,8,housing,outer_wall_prefabricated_sheet,0
Bagmati,Nuwakot,Belkotgadhi,NP03,NP0328,NP0328302,8,housing,outer_wall_other,3
Bagmati,Nuwakot,Belkotgadhi,NP03,NP0328,NP0328302,8,housing,roof_galvanised_sheet,440
Bagmati,Nuwakot,Belkotgadhi,NP03,NP0328,NP0328302,8,housing,roof_reinforced_cement_concrete,290
Bagmati,Nuwakot,Belkotgadhi,NP03,NP0328,NP0328302,8,housing,roof_thatch_straw,0
Bagmati,Nuwakot,Belkotgadhi,NP03,NP0328,NP0328302,8,housing,roof_tile,14
Bagmati,Nuwakot,Belkotgadhi,NP03,NP0328,NP0328302,8,housing,roof_stone_slate,1
Bagmati,Nuwakot,Belkotgadhi,NP03,NP0328,NP0328302,8,housing,roof_wood_planks,1
Bagmati,Nuwakot,Belkotgadhi,NP03,NP0328,NP0328302,8,housing,roof_mud,0
Bagmati,Nuwakot,Belkotgadhi,NP03,NP0328,NP0328302,8,housing,roof_other,0
Bagmati,Nuwakot,Belkotgadhi,NP03,NP0328,NP0328302,8,housing,floor_mud,148
Bagmati,Nuwakot,Belkotgadhi,NP03,NP0328,NP0328302,8,housing,floor_wooden_plank_bamboo,24
Bagmati,Nuwakot,Belkotgadhi,NP03,NP0328,NP0328302,8,housing,floor_bricks_stone,21
Bagmati,Nuwakot,Belkotgadhi,NP03,NP0328,NP0328302,8,housing,floor_ceramic_tile,0
Bagmati,Nuwakot,Belkotgadhi,NP03,NP0328,NP0328302,8,housing,floor_cemented,551
Bagmati,Nuwakot,Belkotgadhi,NP03,NP0328,NP0328302,8,housing,floor_other,2
Bagmati,Nuwakot,Belkotgadhi,NP03,NP0328,NP0328302,8,drinking water,drinking_water_tap_piped_within_premises,53
Bagmati,Nuwakot,Belkotgadhi,NP03,NP0328,NP0328302,8,drinking water,drinking_water_tap_piped_outside_premises,635
Bagmati,Nuwakot,Belkotgadhi,NP03,NP0328,NP0328302,8,drinking water,drinking_water_tubewell_handpump,0
Bagmati,Nuwakot,Belkotgadhi,NP03,NP0328,NP0328302,8,drinking water,drinking_water_covered_well_kuwa,26
Bagmati,Nuwakot,Belkotgadhi,NP03,NP0328,NP0328302,8,drinking water,drinking_water_uncovered_well_kuwa,9
Bagmati,Nuwakot,Belkotgadhi,NP03,NP0328,NP0328302,8,drinking water,drinking_water_spout_water,21
Bagmati,Nuwakot,Belkotgadhi,NP03,NP0328,NP0328302,8,drinking water,drinking_water_river_stream,0
Bagmati,Nuwakot,Belkotgadhi,NP03,NP0328,NP0328302,8,drinking water,drinking_water_jar_bottle,0
Bagmati,Nuwakot,Belkotgadhi,NP03,NP0328,NP0328302,8,drinking water,drinking_water_other,2
Bagmati,Nuwakot,Belkotgadhi,NP03,NP0328,NP0328302,8,cooking fuel,cooking_fuel_wood_firewood,523
Bagmati,Nuwakot,Belkotgadhi,NP03,NP0328,NP0328302,8,cooking fuel,cooking_fuel_lpg,216
Bagmati,Nuwakot,Belkotgadhi,NP03,NP0328,NP0328302,8,cooking fuel,cooking_fuel_electricity,0
Bagmati,Nuwakot,Belkotgadhi,NP03,NP0328,NP0328302,8,cooking fuel,cooking_fuel_cowdung,0
Bagmati,Nuwakot,Belkotgadhi,NP03,NP0328,NP0328302,8,cooking fuel,cooking_fuel_biogas,7
Bagmati,Nuwakot,Belkotgadhi,NP03,NP0328,NP0328302,8,cooking fuel,cooking_fuel_kerosene,0
Bagmati,Nuwakot,Belkotgadhi,NP03,NP0328,NP0328302,8,cooking fuel,cooking_fuel_other,0
Bagmati,Nuwakot,Belkotgadhi,NP03,NP0328,NP0328302,8,lighting fuel,lighting_electricity,741
Bagmati,Nuwakot,Belkotgadhi,NP03,NP0328,NP0328302,8,lighting fuel,lighting_solar,2
Bagmati,Nuwakot,Belkotgadhi,NP03,NP0328,NP0328302,8,lighting fuel,lighting_kerosene,3
Bagmati,Nuwakot,Belkotgadhi,NP03,NP0328,NP0328302,8,lighting fuel,lighting_biogas,0
Bagmati,Nuwakot,Belkotgadhi,NP03,NP0328,NP0328302,8,lighting fuel,lighting_other,0
Bagmati,Nuwakot,Belkotgadhi,NP03,NP0328,NP0328302,8,sanitation,toilet_flush_public_sewerage,21
Bagmati,Nuwakot,Belkotgadhi,NP03,NP0328,NP0328302,8,sanitation,toilet_flush_septic_tank,711
Bagmati,Nuwakot,Belkotgadhi,NP03,NP0328,NP0328302,8,sanitation,toilet_pit,6
Bagmati,Nuwakot,Belkotgadhi,NP03,NP0328,NP0328302,8,sanitation,toilet_public,1
Bagmati,Nuwakot,Belkotgadhi,NP03,NP0328,NP0328302,8,sanitation,toilet_no_toilet,7
Bagmati,Nuwakot,Belkotgadhi,NP03,NP0328,NP0328302,8,household amenities,hh_amenities_without,19
Bagmati,Nuwakot,Belkotgadhi,NP03,NP0328,NP0328302,8,household amenities,hh_amenities_at_least_one,727
Bagmati,Nuwakot,Belkotgadhi,NP03,NP0328,NP0328302,8,household amenities,hh_amenities_radio,324
Bagmati,Nuwakot,Belkotgadhi,NP03,NP0328,NP0328302,8,household amenities,hh_amenities_television,476
Bagmati,Nuwakot,Belkotgadhi,NP03,NP0328,NP0328302,8,household amenities,hh_amenities_landline,1
Bagmati,Nuwakot,Belkotgadhi,NP03,NP0328,NP0328302,8,household amenities,hh_amenities_mobile_phone_ordinary,684
Bagmati,Nuwakot,Belkotgadhi,NP03,NP0328,NP0328302,8,household amenities,hh_amenities_mobile_phone_smart,522
Bagmati,Nuwakot,Belkotgadhi,NP03,NP0328,NP0328302,8,household amenities,hh_amenities_computer_laptop,52
Bagmati,Nuwakot,Belkotgadhi,NP03,NP0328,NP0328302,8,household amenities,hh_amenities_internet,164
Bagmati,Nuwakot,Belkotgadhi,NP03,NP0328,NP0328302,8,household amenities,hh_amenities_car_jeep_van,8
Bagmati,Nuwakot,Belkotgadhi,NP03,NP0328,NP0328302,8,household amenities,hh_amenities_motorcycle_scooter,207
Bagmati,Nuwakot,Belkotgadhi,NP03,NP0328,NP0328302,8,household amenities,hh_amenities_bicycle,9
Bagmati,Nuwakot,Belkotgadhi,NP03,NP0328,NP0328302,8,household amenities,hh_amenities_electric_fan,201
Bagmati,Nuwakot,Belkotgadhi,NP03,NP0328,NP0328302,8,household amenities,hh_amenities_refridgerator,121
Bagmati,Nuwakot,Belkotgadhi,NP03,NP0328,NP0328302,8,household amenities,hh_amenities_washing_machine,0
Bagmati,Nuwakot,Belkotgadhi,NP03,NP0328,NP0328302,8,household amenities,hh_amenities_air_conditioner,0
Bagmati,Nuwakot,Belkotgadhi,NP03,NP0328,NP0328302,8,wealth quintile,wealth_quintile_poorest_quintile_count,41
Bagmati,Nuwakot,Belkotgadhi,NP03,NP0328,NP0328302,8,wealth quintile,wealth_quintile_poorer_quintile_count,78
Bagmati,Nuwakot,Belkotgadhi,NP03,NP0328,NP0328302,8,wealth quintile,wealth_quintile_middle_quintile_count,336
Bagmati,Nuwakot,Belkotgadhi,NP03,NP0328,NP0328302,8,wealth quintile,wealth_quintile_richer_quintile_count,197
Bagmati,Nuwakot,Belkotgadhi,NP03,NP0328,NP0328302,8,wealth quintile,wealth_quintile_richest_quintile_count,94
Bagmati,Nuwakot,Belkotgadhi,NP03,NP0328,NP0328302,8,wealth quintile,wealth_quintile_poorest_quintile_pc,5.5
Bagmati,Nuwakot,Belkotgadhi,NP03,NP0328,NP0328302,8,wealth quintile,wealth_quintile_poorer_quintile_pc,10.46
Bagmati,Nuwakot,Belkotgadhi,NP03,NP0328,NP0328302,8,wealth quintile,wealth_quintile_middle_quintile_pc,45.04
Bagmati,Nuwakot,Belkotgadhi,NP03,NP0328,NP0328302,8,wealth quintile,wealth_quintile_richer_quintile_pc,26.41
Bagmati,Nuwakot,Belkotgadhi,NP03,NP0328,NP0328302,8,wealth quintile,wealth_quintile_richest_quintile_pc,12.6
Bagmati,Nuwakot,Belkotgadhi,NP03,NP0328,NP0328302,8,housing,house_quality_most_adequate_count,171
Bagmati,Nuwakot,Belkotgadhi,NP03,NP0328,NP0328302,8,housing,house_quality_adequate_count,452
Bagmati,Nuwakot,Belkotgadhi,NP03,NP0328,NP0328302,8,housing,house_quality_moderate_count,114
Bagmati,Nuwakot,Belkotgadhi,NP03,NP0328,NP0328302,8,housing,house_quality_inadequate_count,9
Bagmati,Nuwakot,Belkotgadhi,NP03,NP0328,NP0328302,8,housing,house_quality_least_adequate_count,0
Bagmati,Nuwakot,Belkotgadhi,NP03,NP0328,NP0328302,8,housing,house_quality_most_adequate_pc,22.92
Bagmati,Nuwakot,Belkotgadhi,NP03,NP0328,NP0328302,8,housing,house_quality_adequate_pc,60.59
Bagmati,Nuwakot,Belkotgadhi,NP03,NP0328,NP0328302,8,housing,house_quality_moderate_pc,15.28
Bagmati,Nuwakot,Belkotgadhi,NP03,NP0328,NP0328302,8,housing,house_quality_inadequate_pc,1.21
Bagmati,Nuwakot,Belkotgadhi,NP03,NP0328,NP0328302,8,housing,house_quality_least_adequate_pc,0
Bagmati,Chitawan,Ichchha Kamana,NP03,NP0335,NP0335401,3,demographics,total_households,822
Bagmati,Chitawan,Ichchha Kamana,NP03,NP0335,NP0335401,3,housing,home_ownership_owned,717
Bagmati,Chitawan,Ichchha Kamana,NP03,NP0335,NP0335401,3,housing,home_ownership_rented,99
Bagmati,Chitawan,Ichchha Kamana,NP03,NP0335,NP0335401,3,housing,home_ownership_institutional,5
Bagmati,Chitawan,Ichchha Kamana,NP03,NP0335,NP0335401,3,housing,home_ownership_other,1
Bagmati,Chitawan,Ichchha Kamana,NP03,NP0335,NP0335401,3,housing,foundation_mud,245
Bagmati,Chitawan,Ichchha Kamana,NP03,NP0335,NP0335401,3,housing,foundation_mud_bonded_bricks_stone,352
Bagmati,Chitawan,Ichchha Kamana,NP03,NP0335,NP0335401,3,housing,foundation_cement_bonded_bricks_stone,194
Bagmati,Chitawan,Ichchha Kamana,NP03,NP0335,NP0335401,3,housing,foundation_reinforced_cement_concrete_with_pillars,25
Bagmati,Chitawan,Ichchha Kamana,NP03,NP0335,NP0335401,3,housing,foundation_wooden_pillars,6
Bagmati,Chitawan,Ichchha Kamana,NP03,NP0335,NP0335401,3,housing,outer_wall_mud_bonded_bricks_stone,243
Bagmati,Chitawan,Ichchha Kamana,NP03,NP0335,NP0335401,3,housing,outer_wall_cement_bonded_bricks_stone,520
Bagmati,Chitawan,Ichchha Kamana,NP03,NP0335,NP0335401,3,housing,outer_wall_wood_planks,22
Bagmati,Chitawan,Ichchha Kamana,NP03,NP0335,NP0335401,3,housing,outer_wall_bamboo,2
Bagmati,Chitawan,Ichchha Kamana,NP03,NP0335,NP0335401,3,housing,outer_wall_unbaked_bricks,0
Bagmati,Chitawan,Ichchha Kamana,NP03,NP0335,NP0335401,3,housing,outer_wall_galvanised_sheet,12
Bagmati,Chitawan,Ichchha Kamana,NP03,NP0335,NP0335401,3,housing,outer_wall_prefabricated_sheet,0
Bagmati,Chitawan,Ichchha Kamana,NP03,NP0335,NP0335401,3,housing,outer_wall_other,23
Bagmati,Chitawan,Ichchha Kamana,NP03,NP0335,NP0335401,3,housing,roof_galvanised_sheet,564
Bagmati,Chitawan,Ichchha Kamana,NP03,NP0335,NP0335401,3,housing,roof_reinforced_cement_concrete,245
Bagmati,Chitawan,Ichchha Kamana,NP03,NP0335,NP0335401,3,housing,roof_thatch_straw,7
Bagmati,Chitawan,Ichchha Kamana,NP03,NP0335,NP0335401,3,housing,roof_tile,0
Bagmati,Chitawan,Ichchha Kamana,NP03,NP0335,NP0335401,3,housing,roof_stone_slate,5
Bagmati,Chitawan,Ichchha Kamana,NP03,NP0335,NP0335401,3,housing,roof_wood_planks,0
Bagmati,Chitawan,Ichchha Kamana,NP03,NP0335,NP0335401,3,housing,roof_mud,0
Bagmati,Chitawan,Ichchha Kamana,NP03,NP0335,NP0335401,3,housing,roof_other,1
Bagmati,Chitawan,Ichchha Kamana,NP03,NP0335,NP0335401,3,housing,floor_mud,273
Bagmati,Chitawan,Ichchha Kamana,NP03,NP0335,NP0335401,3,housing,floor_wooden_plank_bamboo,7
Bagmati,Chitawan,Ichchha Kamana,NP03,NP0335,NP0335401,3,housing,floor_bricks_stone,3
Bagmati,Chitawan,Ichchha Kamana,NP03,NP0335,NP0335401,3,housing,floor_ceramic_tile,0
Bagmati,Chitawan,Ichchha Kamana,NP03,NP0335,NP0335401,3,housing,floor_cemented,535
Bagmati,Chitawan,Ichchha Kamana,NP03,NP0335,NP0335401,3,housing,floor_other,4
Bagmati,Chitawan,Ichchha Kamana,NP03,NP0335,NP0335401,3,drinking water,drinking_water_tap_piped_within_premises,309
Bagmati,Chitawan,Ichchha Kamana,NP03,NP0335,NP0335401,3,drinking water,drinking_water_tap_piped_outside_premises,446
Bagmati,Chitawan,Ichchha Kamana,NP03,NP0335,NP0335401,3,drinking water,drinking_water_tubewell_handpump,2
Bagmati,Chitawan,Ichchha Kamana,NP03,NP0335,NP0335401,3,drinking water,drinking_water_covered_well_kuwa,0
Bagmati,Chitawan,Ichchha Kamana,NP03,NP0335,NP0335401,3,drinking water,drinking_water_uncovered_well_kuwa,4
Bagmati,Chitawan,Ichchha Kamana,NP03,NP0335,NP0335401,3,drinking water,drinking_water_spout_water,58
Bagmati,Chitawan,Ichchha Kamana,NP03,NP0335,NP0335401,3,drinking water,drinking_water_river_stream,2
Bagmati,Chitawan,Ichchha Kamana,NP03,NP0335,NP0335401,3,drinking water,drinking_water_jar_bottle,0
Bagmati,Chitawan,Ichchha Kamana,NP03,NP0335,NP0335401,3,drinking water,drinking_water_other,1
Bagmati,Chitawan,Ichchha Kamana,NP03,NP0335,NP0335401,3,cooking fuel,cooking_fuel_wood_firewood,277
Bagmati,Chitawan,Ichchha Kamana,NP03,NP0335,NP0335401,3,cooking fuel,cooking_fuel_lpg,541
Bagmati,Chitawan,Ichchha Kamana,NP03,NP0335,NP0335401,3,cooking fuel,cooking_fuel_electricity,3
Bagmati,Chitawan,Ichchha Kamana,NP03,NP0335,NP0335401,3,cooking fuel,cooking_fuel_cowdung,0
Bagmati,Chitawan,Ichchha Kamana,NP03,NP0335,NP0335401,3,cooking fuel,cooking_fuel_biogas,1
Bagmati,Chitawan,Ichchha Kamana,NP03,NP0335,NP0335401,3,cooking fuel,cooking_fuel_kerosene,0
Bagmati,Chitawan,Ichchha Kamana,NP03,NP0335,NP0335401,3,cooking fuel,cooking_fuel_other,0
Bagmati,Chitawan,Ichchha Kamana,NP03,NP0335,NP0335401,3,lighting fuel,lighting_electricity,801
Bagmati,Chitawan,Ichchha Kamana,NP03,NP0335,NP0335401,3,lighting fuel,lighting_solar,7
Bagmati,Chitawan,Ichchha Kamana,NP03,NP0335,NP0335401,3,lighting fuel,lighting_kerosene,1
Bagmati,Chitawan,Ichchha Kamana,NP03,NP0335,NP0335401,3,lighting fuel,lighting_biogas,0
Bagmati,Chitawan,Ichchha Kamana,NP03,NP0335,NP0335401,3,lighting fuel,lighting_other,13
Bagmati,Chitawan,Ichchha Kamana,NP03,NP0335,NP0335401,3,sanitation,toilet_flush_public_sewerage,2
Bagmati,Chitawan,Ichchha Kamana,NP03,NP0335,NP0335401,3,sanitation,toilet_flush_septic_tank,423
Bagmati,Chitawan,Ichchha Kamana,NP03,NP0335,NP0335401,3,sanitation,toilet_pit,371
Bagmati,Chitawan,Ichchha Kamana,NP03,NP0335,NP0335401,3,sanitation,toilet_public,5
Bagmati,Chitawan,Ichchha Kamana,NP03,NP0335,NP0335401,3,sanitation,toilet_no_toilet,21
Bagmati,Chitawan,Ichchha Kamana,NP03,NP0335,NP0335401,3,household amenities,hh_amenities_without,45
Bagmati,Chitawan,Ichchha Kamana,NP03,NP0335,NP0335401,3,household amenities,hh_amenities_at_least_one,777
Bagmati,Chitawan,Ichchha Kamana,NP03,NP0335,NP0335401,3,household amenities,hh_amenities_radio,278
Bagmati,Chitawan,Ichchha Kamana,NP03,NP0335,NP0335401,3,household amenities,hh_amenities_television,455
Bagmati,Chitawan,Ichchha Kamana,NP03,NP0335,NP0335401,3,household amenities,hh_amenities_landline,8
Bagmati,Chitawan,Ichchha Kamana,NP03,NP0335,NP0335401,3,household amenities,hh_amenities_mobile_phone_ordinary,697
Bagmati,Chitawan,Ichchha Kamana,NP03,NP0335,NP0335401,3,household amenities,hh_amenities_mobile_phone_smart,539
Bagmati,Chitawan,Ichchha Kamana,NP03,NP0335,NP0335401,3,household amenities,hh_amenities_computer_laptop,103
Bagmati,Chitawan,Ichchha Kamana,NP03,NP0335,NP0335401,3,household amenities,hh_amenities_internet,265
Bagmati,Chitawan,Ichchha Kamana,NP03,NP0335,NP0335401,3,household amenities,hh_amenities_car_jeep_van,39
Bagmati,Chitawan,Ichchha Kamana,NP03,NP0335,NP0335401,3,household amenities,hh_amenities_motorcycle_scooter,139
Bagmati,Chitawan,Ichchha Kamana,NP03,NP0335,NP0335401,3,household amenities,hh_amenities_bicycle,70
Bagmati,Chitawan,Ichchha Kamana,NP03,NP0335,NP0335401,3,household amenities,hh_amenities_electric_fan,370
Bagmati,Chitawan,Ichchha Kamana,NP03,NP0335,NP0335401,3,household amenities,hh_amenities_refridgerator,202
Bagmati,Chitawan,Ichchha Kamana,NP03,NP0335,NP0335401,3,household amenities,hh_amenities_washing_machine,9
Bagmati,Chitawan,Ichchha Kamana,NP03,NP0335,NP0335401,3,household amenities,hh_amenities_air_conditioner,0
Bagmati,Chitawan,Ichchha Kamana,NP03,NP0335,NP0335401,3,wealth quintile,wealth_quintile_poorest_quintile_count,123
Bagmati,Chitawan,Ichchha Kamana,NP03,NP0335,NP0335401,3,wealth quintile,wealth_quintile_poorer_quintile_count,128
Bagmati,Chitawan,Ichchha Kamana,NP03,NP0335,NP0335401,3,wealth quintile,wealth_quintile_middle_quintile_count,225
Bagmati,Chitawan,Ichchha Kamana,NP03,NP0335,NP0335401,3,wealth quintile,wealth_quintile_richer_quintile_count,174
Bagmati,Chitawan,Ichchha Kamana,NP03,NP0335,NP0335401,3,wealth quintile,wealth_quintile_richest_quintile_count,172
Bagmati,Chitawan,Ichchha Kamana,NP03,NP0335,NP0335401,3,wealth quintile,wealth_quintile_poorest_quintile_pc,14.96
Bagmati,Chitawan,Ichchha Kamana,NP03,NP0335,NP0335401,3,wealth quintile,wealth_quintile_poorer_quintile_pc,15.57
Bagmati,Chitawan,Ichchha Kamana,NP03,NP0335,NP0335401,3,wealth quintile,wealth_quintile_middle_quintile_pc,27.37
Bagmati,Chitawan,Ichchha Kamana,NP03,NP0335,NP0335401,3,wealth quintile,wealth_quintile_richer_quintile_pc,21.17
Bagmati,Chitawan,Ichchha Kamana,NP03,NP0335,NP0335401,3,wealth quintile,wealth_quintile_richest_quintile_pc,20.92
Bagmati,Chitawan,Ichchha Kamana,NP03,NP0335,NP0335401,3,housing,house_quality_most_adequate_count,283
Bagmati,Chitawan,Ichchha Kamana,NP03,NP0335,NP0335401,3,housing,house_quality_adequate_count,270
Bagmati,Chitawan,Ichchha Kamana,NP03,NP0335,NP0335401,3,housing,house_quality_moderate_count,245
Bagmati,Chitawan,Ichchha Kamana,NP03,NP0335,NP0335401,3,housing,house_quality_inadequate_count,23
Bagmati,Chitawan,Ichchha Kamana,NP03,NP0335,NP0335401,3,housing,house_quality_least_adequate_count,1
Bagmati,Chitawan,Ichchha Kamana,NP03,NP0335,NP0335401,3,housing,house_quality_most_adequate_pc,34.43
Bagmati,Chitawan,Ichchha Kamana,NP03,NP0335,NP0335401,3,housing,house_quality_adequate_pc,32.85
Bagmati,Chitawan,Ichchha Kamana,NP03,NP0335,NP0335401,3,housing,house_quality_moderate_pc,29.81
Bagmati,Chitawan,Ichchha Kamana,NP03,NP0335,NP0335401,3,housing,house_quality_inadequate_pc,2.8
Bagmati,Chitawan,Ichchha Kamana,NP03,NP0335,NP0335401,3,housing,house_quality_least_adequate_pc,0.12
Bagmati,Chitawan,Ichchha Kamana,NP03,NP0335,NP0335401,4,demographics,total_households,1127
Bagmati,Chitawan,Ichchha Kamana,NP03,NP0335,NP0335401,4,housing,home_ownership_owned,793
Bagmati,Chitawan,Ichchha Kamana,NP03,NP0335,NP0335401,4,housing,home_ownership_rented,323
Bagmati,Chitawan,Ichchha Kamana,NP03,NP0335,NP0335401,4,housing,home_ownership_institutional,7
Bagmati,Chitawan,Ichchha Kamana,NP03,NP0335,NP0335401,4,housing,home_ownership_other,4
Bagmati,Chitawan,Ichchha Kamana,NP03,NP0335,NP0335401,4,housing,foundation_mud,158
Bagmati,Chitawan,Ichchha Kamana,NP03,NP0335,NP0335401,4,housing,foundation_mud_bonded_bricks_stone,478
Bagmati,Chitawan,Ichchha Kamana,NP03,NP0335,NP0335401,4,housing,foundation_cement_bonded_bricks_stone,468
Bagmati,Chitawan,Ichchha Kamana,NP03,NP0335,NP0335401,4,housing,foundation_reinforced_cement_concrete_with_pillars,22
Bagmati,Chitawan,Ichchha Kamana,NP03,NP0335,NP0335401,4,housing,foundation_wooden_pillars,1
Bagmati,Chitawan,Ichchha Kamana,NP03,NP0335,NP0335401,4,housing,outer_wall_mud_bonded_bricks_stone,149
Bagmati,Chitawan,Ichchha Kamana,NP03,NP0335,NP0335401,4,housing,outer_wall_cement_bonded_bricks_stone,955
Bagmati,Chitawan,Ichchha Kamana,NP03,NP0335,NP0335401,4,housing,outer_wall_wood_planks,6
Bagmati,Chitawan,Ichchha Kamana,NP03,NP0335,NP0335401,4,housing,outer_wall_bamboo,5
Bagmati,Chitawan,Ichchha Kamana,NP03,NP0335,NP0335401,4,housing,outer_wall_unbaked_bricks,0
Bagmati,Chitawan,Ichchha Kamana,NP03,NP0335,NP0335401,4,housing,outer_wall_galvanised_sheet,12
Bagmati,Chitawan,Ichchha Kamana,NP03,NP0335,NP0335401,4,housing,outer_wall_prefabricated_sheet,0
Bagmati,Chitawan,Ichchha Kamana,NP03,NP0335,NP0335401,4,housing,outer_wall_other,0
Bagmati,Chitawan,Ichchha Kamana,NP03,NP0335,NP0335401,4,housing,roof_galvanised_sheet,627
Bagmati,Chitawan,Ichchha Kamana,NP03,NP0335,NP0335401,4,housing,roof_reinforced_cement_concrete,490
Bagmati,Chitawan,Ichchha Kamana,NP03,NP0335,NP0335401,4,housing,roof_thatch_straw,3
Bagmati,Chitawan,Ichchha Kamana,NP03,NP0335,NP0335401,4,housing,roof_tile,0
Bagmati,Chitawan,Ichchha Kamana,NP03,NP0335,NP0335401,4,housing,roof_stone_slate,6
Bagmati,Chitawan,Ichchha Kamana,NP03,NP0335,NP0335401,4,housing,roof_wood_planks,1
Bagmati,Chitawan,Ichchha Kamana,NP03,NP0335,NP0335401,4,housing,roof_mud,0
Bagmati,Chitawan,Ichchha Kamana,NP03,NP0335,NP0335401,4,housing,roof_other,0
Bagmati,Chitawan,Ichchha Kamana,NP03,NP0335,NP0335401,4,housing,floor_mud,167
Bagmati,Chitawan,Ichchha Kamana,NP03,NP0335,NP0335401,4,housing,floor_wooden_plank_bamboo,2
Bagmati,Chitawan,Ichchha Kamana,NP03,NP0335,NP0335401,4,housing,floor_bricks_stone,2
Bagmati,Chitawan,Ichchha Kamana,NP03,NP0335,NP0335401,4,housing,floor_ceramic_tile,4
Bagmati,Chitawan,Ichchha Kamana,NP03,NP0335,NP0335401,4,housing,floor_cemented,952
Bagmati,Chitawan,Ichchha Kamana,NP03,NP0335,NP0335401,4,housing,floor_other,0
Bagmati,Chitawan,Ichchha Kamana,NP03,NP0335,NP0335401,4,drinking water,drinking_water_tap_piped_within_premises,695
Bagmati,Chitawan,Ichchha Kamana,NP03,NP0335,NP0335401,4,drinking water,drinking_water_tap_piped_outside_premises,418
Bagmati,Chitawan,Ichchha Kamana,NP03,NP0335,NP0335401,4,drinking water,drinking_water_tubewell_handpump,1
Bagmati,Chitawan,Ichchha Kamana,NP03,NP0335,NP0335401,4,drinking water,drinking_water_covered_well_kuwa,1
Bagmati,Chitawan,Ichchha Kamana,NP03,NP0335,NP0335401,4,drinking water,drinking_water_uncovered_well_kuwa,5
Bagmati,Chitawan,Ichchha Kamana,NP03,NP0335,NP0335401,4,drinking water,drinking_water_spout_water,5
Bagmati,Chitawan,Ichchha Kamana,NP03,NP0335,NP0335401,4,drinking water,drinking_water_river_stream,1
Bagmati,Chitawan,Ichchha Kamana,NP03,NP0335,NP0335401,4,drinking water,drinking_water_jar_bottle,1
Bagmati,Chitawan,Ichchha Kamana,NP03,NP0335,NP0335401,4,drinking water,drinking_water_other,0
Bagmati,Chitawan,Ichchha Kamana,NP03,NP0335,NP0335401,4,cooking fuel,cooking_fuel_wood_firewood,265
Bagmati,Chitawan,Ichchha Kamana,NP03,NP0335,NP0335401,4,cooking fuel,cooking_fuel_lpg,860
Bagmati,Chitawan,Ichchha Kamana,NP03,NP0335,NP0335401,4,cooking fuel,cooking_fuel_electricity,1
Bagmati,Chitawan,Ichchha Kamana,NP03,NP0335,NP0335401,4,cooking fuel,cooking_fuel_cowdung,0
Bagmati,Chitawan,Ichchha Kamana,NP03,NP0335,NP0335401,4,cooking fuel,cooking_fuel_biogas,1
Bagmati,Chitawan,Ichchha Kamana,NP03,NP0335,NP0335401,4,cooking fuel,cooking_fuel_kerosene,0
Bagmati,Chitawan,Ichchha Kamana,NP03,NP0335,NP0335401,4,cooking fuel,cooking_fuel_other,0
Bagmati,Chitawan,Ichchha Kamana,NP03,NP0335,NP0335401,4,lighting fuel,lighting_electricity,1113
Bagmati,Chitawan,Ichchha Kamana,NP03,NP0335,NP0335401,4,lighting fuel,lighting_solar,6
Bagmati,Chitawan,Ichchha Kamana,NP03,NP0335,NP0335401,4,lighting fuel,lighting_kerosene,2
Bagmati,Chitawan,Ichchha Kamana,NP03,NP0335,NP0335401,4,lighting fuel,lighting_biogas,0
Bagmati,Chitawan,Ichchha Kamana,NP03,NP0335,NP0335401,4,lighting fuel,lighting_other,6
Bagmati,Chitawan,Ichchha Kamana,NP03,NP0335,NP0335401,4,sanitation,toilet_flush_public_sewerage,10
Bagmati,Chitawan,Ichchha Kamana,NP03,NP0335,NP0335401,4,sanitation,toilet_flush_septic_tank,1099
Bagmati,Chitawan,Ichchha Kamana,NP03,NP0335,NP0335401,4,sanitation,toilet_pit,5
Bagmati,Chitawan,Ichchha Kamana,NP03,NP0335,NP0335401,4,sanitation,toilet_public,3
Bagmati,Chitawan,Ichchha Kamana,NP03,NP0335,NP0335401,4,sanitation,toilet_no_toilet,10
Bagmati,Chitawan,Ichchha Kamana,NP03,NP0335,NP0335401,4,household amenities,hh_amenities_without,27
Bagmati,Chitawan,Ichchha Kamana,NP03,NP0335,NP0335401,4,household amenities,hh_amenities_at_least_one,1100
Bagmati,Chitawan,Ichchha Kamana,NP03,NP0335,NP0335401,4,household amenities,hh_amenities_radio,236
Bagmati,Chitawan,Ichchha Kamana,NP03,NP0335,NP0335401,4,household amenities,hh_amenities_television,645
Bagmati,Chitawan,Ichchha Kamana,NP03,NP0335,NP0335401,4,household amenities,hh_amenities_landline,42
Bagmati,Chitawan,Ichchha Kamana,NP03,NP0335,NP0335401,4,household amenities,hh_amenities_mobile_phone_ordinary,801
Bagmati,Chitawan,Ichchha Kamana,NP03,NP0335,NP0335401,4,household amenities,hh_amenities_mobile_phone_smart,953
Bagmati,Chitawan,Ichchha Kamana,NP03,NP0335,NP0335401,4,household amenities,hh_amenities_computer_laptop,161
Bagmati,Chitawan,Ichchha Kamana,NP03,NP0335,NP0335401,4,household amenities,hh_amenities_internet,502
Bagmati,Chitawan,Ichchha Kamana,NP03,NP0335,NP0335401,4,household amenities,hh_amenities_car_jeep_van,49
Bagmati,Chitawan,Ichchha Kamana,NP03,NP0335,NP0335401,4,household amenities,hh_amenities_motorcycle_scooter,257
Bagmati,Chitawan,Ichchha Kamana,NP03,NP0335,NP0335401,4,household amenities,hh_amenities_bicycle,83
Bagmati,Chitawan,Ichchha Kamana,NP03,NP0335,NP0335401,4,household amenities,hh_amenities_electric_fan,770
Bagmati,Chitawan,Ichchha Kamana,NP03,NP0335,NP0335401,4,household amenities,hh_amenities_refridgerator,456
Bagmati,Chitawan,Ichchha Kamana,NP03,NP0335,NP0335401,4,household amenities,hh_amenities_washing_machine,27
Bagmati,Chitawan,Ichchha Kamana,NP03,NP0335,NP0335401,4,household amenities,hh_amenities_air_conditioner,5
Bagmati,Chitawan,Ichchha Kamana,NP03,NP0335,NP0335401,4,wealth quintile,wealth_quintile_poorest_quintile_count,42
Bagmati,Chitawan,Ichchha Kamana,NP03,NP0335,NP0335401,4,wealth quintile,wealth_quintile_poorer_quintile_count,99
Bagmati,Chitawan,Ichchha Kamana,NP03,NP0335,NP0335401,4,wealth quintile,wealth_quintile_middle_quintile_count,160
Bagmati,Chitawan,Ichchha Kamana,NP03,NP0335,NP0335401,4,wealth quintile,wealth_quintile_richer_quintile_count,467
Bagmati,Chitawan,Ichchha Kamana,NP03,NP0335,NP0335401,4,wealth quintile,wealth_quintile_richest_quintile_count,359
Bagmati,Chitawan,Ichchha Kamana,NP03,NP0335,NP0335401,4,wealth quintile,wealth_quintile_poorest_quintile_pc,3.73
Bagmati,Chitawan,Ichchha Kamana,NP03,NP0335,NP0335401,4,wealth quintile,wealth_quintile_poorer_quintile_pc,8.78
Bagmati,Chitawan,Ichchha Kamana,NP03,NP0335,NP0335401,4,wealth quintile,wealth_quintile_middle_quintile_pc,14.2
Bagmati,Chitawan,Ichchha Kamana,NP03,NP0335,NP0335401,4,wealth quintile,wealth_quintile_richer_quintile_pc,41.44
Bagmati,Chitawan,Ichchha Kamana,NP03,NP0335,NP0335401,4,wealth quintile,wealth_quintile_richest_quintile_pc,31.85
Bagmati,Chitawan,Ichchha Kamana,NP03,NP0335,NP0335401,4,housing,house_quality_most_adequate_count,813
Bagmati,Chitawan,Ichchha Kamana,NP03,NP0335,NP0335401,4,housing,house_quality_adequate_count,157
Bagmati,Chitawan,Ichchha Kamana,NP03,NP0335,NP0335401,4,housing,house_quality_moderate_count,152
Bagmati,Chitawan,Ichchha Kamana,NP03,NP0335,NP0335401,4,housing,house_quality_inadequate_count,5
Bagmati,Chitawan,Ichchha Kamana,NP03,NP0335,NP0335401,4,housing,house_quality_least_adequate_count,0
Bagmati,Chitawan,Ichchha Kamana,NP03,NP0335,NP0335401,4,housing,house_quality_most_adequate_pc,72.14
Bagmati,Chitawan,Ichchha Kamana,NP03,NP0335,NP0335401,4,housing,house_quality_adequate_pc,13.93
Bagmati,Chitawan,Ichchha Kamana,NP03,NP0335,NP0335401,4,housing,house_quality_moderate_pc,13.49
Bagmati,Chitawan,Ichchha Kamana,NP03,NP0335,NP0335401,4,housing,house_quality_inadequate_pc,0.44
Bagmati,Chitawan,Ichchha Kamana,NP03,NP0335,NP0335401,4,housing,house_quality_least_adequate_pc,0
Gandaki,Gorkha,Shahid Lakhan,NP04,NP0436,NP0436408,2,demographics,total_households,675
Gandaki,Gorkha,Shahid Lakhan,NP04,NP0436,NP0436408,2,housing,home_ownership_owned,607
Gandaki,Gorkha,Shahid Lakhan,NP04,NP0436,NP0436408,2,housing,home_ownership_rented,61
Gandaki,Gorkha,Shahid Lakhan,NP04,NP0436,NP0436408,2,housing,home_ownership_institutional,4
Gandaki,Gorkha,Shahid Lakhan,NP04,NP0436,NP0436408,2,housing,home_ownership_other,3
Gandaki,Gorkha,Shahid Lakhan,NP04,NP0436,NP0436408,2,housing,foundation_mud,239
Gandaki,Gorkha,Shahid Lakhan,NP04,NP0436,NP0436408,2,housing,foundation_mud_bonded_bricks_stone,200
Gandaki,Gorkha,Shahid Lakhan,NP04,NP0436,NP0436408,2,housing,foundation_cement_bonded_bricks_stone,230
Gandaki,Gorkha,Shahid Lakhan,NP04,NP0436,NP0436408,2,housing,foundation_reinforced_cement_concrete_with_pillars,5
Gandaki,Gorkha,Shahid Lakhan,NP04,NP0436,NP0436408,2,housing,foundation_wooden_pillars,1
Gandaki,Gorkha,Shahid Lakhan,NP04,NP0436,NP0436408,2,housing,outer_wall_mud_bonded_bricks_stone,246
Gandaki,Gorkha,Shahid Lakhan,NP04,NP0436,NP0436408,2,housing,outer_wall_cement_bonded_bricks_stone,420
Gandaki,Gorkha,Shahid Lakhan,NP04,NP0436,NP0436408,2,housing,outer_wall_wood_planks,5
Gandaki,Gorkha,Shahid Lakhan,NP04,NP0436,NP0436408,2,housing,outer_wall_bamboo,0
Gandaki,Gorkha,Shahid Lakhan,NP04,NP0436,NP0436408,2,housing,outer_wall_unbaked_bricks,0
Gandaki,Gorkha,Shahid Lakhan,NP04,NP0436,NP0436408,2,housing,outer_wall_galvanised_sheet,3
Gandaki,Gorkha,Shahid Lakhan,NP04,NP0436,NP0436408,2,housing,outer_wall_prefabricated_sheet,0
Gandaki,Gorkha,Shahid Lakhan,NP04,NP0436,NP0436408,2,housing,outer_wall_other,1
Gandaki,Gorkha,Shahid Lakhan,NP04,NP0436,NP0436408,2,housing,roof_galvanised_sheet,391
Gandaki,Gorkha,Shahid Lakhan,NP04,NP0436,NP0436408,2,housing,roof_reinforced_cement_concrete,279
Gandaki,Gorkha,Shahid Lakhan,NP04,NP0436,NP0436408,2,housing,roof_thatch_straw,1
Gandaki,Gorkha,Shahid Lakhan,NP04,NP0436,NP0436408,2,housing,roof_tile,0
Gandaki,Gorkha,Shahid Lakhan,NP04,NP0436,NP0436408,2,housing,roof_stone_slate,4
Gandaki,Gorkha,Shahid Lakhan,NP04,NP0436,NP0436408,2,housing,roof_wood_planks,0
Gandaki,Gorkha,Shahid Lakhan,NP04,NP0436,NP0436408,2,housing,roof_mud,0
Gandaki,Gorkha,Shahid Lakhan,NP04,NP0436,NP0436408,2,housing,roof_other,0
Gandaki,Gorkha,Shahid Lakhan,NP04,NP0436,NP0436408,2,housing,floor_mud,232
Gandaki,Gorkha,Shahid Lakhan,NP04,NP0436,NP0436408,2,housing,floor_wooden_plank_bamboo,13
Gandaki,Gorkha,Shahid Lakhan,NP04,NP0436,NP0436408,2,housing,floor_bricks_stone,2
Gandaki,Gorkha,Shahid Lakhan,NP04,NP0436,NP0436408,2,housing,floor_ceramic_tile,2
Gandaki,Gorkha,Shahid Lakhan,NP04,NP0436,NP0436408,2,housing,floor_cemented,425
Gandaki,Gorkha,Shahid Lakhan,NP04,NP0436,NP0436408,2,housing,floor_other,1
Gandaki,Gorkha,Shahid Lakhan,NP04,NP0436,NP0436408,2,drinking water,drinking_water_tap_piped_within_premises,397
Gandaki,Gorkha,Shahid Lakhan,NP04,NP0436,NP0436408,2,drinking water,drinking_water_tap_piped_outside_premises,88
Gandaki,Gorkha,Shahid Lakhan,NP04,NP0436,NP0436408,2,drinking water,drinking_water_tubewell_handpump,0
Gandaki,Gorkha,Shahid Lakhan,NP04,NP0436,NP0436408,2,drinking water,drinking_water_covered_well_kuwa,0
Gandaki,Gorkha,Shahid Lakhan,NP04,NP0436,NP0436408,2,drinking water,drinking_water_uncovered_well_kuwa,0
Gandaki,Gorkha,Shahid Lakhan,NP04,NP0436,NP0436408,2,drinking water,drinking_water_spout_water,187
Gandaki,Gorkha,Shahid Lakhan,NP04,NP0436,NP0436408,2,drinking water,drinking_water_river_stream,2
Gandaki,Gorkha,Shahid Lakhan,NP04,NP0436,NP0436408,2,drinking water,drinking_water_jar_bottle,0
Gandaki,Gorkha,Shahid Lakhan,NP04,NP0436,NP0436408,2,drinking water,drinking_water_other,1
Gandaki,Gorkha,Shahid Lakhan,NP04,NP0436,NP0436408,2,cooking fuel,cooking_fuel_wood_firewood,318
Gandaki,Gorkha,Shahid Lakhan,NP04,NP0436,NP0436408,2,cooking fuel,cooking_fuel_lpg,353
Gandaki,Gorkha,Shahid Lakhan,NP04,NP0436,NP0436408,2,cooking fuel,cooking_fuel_electricity,4
Gandaki,Gorkha,Shahid Lakhan,NP04,NP0436,NP0436408,2,cooking fuel,cooking_fuel_cowdung,0
Gandaki,Gorkha,Shahid Lakhan,NP04,NP0436,NP0436408,2,cooking fuel,cooking_fuel_biogas,0
Gandaki,Gorkha,Shahid Lakhan,NP04,NP0436,NP0436408,2,cooking fuel,cooking_fuel_kerosene,0
Gandaki,Gorkha,Shahid Lakhan,NP04,NP0436,NP0436408,2,cooking fuel,cooking_fuel_other,0
Gandaki,Gorkha,Shahid Lakhan,NP04,NP0436,NP0436408,2,lighting fuel,lighting_electricity,668
Gandaki,Gorkha,Shahid Lakhan,NP04,NP0436,NP0436408,2,lighting fuel,lighting_solar,6
Gandaki,Gorkha,Shahid Lakhan,NP04,NP0436,NP0436408,2,lighting fuel,lighting_kerosene,1
Gandaki,Gorkha,Shahid Lakhan,NP04,NP0436,NP0436408,2,lighting fuel,lighting_biogas,0
Gandaki,Gorkha,Shahid Lakhan,NP04,NP0436,NP0436408,2,lighting fuel,lighting_other,0
Gandaki,Gorkha,Shahid Lakhan,NP04,NP0436,NP0436408,2,sanitation,toilet_flush_public_sewerage,121
Gandaki,Gorkha,Shahid Lakhan,NP04,NP0436,NP0436408,2,sanitation,toilet_flush_septic_tank,478
Gandaki,Gorkha,Shahid Lakhan,NP04,NP0436,NP0436408,2,sanitation,toilet_pit,73
Gandaki,Gorkha,Shahid Lakhan,NP04,NP0436,NP0436408,2,sanitation,toilet_public,2
Gandaki,Gorkha,Shahid Lakhan,NP04,NP0436,NP0436408,2,sanitation,toilet_no_toilet,1
Gandaki,Gorkha,Shahid Lakhan,NP04,NP0436,NP0436408,2,household amenities,hh_amenities_without,15
Gandaki,Gorkha,Shahid Lakhan,NP04,NP0436,NP0436408,2,household amenities,hh_amenities_at_least_one,660
Gandaki,Gorkha,Shahid Lakhan,NP04,NP0436,NP0436408,2,household amenities,hh_amenities_radio,456
Gandaki,Gorkha,Shahid Lakhan,NP04,NP0436,NP0436408,2,household amenities,hh_amenities_television,479
Gandaki,Gorkha,Shahid Lakhan,NP04,NP0436,NP0436408,2,household amenities,hh_amenities_landline,30
Gandaki,Gorkha,Shahid Lakhan,NP04,NP0436,NP0436408,2,household amenities,hh_amenities_mobile_phone_ordinary,561
Gandaki,Gorkha,Shahid Lakhan,NP04,NP0436,NP0436408,2,household amenities,hh_amenities_mobile_phone_smart,536
Gandaki,Gorkha,Shahid Lakhan,NP04,NP0436,NP0436408,2,household amenities,hh_amenities_computer_laptop,60
Gandaki,Gorkha,Shahid Lakhan,NP04,NP0436,NP0436408,2,household amenities,hh_amenities_internet,455
Gandaki,Gorkha,Shahid Lakhan,NP04,NP0436,NP0436408,2,household amenities,hh_amenities_car_jeep_van,20
Gandaki,Gorkha,Shahid Lakhan,NP04,NP0436,NP0436408,2,household amenities,hh_amenities_motorcycle_scooter,47
Gandaki,Gorkha,Shahid Lakhan,NP04,NP0436,NP0436408,2,household amenities,hh_amenities_bicycle,3
Gandaki,Gorkha,Shahid Lakhan,NP04,NP0436,NP0436408,2,household amenities,hh_amenities_electric_fan,172
Gandaki,Gorkha,Shahid Lakhan,NP04,NP0436,NP0436408,2,household amenities,hh_amenities_refridgerator,179
Gandaki,Gorkha,Shahid Lakhan,NP04,NP0436,NP0436408,2,household amenities,hh_amenities_washing_machine,7
Gandaki,Gorkha,Shahid Lakhan,NP04,NP0436,NP0436408,2,household amenities,hh_amenities_air_conditioner,0
Gandaki,Gorkha,Shahid Lakhan,NP04,NP0436,NP0436408,2,wealth quintile,wealth_quintile_poorest_quintile_count,47
Gandaki,Gorkha,Shahid Lakhan,NP04,NP0436,NP0436408,2,wealth quintile,wealth_quintile_poorer_quintile_count,110
Gandaki,Gorkha,Shahid Lakhan,NP04,NP0436,NP0436408,2,wealth quintile,wealth_quintile_middle_quintile_count,175
Gandaki,Gorkha,Shahid Lakhan,NP04,NP0436,NP0436408,2,wealth quintile,wealth_quintile_richer_quintile_count,198
Gandaki,Gorkha,Shahid Lakhan,NP04,NP0436,NP0436408,2,wealth quintile,wealth_quintile_richest_quintile_count,145
Gandaki,Gorkha,Shahid Lakhan,NP04,NP0436,NP0436408,2,wealth quintile,wealth_quintile_poorest_quintile_pc,6.96
Gandaki,Gorkha,Shahid Lakhan,NP04,NP0436,NP0436408,2,wealth quintile,wealth_quintile_poorer_quintile_pc,16.3
Gandaki,Gorkha,Shahid Lakhan,NP04,NP0436,NP0436408,2,wealth quintile,wealth_quintile_middle_quintile_pc,25.93
Gandaki,Gorkha,Shahid Lakhan,NP04,NP0436,NP0436408,2,wealth quintile,wealth_quintile_richer_quintile_pc,29.33
Gandaki,Gorkha,Shahid Lakhan,NP04,NP0436,NP0436408,2,wealth quintile,wealth_quintile_richest_quintile_pc,21.48
Gandaki,Gorkha,Shahid Lakhan,NP04,NP0436,NP0436408,2,housing,house_quality_most_adequate_count,200
Gandaki,Gorkha,Shahid Lakhan,NP04,NP0436,NP0436408,2,housing,house_quality_adequate_count,247
Gandaki,Gorkha,Shahid Lakhan,NP04,NP0436,NP0436408,2,housing,house_quality_moderate_count,220
Gandaki,Gorkha,Shahid Lakhan,NP04,NP0436,NP0436408,2,housing,house_quality_inadequate_count,8
Gandaki,Gorkha,Shahid Lakhan,NP04,NP0436,NP0436408,2,housing,house_quality_least_adequate_count,0
Gandaki,Gorkha,Shahid Lakhan,NP04,NP0436,NP0436408,2,housing,house_quality_most_adequate_pc,29.63
Gandaki,Gorkha,Shahid Lakhan,NP04,NP0436,NP0436408,2,housing,house_quality_adequate_pc,36.59
Gandaki,Gorkha,Shahid Lakhan,NP04,NP0436,NP0436408,2,housing,house_quality_moderate_pc,32.59
Gandaki,Gorkha,Shahid Lakhan,NP04,NP0436,NP0436408,2,housing,house_quality_inadequate_pc,1.19
Gandaki,Gorkha,Shahid Lakhan,NP04,NP0436,NP0436408,2,housing,house_quality_least_adequate_pc,0
Gandaki,Gorkha,Shahid Lakhan,NP04,NP0436,NP0436408,3,demographics,total_households,865
Gandaki,Gorkha,Shahid Lakhan,NP04,NP0436,NP0436408,3,housing,home_ownership_owned,790
Gandaki,Gorkha,Shahid Lakhan,NP04,NP0436,NP0436408,3,housing,home_ownership_rented,68
Gandaki,Gorkha,Shahid Lakhan,NP04,NP0436,NP0436408,3,housing,home_ownership_institutional,1
Gandaki,Gorkha,Shahid Lakhan,NP04,NP0436,NP0436408,3,housing,home_ownership_other,6
Gandaki,Gorkha,Shahid Lakhan,NP04,NP0436,NP0436408,3,housing,foundation_mud,294
Gandaki,Gorkha,Shahid Lakhan,NP04,NP0436,NP0436408,3,housing,foundation_mud_bonded_bricks_stone,398
Gandaki,Gorkha,Shahid Lakhan,NP04,NP0436,NP0436408,3,housing,foundation_cement_bonded_bricks_stone,161
Gandaki,Gorkha,Shahid Lakhan,NP04,NP0436,NP0436408,3,housing,foundation_reinforced_cement_concrete_with_pillars,9
Gandaki,Gorkha,Shahid Lakhan,NP04,NP0436,NP0436408,3,housing,foundation_wooden_pillars,3
Gandaki,Gorkha,Shahid Lakhan,NP04,NP0436,NP0436408,3,housing,outer_wall_mud_bonded_bricks_stone,280
Gandaki,Gorkha,Shahid Lakhan,NP04,NP0436,NP0436408,3,housing,outer_wall_cement_bonded_bricks_stone,569
Gandaki,Gorkha,Shahid Lakhan,NP04,NP0436,NP0436408,3,housing,outer_wall_wood_planks,5
Gandaki,Gorkha,Shahid Lakhan,NP04,NP0436,NP0436408,3,housing,outer_wall_bamboo,1
Gandaki,Gorkha,Shahid Lakhan,NP04,NP0436,NP0436408,3,housing,outer_wall_unbaked_bricks,0
Gandaki,Gorkha,Shahid Lakhan,NP04,NP0436,NP0436408,3,housing,outer_wall_galvanised_sheet,10
Gandaki,Gorkha,Shahid Lakhan,NP04,NP0436,NP0436408,3,housing,outer_wall_prefabricated_sheet,0
Gandaki,Gorkha,Shahid Lakhan,NP04,NP0436,NP0436408,3,housing,outer_wall_other,0
Gandaki,Gorkha,Shahid Lakhan,NP04,NP0436,NP0436408,3,housing,roof_galvanised_sheet,482
Gandaki,Gorkha,Shahid Lakhan,NP04,NP0436,NP0436408,3,housing,roof_reinforced_cement_concrete,328
Gandaki,Gorkha,Shahid Lakhan,NP04,NP0436,NP0436408,3,housing,roof_thatch_straw,12
Gandaki,Gorkha,Shahid Lakhan,NP04,NP0436,NP0436408,3,housing,roof_tile,1
Gandaki,Gorkha,Shahid Lakhan,NP04,NP0436,NP0436408,3,housing,roof_stone_slate,42
Gandaki,Gorkha,Shahid Lakhan,NP04,NP0436,NP0436408,3,housing,roof_wood_planks,0
Gandaki,Gorkha,Shahid Lakhan,NP04,NP0436,NP0436408,3,housing,roof_mud,0
Gandaki,Gorkha,Shahid Lakhan,NP04,NP0436,NP0436408,3,housing,roof_other,0
Gandaki,Gorkha,Shahid Lakhan,NP04,NP0436,NP0436408,3,housing,floor_mud,212
Gandaki,Gorkha,Shahid Lakhan,NP04,NP0436,NP0436408,3,housing,floor_wooden_plank_bamboo,25
Gandaki,Gorkha,Shahid Lakhan,NP04,NP0436,NP0436408,3,housing,floor_bricks_stone,5
Gandaki,Gorkha,Shahid Lakhan,NP04,NP0436,NP0436408,3,housing,floor_ceramic_tile,2
Gandaki,Gorkha,Shahid Lakhan,NP04,NP0436,NP0436408,3,housing,floor_cemented,618
Gandaki,Gorkha,Shahid Lakhan,NP04,NP0436,NP0436408,3,housing,floor_other,3
Gandaki,Gorkha,Shahid Lakhan,NP04,NP0436,NP0436408,3,drinking water,drinking_water_tap_piped_within_premises,556
Gandaki,Gorkha,Shahid Lakhan,NP04,NP0436,NP0436408,3,drinking water,drinking_water_tap_piped_outside_premises,228
Gandaki,Gorkha,Shahid Lakhan,NP04,NP0436,NP0436408,3,drinking water,drinking_water_tubewell_handpump,0
Gandaki,Gorkha,Shahid Lakhan,NP04,NP0436,NP0436408,3,drinking water,drinking_water_covered_well_kuwa,1
Gandaki,Gorkha,Shahid Lakhan,NP04,NP0436,NP0436408,3,drinking water,drinking_water_uncovered_well_kuwa,3
Gandaki,Gorkha,Shahid Lakhan,NP04,NP0436,NP0436408,3,drinking water,drinking_water_spout_water,72
Gandaki,Gorkha,Shahid Lakhan,NP04,NP0436,NP0436408,3,drinking water,drinking_water_river_stream,3
Gandaki,Gorkha,Shahid Lakhan,NP04,NP0436,NP0436408,3,drinking water,drinking_water_jar_bottle,0
Gandaki,Gorkha,Shahid Lakhan,NP04,NP0436,NP0436408,3,drinking water,drinking_water_other,2
Gandaki,Gorkha,Shahid Lakhan,NP04,NP0436,NP0436408,3,cooking fuel,cooking_fuel_wood_firewood,467
Gandaki,Gorkha,Shahid Lakhan,NP04,NP0436,NP0436408,3,cooking fuel,cooking_fuel_lpg,386
Gandaki,Gorkha,Shahid Lakhan,NP04,NP0436,NP0436408,3,cooking fuel,cooking_fuel_electricity,6
Gandaki,Gorkha,Shahid Lakhan,NP04,NP0436,NP0436408,3,cooking fuel,cooking_fuel_cowdung,0
Gandaki,Gorkha,Shahid Lakhan,NP04,NP0436,NP0436408,3,cooking fuel,cooking_fuel_biogas,4
Gandaki,Gorkha,Shahid Lakhan,NP04,NP0436,NP0436408,3,cooking fuel,cooking_fuel_kerosene,2
Gandaki,Gorkha,Shahid Lakhan,NP04,NP0436,NP0436408,3,cooking fuel,cooking_fuel_other,0
Gandaki,Gorkha,Shahid Lakhan,NP04,NP0436,NP0436408,3,lighting fuel,lighting_electricity,824
Gandaki,Gorkha,Shahid Lakhan,NP04,NP0436,NP0436408,3,lighting fuel,lighting_solar,37
Gandaki,Gorkha,Shahid Lakhan,NP04,NP0436,NP0436408,3,lighting fuel,lighting_kerosene,3
Gandaki,Gorkha,Shahid Lakhan,NP04,NP0436,NP0436408,3,lighting fuel,lighting_biogas,1
Gandaki,Gorkha,Shahid Lakhan,NP04,NP0436,NP0436408,3,lighting fuel,lighting_other,0
Gandaki,Gorkha,Shahid Lakhan,NP04,NP0436,NP0436408,3,sanitation,toilet_flush_public_sewerage,168
Gandaki,Gorkha,Shahid Lakhan,NP04,NP0436,NP0436408,3,sanitation,toilet_flush_septic_tank,566
Gandaki,Gorkha,Shahid Lakhan,NP04,NP0436,NP0436408,3,sanitation,toilet_pit,105
Gandaki,Gorkha,Shahid Lakhan,NP04,NP0436,NP0436408,3,sanitation,toilet_public,2
Gandaki,Gorkha,Shahid Lakhan,NP04,NP0436,NP0436408,3,sanitation,toilet_no_toilet,24
Gandaki,Gorkha,Shahid Lakhan,NP04,NP0436,NP0436408,3,household amenities,hh_amenities_without,22
Gandaki,Gorkha,Shahid Lakhan,NP04,NP0436,NP0436408,3,household amenities,hh_amenities_at_least_one,843
Gandaki,Gorkha,Shahid Lakhan,NP04,NP0436,NP0436408,3,household amenities,hh_amenities_radio,301
Gandaki,Gorkha,Shahid Lakhan,NP04,NP0436,NP0436408,3,household amenities,hh_amenities_television,578
Gandaki,Gorkha,Shahid Lakhan,NP04,NP0436,NP0436408,3,household amenities,hh_amenities_landline,51
Gandaki,Gorkha,Shahid Lakhan,NP04,NP0436,NP0436408,3,household amenities,hh_amenities_mobile_phone_ordinary,580
Gandaki,Gorkha,Shahid Lakhan,NP04,NP0436,NP0436408,3,household amenities,hh_amenities_mobile_phone_smart,683
Gandaki,Gorkha,Shahid Lakhan,NP04,NP0436,NP0436408,3,household amenities,hh_amenities_computer_laptop,92
Gandaki,Gorkha,Shahid Lakhan,NP04,NP0436,NP0436408,3,household amenities,hh_amenities_internet,285
Gandaki,Gorkha,Shahid Lakhan,NP04,NP0436,NP0436408,3,household amenities,hh_amenities_car_jeep_van,16
Gandaki,Gorkha,Shahid Lakhan,NP04,NP0436,NP0436408,3,household amenities,hh_amenities_motorcycle_scooter,115
Gandaki,Gorkha,Shahid Lakhan,NP04,NP0436,NP0436408,3,household amenities,hh_amenities_bicycle,13
Gandaki,Gorkha,Shahid Lakhan,NP04,NP0436,NP0436408,3,household amenities,hh_amenities_electric_fan,364
Gandaki,Gorkha,Shahid Lakhan,NP04,NP0436,NP0436408,3,household amenities,hh_amenities_refridgerator,249
Gandaki,Gorkha,Shahid Lakhan,NP04,NP0436,NP0436408,3,household amenities,hh_amenities_washing_machine,46
Gandaki,Gorkha,Shahid Lakhan,NP04,NP0436,NP0436408,3,household amenities,hh_amenities_air_conditioner,5
Gandaki,Gorkha,Shahid Lakhan,NP04,NP0436,NP0436408,3,wealth quintile,wealth_quintile_poorest_quintile_count,61
Gandaki,Gorkha,Shahid Lakhan,NP04,NP0436,NP0436408,3,wealth quintile,wealth_quintile_poorer_quintile_count,146
Gandaki,Gorkha,Shahid Lakhan,NP04,NP0436,NP0436408,3,wealth quintile,wealth_quintile_middle_quintile_count,276
Gandaki,Gorkha,Shahid Lakhan,NP04,NP0436,NP0436408,3,wealth quintile,wealth_quintile_richer_quintile_count,231
Gandaki,Gorkha,Shahid Lakhan,NP04,NP0436,NP0436408,3,wealth quintile,wealth_quintile_richest_quintile_count,151
Gandaki,Gorkha,Shahid Lakhan,NP04,NP0436,NP0436408,3,wealth quintile,wealth_quintile_poorest_quintile_pc,7.05
Gandaki,Gorkha,Shahid Lakhan,NP04,NP0436,NP0436408,3,wealth quintile,wealth_quintile_poorer_quintile_pc,16.88
Gandaki,Gorkha,Shahid Lakhan,NP04,NP0436,NP0436408,3,wealth quintile,wealth_quintile_middle_quintile_pc,31.91
Gandaki,Gorkha,Shahid Lakhan,NP04,NP0436,NP0436408,3,wealth quintile,wealth_quintile_richer_quintile_pc,26.71
Gandaki,Gorkha,Shahid Lakhan,NP04,NP0436,NP0436408,3,wealth quintile,wealth_quintile_richest_quintile_pc,17.46
Gandaki,Gorkha,Shahid Lakhan,NP04,NP0436,NP0436408,3,housing,house_quality_most_adequate_count,278
Gandaki,Gorkha,Shahid Lakhan,NP04,NP0436,NP0436408,3,housing,house_quality_adequate_count,369
Gandaki,Gorkha,Shahid Lakhan,NP04,NP0436,NP0436408,3,housing,house_quality_moderate_count,196
Gandaki,Gorkha,Shahid Lakhan,NP04,NP0436,NP0436408,3,housing,house_quality_inadequate_count,21
Gandaki,Gorkha,Shahid Lakhan,NP04,NP0436,NP0436408,3,housing,house_quality_least_adequate_count,1
Gandaki,Gorkha,Shahid Lakhan,NP04,NP0436,NP0436408,3,housing,house_quality_most_adequate_pc,32.14
Gandaki,Gorkha,Shahid Lakhan,NP04,NP0436,NP0436408,3,housing,house_quality_adequate_pc,42.66
Gandaki,Gorkha,Shahid Lakhan,NP04,NP0436,NP0436408,3,housing,house_quality_moderate_pc,22.66
Gandaki,Gorkha,Shahid Lakhan,NP04,NP0436,NP0436408,3,housing,house_quality_inadequate_pc,2.43
Gandaki,Gorkha,Shahid Lakhan,NP04,NP0436,NP0436408,3,housing,house_quality_least_adequate_pc,0.12
Gandaki,Gorkha,Shahid Lakhan,NP04,NP0436,NP0436408,4,demographics,total_households,739
Gandaki,Gorkha,Shahid Lakhan,NP04,NP0436,NP0436408,4,housing,home_ownership_owned,709
Gandaki,Gorkha,Shahid Lakhan,NP04,NP0436,NP0436408,4,housing,home_ownership_rented,25
Gandaki,Gorkha,Shahid Lakhan,NP04,NP0436,NP0436408,4,housing,home_ownership_institutional,2
Gandaki,Gorkha,Shahid Lakhan,NP04,NP0436,NP0436408,4,housing,home_ownership_other,3
Gandaki,Gorkha,Shahid Lakhan,NP04,NP0436,NP0436408,4,housing,foundation_mud,482
Gandaki,Gorkha,Shahid Lakhan,NP04,NP0436,NP0436408,4,housing,foundation_mud_bonded_bricks_stone,184
Gandaki,Gorkha,Shahid Lakhan,NP04,NP0436,NP0436408,4,housing,foundation_cement_bonded_bricks_stone,57
Gandaki,Gorkha,Shahid Lakhan,NP04,NP0436,NP0436408,4,housing,foundation_reinforced_cement_concrete_with_pillars,15
Gandaki,Gorkha,Shahid Lakhan,NP04,NP0436,NP0436408,4,housing,foundation_wooden_pillars,1
Gandaki,Gorkha,Shahid Lakhan,NP04,NP0436,NP0436408,4,housing,outer_wall_mud_bonded_bricks_stone,421
Gandaki,Gorkha,Shahid Lakhan,NP04,NP0436,NP0436408,4,housing,outer_wall_cement_bonded_bricks_stone,286
Gandaki,Gorkha,Shahid Lakhan,NP04,NP0436,NP0436408,4,housing,outer_wall_wood_planks,12
Gandaki,Gorkha,Shahid Lakhan,NP04,NP0436,NP0436408,4,housing,outer_wall_bamboo,8
Gandaki,Gorkha,Shahid Lakhan,NP04,NP0436,NP0436408,4,housing,outer_wall_unbaked_bricks,1
Gandaki,Gorkha,Shahid Lakhan,NP04,NP0436,NP0436408,4,housing,outer_wall_galvanised_sheet,10
Gandaki,Gorkha,Shahid Lakhan,NP04,NP0436,NP0436408,4,housing,outer_wall_prefabricated_sheet,0
Gandaki,Gorkha,Shahid Lakhan,NP04,NP0436,NP0436408,4,housing,outer_wall_other,1
Gandaki,Gorkha,Shahid Lakhan,NP04,NP0436,NP0436408,4,housing,roof_galvanised_sheet,601
Gandaki,Gorkha,Shahid Lakhan,NP04,NP0436,NP0436408,4,housing,roof_reinforced_cement_concrete,54
Gandaki,Gorkha,Shahid Lakhan,NP04,NP0436,NP0436408,4,housing,roof_thatch_straw,3
Gandaki,Gorkha,Shahid Lakhan,NP04,NP0436,NP0436408,4,housing,roof_tile,0
Gandaki,Gorkha,Shahid Lakhan,NP04,NP0436,NP0436408,4,housing,roof_stone_slate,80
Gandaki,Gorkha,Shahid Lakhan,NP04,NP0436,NP0436408,4,housing,roof_wood_planks,0
Gandaki,Gorkha,Shahid Lakhan,NP04,NP0436,NP0436408,4,housing,roof_mud,0
Gandaki,Gorkha,Shahid Lakhan,NP04,NP0436,NP0436408,4,housing,roof_other,1
Gandaki,Gorkha,Shahid Lakhan,NP04,NP0436,NP0436408,4,housing,floor_mud,308
Gandaki,Gorkha,Shahid Lakhan,NP04,NP0436,NP0436408,4,housing,floor_wooden_plank_bamboo,9
Gandaki,Gorkha,Shahid Lakhan,NP04,NP0436,NP0436408,4,housing,floor_bricks_stone,0
Gandaki,Gorkha,Shahid Lakhan,NP04,NP0436,NP0436408,4,housing,floor_ceramic_tile,1
Gandaki,Gorkha,Shahid Lakhan,NP04,NP0436,NP0436408,4,housing,floor_cemented,418
Gandaki,Gorkha,Shahid Lakhan,NP04,NP0436,NP0436408,4,housing,floor_other,3
Gandaki,Gorkha,Shahid Lakhan,NP04,NP0436,NP0436408,4,drinking water,drinking_water_tap_piped_within_premises,482
Gandaki,Gorkha,Shahid Lakhan,NP04,NP0436,NP0436408,4,drinking water,drinking_water_tap_piped_outside_premises,236
Gandaki,Gorkha,Shahid Lakhan,NP04,NP0436,NP0436408,4,drinking water,drinking_water_tubewell_handpump,0
Gandaki,Gorkha,Shahid Lakhan,NP04,NP0436,NP0436408,4,drinking water,drinking_water_covered_well_kuwa,0
Gandaki,Gorkha,Shahid Lakhan,NP04,NP0436,NP0436408,4,drinking water,drinking_water_uncovered_well_kuwa,7
Gandaki,Gorkha,Shahid Lakhan,NP04,NP0436,NP0436408,4,drinking water,drinking_water_spout_water,12
Gandaki,Gorkha,Shahid Lakhan,NP04,NP0436,NP0436408,4,drinking water,drinking_water_river_stream,1
Gandaki,Gorkha,Shahid Lakhan,NP04,NP0436,NP0436408,4,drinking water,drinking_water_jar_bottle,0
Gandaki,Gorkha,Shahid Lakhan,NP04,NP0436,NP0436408,4,drinking water,drinking_water_other,1
Gandaki,Gorkha,Shahid Lakhan,NP04,NP0436,NP0436408,4,cooking fuel,cooking_fuel_wood_firewood,533
Gandaki,Gorkha,Shahid Lakhan,NP04,NP0436,NP0436408,4,cooking fuel,cooking_fuel_lpg,200
Gandaki,Gorkha,Shahid Lakhan,NP04,NP0436,NP0436408,4,cooking fuel,cooking_fuel_electricity,1
Gandaki,Gorkha,Shahid Lakhan,NP04,NP0436,NP0436408,4,cooking fuel,cooking_fuel_cowdung,0
Gandaki,Gorkha,Shahid Lakhan,NP04,NP0436,NP0436408,4,cooking fuel,cooking_fuel_biogas,4
Gandaki,Gorkha,Shahid Lakhan,NP04,NP0436,NP0436408,4,cooking fuel,cooking_fuel_kerosene,0
Gandaki,Gorkha,Shahid Lakhan,NP04,NP0436,NP0436408,4,cooking fuel,cooking_fuel_other,1
Gandaki,Gorkha,Shahid Lakhan,NP04,NP0436,NP0436408,4,lighting fuel,lighting_electricity,712
Gandaki,Gorkha,Shahid Lakhan,NP04,NP0436,NP0436408,4,lighting fuel,lighting_solar,18
Gandaki,Gorkha,Shahid Lakhan,NP04,NP0436,NP0436408,4,lighting fuel,lighting_kerosene,2
Gandaki,Gorkha,Shahid Lakhan,NP04,NP0436,NP0436408,4,lighting fuel,lighting_biogas,0
Gandaki,Gorkha,Shahid Lakhan,NP04,NP0436,NP0436408,4,lighting fuel,lighting_other,7
Gandaki,Gorkha,Shahid Lakhan,NP04,NP0436,NP0436408,4,sanitation,toilet_flush_public_sewerage,5
Gandaki,Gorkha,Shahid Lakhan,NP04,NP0436,NP0436408,4,sanitation,toilet_flush_septic_tank,714
Gandaki,Gorkha,Shahid Lakhan,NP04,NP0436,NP0436408,4,sanitation,toilet_pit,12
Gandaki,Gorkha,Shahid Lakhan,NP04,NP0436,NP0436408,4,sanitation,toilet_public,2
Gandaki,Gorkha,Shahid Lakhan,NP04,NP0436,NP0436408,4,sanitation,toilet_no_toilet,6
Gandaki,Gorkha,Shahid Lakhan,NP04,NP0436,NP0436408,4,household amenities,hh_amenities_without,23
Gandaki,Gorkha,Shahid Lakhan,NP04,NP0436,NP0436408,4,household amenities,hh_amenities_at_least_one,716
Gandaki,Gorkha,Shahid Lakhan,NP04,NP0436,NP0436408,4,household amenities,hh_amenities_radio,151
Gandaki,Gorkha,Shahid Lakhan,NP04,NP0436,NP0436408,4,household amenities,hh_amenities_television,411
Gandaki,Gorkha,Shahid Lakhan,NP04,NP0436,NP0436408,4,household amenities,hh_amenities_landline,5
Gandaki,Gorkha,Shahid Lakhan,NP04,NP0436,NP0436408,4,household amenities,hh_amenities_mobile_phone_ordinary,580
Gandaki,Gorkha,Shahid Lakhan,NP04,NP0436,NP0436408,4,household amenities,hh_amenities_mobile_phone_smart,542
Gandaki,Gorkha,Shahid Lakhan,NP04,NP0436,NP0436408,4,household amenities,hh_amenities_computer_laptop,38
Gandaki,Gorkha,Shahid Lakhan,NP04,NP0436,NP0436408,4,household amenities,hh_amenities_internet,89
Gandaki,Gorkha,Shahid Lakhan,NP04,NP0436,NP0436408,4,household amenities,hh_amenities_car_jeep_van,12
Gandaki,Gorkha,Shahid Lakhan,NP04,NP0436,NP0436408,4,household amenities,hh_amenities_motorcycle_scooter,63
Gandaki,Gorkha,Shahid Lakhan,NP04,NP0436,NP0436408,4,household amenities,hh_amenities_bicycle,9
Gandaki,Gorkha,Shahid Lakhan,NP04,NP0436,NP0436408,4,household amenities,hh_amenities_electric_fan,178
Gandaki,Gorkha,Shahid Lakhan,NP04,NP0436,NP0436408,4,household amenities,hh_amenities_refridgerator,92
Gandaki,Gorkha,Shahid Lakhan,NP04,NP0436,NP0436408,4,household amenities,hh_amenities_washing_machine,0
Gandaki,Gorkha,Shahid Lakhan,NP04,NP0436,NP0436408,4,household amenities,hh_amenities_air_conditioner,2
Gandaki,Gorkha,Shahid Lakhan,NP04,NP0436,NP0436408,4,wealth quintile,wealth_quintile_poorest_quintile_count,86
Gandaki,Gorkha,Shahid Lakhan,NP04,NP0436,NP0436408,4,wealth quintile,wealth_quintile_poorer_quintile_count,248
Gandaki,Gorkha,Shahid Lakhan,NP04,NP0436,NP0436408,4,wealth quintile,wealth_quintile_middle_quintile_count,257
Gandaki,Gorkha,Shahid Lakhan,NP04,NP0436,NP0436408,4,wealth quintile,wealth_quintile_richer_quintile_count,114
Gandaki,Gorkha,Shahid Lakhan,NP04,NP0436,NP0436408,4,wealth quintile,wealth_quintile_richest_quintile_count,34
Gandaki,Gorkha,Shahid Lakhan,NP04,NP0436,NP0436408,4,wealth quintile,wealth_quintile_poorest_quintile_pc,11.64
Gandaki,Gorkha,Shahid Lakhan,NP04,NP0436,NP0436408,4,wealth quintile,wealth_quintile_poorer_quintile_pc,33.56
Gandaki,Gorkha,Shahid Lakhan,NP04,NP0436,NP0436408,4,wealth quintile,wealth_quintile_middle_quintile_pc,34.78
Gandaki,Gorkha,Shahid Lakhan,NP04,NP0436,NP0436408,4,wealth quintile,wealth_quintile_richer_quintile_pc,15.43
Gandaki,Gorkha,Shahid Lakhan,NP04,NP0436,NP0436408,4,wealth quintile,wealth_quintile_richest_quintile_pc,4.6
Gandaki,Gorkha,Shahid Lakhan,NP04,NP0436,NP0436408,4,housing,house_quality_most_adequate_count,93
Gandaki,Gorkha,Shahid Lakhan,NP04,NP0436,NP0436408,4,housing,house_quality_adequate_count,346
Gandaki,Gorkha,Shahid Lakhan,NP04,NP0436,NP0436408,4,housing,house_quality_moderate_count,295
Gandaki,Gorkha,Shahid Lakhan,NP04,NP0436,NP0436408,4,housing,house_quality_inadequate_count,4
Gandaki,Gorkha,Shahid Lakhan,NP04,NP0436,NP0436408,4,housing,house_quality_least_adequate_count,1
Gandaki,Gorkha,Shahid Lakhan,NP04,NP0436,NP0436408,4,housing,house_quality_most_adequate_pc,12.58
Gandaki,Gorkha,Shahid Lakhan,NP04,NP0436,NP0436408,4,housing,house_quality_adequate_pc,46.82
Gandaki,Gorkha,Shahid Lakhan,NP04,NP0436,NP0436408,4,housing,house_quality_moderate_pc,39.92
Gandaki,Gorkha,Shahid Lakhan,NP04,NP0436,NP0436408,4,housing,house_quality_inadequate_pc,0.54
Gandaki,Gorkha,Shahid Lakhan,NP04,NP0436,NP0436408,4,housing,house_quality_least_adequate_pc,0.14
Gandaki,Gorkha,Shahid Lakhan,NP04,NP0436,NP0436408,5,demographics,total_households,518
Gandaki,Gorkha,Shahid Lakhan,NP04,NP0436,NP0436408,5,housing,home_ownership_owned,510
Gandaki,Gorkha,Shahid Lakhan,NP04,NP0436,NP0436408,5,housing,home_ownership_rented,6
Gandaki,Gorkha,Shahid Lakhan,NP04,NP0436,NP0436408,5,housing,home_ownership_institutional,2
Gandaki,Gorkha,Shahid Lakhan,NP04,NP0436,NP0436408,5,housing,home_ownership_other,0
Gandaki,Gorkha,Shahid Lakhan,NP04,NP0436,NP0436408,5,housing,foundation_mud,332
Gandaki,Gorkha,Shahid Lakhan,NP04,NP0436,NP0436408,5,housing,foundation_mud_bonded_bricks_stone,122
Gandaki,Gorkha,Shahid Lakhan,NP04,NP0436,NP0436408,5,housing,foundation_cement_bonded_bricks_stone,62
Gandaki,Gorkha,Shahid Lakhan,NP04,NP0436,NP0436408,5,housing,foundation_reinforced_cement_concrete_with_pillars,2
Gandaki,Gorkha,Shahid Lakhan,NP04,NP0436,NP0436408,5,housing,foundation_wooden_pillars,0
Gandaki,Gorkha,Shahid Lakhan,NP04,NP0436,NP0436408,5,housing,outer_wall_mud_bonded_bricks_stone,344
Gandaki,Gorkha,Shahid Lakhan,NP04,NP0436,NP0436408,5,housing,outer_wall_cement_bonded_bricks_stone,170
Gandaki,Gorkha,Shahid Lakhan,NP04,NP0436,NP0436408,5,housing,outer_wall_wood_planks,1
Gandaki,Gorkha,Shahid Lakhan,NP04,NP0436,NP0436408,5,housing,outer_wall_bamboo,1
Gandaki,Gorkha,Shahid Lakhan,NP04,NP0436,NP0436408,5,housing,outer_wall_unbaked_bricks,0
Gandaki,Gorkha,Shahid Lakhan,NP04,NP0436,NP0436408,5,housing,outer_wall_galvanised_sheet,2
Gandaki,Gorkha,Shahid Lakhan,NP04,NP0436,NP0436408,5,housing,outer_wall_prefabricated_sheet,0
Gandaki,Gorkha,Shahid Lakhan,NP04,NP0436,NP0436408,5,housing,outer_wall_other,0
Gandaki,Gorkha,Shahid Lakhan,NP04,NP0436,NP0436408,5,housing,roof_galvanised_sheet,381
Gandaki,Gorkha,Shahid Lakhan,NP04,NP0436,NP0436408,5,housing,roof_reinforced_cement_concrete,81
Gandaki,Gorkha,Shahid Lakhan,NP04,NP0436,NP0436408,5,housing,roof_thatch_straw,2
Gandaki,Gorkha,Shahid Lakhan,NP04,NP0436,NP0436408,5,housing,roof_tile,2
Gandaki,Gorkha,Shahid Lakhan,NP04,NP0436,NP0436408,5,housing,roof_stone_slate,52
Gandaki,Gorkha,Shahid Lakhan,NP04,NP0436,NP0436408,5,housing,roof_wood_planks,0
Gandaki,Gorkha,Shahid Lakhan,NP04,NP0436,NP0436408,5,housing,roof_mud,0
Gandaki,Gorkha,Shahid Lakhan,NP04,NP0436,NP0436408,5,housing,roof_other,0
Gandaki,Gorkha,Shahid Lakhan,NP04,NP0436,NP0436408,5,housing,floor_mud,248
Gandaki,Gorkha,Shahid Lakhan,NP04,NP0436,NP0436408,5,housing,floor_wooden_plank_bamboo,43
Gandaki,Gorkha,Shahid Lakhan,NP04,NP0436,NP0436408,5,housing,floor_bricks_stone,4
Gandaki,Gorkha,Shahid Lakhan,NP04,NP0436,NP0436408,5,housing,floor_ceramic_tile,1
Gandaki,Gorkha,Shahid Lakhan,NP04,NP0436,NP0436408,5,housing,floor_cemented,221
Gandaki,Gorkha,Shahid Lakhan,NP04,NP0436,NP0436408,5,housing,floor_other,1
Gandaki,Gorkha,Shahid Lakhan,NP04,NP0436,NP0436408,5,drinking water,drinking_water_tap_piped_within_premises,264
Gandaki,Gorkha,Shahid Lakhan,NP04,NP0436,NP0436408,5,drinking water,drinking_water_tap_piped_outside_premises,249
Gandaki,Gorkha,Shahid Lakhan,NP04,NP0436,NP0436408,5,drinking water,drinking_water_tubewell_handpump,0
Gandaki,Gorkha,Shahid Lakhan,NP04,NP0436,NP0436408,5,drinking water,drinking_water_covered_well_kuwa,0
Gandaki,Gorkha,Shahid Lakhan,NP04,NP0436,NP0436408,5,drinking water,drinking_water_uncovered_well_kuwa,5
Gandaki,Gorkha,Shahid Lakhan,NP04,NP0436,NP0436408,5,drinking water,drinking_water_spout_water,0
Gandaki,Gorkha,Shahid Lakhan,NP04,NP0436,NP0436408,5,drinking water,drinking_water_river_stream,0
Gandaki,Gorkha,Shahid Lakhan,NP04,NP0436,NP0436408,5,drinking water,drinking_water_jar_bottle,0
Gandaki,Gorkha,Shahid Lakhan,NP04,NP0436,NP0436408,5,drinking water,drinking_water_other,0
Gandaki,Gorkha,Shahid Lakhan,NP04,NP0436,NP0436408,5,cooking fuel,cooking_fuel_wood_firewood,439
Gandaki,Gorkha,Shahid Lakhan,NP04,NP0436,NP0436408,5,cooking fuel,cooking_fuel_lpg,73
Gandaki,Gorkha,Shahid Lakhan,NP04,NP0436,NP0436408,5,cooking fuel,cooking_fuel_electricity,4
Gandaki,Gorkha,Shahid Lakhan,NP04,NP0436,NP0436408,5,cooking fuel,cooking_fuel_cowdung,0
Gandaki,Gorkha,Shahid Lakhan,NP04,NP0436,NP0436408,5,cooking fuel,cooking_fuel_biogas,2
Gandaki,Gorkha,Shahid Lakhan,NP04,NP0436,NP0436408,5,cooking fuel,cooking_fuel_kerosene,0
Gandaki,Gorkha,Shahid Lakhan,NP04,NP0436,NP0436408,5,cooking fuel,cooking_fuel_other,0
Gandaki,Gorkha,Shahid Lakhan,NP04,NP0436,NP0436408,5,lighting fuel,lighting_electricity,511
Gandaki,Gorkha,Shahid Lakhan,NP04,NP0436,NP0436408,5,lighting fuel,lighting_solar,6
Gandaki,Gorkha,Shahid Lakhan,NP04,NP0436,NP0436408,5,lighting fuel,lighting_kerosene,0
Gandaki,Gorkha,Shahid Lakhan,NP04,NP0436,NP0436408,5,lighting fuel,lighting_biogas,0
Gandaki,Gorkha,Shahid Lakhan,NP04,NP0436,NP0436408,5,lighting fuel,lighting_other,1
Gandaki,Gorkha,Shahid Lakhan,NP04,NP0436,NP0436408,5,sanitation,toilet_flush_public_sewerage,12
Gandaki,Gorkha,Shahid Lakhan,NP04,NP0436,NP0436408,5,sanitation,toilet_flush_septic_tank,499
Gandaki,Gorkha,Shahid Lakhan,NP04,NP0436,NP0436408,5,sanitation,toilet_pit,5
Gandaki,Gorkha,Shahid Lakhan,NP04,NP0436,NP0436408,5,sanitation,toilet_public,2
Gandaki,Gorkha,Shahid Lakhan,NP04,NP0436,NP0436408,5,sanitation,toilet_no_toilet,0
Gandaki,Gorkha,Shahid Lakhan,NP04,NP0436,NP0436408,5,household amenities,hh_amenities_without,13
Gandaki,Gorkha,Shahid Lakhan,NP04,NP0436,NP0436408,5,household amenities,hh_amenities_at_least_one,505
Gandaki,Gorkha,Shahid Lakhan,NP04,NP0436,NP0436408,5,household amenities,hh_amenities_radio,325
Gandaki,Gorkha,Shahid Lakhan,NP04,NP0436,NP0436408,5,household amenities,hh_amenities_television,249
Gandaki,Gorkha,Shahid Lakhan,NP04,NP0436,NP0436408,5,household amenities,hh_amenities_landline,0
Gandaki,Gorkha,Shahid Lakhan,NP04,NP0436,NP0436408,5,household amenities,hh_amenities_mobile_phone_ordinary,405
Gandaki,Gorkha,Shahid Lakhan,NP04,NP0436,NP0436408,5,household amenities,hh_amenities_mobile_phone_smart,371
Gandaki,Gorkha,Shahid Lakhan,NP04,NP0436,NP0436408,5,household amenities,hh_amenities_computer_laptop,22
Gandaki,Gorkha,Shahid Lakhan,NP04,NP0436,NP0436408,5,household amenities,hh_amenities_internet,149
Gandaki,Gorkha,Shahid Lakhan,NP04,NP0436,NP0436408,5,household amenities,hh_amenities_car_jeep_van,2
Gandaki,Gorkha,Shahid Lakhan,NP04,NP0436,NP0436408,5,household amenities,hh_amenities_motorcycle_scooter,56
Gandaki,Gorkha,Shahid Lakhan,NP04,NP0436,NP0436408,5,household amenities,hh_amenities_bicycle,3
Gandaki,Gorkha,Shahid Lakhan,NP04,NP0436,NP0436408,5,household amenities,hh_amenities_electric_fan,31
Gandaki,Gorkha,Shahid Lakhan,NP04,NP0436,NP0436408,5,household amenities,hh_amenities_refridgerator,47
Gandaki,Gorkha,Shahid Lakhan,NP04,NP0436,NP0436408,5,household amenities,hh_amenities_washing_machine,0
Gandaki,Gorkha,Shahid Lakhan,NP04,NP0436,NP0436408,5,household amenities,hh_amenities_air_conditioner,1
Gandaki,Gorkha,Shahid Lakhan,NP04,NP0436,NP0436408,5,wealth quintile,wealth_quintile_poorest_quintile_count,72
Gandaki,Gorkha,Shahid Lakhan,NP04,NP0436,NP0436408,5,wealth quintile,wealth_quintile_poorer_quintile_count,180
Gandaki,Gorkha,Shahid Lakhan,NP04,NP0436,NP0436408,5,wealth quintile,wealth_quintile_middle_quintile_count,181
Gandaki,Gorkha,Shahid Lakhan,NP04,NP0436,NP0436408,5,wealth quintile,wealth_quintile_richer_quintile_count,75
Gandaki,Gorkha,Shahid Lakhan,NP04,NP0436,NP0436408,5,wealth quintile,wealth_quintile_richest_quintile_count,10
Gandaki,Gorkha,Shahid Lakhan,NP04,NP0436,NP0436408,5,wealth quintile,wealth_quintile_poorest_quintile_pc,13.9
Gandaki,Gorkha,Shahid Lakhan,NP04,NP0436,NP0436408,5,wealth quintile,wealth_quintile_poorer_quintile_pc,34.75
Gandaki,Gorkha,Shahid Lakhan,NP04,NP0436,NP0436408,5,wealth quintile,wealth_quintile_middle_quintile_pc,34.94
Gandaki,Gorkha,Shahid Lakhan,NP04,NP0436,NP0436408,5,wealth quintile,wealth_quintile_richer_quintile_pc,14.48
Gandaki,Gorkha,Shahid Lakhan,NP04,NP0436,NP0436408,5,wealth quintile,wealth_quintile_richest_quintile_pc,1.93
Gandaki,Gorkha,Shahid Lakhan,NP04,NP0436,NP0436408,5,housing,house_quality_most_adequate_count,38
Gandaki,Gorkha,Shahid Lakhan,NP04,NP0436,NP0436408,5,housing,house_quality_adequate_count,212
Gandaki,Gorkha,Shahid Lakhan,NP04,NP0436,NP0436408,5,housing,house_quality_moderate_count,268
Gandaki,Gorkha,Shahid Lakhan,NP04,NP0436,NP0436408,5,housing,house_quality_inadequate_count,0
Gandaki,Gorkha,Shahid Lakhan,NP04,NP0436,NP0436408,5,housing,house_quality_least_adequate_count,0
Gandaki,Gorkha,Shahid Lakhan,NP04,NP0436,NP0436408,5,housing,house_quality_most_adequate_pc,7.34
Gandaki,Gorkha,Shahid Lakhan,NP04,NP0436,NP0436408,5,housing,house_quality_adequate_pc,40.93
Gandaki,Gorkha,Shahid Lakhan,NP04,NP0436,NP0436408,5,housing,house_quality_moderate_pc,51.74
Gandaki,Gorkha,Shahid Lakhan,NP04,NP0436,NP0436408,5,housing,house_quality_inadequate_pc,0
Gandaki,Gorkha,Shahid Lakhan,NP04,NP0436,NP0436408,5,housing,house_quality_least_adequate_pc,0
Gandaki,Gorkha,Shahid Lakhan,NP04,NP0436,NP0436408,6,demographics,total_households,961
Gandaki,Gorkha,Shahid Lakhan,NP04,NP0436,NP0436408,6,housing,home_ownership_owned,928
Gandaki,Gorkha,Shahid Lakhan,NP04,NP0436,NP0436408,6,housing,home_ownership_rented,30
Gandaki,Gorkha,Shahid Lakhan,NP04,NP0436,NP0436408,6,housing,home_ownership_institutional,1
Gandaki,Gorkha,Shahid Lakhan,NP04,NP0436,NP0436408,6,housing,home_ownership_other,2
Gandaki,Gorkha,Shahid Lakhan,NP04,NP0436,NP0436408,6,housing,foundation_mud,607
Gandaki,Gorkha,Shahid Lakhan,NP04,NP0436,NP0436408,6,housing,foundation_mud_bonded_bricks_stone,230
Gandaki,Gorkha,Shahid Lakhan,NP04,NP0436,NP0436408,6,housing,foundation_cement_bonded_bricks_stone,117
Gandaki,Gorkha,Shahid Lakhan,NP04,NP0436,NP0436408,6,housing,foundation_reinforced_cement_concrete_with_pillars,6
Gandaki,Gorkha,Shahid Lakhan,NP04,NP0436,NP0436408,6,housing,foundation_wooden_pillars,1
Gandaki,Gorkha,Shahid Lakhan,NP04,NP0436,NP0436408,6,housing,outer_wall_mud_bonded_bricks_stone,543
Gandaki,Gorkha,Shahid Lakhan,NP04,NP0436,NP0436408,6,housing,outer_wall_cement_bonded_bricks_stone,398
Gandaki,Gorkha,Shahid Lakhan,NP04,NP0436,NP0436408,6,housing,outer_wall_wood_planks,0
Gandaki,Gorkha,Shahid Lakhan,NP04,NP0436,NP0436408,6,housing,outer_wall_bamboo,2
Gandaki,Gorkha,Shahid Lakhan,NP04,NP0436,NP0436408,6,housing,outer_wall_unbaked_bricks,4
Gandaki,Gorkha,Shahid Lakhan,NP04,NP0436,NP0436408,6,housing,outer_wall_galvanised_sheet,13
Gandaki,Gorkha,Shahid Lakhan,NP04,NP0436,NP0436408,6,housing,outer_wall_prefabricated_sheet,0
Gandaki,Gorkha,Shahid Lakhan,NP04,NP0436,NP0436408,6,housing,outer_wall_other,1
Gandaki,Gorkha,Shahid Lakhan,NP04,NP0436,NP0436408,6,housing,roof_galvanised_sheet,715
Gandaki,Gorkha,Shahid Lakhan,NP04,NP0436,NP0436408,6,housing,roof_reinforced_cement_concrete,203
Gandaki,Gorkha,Shahid Lakhan,NP04,NP0436,NP0436408,6,housing,roof_thatch_straw,0
Gandaki,Gorkha,Shahid Lakhan,NP04,NP0436,NP0436408,6,housing,roof_tile,0
Gandaki,Gorkha,Shahid Lakhan,NP04,NP0436,NP0436408,6,housing,roof_stone_slate,42
Gandaki,Gorkha,Shahid Lakhan,NP04,NP0436,NP0436408,6,housing,roof_wood_planks,0
Gandaki,Gorkha,Shahid Lakhan,NP04,NP0436,NP0436408,6,housing,roof_mud,0
Gandaki,Gorkha,Shahid Lakhan,NP04,NP0436,NP0436408,6,housing,roof_other,1
Gandaki,Gorkha,Shahid Lakhan,NP04,NP0436,NP0436408,6,housing,floor_mud,459
Gandaki,Gorkha,Shahid Lakhan,NP04,NP0436,NP0436408,6,housing,floor_wooden_plank_bamboo,24
Gandaki,Gorkha,Shahid Lakhan,NP04,NP0436,NP0436408,6,housing,floor_bricks_stone,11
Gandaki,Gorkha,Shahid Lakhan,NP04,NP0436,NP0436408,6,housing,floor_ceramic_tile,5
Gandaki,Gorkha,Shahid Lakhan,NP04,NP0436,NP0436408,6,housing,floor_cemented,455
Gandaki,Gorkha,Shahid Lakhan,NP04,NP0436,NP0436408,6,housing,floor_other,7
Gandaki,Gorkha,Shahid Lakhan,NP04,NP0436,NP0436408,6,drinking water,drinking_water_tap_piped_within_premises,464
Gandaki,Gorkha,Shahid Lakhan,NP04,NP0436,NP0436408,6,drinking water,drinking_water_tap_piped_outside_premises,311
Gandaki,Gorkha,Shahid Lakhan,NP04,NP0436,NP0436408,6,drinking water,drinking_water_tubewell_handpump,0
Gandaki,Gorkha,Shahid Lakhan,NP04,NP0436,NP0436408,6,drinking water,drinking_water_covered_well_kuwa,3
Gandaki,Gorkha,Shahid Lakhan,NP04,NP0436,NP0436408,6,drinking water,drinking_water_uncovered_well_kuwa,8
Gandaki,Gorkha,Shahid Lakhan,NP04,NP0436,NP0436408,6,drinking water,drinking_water_spout_water,167
Gandaki,Gorkha,Shahid Lakhan,NP04,NP0436,NP0436408,6,drinking water,drinking_water_river_stream,6
Gandaki,Gorkha,Shahid Lakhan,NP04,NP0436,NP0436408,6,drinking water,drinking_water_jar_bottle,0
Gandaki,Gorkha,Shahid Lakhan,NP04,NP0436,NP0436408,6,drinking water,drinking_water_other,2
Gandaki,Gorkha,Shahid Lakhan,NP04,NP0436,NP0436408,6,cooking fuel,cooking_fuel_wood_firewood,658
Gandaki,Gorkha,Shahid Lakhan,NP04,NP0436,NP0436408,6,cooking fuel,cooking_fuel_lpg,265
Gandaki,Gorkha,Shahid Lakhan,NP04,NP0436,NP0436408,6,cooking fuel,cooking_fuel_electricity,1
Gandaki,Gorkha,Shahid Lakhan,NP04,NP0436,NP0436408,6,cooking fuel,cooking_fuel_cowdung,0
Gandaki,Gorkha,Shahid Lakhan,NP04,NP0436,NP0436408,6,cooking fuel,cooking_fuel_biogas,34
Gandaki,Gorkha,Shahid Lakhan,NP04,NP0436,NP0436408,6,cooking fuel,cooking_fuel_kerosene,1
Gandaki,Gorkha,Shahid Lakhan,NP04,NP0436,NP0436408,6,cooking fuel,cooking_fuel_other,2
Gandaki,Gorkha,Shahid Lakhan,NP04,NP0436,NP0436408,6,lighting fuel,lighting_electricity,952
Gandaki,Gorkha,Shahid Lakhan,NP04,NP0436,NP0436408,6,lighting fuel,lighting_solar,5
Gandaki,Gorkha,Shahid Lakhan,NP04,NP0436,NP0436408,6,lighting fuel,lighting_kerosene,2
Gandaki,Gorkha,Shahid Lakhan,NP04,NP0436,NP0436408,6,lighting fuel,lighting_biogas,1
Gandaki,Gorkha,Shahid Lakhan,NP04,NP0436,NP0436408,6,lighting fuel,lighting_other,1
Gandaki,Gorkha,Shahid Lakhan,NP04,NP0436,NP0436408,6,sanitation,toilet_flush_public_sewerage,13
Gandaki,Gorkha,Shahid Lakhan,NP04,NP0436,NP0436408,6,sanitation,toilet_flush_septic_tank,823
Gandaki,Gorkha,Shahid Lakhan,NP04,NP0436,NP0436408,6,sanitation,toilet_pit,115
Gandaki,Gorkha,Shahid Lakhan,NP04,NP0436,NP0436408,6,sanitation,toilet_public,3
Gandaki,Gorkha,Shahid Lakhan,NP04,NP0436,NP0436408,6,sanitation,toilet_no_toilet,7
Gandaki,Gorkha,Shahid Lakhan,NP04,NP0436,NP0436408,6,household amenities,hh_amenities_without,22
Gandaki,Gorkha,Shahid Lakhan,NP04,NP0436,NP0436408,6,household amenities,hh_amenities_at_least_one,939
Gandaki,Gorkha,Shahid Lakhan,NP04,NP0436,NP0436408,6,household amenities,hh_amenities_radio,431
Gandaki,Gorkha,Shahid Lakhan,NP04,NP0436,NP0436408,6,household amenities,hh_amenities_television,409
Gandaki,Gorkha,Shahid Lakhan,NP04,NP0436,NP0436408,6,household amenities,hh_amenities_landline,5
Gandaki,Gorkha,Shahid Lakhan,NP04,NP0436,NP0436408,6,household amenities,hh_amenities_mobile_phone_ordinary,846
Gandaki,Gorkha,Shahid Lakhan,NP04,NP0436,NP0436408,6,household amenities,hh_amenities_mobile_phone_smart,515
Gandaki,Gorkha,Shahid Lakhan,NP04,NP0436,NP0436408,6,household amenities,hh_amenities_computer_laptop,37
Gandaki,Gorkha,Shahid Lakhan,NP04,NP0436,NP0436408,6,household amenities,hh_amenities_internet,249
Gandaki,Gorkha,Shahid Lakhan,NP04,NP0436,NP0436408,6,household amenities,hh_amenities_car_jeep_van,7
Gandaki,Gorkha,Shahid Lakhan,NP04,NP0436,NP0436408,6,household amenities,hh_amenities_motorcycle_scooter,61
Gandaki,Gorkha,Shahid Lakhan,NP04,NP0436,NP0436408,6,household amenities,hh_amenities_bicycle,7
Gandaki,Gorkha,Shahid Lakhan,NP04,NP0436,NP0436408,6,household amenities,hh_amenities_electric_fan,94
Gandaki,Gorkha,Shahid Lakhan,NP04,NP0436,NP0436408,6,household amenities,hh_amenities_refridgerator,99
Gandaki,Gorkha,Shahid Lakhan,NP04,NP0436,NP0436408,6,household amenities,hh_amenities_washing_machine,1
Gandaki,Gorkha,Shahid Lakhan,NP04,NP0436,NP0436408,6,household amenities,hh_amenities_air_conditioner,0
Gandaki,Gorkha,Shahid Lakhan,NP04,NP0436,NP0436408,6,wealth quintile,wealth_quintile_poorest_quintile_count,238
Gandaki,Gorkha,Shahid Lakhan,NP04,NP0436,NP0436408,6,wealth quintile,wealth_quintile_poorer_quintile_count,241
Gandaki,Gorkha,Shahid Lakhan,NP04,NP0436,NP0436408,6,wealth quintile,wealth_quintile_middle_quintile_count,280
Gandaki,Gorkha,Shahid Lakhan,NP04,NP0436,NP0436408,6,wealth quintile,wealth_quintile_richer_quintile_count,154
Gandaki,Gorkha,Shahid Lakhan,NP04,NP0436,NP0436408,6,wealth quintile,wealth_quintile_richest_quintile_count,48
Gandaki,Gorkha,Shahid Lakhan,NP04,NP0436,NP0436408,6,wealth quintile,wealth_quintile_poorest_quintile_pc,24.77
Gandaki,Gorkha,Shahid Lakhan,NP04,NP0436,NP0436408,6,wealth quintile,wealth_quintile_poorer_quintile_pc,25.08
Gandaki,Gorkha,Shahid Lakhan,NP04,NP0436,NP0436408,6,wealth quintile,wealth_quintile_middle_quintile_pc,29.14
Gandaki,Gorkha,Shahid Lakhan,NP04,NP0436,NP0436408,6,wealth quintile,wealth_quintile_richer_quintile_pc,16.02
Gandaki,Gorkha,Shahid Lakhan,NP04,NP0436,NP0436408,6,wealth quintile,wealth_quintile_richest_quintile_pc,4.99
Gandaki,Gorkha,Shahid Lakhan,NP04,NP0436,NP0436408,6,housing,house_quality_most_adequate_count,147
Gandaki,Gorkha,Shahid Lakhan,NP04,NP0436,NP0436408,6,housing,house_quality_adequate_count,348
Gandaki,Gorkha,Shahid Lakhan,NP04,NP0436,NP0436408,6,housing,house_quality_moderate_count,444
Gandaki,Gorkha,Shahid Lakhan,NP04,NP0436,NP0436408,6,housing,house_quality_inadequate_count,22
Gandaki,Gorkha,Shahid Lakhan,NP04,NP0436,NP0436408,6,housing,house_quality_least_adequate_count,0
Gandaki,Gorkha,Shahid Lakhan,NP04,NP0436,NP0436408,6,housing,house_quality_most_adequate_pc,15.3
Gandaki,Gorkha,Shahid Lakhan,NP04,NP0436,NP0436408,6,housing,house_quality_adequate_pc,36.21
Gandaki,Gorkha,Shahid Lakhan,NP04,NP0436,NP0436408,6,housing,house_quality_moderate_pc,46.2
Gandaki,Gorkha,Shahid Lakhan,NP04,NP0436,NP0436408,6,housing,house_quality_inadequate_pc,2.29
Gandaki,Gorkha,Shahid Lakhan,NP04,NP0436,NP0436408,6,housing,house_quality_least_adequate_pc,0
Gandaki,Gorkha,Gandaki,NP04,NP0436,NP0436409,1,demographics,total_households,620
Gandaki,Gorkha,Gandaki,NP04,NP0436,NP0436409,1,housing,home_ownership_owned,597
Gandaki,Gorkha,Gandaki,NP04,NP0436,NP0436409,1,housing,home_ownership_rented,22
Gandaki,Gorkha,Gandaki,NP04,NP0436,NP0436409,1,housing,home_ownership_institutional,1
Gandaki,Gorkha,Gandaki,NP04,NP0436,NP0436409,1,housing,home_ownership_other,0
Gandaki,Gorkha,Gandaki,NP04,NP0436,NP0436409,1,housing,foundation_mud,227
Gandaki,Gorkha,Gandaki,NP04,NP0436,NP0436409,1,housing,foundation_mud_bonded_bricks_stone,263
Gandaki,Gorkha,Gandaki,NP04,NP0436,NP0436409,1,housing,foundation_cement_bonded_bricks_stone,101
Gandaki,Gorkha,Gandaki,NP04,NP0436,NP0436409,1,housing,foundation_reinforced_cement_concrete_with_pillars,28
Gandaki,Gorkha,Gandaki,NP04,NP0436,NP0436409,1,housing,foundation_wooden_pillars,1
Gandaki,Gorkha,Gandaki,NP04,NP0436,NP0436409,1,housing,outer_wall_mud_bonded_bricks_stone,224
Gandaki,Gorkha,Gandaki,NP04,NP0436,NP0436409,1,housing,outer_wall_cement_bonded_bricks_stone,366
Gandaki,Gorkha,Gandaki,NP04,NP0436,NP0436409,1,housing,outer_wall_wood_planks,15
Gandaki,Gorkha,Gandaki,NP04,NP0436,NP0436409,1,housing,outer_wall_bamboo,8
Gandaki,Gorkha,Gandaki,NP04,NP0436,NP0436409,1,housing,outer_wall_unbaked_bricks,1
Gandaki,Gorkha,Gandaki,NP04,NP0436,NP0436409,1,housing,outer_wall_galvanised_sheet,5
Gandaki,Gorkha,Gandaki,NP04,NP0436,NP0436409,1,housing,outer_wall_prefabricated_sheet,0
Gandaki,Gorkha,Gandaki,NP04,NP0436,NP0436409,1,housing,outer_wall_other,1
Gandaki,Gorkha,Gandaki,NP04,NP0436,NP0436409,1,housing,roof_galvanised_sheet,449
Gandaki,Gorkha,Gandaki,NP04,NP0436,NP0436409,1,housing,roof_reinforced_cement_concrete,147
Gandaki,Gorkha,Gandaki,NP04,NP0436,NP0436409,1,housing,roof_thatch_straw,7
Gandaki,Gorkha,Gandaki,NP04,NP0436,NP0436409,1,housing,roof_tile,1
Gandaki,Gorkha,Gandaki,NP04,NP0436,NP0436409,1,housing,roof_stone_slate,14
Gandaki,Gorkha,Gandaki,NP04,NP0436,NP0436409,1,housing,roof_wood_planks,2
Gandaki,Gorkha,Gandaki,NP04,NP0436,NP0436409,1,housing,roof_mud,0
Gandaki,Gorkha,Gandaki,NP04,NP0436,NP0436409,1,housing,roof_other,0
Gandaki,Gorkha,Gandaki,NP04,NP0436,NP0436409,1,housing,floor_mud,169
Gandaki,Gorkha,Gandaki,NP04,NP0436,NP0436409,1,housing,floor_wooden_plank_bamboo,19
Gandaki,Gorkha,Gandaki,NP04,NP0436,NP0436409,1,housing,floor_bricks_stone,2
Gandaki,Gorkha,Gandaki,NP04,NP0436,NP0436409,1,housing,floor_ceramic_tile,2
Gandaki,Gorkha,Gandaki,NP04,NP0436,NP0436409,1,housing,floor_cemented,412
Gandaki,Gorkha,Gandaki,NP04,NP0436,NP0436409,1,housing,floor_other,16
Gandaki,Gorkha,Gandaki,NP04,NP0436,NP0436409,1,drinking water,drinking_water_tap_piped_within_premises,177
Gandaki,Gorkha,Gandaki,NP04,NP0436,NP0436409,1,drinking water,drinking_water_tap_piped_outside_premises,75
Gandaki,Gorkha,Gandaki,NP04,NP0436,NP0436409,1,drinking water,drinking_water_tubewell_handpump,0
Gandaki,Gorkha,Gandaki,NP04,NP0436,NP0436409,1,drinking water,drinking_water_covered_well_kuwa,1
Gandaki,Gorkha,Gandaki,NP04,NP0436,NP0436409,1,drinking water,drinking_water_uncovered_well_kuwa,17
Gandaki,Gorkha,Gandaki,NP04,NP0436,NP0436409,1,drinking water,drinking_water_spout_water,350
Gandaki,Gorkha,Gandaki,NP04,NP0436,NP0436409,1,drinking water,drinking_water_river_stream,0
Gandaki,Gorkha,Gandaki,NP04,NP0436,NP0436409,1,drinking water,drinking_water_jar_bottle,0
Gandaki,Gorkha,Gandaki,NP04,NP0436,NP0436409,1,drinking water,drinking_water_other,0
Gandaki,Gorkha,Gandaki,NP04,NP0436,NP0436409,1,cooking fuel,cooking_fuel_wood_firewood,402
Gandaki,Gorkha,Gandaki,NP04,NP0436,NP0436409,1,cooking fuel,cooking_fuel_lpg,203
Gandaki,Gorkha,Gandaki,NP04,NP0436,NP0436409,1,cooking fuel,cooking_fuel_electricity,0
Gandaki,Gorkha,Gandaki,NP04,NP0436,NP0436409,1,cooking fuel,cooking_fuel_cowdung,0
Gandaki,Gorkha,Gandaki,NP04,NP0436,NP0436409,1,cooking fuel,cooking_fuel_biogas,11
Gandaki,Gorkha,Gandaki,NP04,NP0436,NP0436409,1,cooking fuel,cooking_fuel_kerosene,3
Gandaki,Gorkha,Gandaki,NP04,NP0436,NP0436409,1,cooking fuel,cooking_fuel_other,1
Gandaki,Gorkha,Gandaki,NP04,NP0436,NP0436409,1,lighting fuel,lighting_electricity,561
Gandaki,Gorkha,Gandaki,NP04,NP0436,NP0436409,1,lighting fuel,lighting_solar,44
Gandaki,Gorkha,Gandaki,NP04,NP0436,NP0436409,1,lighting fuel,lighting_kerosene,7
Gandaki,Gorkha,Gandaki,NP04,NP0436,NP0436409,1,lighting fuel,lighting_biogas,0
Gandaki,Gorkha,Gandaki,NP04,NP0436,NP0436409,1,lighting fuel,lighting_other,8
Gandaki,Gorkha,Gandaki,NP04,NP0436,NP0436409,1,sanitation,toilet_flush_public_sewerage,39
Gandaki,Gorkha,Gandaki,NP04,NP0436,NP0436409,1,sanitation,toilet_flush_septic_tank,539
Gandaki,Gorkha,Gandaki,NP04,NP0436,NP0436409,1,sanitation,toilet_pit,30
Gandaki,Gorkha,Gandaki,NP04,NP0436,NP0436409,1,sanitation,toilet_public,2
Gandaki,Gorkha,Gandaki,NP04,NP0436,NP0436409,1,sanitation,toilet_no_toilet,10
Gandaki,Gorkha,Gandaki,NP04,NP0436,NP0436409,1,household amenities,hh_amenities_without,43
Gandaki,Gorkha,Gandaki,NP04,NP0436,NP0436409,1,household amenities,hh_amenities_at_least_one,577
Gandaki,Gorkha,Gandaki,NP04,NP0436,NP0436409,1,household amenities,hh_amenities_radio,162
Gandaki,Gorkha,Gandaki,NP04,NP0436,NP0436409,1,household amenities,hh_amenities_television,304
Gandaki,Gorkha,Gandaki,NP04,NP0436,NP0436409,1,household amenities,hh_amenities_landline,4
Gandaki,Gorkha,Gandaki,NP04,NP0436,NP0436409,1,household amenities,hh_amenities_mobile_phone_ordinary,548
Gandaki,Gorkha,Gandaki,NP04,NP0436,NP0436409,1,household amenities,hh_amenities_mobile_phone_smart,250
Gandaki,Gorkha,Gandaki,NP04,NP0436,NP0436409,1,household amenities,hh_amenities_computer_laptop,38
Gandaki,Gorkha,Gandaki,NP04,NP0436,NP0436409,1,household amenities,hh_amenities_internet,93
Gandaki,Gorkha,Gandaki,NP04,NP0436,NP0436409,1,household amenities,hh_amenities_car_jeep_van,6
Gandaki,Gorkha,Gandaki,NP04,NP0436,NP0436409,1,household amenities,hh_amenities_motorcycle_scooter,56
Gandaki,Gorkha,Gandaki,NP04,NP0436,NP0436409,1,household amenities,hh_amenities_bicycle,8
Gandaki,Gorkha,Gandaki,NP04,NP0436,NP0436409,1,household amenities,hh_amenities_electric_fan,107
Gandaki,Gorkha,Gandaki,NP04,NP0436,NP0436409,1,household amenities,hh_amenities_refridgerator,92
Gandaki,Gorkha,Gandaki,NP04,NP0436,NP0436409,1,household amenities,hh_amenities_washing_machine,0
Gandaki,Gorkha,Gandaki,NP04,NP0436,NP0436409,1,household amenities,hh_amenities_air_conditioner,1
Gandaki,Gorkha,Gandaki,NP04,NP0436,NP0436409,1,wealth quintile,wealth_quintile_poorest_quintile_count,120
Gandaki,Gorkha,Gandaki,NP04,NP0436,NP0436409,1,wealth quintile,wealth_quintile_poorer_quintile_count,96
Gandaki,Gorkha,Gandaki,NP04,NP0436,NP0436409,1,wealth quintile,wealth_quintile_middle_quintile_count,263
Gandaki,Gorkha,Gandaki,NP04,NP0436,NP0436409,1,wealth quintile,wealth_quintile_richer_quintile_count,96
Gandaki,Gorkha,Gandaki,NP04,NP0436,NP0436409,1,wealth quintile,wealth_quintile_richest_quintile_count,45
Gandaki,Gorkha,Gandaki,NP04,NP0436,NP0436409,1,wealth quintile,wealth_quintile_poorest_quintile_pc,19.35
Gandaki,Gorkha,Gandaki,NP04,NP0436,NP0436409,1,wealth quintile,wealth_quintile_poorer_quintile_pc,15.48
Gandaki,Gorkha,Gandaki,NP04,NP0436,NP0436409,1,wealth quintile,wealth_quintile_middle_quintile_pc,42.42
Gandaki,Gorkha,Gandaki,NP04,NP0436,NP0436409,1,wealth quintile,wealth_quintile_richer_quintile_pc,15.48
Gandaki,Gorkha,Gandaki,NP04,NP0436,NP0436409,1,wealth quintile,wealth_quintile_richest_quintile_pc,7.26
Gandaki,Gorkha,Gandaki,NP04,NP0436,NP0436409,1,housing,house_quality_most_adequate_count,62
Gandaki,Gorkha,Gandaki,NP04,NP0436,NP0436409,1,housing,house_quality_adequate_count,322
Gandaki,Gorkha,Gandaki,NP04,NP0436,NP0436409,1,housing,house_quality_moderate_count,217
Gandaki,Gorkha,Gandaki,NP04,NP0436,NP0436409,1,housing,house_quality_inadequate_count,15
Gandaki,Gorkha,Gandaki,NP04,NP0436,NP0436409,1,housing,house_quality_least_adequate_count,4
Gandaki,Gorkha,Gandaki,NP04,NP0436,NP0436409,1,housing,house_quality_most_adequate_pc,10
Gandaki,Gorkha,Gandaki,NP04,NP0436,NP0436409,1,housing,house_quality_adequate_pc,51.94
Gandaki,Gorkha,Gandaki,NP04,NP0436,NP0436409,1,housing,house_quality_moderate_pc,35
Gandaki,Gorkha,Gandaki,NP04,NP0436,NP0436409,1,housing,house_quality_inadequate_pc,2.42
Gandaki,Gorkha,Gandaki,NP04,NP0436,NP0436409,1,housing,house_quality_least_adequate_pc,0.65
Gandaki,Gorkha,Gandaki,NP04,NP0436,NP0436409,2,demographics,total_households,815
Gandaki,Gorkha,Gandaki,NP04,NP0436,NP0436409,2,housing,home_ownership_owned,799
Gandaki,Gorkha,Gandaki,NP04,NP0436,NP0436409,2,housing,home_ownership_rented,13
Gandaki,Gorkha,Gandaki,NP04,NP0436,NP0436409,2,housing,home_ownership_institutional,1
Gandaki,Gorkha,Gandaki,NP04,NP0436,NP0436409,2,housing,home_ownership_other,2
Gandaki,Gorkha,Gandaki,NP04,NP0436,NP0436409,2,housing,foundation_mud,465
Gandaki,Gorkha,Gandaki,NP04,NP0436,NP0436409,2,housing,foundation_mud_bonded_bricks_stone,256
Gandaki,Gorkha,Gandaki,NP04,NP0436,NP0436409,2,housing,foundation_cement_bonded_bricks_stone,87
Gandaki,Gorkha,Gandaki,NP04,NP0436,NP0436409,2,housing,foundation_reinforced_cement_concrete_with_pillars,6
Gandaki,Gorkha,Gandaki,NP04,NP0436,NP0436409,2,housing,foundation_wooden_pillars,1
Gandaki,Gorkha,Gandaki,NP04,NP0436,NP0436409,2,housing,outer_wall_mud_bonded_bricks_stone,375
Gandaki,Gorkha,Gandaki,NP04,NP0436,NP0436409,2,housing,outer_wall_cement_bonded_bricks_stone,417
Gandaki,Gorkha,Gandaki,NP04,NP0436,NP0436409,2,housing,outer_wall_wood_planks,6
Gandaki,Gorkha,Gandaki,NP04,NP0436,NP0436409,2,housing,outer_wall_bamboo,1
Gandaki,Gorkha,Gandaki,NP04,NP0436,NP0436409,2,housing,outer_wall_unbaked_bricks,0
Gandaki,Gorkha,Gandaki,NP04,NP0436,NP0436409,2,housing,outer_wall_galvanised_sheet,14
Gandaki,Gorkha,Gandaki,NP04,NP0436,NP0436409,2,housing,outer_wall_prefabricated_sheet,0
Gandaki,Gorkha,Gandaki,NP04,NP0436,NP0436409,2,housing,outer_wall_other,2
Gandaki,Gorkha,Gandaki,NP04,NP0436,NP0436409,2,housing,roof_galvanised_sheet,703
Gandaki,Gorkha,Gandaki,NP04,NP0436,NP0436409,2,housing,roof_reinforced_cement_concrete,103
Gandaki,Gorkha,Gandaki,NP04,NP0436,NP0436409,2,housing,roof_thatch_straw,0
Gandaki,Gorkha,Gandaki,NP04,NP0436,NP0436409,2,housing,roof_tile,0
Gandaki,Gorkha,Gandaki,NP04,NP0436,NP0436409,2,housing,roof_stone_slate,9
Gandaki,Gorkha,Gandaki,NP04,NP0436,NP0436409,2,housing,roof_wood_planks,0
Gandaki,Gorkha,Gandaki,NP04,NP0436,NP0436409,2,housing,roof_mud,0
Gandaki,Gorkha,Gandaki,NP04,NP0436,NP0436409,2,housing,roof_other,0
Gandaki,Gorkha,Gandaki,NP04,NP0436,NP0436409,2,housing,floor_mud,182
Gandaki,Gorkha,Gandaki,NP04,NP0436,NP0436409,2,housing,floor_wooden_plank_bamboo,5
Gandaki,Gorkha,Gandaki,NP04,NP0436,NP0436409,2,housing,floor_bricks_stone,5
Gandaki,Gorkha,Gandaki,NP04,NP0436,NP0436409,2,housing,floor_ceramic_tile,1
Gandaki,Gorkha,Gandaki,NP04,NP0436,NP0436409,2,housing,floor_cemented,617
Gandaki,Gorkha,Gandaki,NP04,NP0436,NP0436409,2,housing,floor_other,5
Gandaki,Gorkha,Gandaki,NP04,NP0436,NP0436409,2,drinking water,drinking_water_tap_piped_within_premises,199
Gandaki,Gorkha,Gandaki,NP04,NP0436,NP0436409,2,drinking water,drinking_water_tap_piped_outside_premises,534
Gandaki,Gorkha,Gandaki,NP04,NP0436,NP0436409,2,drinking water,drinking_water_tubewell_handpump,0
Gandaki,Gorkha,Gandaki,NP04,NP0436,NP0436409,2,drinking water,drinking_water_covered_well_kuwa,0
Gandaki,Gorkha,Gandaki,NP04,NP0436,NP0436409,2,drinking water,drinking_water_uncovered_well_kuwa,3
Gandaki,Gorkha,Gandaki,NP04,NP0436,NP0436409,2,drinking water,drinking_water_spout_water,77
Gandaki,Gorkha,Gandaki,NP04,NP0436,NP0436409,2,drinking water,drinking_water_river_stream,1
Gandaki,Gorkha,Gandaki,NP04,NP0436,NP0436409,2,drinking water,drinking_water_jar_bottle,0
Gandaki,Gorkha,Gandaki,NP04,NP0436,NP0436409,2,drinking water,drinking_water_other,1
Gandaki,Gorkha,Gandaki,NP04,NP0436,NP0436409,2,cooking fuel,cooking_fuel_wood_firewood,641
Gandaki,Gorkha,Gandaki,NP04,NP0436,NP0436409,2,cooking fuel,cooking_fuel_lpg,170
Gandaki,Gorkha,Gandaki,NP04,NP0436,NP0436409,2,cooking fuel,cooking_fuel_electricity,0
Gandaki,Gorkha,Gandaki,NP04,NP0436,NP0436409,2,cooking fuel,cooking_fuel_cowdung,0
Gandaki,Gorkha,Gandaki,NP04,NP0436,NP0436409,2,cooking fuel,cooking_fuel_biogas,4
Gandaki,Gorkha,Gandaki,NP04,NP0436,NP0436409,2,cooking fuel,cooking_fuel_kerosene,0
Gandaki,Gorkha,Gandaki,NP04,NP0436,NP0436409,2,cooking fuel,cooking_fuel_other,0
Gandaki,Gorkha,Gandaki,NP04,NP0436,NP0436409,2,lighting fuel,lighting_electricity,799
Gandaki,Gorkha,Gandaki,NP04,NP0436,NP0436409,2,lighting fuel,lighting_solar,10
Gandaki,Gorkha,Gandaki,NP04,NP0436,NP0436409,2,lighting fuel,lighting_kerosene,1
Gandaki,Gorkha,Gandaki,NP04,NP0436,NP0436409,2,lighting fuel,lighting_biogas,0
Gandaki,Gorkha,Gandaki,NP04,NP0436,NP0436409,2,lighting fuel,lighting_other,5
Gandaki,Gorkha,Gandaki,NP04,NP0436,NP0436409,2,sanitation,toilet_flush_public_sewerage,18
Gandaki,Gorkha,Gandaki,NP04,NP0436,NP0436409,2,sanitation,toilet_flush_septic_tank,612
Gandaki,Gorkha,Gandaki,NP04,NP0436,NP0436409,2,sanitation,toilet_pit,180
Gandaki,Gorkha,Gandaki,NP04,NP0436,NP0436409,2,sanitation,toilet_public,0
Gandaki,Gorkha,Gandaki,NP04,NP0436,NP0436409,2,sanitation,toilet_no_toilet,5
Gandaki,Gorkha,Gandaki,NP04,NP0436,NP0436409,2,household amenities,hh_amenities_without,30
Gandaki,Gorkha,Gandaki,NP04,NP0436,NP0436409,2,household amenities,hh_amenities_at_least_one,785
Gandaki,Gorkha,Gandaki,NP04,NP0436,NP0436409,2,household amenities,hh_amenities_radio,164
Gandaki,Gorkha,Gandaki,NP04,NP0436,NP0436409,2,household amenities,hh_amenities_television,380
Gandaki,Gorkha,Gandaki,NP04,NP0436,NP0436409,2,household amenities,hh_amenities_landline,4
Gandaki,Gorkha,Gandaki,NP04,NP0436,NP0436409,2,household amenities,hh_amenities_mobile_phone_ordinary,732
Gandaki,Gorkha,Gandaki,NP04,NP0436,NP0436409,2,household amenities,hh_amenities_mobile_phone_smart,485
Gandaki,Gorkha,Gandaki,NP04,NP0436,NP0436409,2,household amenities,hh_amenities_computer_laptop,23
Gandaki,Gorkha,Gandaki,NP04,NP0436,NP0436409,2,household amenities,hh_amenities_internet,89
Gandaki,Gorkha,Gandaki,NP04,NP0436,NP0436409,2,household amenities,hh_amenities_car_jeep_van,7
Gandaki,Gorkha,Gandaki,NP04,NP0436,NP0436409,2,household amenities,hh_amenities_motorcycle_scooter,53
Gandaki,Gorkha,Gandaki,NP04,NP0436,NP0436409,2,household amenities,hh_amenities_bicycle,2
Gandaki,Gorkha,Gandaki,NP04,NP0436,NP0436409,2,household amenities,hh_amenities_electric_fan,62
Gandaki,Gorkha,Gandaki,NP04,NP0436,NP0436409,2,household amenities,hh_amenities_refridgerator,43
Gandaki,Gorkha,Gandaki,NP04,NP0436,NP0436409,2,household amenities,hh_amenities_washing_machine,1
Gandaki,Gorkha,Gandaki,NP04,NP0436,NP0436409,2,household amenities,hh_amenities_air_conditioner,0
Gandaki,Gorkha,Gandaki,NP04,NP0436,NP0436409,2,wealth quintile,wealth_quintile_poorest_quintile_count,116
Gandaki,Gorkha,Gandaki,NP04,NP0436,NP0436409,2,wealth quintile,wealth_quintile_poorer_quintile_count,209
Gandaki,Gorkha,Gandaki,NP04,NP0436,NP0436409,2,wealth quintile,wealth_quintile_middle_quintile_count,365
Gandaki,Gorkha,Gandaki,NP04,NP0436,NP0436409,2,wealth quintile,wealth_quintile_richer_quintile_count,106
Gandaki,Gorkha,Gandaki,NP04,NP0436,NP0436409,2,wealth quintile,wealth_quintile_richest_quintile_count,19
Gandaki,Gorkha,Gandaki,NP04,NP0436,NP0436409,2,wealth quintile,wealth_quintile_poorest_quintile_pc,14.23
Gandaki,Gorkha,Gandaki,NP04,NP0436,NP0436409,2,wealth quintile,wealth_quintile_poorer_quintile_pc,25.64
Gandaki,Gorkha,Gandaki,NP04,NP0436,NP0436409,2,wealth quintile,wealth_quintile_middle_quintile_pc,44.79
Gandaki,Gorkha,Gandaki,NP04,NP0436,NP0436409,2,wealth quintile,wealth_quintile_richer_quintile_pc,13.01
Gandaki,Gorkha,Gandaki,NP04,NP0436,NP0436409,2,wealth quintile,wealth_quintile_richest_quintile_pc,2.33
Gandaki,Gorkha,Gandaki,NP04,NP0436,NP0436409,2,housing,house_quality_most_adequate_count,55
Gandaki,Gorkha,Gandaki,NP04,NP0436,NP0436409,2,housing,house_quality_adequate_count,528
Gandaki,Gorkha,Gandaki,NP04,NP0436,NP0436409,2,housing,house_quality_moderate_count,222
Gandaki,Gorkha,Gandaki,NP04,NP0436,NP0436409,2,housing,house_quality_inadequate_count,10
Gandaki,Gorkha,Gandaki,NP04,NP0436,NP0436409,2,housing,house_quality_least_adequate_count,0
Gandaki,Gorkha,Gandaki,NP04,NP0436,NP0436409,2,housing,house_quality_most_adequate_pc,6.75
Gandaki,Gorkha,Gandaki,NP04,NP0436,NP0436409,2,housing,house_quality_adequate_pc,64.79
Gandaki,Gorkha,Gandaki,NP04,NP0436,NP0436409,2,housing,house_quality_moderate_pc,27.24
Gandaki,Gorkha,Gandaki,NP04,NP0436,NP0436409,2,housing,house_quality_inadequate_pc,1.23
Gandaki,Gorkha,Gandaki,NP04,NP0436,NP0436409,2,housing,house_quality_least_adequate_pc,0
Gandaki,Gorkha,Gandaki,NP04,NP0436,NP0436409,6,demographics,total_households,797
Gandaki,Gorkha,Gandaki,NP04,NP0436,NP0436409,6,housing,home_ownership_owned,774
Gandaki,Gorkha,Gandaki,NP04,NP0436,NP0436409,6,housing,home_ownership_rented,15
Gandaki,Gorkha,Gandaki,NP04,NP0436,NP0436409,6,housing,home_ownership_institutional,5
Gandaki,Gorkha,Gandaki,NP04,NP0436,NP0436409,6,housing,home_ownership_other,3
Gandaki,Gorkha,Gandaki,NP04,NP0436,NP0436409,6,housing,foundation_mud,592
Gandaki,Gorkha,Gandaki,NP04,NP0436,NP0436409,6,housing,foundation_mud_bonded_bricks_stone,200
Gandaki,Gorkha,Gandaki,NP04,NP0436,NP0436409,6,housing,foundation_cement_bonded_bricks_stone,2
Gandaki,Gorkha,Gandaki,NP04,NP0436,NP0436409,6,housing,foundation_reinforced_cement_concrete_with_pillars,2
Gandaki,Gorkha,Gandaki,NP04,NP0436,NP0436409,6,housing,foundation_wooden_pillars,1
Gandaki,Gorkha,Gandaki,NP04,NP0436,NP0436409,6,housing,outer_wall_mud_bonded_bricks_stone,596
Gandaki,Gorkha,Gandaki,NP04,NP0436,NP0436409,6,housing,outer_wall_cement_bonded_bricks_stone,197
Gandaki,Gorkha,Gandaki,NP04,NP0436,NP0436409,6,housing,outer_wall_wood_planks,2
Gandaki,Gorkha,Gandaki,NP04,NP0436,NP0436409,6,housing,outer_wall_bamboo,0
Gandaki,Gorkha,Gandaki,NP04,NP0436,NP0436409,6,housing,outer_wall_unbaked_bricks,0
Gandaki,Gorkha,Gandaki,NP04,NP0436,NP0436409,6,housing,outer_wall_galvanised_sheet,2
Gandaki,Gorkha,Gandaki,NP04,NP0436,NP0436409,6,housing,outer_wall_prefabricated_sheet,0
Gandaki,Gorkha,Gandaki,NP04,NP0436,NP0436409,6,housing,outer_wall_other,0
Gandaki,Gorkha,Gandaki,NP04,NP0436,NP0436409,6,housing,roof_galvanised_sheet,760
Gandaki,Gorkha,Gandaki,NP04,NP0436,NP0436409,6,housing,roof_reinforced_cement_concrete,28
Gandaki,Gorkha,Gandaki,NP04,NP0436,NP0436409,6,housing,roof_thatch_straw,0
Gandaki,Gorkha,Gandaki,NP04,NP0436,NP0436409,6,housing,roof_tile,0
Gandaki,Gorkha,Gandaki,NP04,NP0436,NP0436409,6,housing,roof_stone_slate,8
Gandaki,Gorkha,Gandaki,NP04,NP0436,NP0436409,6,housing,roof_wood_planks,1
Gandaki,Gorkha,Gandaki,NP04,NP0436,NP0436409,6,housing,roof_mud,0
Gandaki,Gorkha,Gandaki,NP04,NP0436,NP0436409,6,housing,roof_other,0
Gandaki,Gorkha,Gandaki,NP04,NP0436,NP0436409,6,housing,floor_mud,459
Gandaki,Gorkha,Gandaki,NP04,NP0436,NP0436409,6,housing,floor_wooden_plank_bamboo,5
Gandaki,Gorkha,Gandaki,NP04,NP0436,NP0436409,6,housing,floor_bricks_stone,6
Gandaki,Gorkha,Gandaki,NP04,NP0436,NP0436409,6,housing,floor_ceramic_tile,0
Gandaki,Gorkha,Gandaki,NP04,NP0436,NP0436409,6,housing,floor_cemented,314
Gandaki,Gorkha,Gandaki,NP04,NP0436,NP0436409,6,housing,floor_other,13
Gandaki,Gorkha,Gandaki,NP04,NP0436,NP0436409,6,drinking water,drinking_water_tap_piped_within_premises,104
Gandaki,Gorkha,Gandaki,NP04,NP0436,NP0436409,6,drinking water,drinking_water_tap_piped_outside_premises,632
Gandaki,Gorkha,Gandaki,NP04,NP0436,NP0436409,6,drinking water,drinking_water_tubewell_handpump,0
Gandaki,Gorkha,Gandaki,NP04,NP0436,NP0436409,6,drinking water,drinking_water_covered_well_kuwa,0
Gandaki,Gorkha,Gandaki,NP04,NP0436,NP0436409,6,drinking water,drinking_water_uncovered_well_kuwa,10
Gandaki,Gorkha,Gandaki,NP04,NP0436,NP0436409,6,drinking water,drinking_water_spout_water,49
Gandaki,Gorkha,Gandaki,NP04,NP0436,NP0436409,6,drinking water,drinking_water_river_stream,1
Gandaki,Gorkha,Gandaki,NP04,NP0436,NP0436409,6,drinking water,drinking_water_jar_bottle,0
Gandaki,Gorkha,Gandaki,NP04,NP0436,NP0436409,6,drinking water,drinking_water_other,1
Gandaki,Gorkha,Gandaki,NP04,NP0436,NP0436409,6,cooking fuel,cooking_fuel_wood_firewood,588
Gandaki,Gorkha,Gandaki,NP04,NP0436,NP0436409,6,cooking fuel,cooking_fuel_lpg,205
Gandaki,Gorkha,Gandaki,NP04,NP0436,NP0436409,6,cooking fuel,cooking_fuel_electricity,0
Gandaki,Gorkha,Gandaki,NP04,NP0436,NP0436409,6,cooking fuel,cooking_fuel_cowdung,0
Gandaki,Gorkha,Gandaki,NP04,NP0436,NP0436409,6,cooking fuel,cooking_fuel_biogas,2
Gandaki,Gorkha,Gandaki,NP04,NP0436,NP0436409,6,cooking fuel,cooking_fuel_kerosene,2
Gandaki,Gorkha,Gandaki,NP04,NP0436,NP0436409,6,cooking fuel,cooking_fuel_other,0
Gandaki,Gorkha,Gandaki,NP04,NP0436,NP0436409,6,lighting fuel,lighting_electricity,788
Gandaki,Gorkha,Gandaki,NP04,NP0436,NP0436409,6,lighting fuel,lighting_solar,7
Gandaki,Gorkha,Gandaki,NP04,NP0436,NP0436409,6,lighting fuel,lighting_kerosene,2
Gandaki,Gorkha,Gandaki,NP04,NP0436,NP0436409,6,lighting fuel,lighting_biogas,0
Gandaki,Gorkha,Gandaki,NP04,NP0436,NP0436409,6,lighting fuel,lighting_other,0
Gandaki,Gorkha,Gandaki,NP04,NP0436,NP0436409,6,sanitation,toilet_flush_public_sewerage,2
Gandaki,Gorkha,Gandaki,NP04,NP0436,NP0436409,6,sanitation,toilet_flush_septic_tank,781
Gandaki,Gorkha,Gandaki,NP04,NP0436,NP0436409,6,sanitation,toilet_pit,14
Gandaki,Gorkha,Gandaki,NP04,NP0436,NP0436409,6,sanitation,toilet_public,0
Gandaki,Gorkha,Gandaki,NP04,NP0436,NP0436409,6,sanitation,toilet_no_toilet,0
Gandaki,Gorkha,Gandaki,NP04,NP0436,NP0436409,6,household amenities,hh_amenities_without,71
Gandaki,Gorkha,Gandaki,NP04,NP0436,NP0436409,6,household amenities,hh_amenities_at_least_one,726
Gandaki,Gorkha,Gandaki,NP04,NP0436,NP0436409,6,household amenities,hh_amenities_radio,140
Gandaki,Gorkha,Gandaki,NP04,NP0436,NP0436409,6,household amenities,hh_amenities_television,326
Gandaki,Gorkha,Gandaki,NP04,NP0436,NP0436409,6,household amenities,hh_amenities_landline,4
Gandaki,Gorkha,Gandaki,NP04,NP0436,NP0436409,6,household amenities,hh_amenities_mobile_phone_ordinary,584
Gandaki,Gorkha,Gandaki,NP04,NP0436,NP0436409,6,household amenities,hh_amenities_mobile_phone_smart,410
Gandaki,Gorkha,Gandaki,NP04,NP0436,NP0436409,6,household amenities,hh_amenities_computer_laptop,18
Gandaki,Gorkha,Gandaki,NP04,NP0436,NP0436409,6,household amenities,hh_amenities_internet,20
Gandaki,Gorkha,Gandaki,NP04,NP0436,NP0436409,6,household amenities,hh_amenities_car_jeep_van,3
Gandaki,Gorkha,Gandaki,NP04,NP0436,NP0436409,6,household amenities,hh_amenities_motorcycle_scooter,54
Gandaki,Gorkha,Gandaki,NP04,NP0436,NP0436409,6,household amenities,hh_amenities_bicycle,1
Gandaki,Gorkha,Gandaki,NP04,NP0436,NP0436409,6,household amenities,hh_amenities_electric_fan,11
Gandaki,Gorkha,Gandaki,NP04,NP0436,NP0436409,6,household amenities,hh_amenities_refridgerator,18
Gandaki,Gorkha,Gandaki,NP04,NP0436,NP0436409,6,household amenities,hh_amenities_washing_machine,1
Gandaki,Gorkha,Gandaki,NP04,NP0436,NP0436409,6,household amenities,hh_amenities_air_conditioner,0
Gandaki,Gorkha,Gandaki,NP04,NP0436,NP0436409,6,wealth quintile,wealth_quintile_poorest_quintile_count,201
Gandaki,Gorkha,Gandaki,NP04,NP0436,NP0436409,6,wealth quintile,wealth_quintile_poorer_quintile_count,298
Gandaki,Gorkha,Gandaki,NP04,NP0436,NP0436409,6,wealth quintile,wealth_quintile_middle_quintile_count,217
Gandaki,Gorkha,Gandaki,NP04,NP0436,NP0436409,6,wealth quintile,wealth_quintile_richer_quintile_count,71
Gandaki,Gorkha,Gandaki,NP04,NP0436,NP0436409,6,wealth quintile,wealth_quintile_richest_quintile_count,10
Gandaki,Gorkha,Gandaki,NP04,NP0436,NP0436409,6,wealth quintile,wealth_quintile_poorest_quintile_pc,25.22
Gandaki,Gorkha,Gandaki,NP04,NP0436,NP0436409,6,wealth quintile,wealth_quintile_poorer_quintile_pc,37.39
Gandaki,Gorkha,Gandaki,NP04,NP0436,NP0436409,6,wealth quintile,wealth_quintile_middle_quintile_pc,27.23
Gandaki,Gorkha,Gandaki,NP04,NP0436,NP0436409,6,wealth quintile,wealth_quintile_richer_quintile_pc,8.91
Gandaki,Gorkha,Gandaki,NP04,NP0436,NP0436409,6,wealth quintile,wealth_quintile_richest_quintile_pc,1.25
Gandaki,Gorkha,Gandaki,NP04,NP0436,NP0436409,6,housing,house_quality_most_adequate_count,74
Gandaki,Gorkha,Gandaki,NP04,NP0436,NP0436409,6,housing,house_quality_adequate_count,310
Gandaki,Gorkha,Gandaki,NP04,NP0436,NP0436409,6,housing,house_quality_moderate_count,408
Gandaki,Gorkha,Gandaki,NP04,NP0436,NP0436409,6,housing,house_quality_inadequate_count,5
Gandaki,Gorkha,Gandaki,NP04,NP0436,NP0436409,6,housing,house_quality_least_adequate_count,0
Gandaki,Gorkha,Gandaki,NP04,NP0436,NP0436409,6,housing,house_quality_most_adequate_pc,9.28
Gandaki,Gorkha,Gandaki,NP04,NP0436,NP0436409,6,housing,house_quality_adequate_pc,38.9
Gandaki,Gorkha,Gandaki,NP04,NP0436,NP0436409,6,housing,house_quality_moderate_pc,51.19
Gandaki,Gorkha,Gandaki,NP04,NP0436,NP0436409,6,housing,house_quality_inadequate_pc,0.63
Gandaki,Gorkha,Gandaki,NP04,NP0436,NP0436409,6,housing,house_quality_least_adequate_pc,0
Gandaki,Gorkha,Gandaki,NP04,NP0436,NP0436409,7,demographics,total_households,674
Gandaki,Gorkha,Gandaki,NP04,NP0436,NP0436409,7,housing,home_ownership_owned,660
Gandaki,Gorkha,Gandaki,NP04,NP0436,NP0436409,7,housing,home_ownership_rented,8
Gandaki,Gorkha,Gandaki,NP04,NP0436,NP0436409,7,housing,home_ownership_institutional,2
Gandaki,Gorkha,Gandaki,NP04,NP0436,NP0436409,7,housing,home_ownership_other,4
Gandaki,Gorkha,Gandaki,NP04,NP0436,NP0436409,7,housing,foundation_mud,246
Gandaki,Gorkha,Gandaki,NP04,NP0436,NP0436409,7,housing,foundation_mud_bonded_bricks_stone,384
Gandaki,Gorkha,Gandaki,NP04,NP0436,NP0436409,7,housing,foundation_cement_bonded_bricks_stone,40
Gandaki,Gorkha,Gandaki,NP04,NP0436,NP0436409,7,housing,foundation_reinforced_cement_concrete_with_pillars,4
Gandaki,Gorkha,Gandaki,NP04,NP0436,NP0436409,7,housing,foundation_wooden_pillars,0
Gandaki,Gorkha,Gandaki,NP04,NP0436,NP0436409,7,housing,outer_wall_mud_bonded_bricks_stone,216
Gandaki,Gorkha,Gandaki,NP04,NP0436,NP0436409,7,housing,outer_wall_cement_bonded_bricks_stone,456
Gandaki,Gorkha,Gandaki,NP04,NP0436,NP0436409,7,housing,outer_wall_wood_planks,2
Gandaki,Gorkha,Gandaki,NP04,NP0436,NP0436409,7,housing,outer_wall_bamboo,0
Gandaki,Gorkha,Gandaki,NP04,NP0436,NP0436409,7,housing,outer_wall_unbaked_bricks,0
Gandaki,Gorkha,Gandaki,NP04,NP0436,NP0436409,7,housing,outer_wall_galvanised_sheet,0
Gandaki,Gorkha,Gandaki,NP04,NP0436,NP0436409,7,housing,outer_wall_prefabricated_sheet,0
Gandaki,Gorkha,Gandaki,NP04,NP0436,NP0436409,7,housing,outer_wall_other,0
Gandaki,Gorkha,Gandaki,NP04,NP0436,NP0436409,7,housing,roof_galvanised_sheet,436
Gandaki,Gorkha,Gandaki,NP04,NP0436,NP0436409,7,housing,roof_reinforced_cement_concrete,225
Gandaki,Gorkha,Gandaki,NP04,NP0436,NP0436409,7,housing,roof_thatch_straw,1
Gandaki,Gorkha,Gandaki,NP04,NP0436,NP0436409,7,housing,roof_tile,1
Gandaki,Gorkha,Gandaki,NP04,NP0436,NP0436409,7,housing,roof_stone_slate,11
Gandaki,Gorkha,Gandaki,NP04,NP0436,NP0436409,7,housing,roof_wood_planks,0
Gandaki,Gorkha,Gandaki,NP04,NP0436,NP0436409,7,housing,roof_mud,0
Gandaki,Gorkha,Gandaki,NP04,NP0436,NP0436409,7,housing,roof_other,0
Gandaki,Gorkha,Gandaki,NP04,NP0436,NP0436409,7,housing,floor_mud,147
Gandaki,Gorkha,Gandaki,NP04,NP0436,NP0436409,7,housing,floor_wooden_plank_bamboo,21
Gandaki,Gorkha,Gandaki,NP04,NP0436,NP0436409,7,housing,floor_bricks_stone,11
Gandaki,Gorkha,Gandaki,NP04,NP0436,NP0436409,7,housing,floor_ceramic_tile,3
Gandaki,Gorkha,Gandaki,NP04,NP0436,NP0436409,7,housing,floor_cemented,490
Gandaki,Gorkha,Gandaki,NP04,NP0436,NP0436409,7,housing,floor_other,2
Gandaki,Gorkha,Gandaki,NP04,NP0436,NP0436409,7,drinking water,drinking_water_tap_piped_within_premises,18
Gandaki,Gorkha,Gandaki,NP04,NP0436,NP0436409,7,drinking water,drinking_water_tap_piped_outside_premises,641
Gandaki,Gorkha,Gandaki,NP04,NP0436,NP0436409,7,drinking water,drinking_water_tubewell_handpump,0
Gandaki,Gorkha,Gandaki,NP04,NP0436,NP0436409,7,drinking water,drinking_water_covered_well_kuwa,0
Gandaki,Gorkha,Gandaki,NP04,NP0436,NP0436409,7,drinking water,drinking_water_uncovered_well_kuwa,12
Gandaki,Gorkha,Gandaki,NP04,NP0436,NP0436409,7,drinking water,drinking_water_spout_water,0
Gandaki,Gorkha,Gandaki,NP04,NP0436,NP0436409,7,drinking water,drinking_water_river_stream,0
Gandaki,Gorkha,Gandaki,NP04,NP0436,NP0436409,7,drinking water,drinking_water_jar_bottle,0
Gandaki,Gorkha,Gandaki,NP04,NP0436,NP0436409,7,drinking water,drinking_water_other,3
Gandaki,Gorkha,Gandaki,NP04,NP0436,NP0436409,7,cooking fuel,cooking_fuel_wood_firewood,304
Gandaki,Gorkha,Gandaki,NP04,NP0436,NP0436409,7,cooking fuel,cooking_fuel_lpg,367
Gandaki,Gorkha,Gandaki,NP04,NP0436,NP0436409,7,cooking fuel,cooking_fuel_electricity,0
Gandaki,Gorkha,Gandaki,NP04,NP0436,NP0436409,7,cooking fuel,cooking_fuel_cowdung,0
Gandaki,Gorkha,Gandaki,NP04,NP0436,NP0436409,7,cooking fuel,cooking_fuel_biogas,3
Gandaki,Gorkha,Gandaki,NP04,NP0436,NP0436409,7,cooking fuel,cooking_fuel_kerosene,0
Gandaki,Gorkha,Gandaki,NP04,NP0436,NP0436409,7,cooking fuel,cooking_fuel_other,0
Gandaki,Gorkha,Gandaki,NP04,NP0436,NP0436409,7,lighting fuel,lighting_electricity,660
Gandaki,Gorkha,Gandaki,NP04,NP0436,NP0436409,7,lighting fuel,lighting_solar,12
Gandaki,Gorkha,Gandaki,NP04,NP0436,NP0436409,7,lighting fuel,lighting_kerosene,1
Gandaki,Gorkha,Gandaki,NP04,NP0436,NP0436409,7,lighting fuel,lighting_biogas,0
Gandaki,Gorkha,Gandaki,NP04,NP0436,NP0436409,7,lighting fuel,lighting_other,1
Gandaki,Gorkha,Gandaki,NP04,NP0436,NP0436409,7,sanitation,toilet_flush_public_sewerage,7
Gandaki,Gorkha,Gandaki,NP04,NP0436,NP0436409,7,sanitation,toilet_flush_septic_tank,655
Gandaki,Gorkha,Gandaki,NP04,NP0436,NP0436409,7,sanitation,toilet_pit,8
Gandaki,Gorkha,Gandaki,NP04,NP0436,NP0436409,7,sanitation,toilet_public,3
Gandaki,Gorkha,Gandaki,NP04,NP0436,NP0436409,7,sanitation,toilet_no_toilet,1
Gandaki,Gorkha,Gandaki,NP04,NP0436,NP0436409,7,household amenities,hh_amenities_without,27
Gandaki,Gorkha,Gandaki,NP04,NP0436,NP0436409,7,household amenities,hh_amenities_at_least_one,647
Gandaki,Gorkha,Gandaki,NP04,NP0436,NP0436409,7,household amenities,hh_amenities_radio,158
Gandaki,Gorkha,Gandaki,NP04,NP0436,NP0436409,7,household amenities,hh_amenities_television,433
Gandaki,Gorkha,Gandaki,NP04,NP0436,NP0436409,7,household amenities,hh_amenities_landline,5
Gandaki,Gorkha,Gandaki,NP04,NP0436,NP0436409,7,household amenities,hh_amenities_mobile_phone_ordinary,616
Gandaki,Gorkha,Gandaki,NP04,NP0436,NP0436409,7,household amenities,hh_amenities_mobile_phone_smart,475
Gandaki,Gorkha,Gandaki,NP04,NP0436,NP0436409,7,household amenities,hh_amenities_computer_laptop,45
Gandaki,Gorkha,Gandaki,NP04,NP0436,NP0436409,7,household amenities,hh_amenities_internet,281
Gandaki,Gorkha,Gandaki,NP04,NP0436,NP0436409,7,household amenities,hh_amenities_car_jeep_van,6
Gandaki,Gorkha,Gandaki,NP04,NP0436,NP0436409,7,household amenities,hh_amenities_motorcycle_scooter,102
Gandaki,Gorkha,Gandaki,NP04,NP0436,NP0436409,7,household amenities,hh_amenities_bicycle,2
Gandaki,Gorkha,Gandaki,NP04,NP0436,NP0436409,7,household amenities,hh_amenities_electric_fan,394
Gandaki,Gorkha,Gandaki,NP04,NP0436,NP0436409,7,household amenities,hh_amenities_refridgerator,110
Gandaki,Gorkha,Gandaki,NP04,NP0436,NP0436409,7,household amenities,hh_amenities_washing_machine,1
Gandaki,Gorkha,Gandaki,NP04,NP0436,NP0436409,7,household amenities,hh_amenities_air_conditioner,0
Gandaki,Gorkha,Gandaki,NP04,NP0436,NP0436409,7,wealth quintile,wealth_quintile_poorest_quintile_count,70
Gandaki,Gorkha,Gandaki,NP04,NP0436,NP0436409,7,wealth quintile,wealth_quintile_poorer_quintile_count,93
Gandaki,Gorkha,Gandaki,NP04,NP0436,NP0436409,7,wealth quintile,wealth_quintile_middle_quintile_count,163
Gandaki,Gorkha,Gandaki,NP04,NP0436,NP0436409,7,wealth quintile,wealth_quintile_richer_quintile_count,240
Gandaki,Gorkha,Gandaki,NP04,NP0436,NP0436409,7,wealth quintile,wealth_quintile_richest_quintile_count,108
Gandaki,Gorkha,Gandaki,NP04,NP0436,NP0436409,7,wealth quintile,wealth_quintile_poorest_quintile_pc,10.39
Gandaki,Gorkha,Gandaki,NP04,NP0436,NP0436409,7,wealth quintile,wealth_quintile_poorer_quintile_pc,13.8
Gandaki,Gorkha,Gandaki,NP04,NP0436,NP0436409,7,wealth quintile,wealth_quintile_middle_quintile_pc,24.18
Gandaki,Gorkha,Gandaki,NP04,NP0436,NP0436409,7,wealth quintile,wealth_quintile_richer_quintile_pc,35.61
Gandaki,Gorkha,Gandaki,NP04,NP0436,NP0436409,7,wealth quintile,wealth_quintile_richest_quintile_pc,16.02
Gandaki,Gorkha,Gandaki,NP04,NP0436,NP0436409,7,housing,house_quality_most_adequate_count,301
Gandaki,Gorkha,Gandaki,NP04,NP0436,NP0436409,7,housing,house_quality_adequate_count,232
Gandaki,Gorkha,Gandaki,NP04,NP0436,NP0436409,7,housing,house_quality_moderate_count,141
Gandaki,Gorkha,Gandaki,NP04,NP0436,NP0436409,7,housing,house_quality_inadequate_count,0
Gandaki,Gorkha,Gandaki,NP04,NP0436,NP0436409,7,housing,house_quality_least_adequate_count,0
Gandaki,Gorkha,Gandaki,NP04,NP0436,NP0436409,7,housing,house_quality_most_adequate_pc,44.66
Gandaki,Gorkha,Gandaki,NP04,NP0436,NP0436409,7,housing,house_quality_adequate_pc,34.42
Gandaki,Gorkha,Gandaki,NP04,NP0436,NP0436409,7,housing,house_quality_moderate_pc,20.92
Gandaki,Gorkha,Gandaki,NP04,NP0436,NP0436409,7,housing,house_quality_inadequate_pc,0
Gandaki,Gorkha,Gandaki,NP04,NP0436,NP0436409,7,housing,house_quality_least_adequate_pc,0
Gandaki,Gorkha,Gandaki,NP04,NP0436,NP0436409,8,demographics,total_households,853
Gandaki,Gorkha,Gandaki,NP04,NP0436,NP0436409,8,housing,home_ownership_owned,832
Gandaki,Gorkha,Gandaki,NP04,NP0436,NP0436409,8,housing,home_ownership_rented,20
Gandaki,Gorkha,Gandaki,NP04,NP0436,NP0436409,8,housing,home_ownership_institutional,0
Gandaki,Gorkha,Gandaki,NP04,NP0436,NP0436409,8,housing,home_ownership_other,1
Gandaki,Gorkha,Gandaki,NP04,NP0436,NP0436409,8,housing,foundation_mud,261
Gandaki,Gorkha,Gandaki,NP04,NP0436,NP0436409,8,housing,foundation_mud_bonded_bricks_stone,512
Gandaki,Gorkha,Gandaki,NP04,NP0436,NP0436409,8,housing,foundation_cement_bonded_bricks_stone,63
Gandaki,Gorkha,Gandaki,NP04,NP0436,NP0436409,8,housing,foundation_reinforced_cement_concrete_with_pillars,1
Gandaki,Gorkha,Gandaki,NP04,NP0436,NP0436409,8,housing,foundation_wooden_pillars,16
Gandaki,Gorkha,Gandaki,NP04,NP0436,NP0436409,8,housing,outer_wall_mud_bonded_bricks_stone,217
Gandaki,Gorkha,Gandaki,NP04,NP0436,NP0436409,8,housing,outer_wall_cement_bonded_bricks_stone,616
Gandaki,Gorkha,Gandaki,NP04,NP0436,NP0436409,8,housing,outer_wall_wood_planks,3
Gandaki,Gorkha,Gandaki,NP04,NP0436,NP0436409,8,housing,outer_wall_bamboo,0
Gandaki,Gorkha,Gandaki,NP04,NP0436,NP0436409,8,housing,outer_wall_unbaked_bricks,2
Gandaki,Gorkha,Gandaki,NP04,NP0436,NP0436409,8,housing,outer_wall_galvanised_sheet,1
Gandaki,Gorkha,Gandaki,NP04,NP0436,NP0436409,8,housing,outer_wall_prefabricated_sheet,0
Gandaki,Gorkha,Gandaki,NP04,NP0436,NP0436409,8,housing,outer_wall_other,14
Gandaki,Gorkha,Gandaki,NP04,NP0436,NP0436409,8,housing,roof_galvanised_sheet,428
Gandaki,Gorkha,Gandaki,NP04,NP0436,NP0436409,8,housing,roof_reinforced_cement_concrete,314
Gandaki,Gorkha,Gandaki,NP04,NP0436,NP0436409,8,housing,roof_thatch_straw,4
Gandaki,Gorkha,Gandaki,NP04,NP0436,NP0436409,8,housing,roof_tile,1
Gandaki,Gorkha,Gandaki,NP04,NP0436,NP0436409,8,housing,roof_stone_slate,92
Gandaki,Gorkha,Gandaki,NP04,NP0436,NP0436409,8,housing,roof_wood_planks,0
Gandaki,Gorkha,Gandaki,NP04,NP0436,NP0436409,8,housing,roof_mud,0
Gandaki,Gorkha,Gandaki,NP04,NP0436,NP0436409,8,housing,roof_other,14
Gandaki,Gorkha,Gandaki,NP04,NP0436,NP0436409,8,housing,floor_mud,199
Gandaki,Gorkha,Gandaki,NP04,NP0436,NP0436409,8,housing,floor_wooden_plank_bamboo,40
Gandaki,Gorkha,Gandaki,NP04,NP0436,NP0436409,8,housing,floor_bricks_stone,5
Gandaki,Gorkha,Gandaki,NP04,NP0436,NP0436409,8,housing,floor_ceramic_tile,2
Gandaki,Gorkha,Gandaki,NP04,NP0436,NP0436409,8,housing,floor_cemented,579
Gandaki,Gorkha,Gandaki,NP04,NP0436,NP0436409,8,housing,floor_other,28
Gandaki,Gorkha,Gandaki,NP04,NP0436,NP0436409,8,drinking water,drinking_water_tap_piped_within_premises,633
Gandaki,Gorkha,Gandaki,NP04,NP0436,NP0436409,8,drinking water,drinking_water_tap_piped_outside_premises,185
Gandaki,Gorkha,Gandaki,NP04,NP0436,NP0436409,8,drinking water,drinking_water_tubewell_handpump,0
Gandaki,Gorkha,Gandaki,NP04,NP0436,NP0436409,8,drinking water,drinking_water_covered_well_kuwa,0
Gandaki,Gorkha,Gandaki,NP04,NP0436,NP0436409,8,drinking water,drinking_water_uncovered_well_kuwa,16
Gandaki,Gorkha,Gandaki,NP04,NP0436,NP0436409,8,drinking water,drinking_water_spout_water,11
Gandaki,Gorkha,Gandaki,NP04,NP0436,NP0436409,8,drinking water,drinking_water_river_stream,2
Gandaki,Gorkha,Gandaki,NP04,NP0436,NP0436409,8,drinking water,drinking_water_jar_bottle,0
Gandaki,Gorkha,Gandaki,NP04,NP0436,NP0436409,8,drinking water,drinking_water_other,6
Gandaki,Gorkha,Gandaki,NP04,NP0436,NP0436409,8,cooking fuel,cooking_fuel_wood_firewood,433
Gandaki,Gorkha,Gandaki,NP04,NP0436,NP0436409,8,cooking fuel,cooking_fuel_lpg,384
Gandaki,Gorkha,Gandaki,NP04,NP0436,NP0436409,8,cooking fuel,cooking_fuel_electricity,5
Gandaki,Gorkha,Gandaki,NP04,NP0436,NP0436409,8,cooking fuel,cooking_fuel_cowdung,0
Gandaki,Gorkha,Gandaki,NP04,NP0436,NP0436409,8,cooking fuel,cooking_fuel_biogas,29
Gandaki,Gorkha,Gandaki,NP04,NP0436,NP0436409,8,cooking fuel,cooking_fuel_kerosene,0
Gandaki,Gorkha,Gandaki,NP04,NP0436,NP0436409,8,cooking fuel,cooking_fuel_other,2
Gandaki,Gorkha,Gandaki,NP04,NP0436,NP0436409,8,lighting fuel,lighting_electricity,842
Gandaki,Gorkha,Gandaki,NP04,NP0436,NP0436409,8,lighting fuel,lighting_solar,4
Gandaki,Gorkha,Gandaki,NP04,NP0436,NP0436409,8,lighting fuel,lighting_kerosene,2
Gandaki,Gorkha,Gandaki,NP04,NP0436,NP0436409,8,lighting fuel,lighting_biogas,0
Gandaki,Gorkha,Gandaki,NP04,NP0436,NP0436409,8,lighting fuel,lighting_other,5
Gandaki,Gorkha,Gandaki,NP04,NP0436,NP0436409,8,sanitation,toilet_flush_public_sewerage,22
Gandaki,Gorkha,Gandaki,NP04,NP0436,NP0436409,8,sanitation,toilet_flush_septic_tank,607
Gandaki,Gorkha,Gandaki,NP04,NP0436,NP0436409,8,sanitation,toilet_pit,212
Gandaki,Gorkha,Gandaki,NP04,NP0436,NP0436409,8,sanitation,toilet_public,0
Gandaki,Gorkha,Gandaki,NP04,NP0436,NP0436409,8,sanitation,toilet_no_toilet,12
Gandaki,Gorkha,Gandaki,NP04,NP0436,NP0436409,8,household amenities,hh_amenities_without,30
Gandaki,Gorkha,Gandaki,NP04,NP0436,NP0436409,8,household amenities,hh_amenities_at_least_one,823
Gandaki,Gorkha,Gandaki,NP04,NP0436,NP0436409,8,household amenities,hh_amenities_radio,155
Gandaki,Gorkha,Gandaki,NP04,NP0436,NP0436409,8,household amenities,hh_amenities_television,515
Gandaki,Gorkha,Gandaki,NP04,NP0436,NP0436409,8,household amenities,hh_amenities_landline,29
Gandaki,Gorkha,Gandaki,NP04,NP0436,NP0436409,8,household amenities,hh_amenities_mobile_phone_ordinary,720
Gandaki,Gorkha,Gandaki,NP04,NP0436,NP0436409,8,household amenities,hh_amenities_mobile_phone_smart,592
Gandaki,Gorkha,Gandaki,NP04,NP0436,NP0436409,8,household amenities,hh_amenities_computer_laptop,35
Gandaki,Gorkha,Gandaki,NP04,NP0436,NP0436409,8,household amenities,hh_amenities_internet,165
Gandaki,Gorkha,Gandaki,NP04,NP0436,NP0436409,8,household amenities,hh_amenities_car_jeep_van,11
Gandaki,Gorkha,Gandaki,NP04,NP0436,NP0436409,8,household amenities,hh_amenities_motorcycle_scooter,68
Gandaki,Gorkha,Gandaki,NP04,NP0436,NP0436409,8,household amenities,hh_amenities_bicycle,16
Gandaki,Gorkha,Gandaki,NP04,NP0436,NP0436409,8,household amenities,hh_amenities_electric_fan,408
Gandaki,Gorkha,Gandaki,NP04,NP0436,NP0436409,8,household amenities,hh_amenities_refridgerator,224
Gandaki,Gorkha,Gandaki,NP04,NP0436,NP0436409,8,household amenities,hh_amenities_washing_machine,4
Gandaki,Gorkha,Gandaki,NP04,NP0436,NP0436409,8,household amenities,hh_amenities_air_conditioner,1
Gandaki,Gorkha,Gandaki,NP04,NP0436,NP0436409,8,wealth quintile,wealth_quintile_poorest_quintile_count,44
Gandaki,Gorkha,Gandaki,NP04,NP0436,NP0436409,8,wealth quintile,wealth_quintile_poorer_quintile_count,155
Gandaki,Gorkha,Gandaki,NP04,NP0436,NP0436409,8,wealth quintile,wealth_quintile_middle_quintile_count,309
Gandaki,Gorkha,Gandaki,NP04,NP0436,NP0436409,8,wealth quintile,wealth_quintile_richer_quintile_count,285
Gandaki,Gorkha,Gandaki,NP04,NP0436,NP0436409,8,wealth quintile,wealth_quintile_richest_quintile_count,60
Gandaki,Gorkha,Gandaki,NP04,NP0436,NP0436409,8,wealth quintile,wealth_quintile_poorest_quintile_pc,5.16
Gandaki,Gorkha,Gandaki,NP04,NP0436,NP0436409,8,wealth quintile,wealth_quintile_poorer_quintile_pc,18.17
Gandaki,Gorkha,Gandaki,NP04,NP0436,NP0436409,8,wealth quintile,wealth_quintile_middle_quintile_pc,36.23
Gandaki,Gorkha,Gandaki,NP04,NP0436,NP0436409,8,wealth quintile,wealth_quintile_richer_quintile_pc,33.41
Gandaki,Gorkha,Gandaki,NP04,NP0436,NP0436409,8,wealth quintile,wealth_quintile_richest_quintile_pc,7.03
Gandaki,Gorkha,Gandaki,NP04,NP0436,NP0436409,8,housing,house_quality_most_adequate_count,224
Gandaki,Gorkha,Gandaki,NP04,NP0436,NP0436409,8,housing,house_quality_adequate_count,424
Gandaki,Gorkha,Gandaki,NP04,NP0436,NP0436409,8,housing,house_quality_moderate_count,187
Gandaki,Gorkha,Gandaki,NP04,NP0436,NP0436409,8,housing,house_quality_inadequate_count,8
Gandaki,Gorkha,Gandaki,NP04,NP0436,NP0436409,8,housing,house_quality_least_adequate_count,10
Gandaki,Gorkha,Gandaki,NP04,NP0436,NP0436409,8,housing,house_quality_most_adequate_pc,26.26
Gandaki,Gorkha,Gandaki,NP04,NP0436,NP0436409,8,housing,house_quality_adequate_pc,49.71
Gandaki,Gorkha,Gandaki,NP04,NP0436,NP0436409,8,housing,house_quality_moderate_pc,21.92
Gandaki,Gorkha,Gandaki,NP04,NP0436,NP0436409,8,housing,house_quality_inadequate_pc,0.94
Gandaki,Gorkha,Gandaki,NP04,NP0436,NP0436409,8,housing,house_quality_least_adequate_pc,1.17
Gandaki,Tanahu,Devghat,NP04,NP0440,NP0440406,4,demographics,total_households,369
Gandaki,Tanahu,Devghat,NP04,NP0440,NP0440406,4,housing,home_ownership_owned,360
Gandaki,Tanahu,Devghat,NP04,NP0440,NP0440406,4,housing,home_ownership_rented,6
Gandaki,Tanahu,Devghat,NP04,NP0440,NP0440406,4,housing,home_ownership_institutional,2
Gandaki,Tanahu,Devghat,NP04,NP0440,NP0440406,4,housing,home_ownership_other,1
Gandaki,Tanahu,Devghat,NP04,NP0440,NP0440406,4,housing,foundation_mud,306
Gandaki,Tanahu,Devghat,NP04,NP0440,NP0440406,4,housing,foundation_mud_bonded_bricks_stone,37
Gandaki,Tanahu,Devghat,NP04,NP0440,NP0440406,4,housing,foundation_cement_bonded_bricks_stone,8
Gandaki,Tanahu,Devghat,NP04,NP0440,NP0440406,4,housing,foundation_reinforced_cement_concrete_with_pillars,18
Gandaki,Tanahu,Devghat,NP04,NP0440,NP0440406,4,housing,foundation_wooden_pillars,0
Gandaki,Tanahu,Devghat,NP04,NP0440,NP0440406,4,housing,outer_wall_mud_bonded_bricks_stone,292
Gandaki,Tanahu,Devghat,NP04,NP0440,NP0440406,4,housing,outer_wall_cement_bonded_bricks_stone,35
Gandaki,Tanahu,Devghat,NP04,NP0440,NP0440406,4,housing,outer_wall_wood_planks,33
Gandaki,Tanahu,Devghat,NP04,NP0440,NP0440406,4,housing,outer_wall_bamboo,3
Gandaki,Tanahu,Devghat,NP04,NP0440,NP0440406,4,housing,outer_wall_unbaked_bricks,0
Gandaki,Tanahu,Devghat,NP04,NP0440,NP0440406,4,housing,outer_wall_galvanised_sheet,3
Gandaki,Tanahu,Devghat,NP04,NP0440,NP0440406,4,housing,outer_wall_prefabricated_sheet,0
Gandaki,Tanahu,Devghat,NP04,NP0440,NP0440406,4,housing,outer_wall_other,3
Gandaki,Tanahu,Devghat,NP04,NP0440,NP0440406,4,housing,roof_galvanised_sheet,296
Gandaki,Tanahu,Devghat,NP04,NP0440,NP0440406,4,housing,roof_reinforced_cement_concrete,6
Gandaki,Tanahu,Devghat,NP04,NP0440,NP0440406,4,housing,roof_thatch_straw,52
Gandaki,Tanahu,Devghat,NP04,NP0440,NP0440406,4,housing,roof_tile,2
Gandaki,Tanahu,Devghat,NP04,NP0440,NP0440406,4,housing,roof_stone_slate,13
Gandaki,Tanahu,Devghat,NP04,NP0440,NP0440406,4,housing,roof_wood_planks,0
Gandaki,Tanahu,Devghat,NP04,NP0440,NP0440406,4,housing,roof_mud,0
Gandaki,Tanahu,Devghat,NP04,NP0440,NP0440406,4,housing,roof_other,0
Gandaki,Tanahu,Devghat,NP04,NP0440,NP0440406,4,housing,floor_mud,282
Gandaki,Tanahu,Devghat,NP04,NP0440,NP0440406,4,housing,floor_wooden_plank_bamboo,14
Gandaki,Tanahu,Devghat,NP04,NP0440,NP0440406,4,housing,floor_bricks_stone,1
Gandaki,Tanahu,Devghat,NP04,NP0440,NP0440406,4,housing,floor_ceramic_tile,3
Gandaki,Tanahu,Devghat,NP04,NP0440,NP0440406,4,housing,floor_cemented,67
Gandaki,Tanahu,Devghat,NP04,NP0440,NP0440406,4,housing,floor_other,2
Gandaki,Tanahu,Devghat,NP04,NP0440,NP0440406,4,drinking water,drinking_water_tap_piped_within_premises,10
Gandaki,Tanahu,Devghat,NP04,NP0440,NP0440406,4,drinking water,drinking_water_tap_piped_outside_premises,300
Gandaki,Tanahu,Devghat,NP04,NP0440,NP0440406,4,drinking water,drinking_water_tubewell_handpump,0
Gandaki,Tanahu,Devghat,NP04,NP0440,NP0440406,4,drinking water,drinking_water_covered_well_kuwa,0
Gandaki,Tanahu,Devghat,NP04,NP0440,NP0440406,4,drinking water,drinking_water_uncovered_well_kuwa,0
Gandaki,Tanahu,Devghat,NP04,NP0440,NP0440406,4,drinking water,drinking_water_spout_water,48
Gandaki,Tanahu,Devghat,NP04,NP0440,NP0440406,4,drinking water,drinking_water_river_stream,10
Gandaki,Tanahu,Devghat,NP04,NP0440,NP0440406,4,drinking water,drinking_water_jar_bottle,0
Gandaki,Tanahu,Devghat,NP04,NP0440,NP0440406,4,drinking water,drinking_water_other,1
Gandaki,Tanahu,Devghat,NP04,NP0440,NP0440406,4,cooking fuel,cooking_fuel_wood_firewood,321
Gandaki,Tanahu,Devghat,NP04,NP0440,NP0440406,4,cooking fuel,cooking_fuel_lpg,47
Gandaki,Tanahu,Devghat,NP04,NP0440,NP0440406,4,cooking fuel,cooking_fuel_electricity,1
Gandaki,Tanahu,Devghat,NP04,NP0440,NP0440406,4,cooking fuel,cooking_fuel_cowdung,0
Gandaki,Tanahu,Devghat,NP04,NP0440,NP0440406,4,cooking fuel,cooking_fuel_biogas,0
Gandaki,Tanahu,Devghat,NP04,NP0440,NP0440406,4,cooking fuel,cooking_fuel_kerosene,0
Gandaki,Tanahu,Devghat,NP04,NP0440,NP0440406,4,cooking fuel,cooking_fuel_other,0
Gandaki,Tanahu,Devghat,NP04,NP0440,NP0440406,4,lighting fuel,lighting_electricity,130
Gandaki,Tanahu,Devghat,NP04,NP0440,NP0440406,4,lighting fuel,lighting_solar,235
Gandaki,Tanahu,Devghat,NP04,NP0440,NP0440406,4,lighting fuel,lighting_kerosene,1
Gandaki,Tanahu,Devghat,NP04,NP0440,NP0440406,4,lighting fuel,lighting_biogas,1
Gandaki,Tanahu,Devghat,NP04,NP0440,NP0440406,4,lighting fuel,lighting_other,2
Gandaki,Tanahu,Devghat,NP04,NP0440,NP0440406,4,sanitation,toilet_flush_public_sewerage,2
Gandaki,Tanahu,Devghat,NP04,NP0440,NP0440406,4,sanitation,toilet_flush_septic_tank,136
Gandaki,Tanahu,Devghat,NP04,NP0440,NP0440406,4,sanitation,toilet_pit,218
Gandaki,Tanahu,Devghat,NP04,NP0440,NP0440406,4,sanitation,toilet_public,1
Gandaki,Tanahu,Devghat,NP04,NP0440,NP0440406,4,sanitation,toilet_no_toilet,12
Gandaki,Tanahu,Devghat,NP04,NP0440,NP0440406,4,household amenities,hh_amenities_without,28
Gandaki,Tanahu,Devghat,NP04,NP0440,NP0440406,4,household amenities,hh_amenities_at_least_one,341
Gandaki,Tanahu,Devghat,NP04,NP0440,NP0440406,4,household amenities,hh_amenities_radio,55
Gandaki,Tanahu,Devghat,NP04,NP0440,NP0440406,4,household amenities,hh_amenities_television,47
Gandaki,Tanahu,Devghat,NP04,NP0440,NP0440406,4,household amenities,hh_amenities_landline,7
Gandaki,Tanahu,Devghat,NP04,NP0440,NP0440406,4,household amenities,hh_amenities_mobile_phone_ordinary,312
Gandaki,Tanahu,Devghat,NP04,NP0440,NP0440406,4,household amenities,hh_amenities_mobile_phone_smart,137
Gandaki,Tanahu,Devghat,NP04,NP0440,NP0440406,4,household amenities,hh_amenities_computer_laptop,2
Gandaki,Tanahu,Devghat,NP04,NP0440,NP0440406,4,household amenities,hh_amenities_internet,60
Gandaki,Tanahu,Devghat,NP04,NP0440,NP0440406,4,household amenities,hh_amenities_car_jeep_van,1
Gandaki,Tanahu,Devghat,NP04,NP0440,NP0440406,4,household amenities,hh_amenities_motorcycle_scooter,10
Gandaki,Tanahu,Devghat,NP04,NP0440,NP0440406,4,household amenities,hh_amenities_bicycle,2
Gandaki,Tanahu,Devghat,NP04,NP0440,NP0440406,4,household amenities,hh_amenities_electric_fan,10
Gandaki,Tanahu,Devghat,NP04,NP0440,NP0440406,4,household amenities,hh_amenities_refridgerator,0
Gandaki,Tanahu,Devghat,NP04,NP0440,NP0440406,4,household amenities,hh_amenities_washing_machine,0
Gandaki,Tanahu,Devghat,NP04,NP0440,NP0440406,4,household amenities,hh_amenities_air_conditioner,0
Gandaki,Tanahu,Devghat,NP04,NP0440,NP0440406,4,wealth quintile,wealth_quintile_poorest_quintile_count,225
Gandaki,Tanahu,Devghat,NP04,NP0440,NP0440406,4,wealth quintile,wealth_quintile_poorer_quintile_count,83
Gandaki,Tanahu,Devghat,NP04,NP0440,NP0440406,4,wealth quintile,wealth_quintile_middle_quintile_count,49
Gandaki,Tanahu,Devghat,NP04,NP0440,NP0440406,4,wealth quintile,wealth_quintile_richer_quintile_count,9
Gandaki,Tanahu,Devghat,NP04,NP0440,NP0440406,4,wealth quintile,wealth_quintile_richest_quintile_count,3
Gandaki,Tanahu,Devghat,NP04,NP0440,NP0440406,4,wealth quintile,wealth_quintile_poorest_quintile_pc,60.98
Gandaki,Tanahu,Devghat,NP04,NP0440,NP0440406,4,wealth quintile,wealth_quintile_poorer_quintile_pc,22.49
Gandaki,Tanahu,Devghat,NP04,NP0440,NP0440406,4,wealth quintile,wealth_quintile_middle_quintile_pc,13.28
Gandaki,Tanahu,Devghat,NP04,NP0440,NP0440406,4,wealth quintile,wealth_quintile_richer_quintile_pc,2.44
Gandaki,Tanahu,Devghat,NP04,NP0440,NP0440406,4,wealth quintile,wealth_quintile_richest_quintile_pc,0.81
Gandaki,Tanahu,Devghat,NP04,NP0440,NP0440406,4,housing,house_quality_most_adequate_count,6
Gandaki,Tanahu,Devghat,NP04,NP0440,NP0440406,4,housing,house_quality_adequate_count,40
Gandaki,Tanahu,Devghat,NP04,NP0440,NP0440406,4,housing,house_quality_moderate_count,244
Gandaki,Tanahu,Devghat,NP04,NP0440,NP0440406,4,housing,house_quality_inadequate_count,77
Gandaki,Tanahu,Devghat,NP04,NP0440,NP0440406,4,housing,house_quality_least_adequate_count,2
Gandaki,Tanahu,Devghat,NP04,NP0440,NP0440406,4,housing,house_quality_most_adequate_pc,1.63
Gandaki,Tanahu,Devghat,NP04,NP0440,NP0440406,4,housing,house_quality_adequate_pc,10.84
Gandaki,Tanahu,Devghat,NP04,NP0440,NP0440406,4,housing,house_quality_moderate_pc,66.12
Gandaki,Tanahu,Devghat,NP04,NP0440,NP0440406,4,housing,house_quality_inadequate_pc,20.87
Gandaki,Tanahu,Devghat,NP04,NP0440,NP0440406,4,housing,house_quality_least_adequate_pc,0.54
Gandaki,Tanahu,Devghat,NP04,NP0440,NP0440406,5,demographics,total_households,1854
Gandaki,Tanahu,Devghat,NP04,NP0440,NP0440406,5,housing,home_ownership_owned,1509
Gandaki,Tanahu,Devghat,NP04,NP0440,NP0440406,5,housing,home_ownership_rented,165
Gandaki,Tanahu,Devghat,NP04,NP0440,NP0440406,5,housing,home_ownership_institutional,149
Gandaki,Tanahu,Devghat,NP04,NP0440,NP0440406,5,housing,home_ownership_other,31
Gandaki,Tanahu,Devghat,NP04,NP0440,NP0440406,5,housing,foundation_mud,299
Gandaki,Tanahu,Devghat,NP04,NP0440,NP0440406,5,housing,foundation_mud_bonded_bricks_stone,1056
Gandaki,Tanahu,Devghat,NP04,NP0440,NP0440406,5,housing,foundation_cement_bonded_bricks_stone,397
Gandaki,Tanahu,Devghat,NP04,NP0440,NP0440406,5,housing,foundation_reinforced_cement_concrete_with_pillars,93
Gandaki,Tanahu,Devghat,NP04,NP0440,NP0440406,5,housing,foundation_wooden_pillars,9
Gandaki,Tanahu,Devghat,NP04,NP0440,NP0440406,5,housing,outer_wall_mud_bonded_bricks_stone,120
Gandaki,Tanahu,Devghat,NP04,NP0440,NP0440406,5,housing,outer_wall_cement_bonded_bricks_stone,1457
Gandaki,Tanahu,Devghat,NP04,NP0440,NP0440406,5,housing,outer_wall_wood_planks,216
Gandaki,Tanahu,Devghat,NP04,NP0440,NP0440406,5,housing,outer_wall_bamboo,5
Gandaki,Tanahu,Devghat,NP04,NP0440,NP0440406,5,housing,outer_wall_unbaked_bricks,36
Gandaki,Tanahu,Devghat,NP04,NP0440,NP0440406,5,housing,outer_wall_galvanised_sheet,17
Gandaki,Tanahu,Devghat,NP04,NP0440,NP0440406,5,housing,outer_wall_prefabricated_sheet,0
Gandaki,Tanahu,Devghat,NP04,NP0440,NP0440406,5,housing,outer_wall_other,3
Gandaki,Tanahu,Devghat,NP04,NP0440,NP0440406,5,housing,roof_galvanised_sheet,1305
Gandaki,Tanahu,Devghat,NP04,NP0440,NP0440406,5,housing,roof_reinforced_cement_concrete,519
Gandaki,Tanahu,Devghat,NP04,NP0440,NP0440406,5,housing,roof_thatch_straw,18
Gandaki,Tanahu,Devghat,NP04,NP0440,NP0440406,5,housing,roof_tile,1
Gandaki,Tanahu,Devghat,NP04,NP0440,NP0440406,5,housing,roof_stone_slate,5
Gandaki,Tanahu,Devghat,NP04,NP0440,NP0440406,5,housing,roof_wood_planks,2
Gandaki,Tanahu,Devghat,NP04,NP0440,NP0440406,5,housing,roof_mud,0
Gandaki,Tanahu,Devghat,NP04,NP0440,NP0440406,5,housing,roof_other,4
Gandaki,Tanahu,Devghat,NP04,NP0440,NP0440406,5,housing,floor_mud,254
Gandaki,Tanahu,Devghat,NP04,NP0440,NP0440406,5,housing,floor_wooden_plank_bamboo,14
Gandaki,Tanahu,Devghat,NP04,NP0440,NP0440406,5,housing,floor_bricks_stone,14
Gandaki,Tanahu,Devghat,NP04,NP0440,NP0440406,5,housing,floor_ceramic_tile,26
Gandaki,Tanahu,Devghat,NP04,NP0440,NP0440406,5,housing,floor_cemented,1529
Gandaki,Tanahu,Devghat,NP04,NP0440,NP0440406,5,housing,floor_other,17
Gandaki,Tanahu,Devghat,NP04,NP0440,NP0440406,5,drinking water,drinking_water_tap_piped_within_premises,1109
Gandaki,Tanahu,Devghat,NP04,NP0440,NP0440406,5,drinking water,drinking_water_tap_piped_outside_premises,600
Gandaki,Tanahu,Devghat,NP04,NP0440,NP0440406,5,drinking water,drinking_water_tubewell_handpump,0
Gandaki,Tanahu,Devghat,NP04,NP0440,NP0440406,5,drinking water,drinking_water_covered_well_kuwa,13
Gandaki,Tanahu,Devghat,NP04,NP0440,NP0440406,5,drinking water,drinking_water_uncovered_well_kuwa,23
Gandaki,Tanahu,Devghat,NP04,NP0440,NP0440406,5,drinking water,drinking_water_spout_water,85
Gandaki,Tanahu,Devghat,NP04,NP0440,NP0440406,5,drinking water,drinking_water_river_stream,5
Gandaki,Tanahu,Devghat,NP04,NP0440,NP0440406,5,drinking water,drinking_water_jar_bottle,1
Gandaki,Tanahu,Devghat,NP04,NP0440,NP0440406,5,drinking water,drinking_water_other,18
Gandaki,Tanahu,Devghat,NP04,NP0440,NP0440406,5,cooking fuel,cooking_fuel_wood_firewood,509
Gandaki,Tanahu,Devghat,NP04,NP0440,NP0440406,5,cooking fuel,cooking_fuel_lpg,1333
Gandaki,Tanahu,Devghat,NP04,NP0440,NP0440406,5,cooking fuel,cooking_fuel_electricity,2
Gandaki,Tanahu,Devghat,NP04,NP0440,NP0440406,5,cooking fuel,cooking_fuel_cowdung,0
Gandaki,Tanahu,Devghat,NP04,NP0440,NP0440406,5,cooking fuel,cooking_fuel_biogas,9
Gandaki,Tanahu,Devghat,NP04,NP0440,NP0440406,5,cooking fuel,cooking_fuel_kerosene,0
Gandaki,Tanahu,Devghat,NP04,NP0440,NP0440406,5,cooking fuel,cooking_fuel_other,1
Gandaki,Tanahu,Devghat,NP04,NP0440,NP0440406,5,lighting fuel,lighting_electricity,1770
Gandaki,Tanahu,Devghat,NP04,NP0440,NP0440406,5,lighting fuel,lighting_solar,52
Gandaki,Tanahu,Devghat,NP04,NP0440,NP0440406,5,lighting fuel,lighting_kerosene,14
Gandaki,Tanahu,Devghat,NP04,NP0440,NP0440406,5,lighting fuel,lighting_biogas,2
Gandaki,Tanahu,Devghat,NP04,NP0440,NP0440406,5,lighting fuel,lighting_other,16
Gandaki,Tanahu,Devghat,NP04,NP0440,NP0440406,5,sanitation,toilet_flush_public_sewerage,12
Gandaki,Tanahu,Devghat,NP04,NP0440,NP0440406,5,sanitation,toilet_flush_septic_tank,1580
Gandaki,Tanahu,Devghat,NP04,NP0440,NP0440406,5,sanitation,toilet_pit,216
Gandaki,Tanahu,Devghat,NP04,NP0440,NP0440406,5,sanitation,toilet_public,6
Gandaki,Tanahu,Devghat,NP04,NP0440,NP0440406,5,sanitation,toilet_no_toilet,40
Gandaki,Tanahu,Devghat,NP04,NP0440,NP0440406,5,household amenities,hh_amenities_without,70
Gandaki,Tanahu,Devghat,NP04,NP0440,NP0440406,5,household amenities,hh_amenities_at_least_one,1784
Gandaki,Tanahu,Devghat,NP04,NP0440,NP0440406,5,household amenities,hh_amenities_radio,612
Gandaki,Tanahu,Devghat,NP04,NP0440,NP0440406,5,household amenities,hh_amenities_television,979
Gandaki,Tanahu,Devghat,NP04,NP0440,NP0440406,5,household amenities,hh_amenities_landline,50
Gandaki,Tanahu,Devghat,NP04,NP0440,NP0440406,5,household amenities,hh_amenities_mobile_phone_ordinary,1394
Gandaki,Tanahu,Devghat,NP04,NP0440,NP0440406,5,household amenities,hh_amenities_mobile_phone_smart,1379
Gandaki,Tanahu,Devghat,NP04,NP0440,NP0440406,5,household amenities,hh_amenities_computer_laptop,197
Gandaki,Tanahu,Devghat,NP04,NP0440,NP0440406,5,household amenities,hh_amenities_internet,808
Gandaki,Tanahu,Devghat,NP04,NP0440,NP0440406,5,household amenities,hh_amenities_car_jeep_van,52
Gandaki,Tanahu,Devghat,NP04,NP0440,NP0440406,5,household amenities,hh_amenities_motorcycle_scooter,557
Gandaki,Tanahu,Devghat,NP04,NP0440,NP0440406,5,household amenities,hh_amenities_bicycle,421
Gandaki,Tanahu,Devghat,NP04,NP0440,NP0440406,5,household amenities,hh_amenities_electric_fan,1463
Gandaki,Tanahu,Devghat,NP04,NP0440,NP0440406,5,household amenities,hh_amenities_refridgerator,777
Gandaki,Tanahu,Devghat,NP04,NP0440,NP0440406,5,household amenities,hh_amenities_washing_machine,51
Gandaki,Tanahu,Devghat,NP04,NP0440,NP0440406,5,household amenities,hh_amenities_air_conditioner,8
Gandaki,Tanahu,Devghat,NP04,NP0440,NP0440406,5,wealth quintile,wealth_quintile_poorest_quintile_count,105
Gandaki,Tanahu,Devghat,NP04,NP0440,NP0440406,5,wealth quintile,wealth_quintile_poorer_quintile_count,118
Gandaki,Tanahu,Devghat,NP04,NP0440,NP0440406,5,wealth quintile,wealth_quintile_middle_quintile_count,532
Gandaki,Tanahu,Devghat,NP04,NP0440,NP0440406,5,wealth quintile,wealth_quintile_richer_quintile_count,574
Gandaki,Tanahu,Devghat,NP04,NP0440,NP0440406,5,wealth quintile,wealth_quintile_richest_quintile_count,525
Gandaki,Tanahu,Devghat,NP04,NP0440,NP0440406,5,wealth quintile,wealth_quintile_poorest_quintile_pc,5.66
Gandaki,Tanahu,Devghat,NP04,NP0440,NP0440406,5,wealth quintile,wealth_quintile_poorer_quintile_pc,6.36
Gandaki,Tanahu,Devghat,NP04,NP0440,NP0440406,5,wealth quintile,wealth_quintile_middle_quintile_pc,28.69
Gandaki,Tanahu,Devghat,NP04,NP0440,NP0440406,5,wealth quintile,wealth_quintile_richer_quintile_pc,30.96
Gandaki,Tanahu,Devghat,NP04,NP0440,NP0440406,5,wealth quintile,wealth_quintile_richest_quintile_pc,28.32
Gandaki,Tanahu,Devghat,NP04,NP0440,NP0440406,5,housing,house_quality_most_adequate_count,935
Gandaki,Tanahu,Devghat,NP04,NP0440,NP0440406,5,housing,house_quality_adequate_count,642
Gandaki,Tanahu,Devghat,NP04,NP0440,NP0440406,5,housing,house_quality_moderate_count,244
Gandaki,Tanahu,Devghat,NP04,NP0440,NP0440406,5,housing,house_quality_inadequate_count,32
Gandaki,Tanahu,Devghat,NP04,NP0440,NP0440406,5,housing,house_quality_least_adequate_count,1
Gandaki,Tanahu,Devghat,NP04,NP0440,NP0440406,5,housing,house_quality_most_adequate_pc,50.43
Gandaki,Tanahu,Devghat,NP04,NP0440,NP0440406,5,housing,house_quality_adequate_pc,34.63
Gandaki,Tanahu,Devghat,NP04,NP0440,NP0440406,5,housing,house_quality_moderate_pc,13.16
Gandaki,Tanahu,Devghat,NP04,NP0440,NP0440406,5,housing,house_quality_inadequate_pc,1.73
Gandaki,Tanahu,Devghat,NP04,NP0440,NP0440406,5,housing,house_quality_least_adequate_pc,0.05
Gandaki,Tanahu,Aanbu Khaireni,NP04,NP0440,NP0440405,4,demographics,total_households,474
Gandaki,Tanahu,Aanbu Khaireni,NP04,NP0440,NP0440405,4,housing,home_ownership_owned,451
Gandaki,Tanahu,Aanbu Khaireni,NP04,NP0440,NP0440405,4,housing,home_ownership_rented,21
Gandaki,Tanahu,Aanbu Khaireni,NP04,NP0440,NP0440405,4,housing,home_ownership_institutional,0
Gandaki,Tanahu,Aanbu Khaireni,NP04,NP0440,NP0440405,4,housing,home_ownership_other,2
Gandaki,Tanahu,Aanbu Khaireni,NP04,NP0440,NP0440405,4,housing,foundation_mud,397
Gandaki,Tanahu,Aanbu Khaireni,NP04,NP0440,NP0440405,4,housing,foundation_mud_bonded_bricks_stone,59
Gandaki,Tanahu,Aanbu Khaireni,NP04,NP0440,NP0440405,4,housing,foundation_cement_bonded_bricks_stone,17
Gandaki,Tanahu,Aanbu Khaireni,NP04,NP0440,NP0440405,4,housing,foundation_reinforced_cement_concrete_with_pillars,0
Gandaki,Tanahu,Aanbu Khaireni,NP04,NP0440,NP0440405,4,housing,foundation_wooden_pillars,1
Gandaki,Tanahu,Aanbu Khaireni,NP04,NP0440,NP0440405,4,housing,outer_wall_mud_bonded_bricks_stone,374
Gandaki,Tanahu,Aanbu Khaireni,NP04,NP0440,NP0440405,4,housing,outer_wall_cement_bonded_bricks_stone,92
Gandaki,Tanahu,Aanbu Khaireni,NP04,NP0440,NP0440405,4,housing,outer_wall_wood_planks,3
Gandaki,Tanahu,Aanbu Khaireni,NP04,NP0440,NP0440405,4,housing,outer_wall_bamboo,0
Gandaki,Tanahu,Aanbu Khaireni,NP04,NP0440,NP0440405,4,housing,outer_wall_unbaked_bricks,3
Gandaki,Tanahu,Aanbu Khaireni,NP04,NP0440,NP0440405,4,housing,outer_wall_galvanised_sheet,1
Gandaki,Tanahu,Aanbu Khaireni,NP04,NP0440,NP0440405,4,housing,outer_wall_prefabricated_sheet,0
Gandaki,Tanahu,Aanbu Khaireni,NP04,NP0440,NP0440405,4,housing,outer_wall_other,1
Gandaki,Tanahu,Aanbu Khaireni,NP04,NP0440,NP0440405,4,housing,roof_galvanised_sheet,407
Gandaki,Tanahu,Aanbu Khaireni,NP04,NP0440,NP0440405,4,housing,roof_reinforced_cement_concrete,30
Gandaki,Tanahu,Aanbu Khaireni,NP04,NP0440,NP0440405,4,housing,roof_thatch_straw,11
Gandaki,Tanahu,Aanbu Khaireni,NP04,NP0440,NP0440405,4,housing,roof_tile,0
Gandaki,Tanahu,Aanbu Khaireni,NP04,NP0440,NP0440405,4,housing,roof_stone_slate,26
Gandaki,Tanahu,Aanbu Khaireni,NP04,NP0440,NP0440405,4,housing,roof_wood_planks,0
Gandaki,Tanahu,Aanbu Khaireni,NP04,NP0440,NP0440405,4,housing,roof_mud,0
Gandaki,Tanahu,Aanbu Khaireni,NP04,NP0440,NP0440405,4,housing,roof_other,0
Gandaki,Tanahu,Aanbu Khaireni,NP04,NP0440,NP0440405,4,housing,floor_mud,326
Gandaki,Tanahu,Aanbu Khaireni,NP04,NP0440,NP0440405,4,housing,floor_wooden_plank_bamboo,10
Gandaki,Tanahu,Aanbu Khaireni,NP04,NP0440,NP0440405,4,housing,floor_bricks_stone,9
Gandaki,Tanahu,Aanbu Khaireni,NP04,NP0440,NP0440405,4,housing,floor_ceramic_tile,4
Gandaki,Tanahu,Aanbu Khaireni,NP04,NP0440,NP0440405,4,housing,floor_cemented,125
Gandaki,Tanahu,Aanbu Khaireni,NP04,NP0440,NP0440405,4,housing,floor_other,0
Gandaki,Tanahu,Aanbu Khaireni,NP04,NP0440,NP0440405,4,drinking water,drinking_water_tap_piped_within_premises,96
Gandaki,Tanahu,Aanbu Khaireni,NP04,NP0440,NP0440405,4,drinking water,drinking_water_tap_piped_outside_premises,370
Gandaki,Tanahu,Aanbu Khaireni,NP04,NP0440,NP0440405,4,drinking water,drinking_water_tubewell_handpump,0
Gandaki,Tanahu,Aanbu Khaireni,NP04,NP0440,NP0440405,4,drinking water,drinking_water_covered_well_kuwa,0
Gandaki,Tanahu,Aanbu Khaireni,NP04,NP0440,NP0440405,4,drinking water,drinking_water_uncovered_well_kuwa,1
Gandaki,Tanahu,Aanbu Khaireni,NP04,NP0440,NP0440405,4,drinking water,drinking_water_spout_water,1
Gandaki,Tanahu,Aanbu Khaireni,NP04,NP0440,NP0440405,4,drinking water,drinking_water_river_stream,1
Gandaki,Tanahu,Aanbu Khaireni,NP04,NP0440,NP0440405,4,drinking water,drinking_water_jar_bottle,2
Gandaki,Tanahu,Aanbu Khaireni,NP04,NP0440,NP0440405,4,drinking water,drinking_water_other,3
Gandaki,Tanahu,Aanbu Khaireni,NP04,NP0440,NP0440405,4,cooking fuel,cooking_fuel_wood_firewood,353
Gandaki,Tanahu,Aanbu Khaireni,NP04,NP0440,NP0440405,4,cooking fuel,cooking_fuel_lpg,121
Gandaki,Tanahu,Aanbu Khaireni,NP04,NP0440,NP0440405,4,cooking fuel,cooking_fuel_electricity,0
Gandaki,Tanahu,Aanbu Khaireni,NP04,NP0440,NP0440405,4,cooking fuel,cooking_fuel_cowdung,0
Gandaki,Tanahu,Aanbu Khaireni,NP04,NP0440,NP0440405,4,cooking fuel,cooking_fuel_biogas,0
Gandaki,Tanahu,Aanbu Khaireni,NP04,NP0440,NP0440405,4,cooking fuel,cooking_fuel_kerosene,0
Gandaki,Tanahu,Aanbu Khaireni,NP04,NP0440,NP0440405,4,cooking fuel,cooking_fuel_other,0
Gandaki,Tanahu,Aanbu Khaireni,NP04,NP0440,NP0440405,4,lighting fuel,lighting_electricity,458
Gandaki,Tanahu,Aanbu Khaireni,NP04,NP0440,NP0440405,4,lighting fuel,lighting_solar,10
Gandaki,Tanahu,Aanbu Khaireni,NP04,NP0440,NP0440405,4,lighting fuel,lighting_kerosene,4
Gandaki,Tanahu,Aanbu Khaireni,NP04,NP0440,NP0440405,4,lighting fuel,lighting_biogas,0
Gandaki,Tanahu,Aanbu Khaireni,NP04,NP0440,NP0440405,4,lighting fuel,lighting_other,2
Gandaki,Tanahu,Aanbu Khaireni,NP04,NP0440,NP0440405,4,sanitation,toilet_flush_public_sewerage,9
Gandaki,Tanahu,Aanbu Khaireni,NP04,NP0440,NP0440405,4,sanitation,toilet_flush_septic_tank,404
Gandaki,Tanahu,Aanbu Khaireni,NP04,NP0440,NP0440405,4,sanitation,toilet_pit,44
Gandaki,Tanahu,Aanbu Khaireni,NP04,NP0440,NP0440405,4,sanitation,toilet_public,3
Gandaki,Tanahu,Aanbu Khaireni,NP04,NP0440,NP0440405,4,sanitation,toilet_no_toilet,14
Gandaki,Tanahu,Aanbu Khaireni,NP04,NP0440,NP0440405,4,household amenities,hh_amenities_without,31
Gandaki,Tanahu,Aanbu Khaireni,NP04,NP0440,NP0440405,4,household amenities,hh_amenities_at_least_one,443
Gandaki,Tanahu,Aanbu Khaireni,NP04,NP0440,NP0440405,4,household amenities,hh_amenities_radio,98
Gandaki,Tanahu,Aanbu Khaireni,NP04,NP0440,NP0440405,4,household amenities,hh_amenities_television,168
Gandaki,Tanahu,Aanbu Khaireni,NP04,NP0440,NP0440405,4,household amenities,hh_amenities_landline,7
Gandaki,Tanahu,Aanbu Khaireni,NP04,NP0440,NP0440405,4,household amenities,hh_amenities_mobile_phone_ordinary,338
Gandaki,Tanahu,Aanbu Khaireni,NP04,NP0440,NP0440405,4,household amenities,hh_amenities_mobile_phone_smart,311
Gandaki,Tanahu,Aanbu Khaireni,NP04,NP0440,NP0440405,4,household amenities,hh_amenities_computer_laptop,30
Gandaki,Tanahu,Aanbu Khaireni,NP04,NP0440,NP0440405,4,household amenities,hh_amenities_internet,270
Gandaki,Tanahu,Aanbu Khaireni,NP04,NP0440,NP0440405,4,household amenities,hh_amenities_car_jeep_van,9
Gandaki,Tanahu,Aanbu Khaireni,NP04,NP0440,NP0440405,4,household amenities,hh_amenities_motorcycle_scooter,32
Gandaki,Tanahu,Aanbu Khaireni,NP04,NP0440,NP0440405,4,household amenities,hh_amenities_bicycle,6
Gandaki,Tanahu,Aanbu Khaireni,NP04,NP0440,NP0440405,4,household amenities,hh_amenities_electric_fan,82
Gandaki,Tanahu,Aanbu Khaireni,NP04,NP0440,NP0440405,4,household amenities,hh_amenities_refridgerator,39
Gandaki,Tanahu,Aanbu Khaireni,NP04,NP0440,NP0440405,4,household amenities,hh_amenities_washing_machine,2
Gandaki,Tanahu,Aanbu Khaireni,NP04,NP0440,NP0440405,4,household amenities,hh_amenities_air_conditioner,0
Gandaki,Tanahu,Aanbu Khaireni,NP04,NP0440,NP0440405,4,wealth quintile,wealth_quintile_poorest_quintile_count,112
Gandaki,Tanahu,Aanbu Khaireni,NP04,NP0440,NP0440405,4,wealth quintile,wealth_quintile_poorer_quintile_count,146
Gandaki,Tanahu,Aanbu Khaireni,NP04,NP0440,NP0440405,4,wealth quintile,wealth_quintile_middle_quintile_count,149
Gandaki,Tanahu,Aanbu Khaireni,NP04,NP0440,NP0440405,4,wealth quintile,wealth_quintile_richer_quintile_count,42
Gandaki,Tanahu,Aanbu Khaireni,NP04,NP0440,NP0440405,4,wealth quintile,wealth_quintile_richest_quintile_count,25
Gandaki,Tanahu,Aanbu Khaireni,NP04,NP0440,NP0440405,4,wealth quintile,wealth_quintile_poorest_quintile_pc,23.63
Gandaki,Tanahu,Aanbu Khaireni,NP04,NP0440,NP0440405,4,wealth quintile,wealth_quintile_poorer_quintile_pc,30.8
Gandaki,Tanahu,Aanbu Khaireni,NP04,NP0440,NP0440405,4,wealth quintile,wealth_quintile_middle_quintile_pc,31.43
Gandaki,Tanahu,Aanbu Khaireni,NP04,NP0440,NP0440405,4,wealth quintile,wealth_quintile_richer_quintile_pc,8.86
Gandaki,Tanahu,Aanbu Khaireni,NP04,NP0440,NP0440405,4,wealth quintile,wealth_quintile_richest_quintile_pc,5.27
Gandaki,Tanahu,Aanbu Khaireni,NP04,NP0440,NP0440405,4,housing,house_quality_most_adequate_count,39
Gandaki,Tanahu,Aanbu Khaireni,NP04,NP0440,NP0440405,4,housing,house_quality_adequate_count,129
Gandaki,Tanahu,Aanbu Khaireni,NP04,NP0440,NP0440405,4,housing,house_quality_moderate_count,301
Gandaki,Tanahu,Aanbu Khaireni,NP04,NP0440,NP0440405,4,housing,house_quality_inadequate_count,5
Gandaki,Tanahu,Aanbu Khaireni,NP04,NP0440,NP0440405,4,housing,house_quality_least_adequate_count,0
Gandaki,Tanahu,Aanbu Khaireni,NP04,NP0440,NP0440405,4,housing,house_quality_most_adequate_pc,8.23
Gandaki,Tanahu,Aanbu Khaireni,NP04,NP0440,NP0440405,4,housing,house_quality_adequate_pc,27.22
Gandaki,Tanahu,Aanbu Khaireni,NP04,NP0440,NP0440405,4,housing,house_quality_moderate_pc,63.5
Gandaki,Tanahu,Aanbu Khaireni,NP04,NP0440,NP0440405,4,housing,house_quality_inadequate_pc,1.05
Gandaki,Tanahu,Aanbu Khaireni,NP04,NP0440,NP0440405,4,housing,house_quality_least_adequate_pc,0
Gandaki,Tanahu,Aanbu Khaireni,NP04,NP0440,NP0440405,5,demographics,total_households,354
Gandaki,Tanahu,Aanbu Khaireni,NP04,NP0440,NP0440405,5,housing,home_ownership_owned,344
Gandaki,Tanahu,Aanbu Khaireni,NP04,NP0440,NP0440405,5,housing,home_ownership_rented,9
Gandaki,Tanahu,Aanbu Khaireni,NP04,NP0440,NP0440405,5,housing,home_ownership_institutional,1
Gandaki,Tanahu,Aanbu Khaireni,NP04,NP0440,NP0440405,5,housing,home_ownership_other,0
Gandaki,Tanahu,Aanbu Khaireni,NP04,NP0440,NP0440405,5,housing,foundation_mud,303
Gandaki,Tanahu,Aanbu Khaireni,NP04,NP0440,NP0440405,5,housing,foundation_mud_bonded_bricks_stone,35
Gandaki,Tanahu,Aanbu Khaireni,NP04,NP0440,NP0440405,5,housing,foundation_cement_bonded_bricks_stone,4
Gandaki,Tanahu,Aanbu Khaireni,NP04,NP0440,NP0440405,5,housing,foundation_reinforced_cement_concrete_with_pillars,11
Gandaki,Tanahu,Aanbu Khaireni,NP04,NP0440,NP0440405,5,housing,foundation_wooden_pillars,1
Gandaki,Tanahu,Aanbu Khaireni,NP04,NP0440,NP0440405,5,housing,outer_wall_mud_bonded_bricks_stone,281
Gandaki,Tanahu,Aanbu Khaireni,NP04,NP0440,NP0440405,5,housing,outer_wall_cement_bonded_bricks_stone,46
Gandaki,Tanahu,Aanbu Khaireni,NP04,NP0440,NP0440405,5,housing,outer_wall_wood_planks,23
Gandaki,Tanahu,Aanbu Khaireni,NP04,NP0440,NP0440405,5,housing,outer_wall_bamboo,1
Gandaki,Tanahu,Aanbu Khaireni,NP04,NP0440,NP0440405,5,housing,outer_wall_unbaked_bricks,0
Gandaki,Tanahu,Aanbu Khaireni,NP04,NP0440,NP0440405,5,housing,outer_wall_galvanised_sheet,3
Gandaki,Tanahu,Aanbu Khaireni,NP04,NP0440,NP0440405,5,housing,outer_wall_prefabricated_sheet,0
Gandaki,Tanahu,Aanbu Khaireni,NP04,NP0440,NP0440405,5,housing,outer_wall_other,0
Gandaki,Tanahu,Aanbu Khaireni,NP04,NP0440,NP0440405,5,housing,roof_galvanised_sheet,256
Gandaki,Tanahu,Aanbu Khaireni,NP04,NP0440,NP0440405,5,housing,roof_reinforced_cement_concrete,17
Gandaki,Tanahu,Aanbu Khaireni,NP04,NP0440,NP0440405,5,housing,roof_thatch_straw,58
Gandaki,Tanahu,Aanbu Khaireni,NP04,NP0440,NP0440405,5,housing,roof_tile,0
Gandaki,Tanahu,Aanbu Khaireni,NP04,NP0440,NP0440405,5,housing,roof_stone_slate,23
Gandaki,Tanahu,Aanbu Khaireni,NP04,NP0440,NP0440405,5,housing,roof_wood_planks,0
Gandaki,Tanahu,Aanbu Khaireni,NP04,NP0440,NP0440405,5,housing,roof_mud,0
Gandaki,Tanahu,Aanbu Khaireni,NP04,NP0440,NP0440405,5,housing,roof_other,0
Gandaki,Tanahu,Aanbu Khaireni,NP04,NP0440,NP0440405,5,housing,floor_mud,275
Gandaki,Tanahu,Aanbu Khaireni,NP04,NP0440,NP0440405,5,housing,floor_wooden_plank_bamboo,19
Gandaki,Tanahu,Aanbu Khaireni,NP04,NP0440,NP0440405,5,housing,floor_bricks_stone,3
Gandaki,Tanahu,Aanbu Khaireni,NP04,NP0440,NP0440405,5,housing,floor_ceramic_tile,0
Gandaki,Tanahu,Aanbu Khaireni,NP04,NP0440,NP0440405,5,housing,floor_cemented,57
Gandaki,Tanahu,Aanbu Khaireni,NP04,NP0440,NP0440405,5,housing,floor_other,0
Gandaki,Tanahu,Aanbu Khaireni,NP04,NP0440,NP0440405,5,drinking water,drinking_water_tap_piped_within_premises,7
Gandaki,Tanahu,Aanbu Khaireni,NP04,NP0440,NP0440405,5,drinking water,drinking_water_tap_piped_outside_premises,338
Gandaki,Tanahu,Aanbu Khaireni,NP04,NP0440,NP0440405,5,drinking water,drinking_water_tubewell_handpump,0
Gandaki,Tanahu,Aanbu Khaireni,NP04,NP0440,NP0440405,5,drinking water,drinking_water_covered_well_kuwa,0
Gandaki,Tanahu,Aanbu Khaireni,NP04,NP0440,NP0440405,5,drinking water,drinking_water_uncovered_well_kuwa,1
Gandaki,Tanahu,Aanbu Khaireni,NP04,NP0440,NP0440405,5,drinking water,drinking_water_spout_water,0
Gandaki,Tanahu,Aanbu Khaireni,NP04,NP0440,NP0440405,5,drinking water,drinking_water_river_stream,8
Gandaki,Tanahu,Aanbu Khaireni,NP04,NP0440,NP0440405,5,drinking water,drinking_water_jar_bottle,0
Gandaki,Tanahu,Aanbu Khaireni,NP04,NP0440,NP0440405,5,drinking water,drinking_water_other,0
Gandaki,Tanahu,Aanbu Khaireni,NP04,NP0440,NP0440405,5,cooking fuel,cooking_fuel_wood_firewood,316
Gandaki,Tanahu,Aanbu Khaireni,NP04,NP0440,NP0440405,5,cooking fuel,cooking_fuel_lpg,38
Gandaki,Tanahu,Aanbu Khaireni,NP04,NP0440,NP0440405,5,cooking fuel,cooking_fuel_electricity,0
Gandaki,Tanahu,Aanbu Khaireni,NP04,NP0440,NP0440405,5,cooking fuel,cooking_fuel_cowdung,0
Gandaki,Tanahu,Aanbu Khaireni,NP04,NP0440,NP0440405,5,cooking fuel,cooking_fuel_biogas,0
Gandaki,Tanahu,Aanbu Khaireni,NP04,NP0440,NP0440405,5,cooking fuel,cooking_fuel_kerosene,0
Gandaki,Tanahu,Aanbu Khaireni,NP04,NP0440,NP0440405,5,cooking fuel,cooking_fuel_other,0
Gandaki,Tanahu,Aanbu Khaireni,NP04,NP0440,NP0440405,5,lighting fuel,lighting_electricity,336
Gandaki,Tanahu,Aanbu Khaireni,NP04,NP0440,NP0440405,5,lighting fuel,lighting_solar,14
Gandaki,Tanahu,Aanbu Khaireni,NP04,NP0440,NP0440405,5,lighting fuel,lighting_kerosene,1
Gandaki,Tanahu,Aanbu Khaireni,NP04,NP0440,NP0440405,5,lighting fuel,lighting_biogas,0
Gandaki,Tanahu,Aanbu Khaireni,NP04,NP0440,NP0440405,5,lighting fuel,lighting_other,3
Gandaki,Tanahu,Aanbu Khaireni,NP04,NP0440,NP0440405,5,sanitation,toilet_flush_public_sewerage,5
Gandaki,Tanahu,Aanbu Khaireni,NP04,NP0440,NP0440405,5,sanitation,toilet_flush_septic_tank,61
Gandaki,Tanahu,Aanbu Khaireni,NP04,NP0440,NP0440405,5,sanitation,toilet_pit,279
Gandaki,Tanahu,Aanbu Khaireni,NP04,NP0440,NP0440405,5,sanitation,toilet_public,0
Gandaki,Tanahu,Aanbu Khaireni,NP04,NP0440,NP0440405,5,sanitation,toilet_no_toilet,9
Gandaki,Tanahu,Aanbu Khaireni,NP04,NP0440,NP0440405,5,household amenities,hh_amenities_without,32
Gandaki,Tanahu,Aanbu Khaireni,NP04,NP0440,NP0440405,5,household amenities,hh_amenities_at_least_one,322
Gandaki,Tanahu,Aanbu Khaireni,NP04,NP0440,NP0440405,5,household amenities,hh_amenities_radio,198
Gandaki,Tanahu,Aanbu Khaireni,NP04,NP0440,NP0440405,5,household amenities,hh_amenities_television,56
Gandaki,Tanahu,Aanbu Khaireni,NP04,NP0440,NP0440405,5,household amenities,hh_amenities_landline,2
Gandaki,Tanahu,Aanbu Khaireni,NP04,NP0440,NP0440405,5,household amenities,hh_amenities_mobile_phone_ordinary,287
Gandaki,Tanahu,Aanbu Khaireni,NP04,NP0440,NP0440405,5,household amenities,hh_amenities_mobile_phone_smart,90
Gandaki,Tanahu,Aanbu Khaireni,NP04,NP0440,NP0440405,5,household amenities,hh_amenities_computer_laptop,0
Gandaki,Tanahu,Aanbu Khaireni,NP04,NP0440,NP0440405,5,household amenities,hh_amenities_internet,83
Gandaki,Tanahu,Aanbu Khaireni,NP04,NP0440,NP0440405,5,household amenities,hh_amenities_car_jeep_van,1
Gandaki,Tanahu,Aanbu Khaireni,NP04,NP0440,NP0440405,5,household amenities,hh_amenities_motorcycle_scooter,5
Gandaki,Tanahu,Aanbu Khaireni,NP04,NP0440,NP0440405,5,household amenities,hh_amenities_bicycle,1
Gandaki,Tanahu,Aanbu Khaireni,NP04,NP0440,NP0440405,5,household amenities,hh_amenities_electric_fan,28
Gandaki,Tanahu,Aanbu Khaireni,NP04,NP0440,NP0440405,5,household amenities,hh_amenities_refridgerator,17
Gandaki,Tanahu,Aanbu Khaireni,NP04,NP0440,NP0440405,5,household amenities,hh_amenities_washing_machine,0
Gandaki,Tanahu,Aanbu Khaireni,NP04,NP0440,NP0440405,5,household amenities,hh_amenities_air_conditioner,0
Gandaki,Tanahu,Aanbu Khaireni,NP04,NP0440,NP0440405,5,wealth quintile,wealth_quintile_poorest_quintile_count,216
Gandaki,Tanahu,Aanbu Khaireni,NP04,NP0440,NP0440405,5,wealth quintile,wealth_quintile_poorer_quintile_count,77
Gandaki,Tanahu,Aanbu Khaireni,NP04,NP0440,NP0440405,5,wealth quintile,wealth_quintile_middle_quintile_count,50
Gandaki,Tanahu,Aanbu Khaireni,NP04,NP0440,NP0440405,5,wealth quintile,wealth_quintile_richer_quintile_count,11
Gandaki,Tanahu,Aanbu Khaireni,NP04,NP0440,NP0440405,5,wealth quintile,wealth_quintile_richest_quintile_count,0
Gandaki,Tanahu,Aanbu Khaireni,NP04,NP0440,NP0440405,5,wealth quintile,wealth_quintile_poorest_quintile_pc,61.02
Gandaki,Tanahu,Aanbu Khaireni,NP04,NP0440,NP0440405,5,wealth quintile,wealth_quintile_poorer_quintile_pc,21.75
Gandaki,Tanahu,Aanbu Khaireni,NP04,NP0440,NP0440405,5,wealth quintile,wealth_quintile_middle_quintile_pc,14.12
Gandaki,Tanahu,Aanbu Khaireni,NP04,NP0440,NP0440405,5,wealth quintile,wealth_quintile_richer_quintile_pc,3.11
Gandaki,Tanahu,Aanbu Khaireni,NP04,NP0440,NP0440405,5,wealth quintile,wealth_quintile_richest_quintile_pc,0
Gandaki,Tanahu,Aanbu Khaireni,NP04,NP0440,NP0440405,5,housing,house_quality_most_adequate_count,6
Gandaki,Tanahu,Aanbu Khaireni,NP04,NP0440,NP0440405,5,housing,house_quality_adequate_count,52
Gandaki,Tanahu,Aanbu Khaireni,NP04,NP0440,NP0440405,5,housing,house_quality_moderate_count,231
Gandaki,Tanahu,Aanbu Khaireni,NP04,NP0440,NP0440405,5,housing,house_quality_inadequate_count,65
Gandaki,Tanahu,Aanbu Khaireni,NP04,NP0440,NP0440405,5,housing,house_quality_least_adequate_count,0
Gandaki,Tanahu,Aanbu Khaireni,NP04,NP0440,NP0440405,5,housing,house_quality_most_adequate_pc,1.69
Gandaki,Tanahu,Aanbu Khaireni,NP04,NP0440,NP0440405,5,housing,house_quality_adequate_pc,14.69
Gandaki,Tanahu,Aanbu Khaireni,NP04,NP0440,NP0440405,5,housing,house_quality_moderate_pc,65.25
Gandaki,Tanahu,Aanbu Khaireni,NP04,NP0440,NP0440405,5,housing,house_quality_inadequate_pc,18.36
Gandaki,Tanahu,Aanbu Khaireni,NP04,NP0440,NP0440405,5,housing,house_quality_least_adequate_pc,0
Gandaki,Nawalparasi East,Gaidakot,NP04,NP0447,NP0447304,2,demographics,total_households,2483
Gandaki,Nawalparasi East,Gaidakot,NP04,NP0447,NP0447304,2,housing,home_ownership_owned,1284
Gandaki,Nawalparasi East,Gaidakot,NP04,NP0447,NP0447304,2,housing,home_ownership_rented,1172
Gandaki,Nawalparasi East,Gaidakot,NP04,NP0447,NP0447304,2,housing,home_ownership_institutional,18
Gandaki,Nawalparasi East,Gaidakot,NP04,NP0447,NP0447304,2,housing,home_ownership_other,9
Gandaki,Nawalparasi East,Gaidakot,NP04,NP0447,NP0447304,2,housing,foundation_mud,70
Gandaki,Nawalparasi East,Gaidakot,NP04,NP0447,NP0447304,2,housing,foundation_mud_bonded_bricks_stone,721
Gandaki,Nawalparasi East,Gaidakot,NP04,NP0447,NP0447304,2,housing,foundation_cement_bonded_bricks_stone,1674
Gandaki,Nawalparasi East,Gaidakot,NP04,NP0447,NP0447304,2,housing,foundation_reinforced_cement_concrete_with_pillars,9
Gandaki,Nawalparasi East,Gaidakot,NP04,NP0447,NP0447304,2,housing,foundation_wooden_pillars,9
Gandaki,Nawalparasi East,Gaidakot,NP04,NP0447,NP0447304,2,housing,outer_wall_mud_bonded_bricks_stone,65
Gandaki,Nawalparasi East,Gaidakot,NP04,NP0447,NP0447304,2,housing,outer_wall_cement_bonded_bricks_stone,2360
Gandaki,Nawalparasi East,Gaidakot,NP04,NP0447,NP0447304,2,housing,outer_wall_wood_planks,16
Gandaki,Nawalparasi East,Gaidakot,NP04,NP0447,NP0447304,2,housing,outer_wall_bamboo,0
Gandaki,Nawalparasi East,Gaidakot,NP04,NP0447,NP0447304,2,housing,outer_wall_unbaked_bricks,8
Gandaki,Nawalparasi East,Gaidakot,NP04,NP0447,NP0447304,2,housing,outer_wall_galvanised_sheet,21
Gandaki,Nawalparasi East,Gaidakot,NP04,NP0447,NP0447304,2,housing,outer_wall_prefabricated_sheet,1
Gandaki,Nawalparasi East,Gaidakot,NP04,NP0447,NP0447304,2,housing,outer_wall_other,12
Gandaki,Nawalparasi East,Gaidakot,NP04,NP0447,NP0447304,2,housing,roof_galvanised_sheet,521
Gandaki,Nawalparasi East,Gaidakot,NP04,NP0447,NP0447304,2,housing,roof_reinforced_cement_concrete,1952
Gandaki,Nawalparasi East,Gaidakot,NP04,NP0447,NP0447304,2,housing,roof_thatch_straw,5
Gandaki,Nawalparasi East,Gaidakot,NP04,NP0447,NP0447304,2,housing,roof_tile,3
Gandaki,Nawalparasi East,Gaidakot,NP04,NP0447,NP0447304,2,housing,roof_stone_slate,1
Gandaki,Nawalparasi East,Gaidakot,NP04,NP0447,NP0447304,2,housing,roof_wood_planks,1
Gandaki,Nawalparasi East,Gaidakot,NP04,NP0447,NP0447304,2,housing,roof_mud,0
Gandaki,Nawalparasi East,Gaidakot,NP04,NP0447,NP0447304,2,housing,roof_other,0
Gandaki,Nawalparasi East,Gaidakot,NP04,NP0447,NP0447304,2,housing,floor_mud,50
Gandaki,Nawalparasi East,Gaidakot,NP04,NP0447,NP0447304,2,housing,floor_wooden_plank_bamboo,18
Gandaki,Nawalparasi East,Gaidakot,NP04,NP0447,NP0447304,2,housing,floor_bricks_stone,26
Gandaki,Nawalparasi East,Gaidakot,NP04,NP0447,NP0447304,2,housing,floor_ceramic_tile,195
Gandaki,Nawalparasi East,Gaidakot,NP04,NP0447,NP0447304,2,housing,floor_cemented,2185
Gandaki,Nawalparasi East,Gaidakot,NP04,NP0447,NP0447304,2,housing,floor_other,9
Gandaki,Nawalparasi East,Gaidakot,NP04,NP0447,NP0447304,2,drinking water,drinking_water_tap_piped_within_premises,2058
Gandaki,Nawalparasi East,Gaidakot,NP04,NP0447,NP0447304,2,drinking water,drinking_water_tap_piped_outside_premises,382
Gandaki,Nawalparasi East,Gaidakot,NP04,NP0447,NP0447304,2,drinking water,drinking_water_tubewell_handpump,21
Gandaki,Nawalparasi East,Gaidakot,NP04,NP0447,NP0447304,2,drinking water,drinking_water_covered_well_kuwa,1
Gandaki,Nawalparasi East,Gaidakot,NP04,NP0447,NP0447304,2,drinking water,drinking_water_uncovered_well_kuwa,8
Gandaki,Nawalparasi East,Gaidakot,NP04,NP0447,NP0447304,2,drinking water,drinking_water_spout_water,8
Gandaki,Nawalparasi East,Gaidakot,NP04,NP0447,NP0447304,2,drinking water,drinking_water_river_stream,2
Gandaki,Nawalparasi East,Gaidakot,NP04,NP0447,NP0447304,2,drinking water,drinking_water_jar_bottle,0
Gandaki,Nawalparasi East,Gaidakot,NP04,NP0447,NP0447304,2,drinking water,drinking_water_other,3
Gandaki,Nawalparasi East,Gaidakot,NP04,NP0447,NP0447304,2,cooking fuel,cooking_fuel_wood_firewood,84
Gandaki,Nawalparasi East,Gaidakot,NP04,NP0447,NP0447304,2,cooking fuel,cooking_fuel_lpg,2394
Gandaki,Nawalparasi East,Gaidakot,NP04,NP0447,NP0447304,2,cooking fuel,cooking_fuel_electricity,5
Gandaki,Nawalparasi East,Gaidakot,NP04,NP0447,NP0447304,2,cooking fuel,cooking_fuel_cowdung,0
Gandaki,Nawalparasi East,Gaidakot,NP04,NP0447,NP0447304,2,cooking fuel,cooking_fuel_biogas,0
Gandaki,Nawalparasi East,Gaidakot,NP04,NP0447,NP0447304,2,cooking fuel,cooking_fuel_kerosene,0
Gandaki,Nawalparasi East,Gaidakot,NP04,NP0447,NP0447304,2,cooking fuel,cooking_fuel_other,0
Gandaki,Nawalparasi East,Gaidakot,NP04,NP0447,NP0447304,2,lighting fuel,lighting_electricity,2466
Gandaki,Nawalparasi East,Gaidakot,NP04,NP0447,NP0447304,2,lighting fuel,lighting_solar,10
Gandaki,Nawalparasi East,Gaidakot,NP04,NP0447,NP0447304,2,lighting fuel,lighting_kerosene,4
Gandaki,Nawalparasi East,Gaidakot,NP04,NP0447,NP0447304,2,lighting fuel,lighting_biogas,0
Gandaki,Nawalparasi East,Gaidakot,NP04,NP0447,NP0447304,2,lighting fuel,lighting_other,3
Gandaki,Nawalparasi East,Gaidakot,NP04,NP0447,NP0447304,2,sanitation,toilet_flush_public_sewerage,22
Gandaki,Nawalparasi East,Gaidakot,NP04,NP0447,NP0447304,2,sanitation,toilet_flush_septic_tank,1902
Gandaki,Nawalparasi East,Gaidakot,NP04,NP0447,NP0447304,2,sanitation,toilet_pit,540
Gandaki,Nawalparasi East,Gaidakot,NP04,NP0447,NP0447304,2,sanitation,toilet_public,7
Gandaki,Nawalparasi East,Gaidakot,NP04,NP0447,NP0447304,2,sanitation,toilet_no_toilet,12
Gandaki,Nawalparasi East,Gaidakot,NP04,NP0447,NP0447304,2,household amenities,hh_amenities_without,26
Gandaki,Nawalparasi East,Gaidakot,NP04,NP0447,NP0447304,2,household amenities,hh_amenities_at_least_one,2457
Gandaki,Nawalparasi East,Gaidakot,NP04,NP0447,NP0447304,2,household amenities,hh_amenities_radio,705
Gandaki,Nawalparasi East,Gaidakot,NP04,NP0447,NP0447304,2,household amenities,hh_amenities_television,1592
Gandaki,Nawalparasi East,Gaidakot,NP04,NP0447,NP0447304,2,household amenities,hh_amenities_landline,304
Gandaki,Nawalparasi East,Gaidakot,NP04,NP0447,NP0447304,2,household amenities,hh_amenities_mobile_phone_ordinary,1562
Gandaki,Nawalparasi East,Gaidakot,NP04,NP0447,NP0447304,2,household amenities,hh_amenities_mobile_phone_smart,2283
Gandaki,Nawalparasi East,Gaidakot,NP04,NP0447,NP0447304,2,household amenities,hh_amenities_computer_laptop,961
Gandaki,Nawalparasi East,Gaidakot,NP04,NP0447,NP0447304,2,household amenities,hh_amenities_internet,1834
Gandaki,Nawalparasi East,Gaidakot,NP04,NP0447,NP0447304,2,household amenities,hh_amenities_car_jeep_van,155
Gandaki,Nawalparasi East,Gaidakot,NP04,NP0447,NP0447304,2,household amenities,hh_amenities_motorcycle_scooter,1150
Gandaki,Nawalparasi East,Gaidakot,NP04,NP0447,NP0447304,2,household amenities,hh_amenities_bicycle,1096
Gandaki,Nawalparasi East,Gaidakot,NP04,NP0447,NP0447304,2,household amenities,hh_amenities_electric_fan,2230
Gandaki,Nawalparasi East,Gaidakot,NP04,NP0447,NP0447304,2,household amenities,hh_amenities_refridgerator,1504
Gandaki,Nawalparasi East,Gaidakot,NP04,NP0447,NP0447304,2,household amenities,hh_amenities_washing_machine,425
Gandaki,Nawalparasi East,Gaidakot,NP04,NP0447,NP0447304,2,household amenities,hh_amenities_air_conditioner,84
Gandaki,Nawalparasi East,Gaidakot,NP04,NP0447,NP0447304,2,wealth quintile,wealth_quintile_poorest_quintile_count,17
Gandaki,Nawalparasi East,Gaidakot,NP04,NP0447,NP0447304,2,wealth quintile,wealth_quintile_poorer_quintile_count,36
Gandaki,Nawalparasi East,Gaidakot,NP04,NP0447,NP0447304,2,wealth quintile,wealth_quintile_middle_quintile_count,214
Gandaki,Nawalparasi East,Gaidakot,NP04,NP0447,NP0447304,2,wealth quintile,wealth_quintile_richer_quintile_count,821
Gandaki,Nawalparasi East,Gaidakot,NP04,NP0447,NP0447304,2,wealth quintile,wealth_quintile_richest_quintile_count,1395
Gandaki,Nawalparasi East,Gaidakot,NP04,NP0447,NP0447304,2,wealth quintile,wealth_quintile_poorest_quintile_pc,0.68
Gandaki,Nawalparasi East,Gaidakot,NP04,NP0447,NP0447304,2,wealth quintile,wealth_quintile_poorer_quintile_pc,1.45
Gandaki,Nawalparasi East,Gaidakot,NP04,NP0447,NP0447304,2,wealth quintile,wealth_quintile_middle_quintile_pc,8.62
Gandaki,Nawalparasi East,Gaidakot,NP04,NP0447,NP0447304,2,wealth quintile,wealth_quintile_richer_quintile_pc,33.06
Gandaki,Nawalparasi East,Gaidakot,NP04,NP0447,NP0447304,2,wealth quintile,wealth_quintile_richest_quintile_pc,56.18
Gandaki,Nawalparasi East,Gaidakot,NP04,NP0447,NP0447304,2,housing,house_quality_most_adequate_count,2055
Gandaki,Nawalparasi East,Gaidakot,NP04,NP0447,NP0447304,2,housing,house_quality_adequate_count,351
Gandaki,Nawalparasi East,Gaidakot,NP04,NP0447,NP0447304,2,housing,house_quality_moderate_count,67
Gandaki,Nawalparasi East,Gaidakot,NP04,NP0447,NP0447304,2,housing,house_quality_inadequate_count,10
Gandaki,Nawalparasi East,Gaidakot,NP04,NP0447,NP0447304,2,housing,house_quality_least_adequate_count,0
Gandaki,Nawalparasi East,Gaidakot,NP04,NP0447,NP0447304,2,housing,house_quality_most_adequate_pc,82.76
Gandaki,Nawalparasi East,Gaidakot,NP04,NP0447,NP0447304,2,housing,house_quality_adequate_pc,14.14
Gandaki,Nawalparasi East,Gaidakot,NP04,NP0447,NP0447304,2,housing,house_quality_moderate_pc,2.7
Gandaki,Nawalparasi East,Gaidakot,NP04,NP0447,NP0447304,2,housing,house_quality_inadequate_pc,0.4
Gandaki,Nawalparasi East,Gaidakot,NP04,NP0447,NP0447304,2,housing,house_quality_least_adequate_pc,0
Gandaki,Nawalparasi East,Gaidakot,NP04,NP0447,NP0447304,3,demographics,total_households,702
Gandaki,Nawalparasi East,Gaidakot,NP04,NP0447,NP0447304,3,housing,home_ownership_owned,685
Gandaki,Nawalparasi East,Gaidakot,NP04,NP0447,NP0447304,3,housing,home_ownership_rented,11
Gandaki,Nawalparasi East,Gaidakot,NP04,NP0447,NP0447304,3,housing,home_ownership_institutional,2
Gandaki,Nawalparasi East,Gaidakot,NP04,NP0447,NP0447304,3,housing,home_ownership_other,4
Gandaki,Nawalparasi East,Gaidakot,NP04,NP0447,NP0447304,3,housing,foundation_mud,63
Gandaki,Nawalparasi East,Gaidakot,NP04,NP0447,NP0447304,3,housing,foundation_mud_bonded_bricks_stone,169
Gandaki,Nawalparasi East,Gaidakot,NP04,NP0447,NP0447304,3,housing,foundation_cement_bonded_bricks_stone,21
Gandaki,Nawalparasi East,Gaidakot,NP04,NP0447,NP0447304,3,housing,foundation_reinforced_cement_concrete_with_pillars,445
Gandaki,Nawalparasi East,Gaidakot,NP04,NP0447,NP0447304,3,housing,foundation_wooden_pillars,4
Gandaki,Nawalparasi East,Gaidakot,NP04,NP0447,NP0447304,3,housing,outer_wall_mud_bonded_bricks_stone,50
Gandaki,Nawalparasi East,Gaidakot,NP04,NP0447,NP0447304,3,housing,outer_wall_cement_bonded_bricks_stone,196
Gandaki,Nawalparasi East,Gaidakot,NP04,NP0447,NP0447304,3,housing,outer_wall_wood_planks,434
Gandaki,Nawalparasi East,Gaidakot,NP04,NP0447,NP0447304,3,housing,outer_wall_bamboo,10
Gandaki,Nawalparasi East,Gaidakot,NP04,NP0447,NP0447304,3,housing,outer_wall_unbaked_bricks,4
Gandaki,Nawalparasi East,Gaidakot,NP04,NP0447,NP0447304,3,housing,outer_wall_galvanised_sheet,6
Gandaki,Nawalparasi East,Gaidakot,NP04,NP0447,NP0447304,3,housing,outer_wall_prefabricated_sheet,0
Gandaki,Nawalparasi East,Gaidakot,NP04,NP0447,NP0447304,3,housing,outer_wall_other,2
Gandaki,Nawalparasi East,Gaidakot,NP04,NP0447,NP0447304,3,housing,roof_galvanised_sheet,655
Gandaki,Nawalparasi East,Gaidakot,NP04,NP0447,NP0447304,3,housing,roof_reinforced_cement_concrete,35
Gandaki,Nawalparasi East,Gaidakot,NP04,NP0447,NP0447304,3,housing,roof_thatch_straw,5
Gandaki,Nawalparasi East,Gaidakot,NP04,NP0447,NP0447304,3,housing,roof_tile,5
Gandaki,Nawalparasi East,Gaidakot,NP04,NP0447,NP0447304,3,housing,roof_stone_slate,1
Gandaki,Nawalparasi East,Gaidakot,NP04,NP0447,NP0447304,3,housing,roof_wood_planks,1
Gandaki,Nawalparasi East,Gaidakot,NP04,NP0447,NP0447304,3,housing,roof_mud,0
Gandaki,Nawalparasi East,Gaidakot,NP04,NP0447,NP0447304,3,housing,roof_other,0
Gandaki,Nawalparasi East,Gaidakot,NP04,NP0447,NP0447304,3,housing,floor_mud,445
Gandaki,Nawalparasi East,Gaidakot,NP04,NP0447,NP0447304,3,housing,floor_wooden_plank_bamboo,3
Gandaki,Nawalparasi East,Gaidakot,NP04,NP0447,NP0447304,3,housing,floor_bricks_stone,1
Gandaki,Nawalparasi East,Gaidakot,NP04,NP0447,NP0447304,3,housing,floor_ceramic_tile,1
Gandaki,Nawalparasi East,Gaidakot,NP04,NP0447,NP0447304,3,housing,floor_cemented,252
Gandaki,Nawalparasi East,Gaidakot,NP04,NP0447,NP0447304,3,housing,floor_other,0
Gandaki,Nawalparasi East,Gaidakot,NP04,NP0447,NP0447304,3,drinking water,drinking_water_tap_piped_within_premises,38
Gandaki,Nawalparasi East,Gaidakot,NP04,NP0447,NP0447304,3,drinking water,drinking_water_tap_piped_outside_premises,647
Gandaki,Nawalparasi East,Gaidakot,NP04,NP0447,NP0447304,3,drinking water,drinking_water_tubewell_handpump,1
Gandaki,Nawalparasi East,Gaidakot,NP04,NP0447,NP0447304,3,drinking water,drinking_water_covered_well_kuwa,1
Gandaki,Nawalparasi East,Gaidakot,NP04,NP0447,NP0447304,3,drinking water,drinking_water_uncovered_well_kuwa,2
Gandaki,Nawalparasi East,Gaidakot,NP04,NP0447,NP0447304,3,drinking water,drinking_water_spout_water,1
Gandaki,Nawalparasi East,Gaidakot,NP04,NP0447,NP0447304,3,drinking water,drinking_water_river_stream,0
Gandaki,Nawalparasi East,Gaidakot,NP04,NP0447,NP0447304,3,drinking water,drinking_water_jar_bottle,12
Gandaki,Nawalparasi East,Gaidakot,NP04,NP0447,NP0447304,3,drinking water,drinking_water_other,0
Gandaki,Nawalparasi East,Gaidakot,NP04,NP0447,NP0447304,3,cooking fuel,cooking_fuel_wood_firewood,579
Gandaki,Nawalparasi East,Gaidakot,NP04,NP0447,NP0447304,3,cooking fuel,cooking_fuel_lpg,122
Gandaki,Nawalparasi East,Gaidakot,NP04,NP0447,NP0447304,3,cooking fuel,cooking_fuel_electricity,0
Gandaki,Nawalparasi East,Gaidakot,NP04,NP0447,NP0447304,3,cooking fuel,cooking_fuel_cowdung,0
Gandaki,Nawalparasi East,Gaidakot,NP04,NP0447,NP0447304,3,cooking fuel,cooking_fuel_biogas,1
Gandaki,Nawalparasi East,Gaidakot,NP04,NP0447,NP0447304,3,cooking fuel,cooking_fuel_kerosene,0
Gandaki,Nawalparasi East,Gaidakot,NP04,NP0447,NP0447304,3,cooking fuel,cooking_fuel_other,0
Gandaki,Nawalparasi East,Gaidakot,NP04,NP0447,NP0447304,3,lighting fuel,lighting_electricity,681
Gandaki,Nawalparasi East,Gaidakot,NP04,NP0447,NP0447304,3,lighting fuel,lighting_solar,16
Gandaki,Nawalparasi East,Gaidakot,NP04,NP0447,NP0447304,3,lighting fuel,lighting_kerosene,2
Gandaki,Nawalparasi East,Gaidakot,NP04,NP0447,NP0447304,3,lighting fuel,lighting_biogas,0
Gandaki,Nawalparasi East,Gaidakot,NP04,NP0447,NP0447304,3,lighting fuel,lighting_other,3
Gandaki,Nawalparasi East,Gaidakot,NP04,NP0447,NP0447304,3,sanitation,toilet_flush_public_sewerage,7
Gandaki,Nawalparasi East,Gaidakot,NP04,NP0447,NP0447304,3,sanitation,toilet_flush_septic_tank,253
Gandaki,Nawalparasi East,Gaidakot,NP04,NP0447,NP0447304,3,sanitation,toilet_pit,411
Gandaki,Nawalparasi East,Gaidakot,NP04,NP0447,NP0447304,3,sanitation,toilet_public,1
Gandaki,Nawalparasi East,Gaidakot,NP04,NP0447,NP0447304,3,sanitation,toilet_no_toilet,30
Gandaki,Nawalparasi East,Gaidakot,NP04,NP0447,NP0447304,3,household amenities,hh_amenities_without,51
Gandaki,Nawalparasi East,Gaidakot,NP04,NP0447,NP0447304,3,household amenities,hh_amenities_at_least_one,651
Gandaki,Nawalparasi East,Gaidakot,NP04,NP0447,NP0447304,3,household amenities,hh_amenities_radio,172
Gandaki,Nawalparasi East,Gaidakot,NP04,NP0447,NP0447304,3,household amenities,hh_amenities_television,267
Gandaki,Nawalparasi East,Gaidakot,NP04,NP0447,NP0447304,3,household amenities,hh_amenities_landline,14
Gandaki,Nawalparasi East,Gaidakot,NP04,NP0447,NP0447304,3,household amenities,hh_amenities_mobile_phone_ordinary,558
Gandaki,Nawalparasi East,Gaidakot,NP04,NP0447,NP0447304,3,household amenities,hh_amenities_mobile_phone_smart,493
Gandaki,Nawalparasi East,Gaidakot,NP04,NP0447,NP0447304,3,household amenities,hh_amenities_computer_laptop,31
Gandaki,Nawalparasi East,Gaidakot,NP04,NP0447,NP0447304,3,household amenities,hh_amenities_internet,89
Gandaki,Nawalparasi East,Gaidakot,NP04,NP0447,NP0447304,3,household amenities,hh_amenities_car_jeep_van,8
Gandaki,Nawalparasi East,Gaidakot,NP04,NP0447,NP0447304,3,household amenities,hh_amenities_motorcycle_scooter,179
Gandaki,Nawalparasi East,Gaidakot,NP04,NP0447,NP0447304,3,household amenities,hh_amenities_bicycle,116
Gandaki,Nawalparasi East,Gaidakot,NP04,NP0447,NP0447304,3,household amenities,hh_amenities_electric_fan,401
Gandaki,Nawalparasi East,Gaidakot,NP04,NP0447,NP0447304,3,household amenities,hh_amenities_refridgerator,142
Gandaki,Nawalparasi East,Gaidakot,NP04,NP0447,NP0447304,3,household amenities,hh_amenities_washing_machine,8
Gandaki,Nawalparasi East,Gaidakot,NP04,NP0447,NP0447304,3,household amenities,hh_amenities_air_conditioner,2
Gandaki,Nawalparasi East,Gaidakot,NP04,NP0447,NP0447304,3,wealth quintile,wealth_quintile_poorest_quintile_count,271
Gandaki,Nawalparasi East,Gaidakot,NP04,NP0447,NP0447304,3,wealth quintile,wealth_quintile_poorer_quintile_count,162
Gandaki,Nawalparasi East,Gaidakot,NP04,NP0447,NP0447304,3,wealth quintile,wealth_quintile_middle_quintile_count,140
Gandaki,Nawalparasi East,Gaidakot,NP04,NP0447,NP0447304,3,wealth quintile,wealth_quintile_richer_quintile_count,70
Gandaki,Nawalparasi East,Gaidakot,NP04,NP0447,NP0447304,3,wealth quintile,wealth_quintile_richest_quintile_count,59
Gandaki,Nawalparasi East,Gaidakot,NP04,NP0447,NP0447304,3,wealth quintile,wealth_quintile_poorest_quintile_pc,38.6
Gandaki,Nawalparasi East,Gaidakot,NP04,NP0447,NP0447304,3,wealth quintile,wealth_quintile_poorer_quintile_pc,23.08
Gandaki,Nawalparasi East,Gaidakot,NP04,NP0447,NP0447304,3,wealth quintile,wealth_quintile_middle_quintile_pc,19.94
Gandaki,Nawalparasi East,Gaidakot,NP04,NP0447,NP0447304,3,wealth quintile,wealth_quintile_richer_quintile_pc,9.97
Gandaki,Nawalparasi East,Gaidakot,NP04,NP0447,NP0447304,3,wealth quintile,wealth_quintile_richest_quintile_pc,8.4
Gandaki,Nawalparasi East,Gaidakot,NP04,NP0447,NP0447304,3,housing,house_quality_most_adequate_count,73
Gandaki,Nawalparasi East,Gaidakot,NP04,NP0447,NP0447304,3,housing,house_quality_adequate_count,141
Gandaki,Nawalparasi East,Gaidakot,NP04,NP0447,NP0447304,3,housing,house_quality_moderate_count,468
Gandaki,Nawalparasi East,Gaidakot,NP04,NP0447,NP0447304,3,housing,house_quality_inadequate_count,20
Gandaki,Nawalparasi East,Gaidakot,NP04,NP0447,NP0447304,3,housing,house_quality_least_adequate_count,0
Gandaki,Nawalparasi East,Gaidakot,NP04,NP0447,NP0447304,3,housing,house_quality_most_adequate_pc,10.4
Gandaki,Nawalparasi East,Gaidakot,NP04,NP0447,NP0447304,3,housing,house_quality_adequate_pc,20.09
Gandaki,Nawalparasi East,Gaidakot,NP04,NP0447,NP0447304,3,housing,house_quality_moderate_pc,66.67
Gandaki,Nawalparasi East,Gaidakot,NP04,NP0447,NP0447304,3,housing,house_quality_inadequate_pc,2.85
Gandaki,Nawalparasi East,Gaidakot,NP04,NP0447,NP0447304,3,housing,house_quality_least_adequate_pc,0
Gandaki,Nawalparasi East,Gaidakot,NP04,NP0447,NP0447304,5,demographics,total_households,1991
Gandaki,Nawalparasi East,Gaidakot,NP04,NP0447,NP0447304,5,housing,home_ownership_owned,1460
Gandaki,Nawalparasi East,Gaidakot,NP04,NP0447,NP0447304,5,housing,home_ownership_rented,514
Gandaki,Nawalparasi East,Gaidakot,NP04,NP0447,NP0447304,5,housing,home_ownership_institutional,9
Gandaki,Nawalparasi East,Gaidakot,NP04,NP0447,NP0447304,5,housing,home_ownership_other,8
Gandaki,Nawalparasi East,Gaidakot,NP04,NP0447,NP0447304,5,housing,foundation_mud,50
Gandaki,Nawalparasi East,Gaidakot,NP04,NP0447,NP0447304,5,housing,foundation_mud_bonded_bricks_stone,579
Gandaki,Nawalparasi East,Gaidakot,NP04,NP0447,NP0447304,5,housing,foundation_cement_bonded_bricks_stone,1358
Gandaki,Nawalparasi East,Gaidakot,NP04,NP0447,NP0447304,5,housing,foundation_reinforced_cement_concrete_with_pillars,2
Gandaki,Nawalparasi East,Gaidakot,NP04,NP0447,NP0447304,5,housing,foundation_wooden_pillars,2
Gandaki,Nawalparasi East,Gaidakot,NP04,NP0447,NP0447304,5,housing,outer_wall_mud_bonded_bricks_stone,21
Gandaki,Nawalparasi East,Gaidakot,NP04,NP0447,NP0447304,5,housing,outer_wall_cement_bonded_bricks_stone,1961
Gandaki,Nawalparasi East,Gaidakot,NP04,NP0447,NP0447304,5,housing,outer_wall_wood_planks,4
Gandaki,Nawalparasi East,Gaidakot,NP04,NP0447,NP0447304,5,housing,outer_wall_bamboo,0
Gandaki,Nawalparasi East,Gaidakot,NP04,NP0447,NP0447304,5,housing,outer_wall_unbaked_bricks,1
Gandaki,Nawalparasi East,Gaidakot,NP04,NP0447,NP0447304,5,housing,outer_wall_galvanised_sheet,2
Gandaki,Nawalparasi East,Gaidakot,NP04,NP0447,NP0447304,5,housing,outer_wall_prefabricated_sheet,0
Gandaki,Nawalparasi East,Gaidakot,NP04,NP0447,NP0447304,5,housing,outer_wall_other,2
Gandaki,Nawalparasi East,Gaidakot,NP04,NP0447,NP0447304,5,housing,roof_galvanised_sheet,394
Gandaki,Nawalparasi East,Gaidakot,NP04,NP0447,NP0447304,5,housing,roof_reinforced_cement_concrete,1586
Gandaki,Nawalparasi East,Gaidakot,NP04,NP0447,NP0447304,5,housing,roof_thatch_straw,6
Gandaki,Nawalparasi East,Gaidakot,NP04,NP0447,NP0447304,5,housing,roof_tile,1
Gandaki,Nawalparasi East,Gaidakot,NP04,NP0447,NP0447304,5,housing,roof_stone_slate,3
Gandaki,Nawalparasi East,Gaidakot,NP04,NP0447,NP0447304,5,housing,roof_wood_planks,1
Gandaki,Nawalparasi East,Gaidakot,NP04,NP0447,NP0447304,5,housing,roof_mud,0
Gandaki,Nawalparasi East,Gaidakot,NP04,NP0447,NP0447304,5,housing,roof_other,0
Gandaki,Nawalparasi East,Gaidakot,NP04,NP0447,NP0447304,5,housing,floor_mud,13
Gandaki,Nawalparasi East,Gaidakot,NP04,NP0447,NP0447304,5,housing,floor_wooden_plank_bamboo,7
Gandaki,Nawalparasi East,Gaidakot,NP04,NP0447,NP0447304,5,housing,floor_bricks_stone,11
Gandaki,Nawalparasi East,Gaidakot,NP04,NP0447,NP0447304,5,housing,floor_ceramic_tile,205
Gandaki,Nawalparasi East,Gaidakot,NP04,NP0447,NP0447304,5,housing,floor_cemented,1750
Gandaki,Nawalparasi East,Gaidakot,NP04,NP0447,NP0447304,5,housing,floor_other,5
Gandaki,Nawalparasi East,Gaidakot,NP04,NP0447,NP0447304,5,drinking water,drinking_water_tap_piped_within_premises,1629
Gandaki,Nawalparasi East,Gaidakot,NP04,NP0447,NP0447304,5,drinking water,drinking_water_tap_piped_outside_premises,343
Gandaki,Nawalparasi East,Gaidakot,NP04,NP0447,NP0447304,5,drinking water,drinking_water_tubewell_handpump,0
Gandaki,Nawalparasi East,Gaidakot,NP04,NP0447,NP0447304,5,drinking water,drinking_water_covered_well_kuwa,12
Gandaki,Nawalparasi East,Gaidakot,NP04,NP0447,NP0447304,5,drinking water,drinking_water_uncovered_well_kuwa,0
Gandaki,Nawalparasi East,Gaidakot,NP04,NP0447,NP0447304,5,drinking water,drinking_water_spout_water,5
Gandaki,Nawalparasi East,Gaidakot,NP04,NP0447,NP0447304,5,drinking water,drinking_water_river_stream,0
Gandaki,Nawalparasi East,Gaidakot,NP04,NP0447,NP0447304,5,drinking water,drinking_water_jar_bottle,2
Gandaki,Nawalparasi East,Gaidakot,NP04,NP0447,NP0447304,5,drinking water,drinking_water_other,0
Gandaki,Nawalparasi East,Gaidakot,NP04,NP0447,NP0447304,5,cooking fuel,cooking_fuel_wood_firewood,36
Gandaki,Nawalparasi East,Gaidakot,NP04,NP0447,NP0447304,5,cooking fuel,cooking_fuel_lpg,1942
Gandaki,Nawalparasi East,Gaidakot,NP04,NP0447,NP0447304,5,cooking fuel,cooking_fuel_electricity,8
Gandaki,Nawalparasi East,Gaidakot,NP04,NP0447,NP0447304,5,cooking fuel,cooking_fuel_cowdung,0
Gandaki,Nawalparasi East,Gaidakot,NP04,NP0447,NP0447304,5,cooking fuel,cooking_fuel_biogas,5
Gandaki,Nawalparasi East,Gaidakot,NP04,NP0447,NP0447304,5,cooking fuel,cooking_fuel_kerosene,0
Gandaki,Nawalparasi East,Gaidakot,NP04,NP0447,NP0447304,5,cooking fuel,cooking_fuel_other,0
Gandaki,Nawalparasi East,Gaidakot,NP04,NP0447,NP0447304,5,lighting fuel,lighting_electricity,1986
Gandaki,Nawalparasi East,Gaidakot,NP04,NP0447,NP0447304,5,lighting fuel,lighting_solar,5
Gandaki,Nawalparasi East,Gaidakot,NP04,NP0447,NP0447304,5,lighting fuel,lighting_kerosene,0
Gandaki,Nawalparasi East,Gaidakot,NP04,NP0447,NP0447304,5,lighting fuel,lighting_biogas,0
Gandaki,Nawalparasi East,Gaidakot,NP04,NP0447,NP0447304,5,lighting fuel,lighting_other,0
Gandaki,Nawalparasi East,Gaidakot,NP04,NP0447,NP0447304,5,sanitation,toilet_flush_public_sewerage,18
Gandaki,Nawalparasi East,Gaidakot,NP04,NP0447,NP0447304,5,sanitation,toilet_flush_septic_tank,1884
Gandaki,Nawalparasi East,Gaidakot,NP04,NP0447,NP0447304,5,sanitation,toilet_pit,86
Gandaki,Nawalparasi East,Gaidakot,NP04,NP0447,NP0447304,5,sanitation,toilet_public,1
Gandaki,Nawalparasi East,Gaidakot,NP04,NP0447,NP0447304,5,sanitation,toilet_no_toilet,2
Gandaki,Nawalparasi East,Gaidakot,NP04,NP0447,NP0447304,5,household amenities,hh_amenities_without,9
Gandaki,Nawalparasi East,Gaidakot,NP04,NP0447,NP0447304,5,household amenities,hh_amenities_at_least_one,1982
Gandaki,Nawalparasi East,Gaidakot,NP04,NP0447,NP0447304,5,household amenities,hh_amenities_radio,1340
Gandaki,Nawalparasi East,Gaidakot,NP04,NP0447,NP0447304,5,household amenities,hh_amenities_television,1594
Gandaki,Nawalparasi East,Gaidakot,NP04,NP0447,NP0447304,5,household amenities,hh_amenities_landline,201
Gandaki,Nawalparasi East,Gaidakot,NP04,NP0447,NP0447304,5,household amenities,hh_amenities_mobile_phone_ordinary,1311
Gandaki,Nawalparasi East,Gaidakot,NP04,NP0447,NP0447304,5,household amenities,hh_amenities_mobile_phone_smart,1740
Gandaki,Nawalparasi East,Gaidakot,NP04,NP0447,NP0447304,5,household amenities,hh_amenities_computer_laptop,708
Gandaki,Nawalparasi East,Gaidakot,NP04,NP0447,NP0447304,5,household amenities,hh_amenities_internet,1569
Gandaki,Nawalparasi East,Gaidakot,NP04,NP0447,NP0447304,5,household amenities,hh_amenities_car_jeep_van,173
Gandaki,Nawalparasi East,Gaidakot,NP04,NP0447,NP0447304,5,household amenities,hh_amenities_motorcycle_scooter,1044
Gandaki,Nawalparasi East,Gaidakot,NP04,NP0447,NP0447304,5,household amenities,hh_amenities_bicycle,1059
Gandaki,Nawalparasi East,Gaidakot,NP04,NP0447,NP0447304,5,household amenities,hh_amenities_electric_fan,1737
Gandaki,Nawalparasi East,Gaidakot,NP04,NP0447,NP0447304,5,household amenities,hh_amenities_refridgerator,1456
Gandaki,Nawalparasi East,Gaidakot,NP04,NP0447,NP0447304,5,household amenities,hh_amenities_washing_machine,449
Gandaki,Nawalparasi East,Gaidakot,NP04,NP0447,NP0447304,5,household amenities,hh_amenities_air_conditioner,113
Gandaki,Nawalparasi East,Gaidakot,NP04,NP0447,NP0447304,5,wealth quintile,wealth_quintile_poorest_quintile_count,0
Gandaki,Nawalparasi East,Gaidakot,NP04,NP0447,NP0447304,5,wealth quintile,wealth_quintile_poorer_quintile_count,6
Gandaki,Nawalparasi East,Gaidakot,NP04,NP0447,NP0447304,5,wealth quintile,wealth_quintile_middle_quintile_count,94
Gandaki,Nawalparasi East,Gaidakot,NP04,NP0447,NP0447304,5,wealth quintile,wealth_quintile_richer_quintile_count,526
Gandaki,Nawalparasi East,Gaidakot,NP04,NP0447,NP0447304,5,wealth quintile,wealth_quintile_richest_quintile_count,1365
Gandaki,Nawalparasi East,Gaidakot,NP04,NP0447,NP0447304,5,wealth quintile,wealth_quintile_poorest_quintile_pc,0
Gandaki,Nawalparasi East,Gaidakot,NP04,NP0447,NP0447304,5,wealth quintile,wealth_quintile_poorer_quintile_pc,0.3
Gandaki,Nawalparasi East,Gaidakot,NP04,NP0447,NP0447304,5,wealth quintile,wealth_quintile_middle_quintile_pc,4.72
Gandaki,Nawalparasi East,Gaidakot,NP04,NP0447,NP0447304,5,wealth quintile,wealth_quintile_richer_quintile_pc,26.42
Gandaki,Nawalparasi East,Gaidakot,NP04,NP0447,NP0447304,5,wealth quintile,wealth_quintile_richest_quintile_pc,68.56
Gandaki,Nawalparasi East,Gaidakot,NP04,NP0447,NP0447304,5,housing,house_quality_most_adequate_count,1843
Gandaki,Nawalparasi East,Gaidakot,NP04,NP0447,NP0447304,5,housing,house_quality_adequate_count,137
Gandaki,Nawalparasi East,Gaidakot,NP04,NP0447,NP0447304,5,housing,house_quality_moderate_count,11
Gandaki,Nawalparasi East,Gaidakot,NP04,NP0447,NP0447304,5,housing,house_quality_inadequate_count,0
Gandaki,Nawalparasi East,Gaidakot,NP04,NP0447,NP0447304,5,housing,house_quality_least_adequate_count,0
Gandaki,Nawalparasi East,Gaidakot,NP04,NP0447,NP0447304,5,housing,house_quality_most_adequate_pc,92.57
Gandaki,Nawalparasi East,Gaidakot,NP04,NP0447,NP0447304,5,housing,house_quality_adequate_pc,6.88
Gandaki,Nawalparasi East,Gaidakot,NP04,NP0447,NP0447304,5,housing,house_quality_moderate_pc,0.55
Gandaki,Nawalparasi East,Gaidakot,NP04,NP0447,NP0447304,5,housing,house_quality_inadequate_pc,0
Gandaki,Nawalparasi East,Gaidakot,NP04,NP0447,NP0447304,5,housing,house_quality_least_adequate_pc,0
Gandaki,Nawalparasi East,Gaidakot,NP04,NP0447,NP0447304,6,demographics,total_households,908
Gandaki,Nawalparasi East,Gaidakot,NP04,NP0447,NP0447304,6,housing,home_ownership_owned,777
Gandaki,Nawalparasi East,Gaidakot,NP04,NP0447,NP0447304,6,housing,home_ownership_rented,92
Gandaki,Nawalparasi East,Gaidakot,NP04,NP0447,NP0447304,6,housing,home_ownership_institutional,29
Gandaki,Nawalparasi East,Gaidakot,NP04,NP0447,NP0447304,6,housing,home_ownership_other,10
Gandaki,Nawalparasi East,Gaidakot,NP04,NP0447,NP0447304,6,housing,foundation_mud,14
Gandaki,Nawalparasi East,Gaidakot,NP04,NP0447,NP0447304,6,housing,foundation_mud_bonded_bricks_stone,596
Gandaki,Nawalparasi East,Gaidakot,NP04,NP0447,NP0447304,6,housing,foundation_cement_bonded_bricks_stone,296
Gandaki,Nawalparasi East,Gaidakot,NP04,NP0447,NP0447304,6,housing,foundation_reinforced_cement_concrete_with_pillars,1
Gandaki,Nawalparasi East,Gaidakot,NP04,NP0447,NP0447304,6,housing,foundation_wooden_pillars,1
Gandaki,Nawalparasi East,Gaidakot,NP04,NP0447,NP0447304,6,housing,outer_wall_mud_bonded_bricks_stone,5
Gandaki,Nawalparasi East,Gaidakot,NP04,NP0447,NP0447304,6,housing,outer_wall_cement_bonded_bricks_stone,897
Gandaki,Nawalparasi East,Gaidakot,NP04,NP0447,NP0447304,6,housing,outer_wall_wood_planks,4
Gandaki,Nawalparasi East,Gaidakot,NP04,NP0447,NP0447304,6,housing,outer_wall_bamboo,0
Gandaki,Nawalparasi East,Gaidakot,NP04,NP0447,NP0447304,6,housing,outer_wall_unbaked_bricks,1
Gandaki,Nawalparasi East,Gaidakot,NP04,NP0447,NP0447304,6,housing,outer_wall_galvanised_sheet,1
Gandaki,Nawalparasi East,Gaidakot,NP04,NP0447,NP0447304,6,housing,outer_wall_prefabricated_sheet,0
Gandaki,Nawalparasi East,Gaidakot,NP04,NP0447,NP0447304,6,housing,outer_wall_other,0
Gandaki,Nawalparasi East,Gaidakot,NP04,NP0447,NP0447304,6,housing,roof_galvanised_sheet,606
Gandaki,Nawalparasi East,Gaidakot,NP04,NP0447,NP0447304,6,housing,roof_reinforced_cement_concrete,296
Gandaki,Nawalparasi East,Gaidakot,NP04,NP0447,NP0447304,6,housing,roof_thatch_straw,4
Gandaki,Nawalparasi East,Gaidakot,NP04,NP0447,NP0447304,6,housing,roof_tile,0
Gandaki,Nawalparasi East,Gaidakot,NP04,NP0447,NP0447304,6,housing,roof_stone_slate,1
Gandaki,Nawalparasi East,Gaidakot,NP04,NP0447,NP0447304,6,housing,roof_wood_planks,1
Gandaki,Nawalparasi East,Gaidakot,NP04,NP0447,NP0447304,6,housing,roof_mud,0
Gandaki,Nawalparasi East,Gaidakot,NP04,NP0447,NP0447304,6,housing,roof_other,0
Gandaki,Nawalparasi East,Gaidakot,NP04,NP0447,NP0447304,6,housing,floor_mud,22
Gandaki,Nawalparasi East,Gaidakot,NP04,NP0447,NP0447304,6,housing,floor_wooden_plank_bamboo,4
Gandaki,Nawalparasi East,Gaidakot,NP04,NP0447,NP0447304,6,housing,floor_bricks_stone,5
Gandaki,Nawalparasi East,Gaidakot,NP04,NP0447,NP0447304,6,housing,floor_ceramic_tile,35
Gandaki,Nawalparasi East,Gaidakot,NP04,NP0447,NP0447304,6,housing,floor_cemented,833
Gandaki,Nawalparasi East,Gaidakot,NP04,NP0447,NP0447304,6,housing,floor_other,9
Gandaki,Nawalparasi East,Gaidakot,NP04,NP0447,NP0447304,6,drinking water,drinking_water_tap_piped_within_premises,568
Gandaki,Nawalparasi East,Gaidakot,NP04,NP0447,NP0447304,6,drinking water,drinking_water_tap_piped_outside_premises,275
Gandaki,Nawalparasi East,Gaidakot,NP04,NP0447,NP0447304,6,drinking water,drinking_water_tubewell_handpump,24
Gandaki,Nawalparasi East,Gaidakot,NP04,NP0447,NP0447304,6,drinking water,drinking_water_covered_well_kuwa,19
Gandaki,Nawalparasi East,Gaidakot,NP04,NP0447,NP0447304,6,drinking water,drinking_water_uncovered_well_kuwa,11
Gandaki,Nawalparasi East,Gaidakot,NP04,NP0447,NP0447304,6,drinking water,drinking_water_spout_water,0
Gandaki,Nawalparasi East,Gaidakot,NP04,NP0447,NP0447304,6,drinking water,drinking_water_river_stream,0
Gandaki,Nawalparasi East,Gaidakot,NP04,NP0447,NP0447304,6,drinking water,drinking_water_jar_bottle,0
Gandaki,Nawalparasi East,Gaidakot,NP04,NP0447,NP0447304,6,drinking water,drinking_water_other,11
Gandaki,Nawalparasi East,Gaidakot,NP04,NP0447,NP0447304,6,cooking fuel,cooking_fuel_wood_firewood,89
Gandaki,Nawalparasi East,Gaidakot,NP04,NP0447,NP0447304,6,cooking fuel,cooking_fuel_lpg,811
Gandaki,Nawalparasi East,Gaidakot,NP04,NP0447,NP0447304,6,cooking fuel,cooking_fuel_electricity,3
Gandaki,Nawalparasi East,Gaidakot,NP04,NP0447,NP0447304,6,cooking fuel,cooking_fuel_cowdung,0
Gandaki,Nawalparasi East,Gaidakot,NP04,NP0447,NP0447304,6,cooking fuel,cooking_fuel_biogas,4
Gandaki,Nawalparasi East,Gaidakot,NP04,NP0447,NP0447304,6,cooking fuel,cooking_fuel_kerosene,0
Gandaki,Nawalparasi East,Gaidakot,NP04,NP0447,NP0447304,6,cooking fuel,cooking_fuel_other,1
Gandaki,Nawalparasi East,Gaidakot,NP04,NP0447,NP0447304,6,lighting fuel,lighting_electricity,904
Gandaki,Nawalparasi East,Gaidakot,NP04,NP0447,NP0447304,6,lighting fuel,lighting_solar,3
Gandaki,Nawalparasi East,Gaidakot,NP04,NP0447,NP0447304,6,lighting fuel,lighting_kerosene,0
Gandaki,Nawalparasi East,Gaidakot,NP04,NP0447,NP0447304,6,lighting fuel,lighting_biogas,0
Gandaki,Nawalparasi East,Gaidakot,NP04,NP0447,NP0447304,6,lighting fuel,lighting_other,1
Gandaki,Nawalparasi East,Gaidakot,NP04,NP0447,NP0447304,6,sanitation,toilet_flush_public_sewerage,3
Gandaki,Nawalparasi East,Gaidakot,NP04,NP0447,NP0447304,6,sanitation,toilet_flush_septic_tank,696
Gandaki,Nawalparasi East,Gaidakot,NP04,NP0447,NP0447304,6,sanitation,toilet_pit,201
Gandaki,Nawalparasi East,Gaidakot,NP04,NP0447,NP0447304,6,sanitation,toilet_public,0
Gandaki,Nawalparasi East,Gaidakot,NP04,NP0447,NP0447304,6,sanitation,toilet_no_toilet,8
Gandaki,Nawalparasi East,Gaidakot,NP04,NP0447,NP0447304,6,household amenities,hh_amenities_without,7
Gandaki,Nawalparasi East,Gaidakot,NP04,NP0447,NP0447304,6,household amenities,hh_amenities_at_least_one,901
Gandaki,Nawalparasi East,Gaidakot,NP04,NP0447,NP0447304,6,household amenities,hh_amenities_radio,596
Gandaki,Nawalparasi East,Gaidakot,NP04,NP0447,NP0447304,6,household amenities,hh_amenities_television,601
Gandaki,Nawalparasi East,Gaidakot,NP04,NP0447,NP0447304,6,household amenities,hh_amenities_landline,29
Gandaki,Nawalparasi East,Gaidakot,NP04,NP0447,NP0447304,6,household amenities,hh_amenities_mobile_phone_ordinary,724
Gandaki,Nawalparasi East,Gaidakot,NP04,NP0447,NP0447304,6,household amenities,hh_amenities_mobile_phone_smart,813
Gandaki,Nawalparasi East,Gaidakot,NP04,NP0447,NP0447304,6,household amenities,hh_amenities_computer_laptop,189
Gandaki,Nawalparasi East,Gaidakot,NP04,NP0447,NP0447304,6,household amenities,hh_amenities_internet,626
Gandaki,Nawalparasi East,Gaidakot,NP04,NP0447,NP0447304,6,household amenities,hh_amenities_car_jeep_van,39
Gandaki,Nawalparasi East,Gaidakot,NP04,NP0447,NP0447304,6,household amenities,hh_amenities_motorcycle_scooter,381
Gandaki,Nawalparasi East,Gaidakot,NP04,NP0447,NP0447304,6,household amenities,hh_amenities_bicycle,698
Gandaki,Nawalparasi East,Gaidakot,NP04,NP0447,NP0447304,6,household amenities,hh_amenities_electric_fan,809
Gandaki,Nawalparasi East,Gaidakot,NP04,NP0447,NP0447304,6,household amenities,hh_amenities_refridgerator,536
Gandaki,Nawalparasi East,Gaidakot,NP04,NP0447,NP0447304,6,household amenities,hh_amenities_washing_machine,71
Gandaki,Nawalparasi East,Gaidakot,NP04,NP0447,NP0447304,6,household amenities,hh_amenities_air_conditioner,10
Gandaki,Nawalparasi East,Gaidakot,NP04,NP0447,NP0447304,6,wealth quintile,wealth_quintile_poorest_quintile_count,2
Gandaki,Nawalparasi East,Gaidakot,NP04,NP0447,NP0447304,6,wealth quintile,wealth_quintile_poorer_quintile_count,13
Gandaki,Nawalparasi East,Gaidakot,NP04,NP0447,NP0447304,6,wealth quintile,wealth_quintile_middle_quintile_count,139
Gandaki,Nawalparasi East,Gaidakot,NP04,NP0447,NP0447304,6,wealth quintile,wealth_quintile_richer_quintile_count,285
Gandaki,Nawalparasi East,Gaidakot,NP04,NP0447,NP0447304,6,wealth quintile,wealth_quintile_richest_quintile_count,469
Gandaki,Nawalparasi East,Gaidakot,NP04,NP0447,NP0447304,6,wealth quintile,wealth_quintile_poorest_quintile_pc,0.22
Gandaki,Nawalparasi East,Gaidakot,NP04,NP0447,NP0447304,6,wealth quintile,wealth_quintile_poorer_quintile_pc,1.43
Gandaki,Nawalparasi East,Gaidakot,NP04,NP0447,NP0447304,6,wealth quintile,wealth_quintile_middle_quintile_pc,15.31
Gandaki,Nawalparasi East,Gaidakot,NP04,NP0447,NP0447304,6,wealth quintile,wealth_quintile_richer_quintile_pc,31.39
Gandaki,Nawalparasi East,Gaidakot,NP04,NP0447,NP0447304,6,wealth quintile,wealth_quintile_richest_quintile_pc,51.65
Gandaki,Nawalparasi East,Gaidakot,NP04,NP0447,NP0447304,6,housing,house_quality_most_adequate_count,644
Gandaki,Nawalparasi East,Gaidakot,NP04,NP0447,NP0447304,6,housing,house_quality_adequate_count,242
Gandaki,Nawalparasi East,Gaidakot,NP04,NP0447,NP0447304,6,housing,house_quality_moderate_count,20
Gandaki,Nawalparasi East,Gaidakot,NP04,NP0447,NP0447304,6,housing,house_quality_inadequate_count,2
Gandaki,Nawalparasi East,Gaidakot,NP04,NP0447,NP0447304,6,housing,house_quality_least_adequate_count,0
Gandaki,Nawalparasi East,Gaidakot,NP04,NP0447,NP0447304,6,housing,house_quality_most_adequate_pc,70.93
Gandaki,Nawalparasi East,Gaidakot,NP04,NP0447,NP0447304,6,housing,house_quality_adequate_pc,26.65
Gandaki,Nawalparasi East,Gaidakot,NP04,NP0447,NP0447304,6,housing,house_quality_moderate_pc,2.2
Gandaki,Nawalparasi East,Gaidakot,NP04,NP0447,NP0447304,6,housing,house_quality_inadequate_pc,0.22
Gandaki,Nawalparasi East,Gaidakot,NP04,NP0447,NP0447304,6,housing,house_quality_least_adequate_pc,0
