province,district,municipality,adm1_pcode,adm2_pcode,adm3_pcode,ward,total_households,home_ownership_owned,home_ownership_rented,home_ownership_institutional,home_ownership_other,foundation_mud,foundation_mud_bonded_bricks_stone,foundation_cement_bonded_bricks_stone,foundation_reinforced_cement_concrete_with_pillars,foundation_wooden_pillars,outer_wall_mud_bonded_bricks_stone,outer_wall_cement_bonded_bricks_stone,outer_wall_wood_planks,outer_wall_bamboo,outer_wall_unbaked_bricks,outer_wall_galvanised_sheet,outer_wall_prefabricated_sheet,outer_wall_other,roof_galvanised_sheet,roof_reinforced_cement_concrete,roof_thatch_straw,roof_tile,roof_stone_slate,roof_wood_planks,roof_mud,roof_other,floor_mud,floor_wooden_plank_bamboo,floor_bricks_stone,floor_ceramic_tile,floor_cemented,floor_other,drinking_water_tap_piped_within_premises,drinking_water_tap_piped_outside_premises,drinking_water_tubewell_handpump,drinking_water_covered_well_kuwa,drinking_water_uncovered_well_kuwa,drinking_water_spout_water,drinking_water_river_stream,drinking_water_jar_bottle,drinking_water_other,cooking_fuel_wood_firewood,cooking_fuel_lpg,cooking_fuel_electricity,cooking_fuel_cowdung,cooking_fuel_biogas,cooking_fuel_kerosene,cooking_fuel_other,lighting_electricity,lighting_solar,lighting_kerosene,lighting_biogas,lighting_other,toilet_flush_public_sewerage,toilet_flush_septic_tank,toilet_pit,toilet_public,toilet_no_toilet,hh_amenities_without,hh_amenities_at_least_one,hh_amenities_radio,hh_amenities_television,hh_amenities_landline,hh_amenities_mobile_phone_ordinary,hh_amenities_mobile_phone_smart,hh_amenities_computer_laptop,hh_amenities_internet,hh_amenities_car_jeep_van,hh_amenities_motorcycle_scooter,hh_amenities_bicycle,hh_amenities_electric_fan,hh_amenities_refridgerator,hh_amenities_washing_machine,hh_amenities_air_conditioner,wealth_quintile_poorest_quintile_count,wealth_quintile_poorer_quintile_count,wealth_quintile_middle_quintile_count,wealth_quintile_richer_quintile_count,wealth_quintile_richest_quintile_count,wealth_quintile_poorest_quintile_pc,wealth_quintile_poorer_quintile_pc,wealth_quintile_middle_quintile_pc,wealth_quintile_richer_quintile_pc,wealth_quintile_richest_quintile_pc,house_quality_most_adequate_count,house_quality_adequate_count,house_quality_moderate_count,house_quality_inadequate_count,house_quality_least_adequate_count,house_quality_most_adequate_pc,house_quality_adequate_pc,house_quality_moderate_pc,house_quality_inadequate_pc,house_quality_least_adequate_pc
Bagmati,Dolakha,Gaurishankar,NP03,NP0322,NP0322402,1,503,501,0,1,1,116,366,13,8,0,111,384,1,1,0,6,0,0,454,46,0,1,2,0,0,0,139,3,2,0,356,3,308,157,0,0,3,34,0,0,1,497,6,0,0,0,0,0,502,0,1,0,0,2,456,44,0,1,8,495,304,203,6,479,241,5,88,5,19,3,1,2,0,0,60,75,302,64,2,11.93,14.91,60.04,12.72,0.4,5,374,121,3,0,0.99,74.35,24.06,0.6,0
Bagmati,Dolakha,Gaurishankar,NP03,NP0322,NP0322402,2,473,466,5,2,0,338,98,32,4,1,276,185,1,0,0,11,0,0,432,38,0,0,3,0,0,0,203,2,3,1,264,0,124,339,0,1,1,8,0,0,0,450,23,0,0,0,0,0,465,7,0,0,1,3,441,28,0,1,17,456,290,202,1,418,132,11,119,3,12,4,1,11,0,0,129,148,149,39,8,27.27,31.29,31.5,8.25,1.69,14,254,202,3,0,2.96,53.7,42.71,0.63,0
Bagmati,Dolakha,Gaurishankar,NP03,NP0322,NP0322402,3,504,502,1,0,1,484,17,0,2,1,489,12,2,0,0,1,0,0,498,4,0,2,0,0,0,0,315,2,141,0,46,0,247,241,0,0,0,16,0,0,0,497,7,0,0,0,0,0,503,1,0,0,0,2,291,208,1,2,28,476,338,171,7,453,302,21,35,7,18,3,10,9,2,3,142,300,49,10,3,28.17,59.52,9.72,1.98,0.6,1,48,447,8,0,0.2,9.52,88.69,1.59,0
Bagmati,Dolakha,Gaurishankar,NP03,NP0322,NP0322402,4,540,535,3,2,0,460,77,1,2,0,455,81,2,0,0,2,0,0,493,41,0,0,6,0,0,0,199,3,5,2,329,2,460,75,0,0,1,1,0,0,3,534,3,0,0,3,0,0,540,0,0,0,0,0,498,42,0,0,17,523,451,162,5,489,393,12,50,2,5,0,1,7,0,0,77,301,142,20,0,14.26,55.74,26.3,3.7,0,0,328,212,0,0,0,60.74,39.26,0,0
Bagmati,Dolakha,Gaurishankar,NP03,NP0322,NP0322402,5,778,776,1,0,1,581,178,9,10,0,697,69,7,3,1,1,0,0,743,17,2,1,15,0,0,0,437,11,6,1,321,2,562,204,0,1,7,3,0,0,1,743,35,0,0,0,0,0,771,6,0,1,0,0,491,280,2,5,36,742,325,365,22,711,500,54,297,32,80,21,29,28,14,14,153,312,245,41,27,19.67,40.1,31.49,5.27,3.47,7,185,585,1,0,0.9,23.78,75.19,0.13,0
Bagmati,Dolakha,Gaurishankar,NP03,NP0322,NP0322402,6,411,403,4,1,3,267,135,4,4,1,237,166,4,0,0,2,1,1,381,19,0,0,11,0,0,0,220,5,3,0,179,4,54,352,0,0,5,0,0,0,0,388,19,0,0,4,0,0,393,13,3,0,2,2,8,399,0,2,41,370,174,155,3,296,194,15,173,9,30,2,4,14,1,0,119,121,129,35,7,28.95,29.44,31.39,8.52,1.7,0,163,245,3,0,0,39.66,59.61,0.73,0
Bagmati,Dolakha,Gaurishankar,NP03,NP0322,NP0322402,7,371,365,5,1,0,340,18,9,4,0,336,29,2,1,0,3,0,0,361,8,0,0,2,0,0,0,180,38,5,0,145,3,234,121,0,0,12,0,2,0,2,352,19,0,0,0,0,0,367,4,0,0,0,2,332,24,0,13,7,364,336,72,13,338,311,50,194,30,40,15,6,10,0,0,57,147,141,17,9,15.36,39.62,38.01,4.58,2.43,4,150,214,3,0,1.08,40.43,57.68,0.81,0
Bagmati,Dolakha,Gaurishankar,NP03,NP0322,NP0322402,8,467,461,4,2,0,318,140,4,4,1,372,87,3,0,0,2,0,3,429,31,1,0,4,0,0,2,311,18,4,2,125,7,42,232,0,11,29,147,3,0,3,443,18,1,0,1,1,3,458,5,0,1,3,3,419,35,0,10,38,429,391,129,2,395,187,12,58,5,13,1,3,4,0,0,215,134,96,18,4,46.04,28.69,20.56,3.85,0.86,5,115,322,22,3,1.07,24.63,68.95,4.71,0.64
Bagmati,Dolakha,Gaurishankar,NP03,NP0322,NP0322402,9,352,344,3,2,3,337,12,0,3,0,336,11,4,0,0,0,1,0,336,1,0,0,1,14,0,0,267,54,2,0,25,4,141,209,0,0,2,0,0,0,0,342,10,0,0,0,0,0,308,44,0,0,0,0,177,173,0,2,28,324,183,80,5,261,169,6,66,0,3,2,0,1,0,0,170,156,21,5,0,48.3,44.32,5.97,1.42,0,0,26,324,2,0,0,7.39,92.05,0.57,0
Bagmati,Dolakha,Bigu,NP03,NP0322,NP0322401,1,636,617,12,7,0,443,154,32,7,0,446,173,8,3,0,6,0,0,573,60,1,0,0,2,0,0,343,16,8,1,263,5,83,535,0,1,14,3,0,0,0,463,169,2,0,2,0,0,584,51,0,0,1,9,545,65,1,16,54,582,276,228,18,473,357,15,63,6,33,5,18,31,2,0,132,252,151,83,18,20.75,39.62,23.74,13.05,2.83,94,212,325,5,0,14.78,33.33,51.1,0.79,0
Bagmati,Dolakha,Bigu,NP03,NP0322,NP0322401,2,537,535,2,0,0,458,78,1,0,0,460,74,1,0,0,2,0,0,529,3,0,0,5,0,0,0,439,5,4,2,86,1,420,105,0,0,11,1,0,0,0,495,42,0,0,0,0,0,526,10,1,0,0,1,388,145,1,2,43,494,358,89,4,438,335,26,112,3,6,1,2,3,0,0,173,267,69,24,4,32.22,49.72,12.85,4.47,0.74,6,98,432,1,0,1.12,18.25,80.45,0.19,0
Bagmati,Dolakha,Bigu,NP03,NP0322,NP0322401,3,529,525,4,0,0,339,184,3,3,0,352,173,0,0,0,4,0,0,512,15,0,0,2,0,0,0,178,3,2,0,346,0,189,327,0,4,2,7,0,0,0,514,15,0,0,0,0,0,524,4,0,0,1,16,354,156,0,3,58,471,319,215,2,380,208,4,35,0,10,2,0,2,0,0,109,204,196,19,1,20.6,38.56,37.05,3.59,0.19,8,253,266,2,0,1.51,47.83,50.28,0.38,0
Bagmati,Dolakha,Bigu,NP03,NP0322,NP0322401,4,974,869,96,8,1,475,376,102,18,3,470,443,20,0,0,41,0,0,840,132,1,0,1,0,0,0,276,25,31,6,631,5,298,657,0,4,3,5,6,0,1,747,227,0,0,0,0,0,958,16,0,0,0,0,590,377,1,6,89,885,401,387,6,697,477,44,47,8,66,5,60,56,4,5,178,282,359,118,37,18.28,28.95,36.86,12.11,3.8,147,481,338,8,0,15.09,49.38,34.7,0.82,0
Bagmati,Dolakha,Bigu,NP03,NP0322,NP0322401,5,652,646,4,2,0,509,128,12,3,0,538,108,3,1,0,2,0,0,612,30,0,1,7,2,0,0,424,20,6,1,200,1,225,357,0,22,3,44,1,0,0,621,27,0,0,3,1,0,629,19,1,1,2,0,611,33,0,8,73,579,330,206,3,498,254,2,34,0,3,10,6,2,0,0,219,290,125,17,1,33.59,44.48,19.17,2.61,0.15,16,225,406,4,1,2.45,34.51,62.27,0.61,0.15
Bagmati,Dolakha,Bigu,NP03,NP0322,NP0322401,6,458,452,4,0,2,309,128,11,4,6,308,134,2,0,0,13,0,1,409,26,0,0,21,1,0,1,220,4,14,0,218,2,219,219,0,1,8,9,1,0,1,425,33,0,0,0,0,0,431,23,1,0,3,2,287,164,2,3,81,377,135,86,0,318,213,9,105,0,17,0,0,0,0,0,145,149,127,33,4,31.66,32.53,27.73,7.21,0.87,13,176,257,12,0,2.84,38.43,56.11,2.62,0
Bagmati,Dolakha,Bigu,NP03,NP0322,NP0322401,7,397,396,1,0,0,305,80,4,8,0,305,83,8,0,0,1,0,0,376,10,2,2,6,0,0,1,234,31,2,0,123,7,59,333,0,0,3,2,0,0,0,378,18,0,0,0,1,0,389,6,0,0,2,0,361,35,0,1,43,354,215,162,1,266,223,5,58,0,11,0,1,1,0,1,123,161,82,28,3,30.98,40.55,20.65,7.05,0.76,9,126,256,5,1,2.27,31.74,64.48,1.26,0.25
Bagmati,Dolakha,Bigu,NP03,NP0322,NP0322401,8,564,539,15,7,3,357,199,5,3,0,479,61,1,1,0,22,0,0,555,4,0,0,4,0,0,1,446,2,9,0,107,0,323,145,0,7,3,86,0,0,0,534,30,0,0,0,0,0,520,38,0,0,6,0,201,361,0,2,69,495,186,147,0,370,299,11,1,1,7,0,1,8,0,0,229,236,82,16,1,40.6,41.84,14.54,2.84,0.18,9,82,434,38,1,1.6,14.54,76.95,6.74,0.18
Bagmati,Dolakha,Kalinchowk,NP03,NP0322,NP0322403,1,719,713,4,1,1,636,48,3,31,1,603,49,43,0,0,23,1,0,708,7,0,0,1,3,0,0,590,12,8,3,106,0,237,450,0,0,11,20,0,0,1,625,89,0,0,4,1,0,665,53,0,0,1,15,513,184,2,5,109,610,345,69,2,532,352,6,15,3,3,1,1,9,0,0,314,326,72,7,0,43.67,45.34,10.01,0.97,0,4,129,579,7,0,0.56,17.94,80.53,0.97,0
Bagmati,Dolakha,Kalinchowk,NP03,NP0322,NP0322403,2,884,877,3,3,1,790,75,7,12,0,789,74,8,1,0,12,0,0,865,17,1,0,0,0,0,1,607,15,0,1,261,0,406,468,0,1,7,2,0,0,0,854,30,0,0,0,0,0,871,13,0,0,0,1,871,7,0,5,79,805,458,343,1,663,502,18,9,3,15,0,5,6,0,0,218,500,151,15,0,24.66,56.56,17.08,1.7,0,10,272,599,3,0,1.13,30.77,67.76,0.34,0
Bagmati,Dolakha,Kalinchowk,NP03,NP0322,NP0322403,3,609,547,59,3,0,196,339,58,13,3,241,320,14,1,0,31,0,2,432,168,3,0,4,2,0,0,234,13,7,3,351,1,462,128,0,0,14,4,0,0,1,352,257,0,0,0,0,0,608,1,0,0,0,18,437,154,0,0,37,572,250,365,32,440,394,84,156,11,102,25,123,95,6,1,78,125,198,126,82,12.81,20.53,32.51,20.69,13.46,131,237,238,3,0,21.51,38.92,39.08,0.49,0
Bagmati,Dolakha,Kalinchowk,NP03,NP0322,NP0322403,4,562,557,5,0,0,218,322,3,11,8,331,209,10,0,0,12,0,0,545,16,0,0,1,0,0,0,256,14,1,0,278,13,359,88,0,0,1,114,0,0,0,523,38,0,0,1,0,0,559,3,0,0,0,0,554,5,0,3,28,534,371,281,4,470,276,5,31,2,9,9,14,2,0,0,97,198,234,31,2,17.26,35.23,41.64,5.52,0.36,23,266,268,5,0,4.09,47.33,47.69,0.89,0
Bagmati,Dolakha,Kalinchowk,NP03,NP0322,NP0322403,5,640,623,14,1,2,370,246,21,3,0,361,272,3,0,0,0,4,0,586,39,0,0,15,0,0,0,292,7,3,0,337,1,470,125,0,0,1,44,0,0,0,573,67,0,0,0,0,0,610,30,0,0,0,0,623,13,0,4,78,562,281,268,0,477,254,10,63,3,19,0,1,6,0,0,151,183,250,51,5,23.59,28.59,39.06,7.97,0.78,32,332,276,0,0,5,51.88,43.13,0,0
Bagmati,Dolakha,Kalinchowk,NP03,NP0322,NP0322403,6,779,771,4,1,3,664,84,21,10,0,624,143,5,0,0,7,0,0,728,40,1,0,10,0,0,0,498,15,1,0,259,6,369,316,0,0,11,70,13,0,0,750,18,0,0,11,0,0,753,24,0,0,2,2,329,438,3,7,105,674,387,303,7,566,268,17,22,1,18,2,5,2,0,0,368,261,130,18,2,47.24,33.5,16.69,2.31,0.26,7,157,582,33,0,0.9,20.15,74.71,4.24,0
Bagmati,Dolakha,Kalinchowk,NP03,NP0322,NP0322403,7,583,580,3,0,0,295,278,8,2,0,271,310,1,0,0,1,0,0,526,55,0,0,2,0,0,0,210,24,16,3,328,2,124,454,0,0,2,3,0,0,0,565,18,0,0,0,0,0,578,5,0,0,0,0,544,33,0,6,17,566,472,334,0,502,217,20,16,2,20,2,5,18,0,0,105,157,283,32,6,18.01,26.93,48.54,5.49,1.03,14,366,202,1,0,2.4,62.78,34.65,0.17,0
Bagmati,Dolakha,Kalinchowk,NP03,NP0322,NP0322403,8,602,588,10,0,4,349,205,37,11,0,355,228,7,2,0,10,0,0,546,46,2,1,5,2,0,0,297,15,0,0,288,2,274,304,0,0,9,15,0,0,0,557,45,0,0,0,0,0,597,1,2,0,2,1,579,17,0,5,33,569,456,371,1,537,281,25,76,1,30,2,5,19,1,0,108,208,228,47,11,17.94,34.55,37.87,7.81,1.83,28,294,277,1,2,4.65,48.84,46.01,0.17,0.33
Bagmati,Dolakha,Kalinchowk,NP03,NP0322,NP0322403,9,773,762,9,1,1,479,210,70,7,7,451,298,14,1,0,8,0,1,680,83,1,1,7,0,0,1,455,22,8,2,274,12,108,568,0,0,13,83,1,0,0,723,50,0,0,0,0,0,767,5,0,0,1,2,569,197,3,2,32,741,485,460,8,622,268,15,22,2,41,2,9,12,1,0,215,275,231,45,7,27.81,35.58,29.88,5.82,0.91,27,313,397,36,0,3.49,40.49,51.36,4.66,0
Bagmati,Dolakha,Baiteshwor,NP03,NP0322,NP0322404,1,701,698,2,1,0,324,298,68,11,0,198,482,6,4,0,10,1,0,576,90,0,0,34,0,0,1,174,8,5,0,509,5,273,345,0,2,16,63,2,0,0,672,27,1,0,0,1,0,697,3,1,0,0,0,675,16,0,10,53,648,510,286,1,574,354,40,118,11,53,13,19,25,0,0,79,179,341,85,17,11.27,25.53,48.64,12.13,2.43,11,510,171,8,1,1.57,72.75,24.39,1.14,0.14
Bagmati,Dolakha,Baiteshwor,NP03,NP0322,NP0322404,2,627,613,6,3,5,116,421,65,19,6,94,507,18,2,1,4,0,1,486,129,1,3,7,0,0,1,47,6,5,5,562,2,137,485,0,0,4,1,0,0,0,583,44,0,0,0,0,0,618,4,4,0,1,1,277,337,4,8,60,567,337,236,1,525,272,34,81,5,54,4,14,18,0,0,25,105,403,79,15,3.99,16.75,64.27,12.6,2.39,10,518,94,4,1,1.59,82.62,14.99,0.64,0.16
Bagmati,Dolakha,Baiteshwor,NP03,NP0322,NP0322404,3,679,670,8,0,1,364,264,46,5,0,291,379,4,2,0,3,0,0,525,144,0,0,10,0,0,0,146,3,5,2,500,23,273,371,0,0,1,33,0,0,1,650,28,0,0,1,0,0,670,8,1,0,0,9,559,106,4,1,30,649,593,307,2,610,326,25,184,5,46,3,2,9,1,0,84,182,324,81,8,12.37,26.8,47.72,11.93,1.18,21,483,172,3,0,3.09,71.13,25.33,0.44,0
Bagmati,Dolakha,Baiteshwor,NP03,NP0322,NP0322404,4,619,590,13,8,8,117,426,70,5,1,160,453,1,0,0,5,0,0,474,143,0,0,2,0,0,0,52,11,2,3,541,10,185,417,0,0,3,14,0,0,0,535,83,0,0,1,0,0,610,8,0,0,1,0,434,181,0,4,11,608,462,416,2,521,388,83,253,3,69,1,8,26,0,0,24,75,303,184,33,3.88,12.12,48.95,29.73,5.33,63,483,69,4,0,10.18,78.03,11.15,0.65,0
Bagmati,Dolakha,Baiteshwor,NP03,NP0322,NP0322404,5,811,700,109,1,1,329,183,273,21,5,329,453,11,1,0,15,0,2,444,364,2,0,0,1,0,0,73,10,0,11,716,1,364,392,0,0,2,53,0,0,0,525,286,0,0,0,0,0,810,1,0,0,0,1,141,668,0,1,13,798,537,534,51,678,540,142,243,33,139,16,25,126,12,2,58,240,230,154,129,7.15,29.59,28.36,18.99,15.91,213,268,316,14,0,26.26,33.05,38.96,1.73,0
Bagmati,Dolakha,Baiteshwor,NP03,NP0322,NP0322404,6,773,754,18,0,1,119,540,99,11,4,94,654,7,0,0,17,1,0,600,151,0,0,22,0,0,0,89,24,2,1,655,2,63,675,0,6,8,21,0,0,0,660,111,0,0,2,0,0,769,4,0,0,0,0,182,583,1,7,30,743,455,378,1,683,406,61,80,22,65,28,51,55,1,1,44,94,489,116,30,5.69,12.16,63.26,15.01,3.88,47,598,122,6,0,6.08,77.36,15.78,0.78,0
Bagmati,Dolakha,Baiteshwor,NP03,NP0322,NP0322404,7,575,573,2,0,0,28,497,45,5,0,44,524,5,1,0,1,0,0,467,102,0,0,6,0,0,0,35,10,6,0,522,2,23,550,0,0,1,1,0,0,0,557,18,0,0,0,0,0,571,3,1,0,0,0,25,549,1,0,26,549,452,320,2,502,290,27,9,4,39,1,13,16,0,0,13,41,462,55,4,2.26,7.13,80.35,9.57,0.7,4,524,46,1,0,0.7,91.13,8,0.17,0
Bagmati,Dolakha,Baiteshwor,NP03,NP0322,NP0322404,8,588,575,6,7,0,81,463,43,1,0,99,482,0,0,0,7,0,0,442,141,0,0,5,0,0,0,114,16,47,2,409,0,39,502,0,1,18,28,0,0,0,535,52,0,0,1,0,0,577,7,4,0,0,0,9,576,0,3,39,549,524,248,0,514,301,31,33,3,40,0,2,8,0,0,57,64,403,59,5,9.69,10.88,68.54,10.03,0.85,12,427,146,3,0,2.04,72.62,24.83,0.51,0
Bagmati,Dolakha,Jiri,NP03,NP0322,NP0322302,1,356,352,2,1,1,313,39,3,1,0,148,200,2,0,0,5,0,1,335,6,0,0,14,1,0,0,137,3,2,0,214,0,347,3,0,0,2,0,4,0,0,344,11,0,0,1,0,0,350,6,0,0,0,0,350,5,0,1,21,335,261,204,6,315,200,27,19,7,58,0,5,8,3,0,27,146,160,19,4,7.58,41.01,44.94,5.34,1.12,4,221,129,2,0,1.12,62.08,36.24,0.56,0
Bagmati,Dolakha,Jiri,NP03,NP0322,NP0322302,2,425,415,3,3,4,356,51,12,6,0,250,162,10,0,1,1,1,0,403,16,1,1,4,0,0,0,114,7,0,2,300,2,322,88,0,0,3,0,12,0,0,415,7,0,0,3,0,0,425,0,0,0,0,0,395,24,1,5,14,411,258,228,1,393,256,16,45,2,18,0,2,1,0,1,59,157,181,25,3,13.88,36.94,42.59,5.88,0.71,5,286,131,3,0,1.18,67.29,30.82,0.71,0
Bagmati,Dolakha,Jiri,NP03,NP0322,NP0322302,3,422,420,2,0,0,320,92,2,8,0,280,131,10,0,0,0,1,0,404,11,0,0,6,1,0,0,80,11,4,0,326,1,237,160,0,0,12,2,0,1,10,410,11,0,0,1,0,0,420,1,1,0,0,1,249,162,3,7,22,400,229,215,1,300,244,13,34,1,20,0,1,2,0,0,58,186,157,21,0,13.74,44.08,37.2,4.98,0,0,244,177,1,0,0,57.82,41.94,0.24,0
Bagmati,Dolakha,Jiri,NP03,NP0322,NP0322302,4,439,426,1,5,7,288,110,13,25,3,188,208,34,0,0,3,0,6,405,26,0,1,6,0,0,1,85,8,4,0,336,6,215,218,0,0,3,0,1,0,2,398,41,0,0,0,0,0,433,3,1,0,2,0,157,257,3,22,20,419,396,287,1,377,273,41,20,8,53,2,1,3,1,0,53,132,215,30,9,12.07,30.07,48.97,6.83,2.05,12,256,168,3,0,2.73,58.31,38.27,0.68,0
Bagmati,Dolakha,Jiri,NP03,NP0322,NP0322302,5,567,405,140,22,0,206,211,82,60,8,102,328,79,3,2,53,0,0,367,191,3,0,1,5,0,0,91,32,3,2,433,6,357,200,0,0,9,0,1,0,0,107,459,1,0,0,0,0,566,0,1,0,0,0,121,443,1,2,7,560,259,377,57,420,492,91,239,12,102,39,19,80,20,1,21,94,198,166,88,3.7,16.58,34.92,29.28,15.52,105,324,125,13,0,18.52,57.14,22.05,2.29,0
Bagmati,Dolakha,Jiri,NP03,NP0322,NP0322302,6,561,516,36,9,0,225,267,51,13,5,124,349,63,0,1,21,2,1,447,104,0,0,8,2,0,0,67,2,2,1,482,7,389,156,0,0,7,7,1,0,1,323,237,1,0,0,0,0,559,1,0,0,1,0,321,226,0,14,11,550,349,358,38,499,468,175,300,19,135,13,10,63,8,0,29,71,181,188,92,5.17,12.66,32.26,33.51,16.4,100,349,107,5,0,17.83,62.21,19.07,0.89,0
Bagmati,Dolakha,Jiri,NP03,NP0322,NP0322302,7,468,465,3,0,0,322,102,16,26,2,279,142,31,0,0,14,0,2,428,29,1,1,7,2,0,0,99,7,2,0,356,4,56,407,0,0,4,1,0,0,0,421,36,0,0,11,0,0,460,8,0,0,0,0,256,199,0,13,15,453,260,278,3,396,350,39,153,1,76,10,0,2,1,0,43,140,221,53,11,9.19,29.91,47.22,11.32,2.35,20,227,213,8,0,4.27,48.5,45.51,1.71,0
Bagmati,Dolakha,Jiri,NP03,NP0322,NP0322302,8,510,505,4,1,0,279,208,8,15,0,120,357,18,0,5,10,0,0,484,19,2,0,2,3,0,0,142,6,3,0,358,1,276,167,0,1,52,14,0,0,0,501,2,1,0,5,1,0,502,4,3,0,1,3,291,213,1,2,40,470,338,73,0,422,252,4,7,2,33,1,0,0,0,0,73,168,256,12,1,14.31,32.94,50.2,2.35,0.2,1,314,186,9,0,0.2,61.57,36.47,1.76,0
Bagmati,Dolakha,Jiri,NP03,NP0322,NP0322302,9,496,487,4,4,1,372,104,6,9,5,256,212,10,0,1,15,0,2,468,8,0,0,20,0,0,0,118,1,1,0,370,6,313,25,0,51,75,27,3,0,2,477,18,0,0,0,1,0,489,0,2,0,5,1,475,8,0,12,43,453,310,188,3,368,287,17,63,7,38,0,3,2,0,0,54,195,226,17,4,10.89,39.31,45.56,3.43,0.81,5,321,162,7,1,1.01,64.72,32.66,1.41,0.2
Bagmati,Dolakha,Tamakoshi,NP03,NP0322,NP0322407,1,650,643,7,0,0,132,459,53,5,1,110,534,2,0,0,4,0,0,553,91,0,0,5,0,0,1,26,7,6,2,606,3,121,519,0,0,4,5,1,0,0,601,37,1,0,11,0,0,646,3,0,0,1,0,597,48,0,5,35,615,494,407,6,480,267,19,148,3,58,2,45,49,1,0,7,90,421,106,26,1.08,13.85,64.77,16.31,4,38,586,25,1,0,5.85,90.15,3.85,0.15,0
Bagmati,Dolakha,Tamakoshi,NP03,NP0322,NP0322407,2,534,527,7,0,0,165,339,22,4,4,121,405,2,2,0,4,0,0,465,56,3,1,8,1,0,0,130,13,10,1,375,5,161,355,0,0,1,14,0,0,3,508,26,0,0,0,0,0,526,4,2,0,2,0,43,484,1,6,24,510,389,295,2,451,221,12,78,2,22,1,8,1,0,0,83,81,303,66,1,15.54,15.17,56.74,12.36,0.19,7,366,152,8,1,1.31,68.54,28.46,1.5,0.19
Bagmati,Dolakha,Tamakoshi,NP03,NP0322,NP0322407,3,871,852,17,2,0,257,522,84,8,0,173,693,0,2,0,3,0,0,710,158,1,0,2,0,0,0,49,11,6,1,801,3,290,516,0,2,3,59,1,0,0,794,75,0,0,2,0,0,867,1,1,0,2,2,575,286,0,8,53,818,640,552,7,749,400,25,364,3,24,3,21,3,0,1,36,149,416,250,20,4.13,17.11,47.76,28.7,2.3,56,635,174,6,0,6.43,72.9,19.98,0.69,0
Bagmati,Dolakha,Tamakoshi,NP03,NP0322,NP0322407,4,606,586,14,4,2,227,344,28,6,1,220,376,6,0,0,4,0,0,530,72,1,3,0,0,0,0,127,5,5,7,459,3,48,556,0,0,2,0,0,0,0,557,49,0,0,0,0,0,602,3,1,0,0,0,441,163,0,2,25,581,422,333,2,516,232,28,157,9,58,3,43,22,0,0,89,126,262,106,23,14.69,20.79,43.23,17.49,3.8,34,400,172,0,0,5.61,66.01,28.38,0,0
Bagmati,Dolakha,Tamakoshi,NP03,NP0322,NP0322407,5,754,739,13,2,0,186,546,18,4,0,269,479,0,0,0,6,0,0,630,117,2,3,2,0,0,0,72,6,3,1,665,7,253,426,0,8,26,40,1,0,0,567,71,1,0,114,1,0,740,11,1,0,2,1,720,27,0,6,42,712,590,320,3,670,472,12,328,7,32,18,105,79,0,1,24,106,382,225,17,3.18,14.06,50.66,29.84,2.25,114,565,73,2,0,15.12,74.93,9.68,0.27,0
Bagmati,Dolakha,Tamakoshi,NP03,NP0322,NP0322407,6,615,603,12,0,0,295,284,33,3,0,311,301,3,0,0,0,0,0,539,70,0,1,5,0,0,0,106,12,4,2,476,15,91,372,0,0,3,148,1,0,0,565,50,0,0,0,0,0,606,7,0,1,1,1,372,239,2,1,19,596,452,315,3,557,256,27,198,1,19,1,1,1,0,0,70,185,253,104,3,11.38,30.08,41.14,16.91,0.49,21,361,231,2,0,3.41,58.7,37.56,0.33,0
Bagmati,Dolakha,Tamakoshi,NP03,NP0322,NP0322407,7,455,448,3,2,2,342,88,9,14,2,312,124,10,0,1,7,0,1,412,37,2,1,1,0,0,2,71,4,0,1,376,3,138,274,0,0,36,3,0,0,4,427,27,0,0,0,1,0,451,2,0,0,2,0,295,159,0,1,29,426,321,266,0,349,226,17,165,3,27,0,3,8,0,1,47,166,197,40,5,10.33,36.48,43.3,8.79,1.1,5,289,154,6,1,1.1,63.52,33.85,1.32,0.22
Bagmati,Dolakha,Melung,NP03,NP0322,NP0322406,1,1087,1077,2,3,5,982,84,16,5,0,926,155,2,0,0,4,0,0,1033,51,0,1,2,0,0,0,586,3,8,2,472,16,508,356,0,13,29,147,19,0,15,1063,23,0,0,1,0,0,1065,21,0,0,1,11,644,409,4,19,47,1040,757,565,5,978,286,9,139,5,41,1,19,22,0,0,414,407,235,27,4,38.09,37.44,21.62,2.48,0.37,6,294,768,18,1,0.55,27.05,70.65,1.66,0.09
Bagmati,Dolakha,Melung,NP03,NP0322,NP0322406,2,440,434,6,0,0,308,116,11,4,1,212,221,2,1,2,1,0,1,420,16,0,0,4,0,0,0,298,7,4,0,131,0,185,253,0,0,1,1,0,0,0,431,9,0,0,0,0,0,439,0,1,0,0,9,430,0,0,1,15,425,361,204,8,391,163,14,88,7,8,4,19,12,0,0,89,164,167,20,0,20.23,37.27,37.95,4.55,0,1,237,201,1,0,0.23,53.86,45.68,0.23,0
Bagmati,Dolakha,Melung,NP03,NP0322,NP0322406,3,545,536,8,1,0,473,68,1,3,0,436,106,1,0,0,2,0,0,525,6,0,0,14,0,0,0,420,7,0,1,115,2,75,148,0,1,4,317,0,0,0,523,21,0,0,1,0,0,539,4,2,0,0,4,531,8,0,2,25,520,319,242,1,468,264,10,50,3,16,5,5,0,0,0,223,207,102,12,1,40.92,37.98,18.72,2.2,0.18,8,88,430,19,0,1.47,16.15,78.9,3.49,0
Bagmati,Dolakha,Melung,NP03,NP0322,NP0322406,4,889,885,3,1,0,535,295,57,1,1,563,323,0,0,0,2,1,0,763,117,2,2,5,0,0,0,417,31,9,3,423,6,368,483,0,0,5,33,0,0,0,844,44,0,0,1,0,0,884,4,1,0,0,0,716,166,1,6,50,839,582,460,7,758,476,24,261,3,20,5,15,31,1,2,161,289,330,95,14,18.11,32.51,37.12,10.69,1.57,20,405,461,3,0,2.25,45.56,51.86,0.34,0
Bagmati,Dolakha,Melung,NP03,NP0322,NP0322406,5,653,640,12,0,1,505,128,9,11,0,490,151,5,0,0,6,1,0,609,35,1,8,0,0,0,0,503,15,3,0,131,1,569,48,0,1,29,6,0,0,0,622,31,0,0,0,0,0,637,11,2,0,3,3,359,284,6,1,66,587,315,205,1,548,185,8,152,2,17,3,0,1,0,0,315,182,136,19,1,48.24,27.87,20.83,2.91,0.15,10,170,469,4,0,1.53,26.03,71.82,0.61,0
Bagmati,Dolakha,Melung,NP03,NP0322,NP0322406,6,609,600,8,0,1,527,50,24,4,4,475,120,0,5,0,9,0,0,557,39,2,9,2,0,0,0,337,4,0,1,267,0,135,336,0,6,59,47,25,1,0,545,61,0,0,3,0,0,591,16,0,0,2,0,590,12,5,2,68,541,278,308,1,486,265,32,169,9,49,7,21,45,0,0,176,199,177,39,18,28.9,32.68,29.06,6.4,2.96,19,242,338,10,0,3.12,39.74,55.5,1.64,0
Bagmati,Dolakha,Melung,NP03,NP0322,NP0322406,7,573,570,2,0,1,207,220,134,12,0,213,350,7,1,0,2,0,0,386,180,0,3,4,0,0,0,160,12,3,1,395,2,79,444,0,2,9,39,0,0,0,535,38,0,0,0,0,0,569,3,1,0,0,3,228,339,1,2,32,541,380,239,1,482,274,13,38,0,20,11,15,26,0,0,102,123,293,54,1,17.8,21.47,51.13,9.42,0.17,23,349,178,23,0,4.01,60.91,31.06,4.01,0
Bagmati,Dolakha,Shailung,NP03,NP0322,NP0322405,1,603,602,1,0,0,461,118,7,15,2,466,118,6,2,1,10,0,0,505,19,3,0,76,0,0,0,448,12,1,0,137,5,26,562,0,3,3,7,1,0,1,579,23,1,0,0,0,0,596,2,0,0,5,1,597,4,1,0,62,541,151,235,3,395,298,17,122,1,12,2,1,5,0,0,188,237,148,26,4,31.18,39.3,24.54,4.31,0.66,11,146,440,6,0,1.82,24.21,72.97,1,0
Bagmati,Dolakha,Shailung,NP03,NP0322,NP0322405,2,555,551,0,0,4,191,329,33,2,0,244,304,3,0,0,3,1,0,489,61,2,0,2,1,0,0,111,7,7,2,428,0,162,340,0,0,6,47,0,0,0,524,30,0,0,1,0,0,554,0,0,0,1,0,543,5,0,7,27,528,332,198,4,521,332,21,147,18,37,10,4,3,0,0,30,151,286,85,3,5.41,27.21,51.53,15.32,0.54,21,403,129,2,0,3.78,72.61,23.24,0.36,0
Bagmati,Dolakha,Shailung,NP03,NP0322,NP0322405,3,784,706,74,3,1,334,221,209,17,3,322,436,4,0,0,20,0,2,510,271,0,0,1,0,0,2,221,11,3,0,544,5,382,387,0,1,9,5,0,0,0,578,204,0,0,1,0,1,784,0,0,0,0,0,757,24,0,3,38,746,570,406,26,641,338,45,311,10,106,18,18,35,5,0,106,155,303,150,70,13.52,19.77,38.65,19.13,8.93,186,374,220,4,0,23.72,47.7,28.06,0.51,0
Bagmati,Dolakha,Shailung,NP03,NP0322,NP0322405,4,626,625,0,0,1,492,128,4,2,0,461,162,1,0,0,2,0,0,590,35,0,0,1,0,0,0,340,8,0,1,277,0,61,550,0,1,5,6,2,1,0,584,42,0,0,0,0,0,623,1,0,0,2,0,600,25,0,1,24,602,500,333,5,558,339,13,294,8,62,3,9,11,0,0,129,182,253,55,7,20.61,29.07,40.42,8.79,1.12,12,297,316,1,0,1.92,47.44,50.48,0.16,0
Bagmati,Dolakha,Shailung,NP03,NP0322,NP0322405,5,426,422,4,0,0,412,12,2,0,0,403,23,0,0,0,0,0,0,418,8,0,0,0,0,0,0,243,11,1,4,167,0,204,216,0,0,4,2,0,0,0,410,15,0,0,1,0,0,425,1,0,0,0,7,411,7,1,0,33,393,337,249,2,363,149,10,78,0,12,1,0,4,0,0,99,212,108,7,0,23.24,49.77,25.35,1.64,0,0,181,245,0,0,0,42.49,57.51,0,0
Bagmati,Dolakha,Shailung,NP03,NP0322,NP0322405,6,500,500,0,0,0,186,291,15,7,1,257,234,5,0,1,3,0,0,456,42,2,0,0,0,0,0,209,19,5,1,262,4,234,249,0,0,3,10,4,0,0,485,13,2,0,0,0,0,499,0,1,0,0,0,179,312,6,3,23,477,246,214,3,345,165,4,9,8,14,1,3,11,0,0,128,136,218,17,1,25.6,27.2,43.6,3.4,0.2,4,253,236,7,0,0.8,50.6,47.2,1.4,0
Bagmati,Dolakha,Shailung,NP03,NP0322,NP0322405,7,606,593,6,6,1,493,91,19,2,1,479,113,8,0,0,5,0,1,539,65,0,1,0,0,0,1,369,3,3,1,228,2,516,67,0,1,5,16,0,0,1,568,38,0,0,0,0,0,598,0,5,0,3,0,600,1,1,4,15,591,520,321,6,561,312,14,233,10,25,1,4,23,0,0,146,202,192,60,6,24.09,33.33,31.68,9.9,0.99,22,224,358,1,1,3.63,36.96,59.08,0.17,0.17
Bagmati,Dolakha,Shailung,NP03,NP0322,NP0322405,8,1034,1024,10,0,0,840,174,8,7,5,825,190,4,0,0,15,0,0,978,52,0,0,4,0,0,0,774,22,11,0,227,0,393,634,0,0,5,2,0,0,0,985,47,0,0,2,0,0,1032,2,0,0,0,0,1016,14,2,2,54,980,639,576,7,818,404,16,111,4,24,1,3,1,0,2,245,513,248,26,2,23.69,49.61,23.98,2.51,0.19,18,271,743,2,0,1.74,26.21,71.86,0.19,0
Bagmati,Dolakha,Bhimeshwor,NP03,NP0322,NP0322301,1,961,942,5,7,7,571,295,56,22,17,561,326,15,0,0,55,0,4,901,56,0,1,1,0,0,2,555,15,1,4,384,2,710,209,0,1,12,16,11,0,2,852,107,0,0,2,0,0,951,6,2,0,2,0,906,41,1,13,74,887,555,551,9,773,428,30,135,3,44,3,2,13,0,0,198,337,317,101,8,20.6,35.07,32.99,10.51,0.83,61,378,498,24,0,6.35,39.33,51.82,2.5,0
Bagmati,Dolakha,Bhimeshwor,NP03,NP0322,NP0322301,2,1183,1098,75,6,4,424,498,188,65,8,378,705,4,1,1,89,0,5,897,271,6,0,6,3,0,0,253,22,3,1,901,3,535,580,0,0,5,53,0,8,2,744,437,1,0,1,0,0,1175,4,3,0,1,0,1067,112,0,4,79,1104,781,682,43,993,692,121,372,29,134,22,79,137,23,3,91,248,458,241,145,7.69,20.96,38.72,20.37,12.26,311,595,248,27,2,26.29,50.3,20.96,2.28,0.17
Bagmati,Dolakha,Bhimeshwor,NP03,NP0322,NP0322301,3,1543,1039,457,42,5,51,381,994,109,8,40,1368,11,1,2,117,1,3,453,1077,2,1,9,1,0,0,136,23,9,16,1353,6,1195,331,0,0,7,9,0,0,1,293,1246,4,0,0,0,0,1536,6,1,0,0,3,1432,107,0,1,16,1527,1064,1031,122,1243,1316,426,728,87,346,54,104,247,30,4,13,59,297,741,433,0.84,3.82,19.25,48.02,28.06,1096,304,133,10,0,71.03,19.7,8.62,0.65,0
Bagmati,Dolakha,Bhimeshwor,NP03,NP0322,NP0322301,4,543,531,10,1,1,150,206,159,26,2,85,424,6,0,1,27,0,0,409,133,0,1,0,0,0,0,57,8,1,6,466,5,112,210,0,0,1,220,0,0,0,449,81,0,0,13,0,0,540,1,2,0,0,1,519,23,0,0,16,527,232,345,3,504,254,47,54,6,65,7,19,19,3,0,40,75,324,83,21,7.37,13.81,59.67,15.29,3.87,59,365,98,21,0,10.87,67.22,18.05,3.87,0
Bagmati,Dolakha,Bhimeshwor,NP03,NP0322,NP0322301,5,1157,1130,24,0,3,138,829,173,12,5,107,1010,22,2,0,15,0,1,821,326,1,2,6,0,0,1,56,29,4,7,1054,7,274,796,0,2,14,71,0,0,0,956,201,0,0,0,0,0,1149,6,2,0,0,0,1134,19,1,3,42,1115,788,832,9,933,623,71,207,16,149,7,77,250,1,0,16,68,665,334,74,1.38,5.88,57.48,28.87,6.4,132,963,56,6,0,11.41,83.23,4.84,0.52,0
Bagmati,Dolakha,Bhimeshwor,NP03,NP0322,NP0322301,6,2075,1225,827,19,4,133,501,1310,102,29,66,1831,43,7,1,123,1,3,666,1389,3,5,7,5,0,0,166,34,2,12,1843,18,1475,538,0,1,20,40,0,0,1,325,1619,4,0,121,1,5,2057,15,2,0,1,3,1933,131,1,7,30,2045,1196,1365,142,1393,1686,524,1100,114,483,48,78,379,82,5,33,95,402,959,586,1.59,4.58,19.37,46.22,28.24,1468,436,139,32,0,70.75,21.01,6.7,1.54,0
Bagmati,Dolakha,Bhimeshwor,NP03,NP0322,NP0322301,7,942,917,22,2,1,219,617,82,22,2,210,700,16,1,0,15,0,0,747,190,0,2,2,1,0,0,109,19,5,1,806,2,44,853,0,1,22,14,2,0,6,787,151,2,0,1,0,1,922,18,2,0,0,1,757,172,0,12,42,900,676,587,12,827,531,19,154,12,113,12,3,57,1,1,39,136,551,174,42,4.14,14.44,58.49,18.47,4.46,104,735,98,4,1,11.04,78.03,10.4,0.42,0.11
Bagmati,Dolakha,Bhimeshwor,NP03,NP0322,NP0322301,8,766,749,14,3,0,315,357,82,12,0,234,516,6,0,0,10,0,0,595,157,1,0,13,0,0,0,199,40,24,2,494,7,244,506,0,2,6,5,1,0,2,682,83,1,0,0,0,0,762,4,0,0,0,3,676,82,1,4,54,712,583,498,2,557,260,18,15,7,26,10,13,13,0,0,83,177,438,63,5,10.84,23.11,57.18,8.22,0.65,57,522,185,2,0,7.44,68.15,24.15,0.26,0
Bagmati,Dolakha,Bhimeshwor,NP03,NP0322,NP0322301,9,994,981,10,1,2,530,351,82,28,3,466,481,16,1,0,28,0,2,721,262,1,0,9,1,0,0,346,22,1,4,616,5,143,776,0,0,7,65,1,0,2,869,119,0,0,6,0,0,976,8,4,1,5,0,967,20,0,7,37,957,619,460,3,899,435,49,20,7,28,5,2,5,1,0,175,281,440,97,1,17.61,28.27,44.27,9.76,0.1,83,540,357,14,0,8.35,54.33,35.92,1.41,0
Bagmati,Sindhupalchok,Bhotekoshi,NP03,NP0323,NP0323404,1,994,968,15,8,3,337,347,180,121,9,330,525,31,1,0,102,1,4,697,293,0,0,3,0,0,1,308,37,3,2,638,6,184,728,0,0,4,76,1,0,1,891,79,1,0,18,5,0,972,18,2,0,2,4,607,355,3,25,228,766,198,234,11,654,426,19,3,19,26,5,12,7,2,1,225,258,445,62,4,22.64,25.96,44.77,6.24,0.4,51,599,263,80,1,5.13,60.26,26.46,8.05,0.1
Bagmati,Sindhupalchok,Bhotekoshi,NP03,NP0323,NP0323404,2,636,493,129,13,1,147,356,77,52,4,101,428,83,0,0,23,0,1,441,184,2,2,3,4,0,0,92,17,6,4,511,6,94,370,0,0,3,165,4,0,0,306,329,1,0,0,0,0,615,11,9,0,1,1,383,227,16,9,82,554,121,331,5,396,389,39,66,20,53,2,11,70,10,0,57,109,271,153,46,8.96,17.14,42.61,24.06,7.23,162,317,129,27,1,25.47,49.84,20.28,4.25,0.16
Bagmati,Sindhupalchok,Bhotekoshi,NP03,NP0323,NP0323404,3,384,376,5,0,3,130,209,2,43,0,146,181,13,3,0,41,0,0,331,48,0,2,1,0,0,2,159,19,1,2,203,0,15,356,0,0,3,1,7,0,2,273,111,0,0,0,0,0,375,8,1,0,0,1,207,151,15,10,52,332,94,193,6,244,255,7,13,10,16,0,6,21,0,0,55,114,149,58,8,14.32,29.69,38.8,15.1,2.08,30,171,163,19,1,7.81,44.53,42.45,4.95,0.26
Bagmati,Sindhupalchok,Bhotekoshi,NP03,NP0323,NP0323404,4,937,890,43,4,0,154,647,111,24,1,59,668,108,3,2,94,3,0,644,276,8,0,3,4,0,2,151,27,2,3,750,4,213,652,0,1,19,51,0,0,1,662,270,1,0,1,1,2,923,12,2,0,0,0,733,187,2,15,76,861,236,571,10,745,611,45,190,12,92,4,51,112,3,4,56,138,455,212,76,5.98,14.73,48.56,22.63,8.11,201,506,203,27,0,21.45,54,21.66,2.88,0
Bagmati,Sindhupalchok,Bhotekoshi,NP03,NP0323,NP0323404,5,781,767,7,7,0,149,389,184,58,1,164,529,16,2,1,64,0,5,472,259,7,2,30,11,0,0,167,53,11,2,543,5,194,536,0,1,30,14,3,0,3,572,208,1,0,0,0,0,648,119,3,0,11,2,565,192,1,21,74,707,223,233,3,618,501,15,169,8,158,96,58,11,0,0,72,106,398,193,12,9.22,13.57,50.96,24.71,1.54,113,479,150,38,1,14.47,61.33,19.21,4.87,0.13
Bagmati,Sindhupalchok,Jugal,NP03,NP0323,NP0323403,1,721,716,5,0,0,615,70,28,7,1,611,102,0,6,0,1,0,1,651,67,0,0,1,0,0,2,603,15,21,7,71,4,123,594,0,1,1,2,0,0,0,699,22,0,0,0,0,0,718,3,0,0,0,6,631,42,41,1,91,630,292,237,7,539,439,17,285,7,26,5,20,32,0,0,227,274,167,42,11,31.48,38,23.16,5.83,1.53,12,105,601,2,1,1.66,14.56,83.36,0.28,0.14
Bagmati,Sindhupalchok,Jugal,NP03,NP0323,NP0323403,2,804,789,12,1,2,784,14,6,0,0,788,16,0,0,0,0,0,0,777,10,0,0,17,0,0,0,765,18,2,0,19,0,22,684,0,0,0,98,0,0,0,783,20,0,0,1,0,0,799,5,0,0,0,41,585,173,4,1,139,665,359,210,170,632,508,7,320,1,21,8,8,1,0,2,263,377,153,6,5,32.71,46.89,19.03,0.75,0.62,5,29,724,46,0,0.62,3.61,90.05,5.72,0
Bagmati,Sindhupalchok,Jugal,NP03,NP0323,NP0323403,3,756,747,7,0,2,713,20,20,2,1,717,36,2,0,0,1,0,0,730,23,1,0,0,2,0,0,691,23,5,0,36,1,86,284,0,1,35,350,0,0,0,692,64,0,0,0,0,0,345,410,0,1,0,9,523,216,3,5,190,566,225,69,3,384,256,5,39,0,21,0,2,0,0,0,533,174,35,12,2,70.5,23.02,4.63,1.59,0.26,13,54,503,186,0,1.72,7.14,66.53,24.6,0
Bagmati,Sindhupalchok,Jugal,NP03,NP0323,NP0323403,4,619,609,10,0,0,553,56,6,4,0,550,67,2,0,0,0,0,0,559,57,0,0,3,0,0,0,502,23,2,3,69,20,236,291,0,2,2,88,0,0,0,583,33,0,0,2,1,0,603,16,0,0,0,124,302,191,0,2,134,485,159,202,27,424,268,18,134,13,49,3,20,29,2,0,289,218,70,24,18,46.69,35.22,11.31,3.88,2.91,25,59,457,78,0,4.04,9.53,73.83,12.6,0
Bagmati,Sindhupalchok,Jugal,NP03,NP0323,NP0323403,5,755,726,27,0,2,582,96,68,6,3,577,166,1,2,1,7,0,1,614,135,1,0,2,1,0,2,565,56,11,2,119,2,191,563,0,0,1,0,0,0,0,660,77,1,0,17,0,0,750,4,0,0,1,0,743,11,0,1,55,700,175,159,2,573,504,209,185,2,34,0,48,17,0,1,167,353,154,68,13,22.12,46.75,20.4,9.01,1.72,59,139,556,1,0,7.81,18.41,73.64,0.13,0
Bagmati,Sindhupalchok,Jugal,NP03,NP0323,NP0323403,6,301,295,4,1,1,277,18,5,1,0,273,24,2,0,0,2,0,0,287,12,1,0,1,0,0,0,244,2,2,0,52,1,87,204,0,0,0,5,5,0,0,273,28,0,0,0,0,0,298,3,0,0,0,14,104,180,1,2,24,277,96,69,2,245,80,2,12,0,15,0,4,4,0,0,204,67,22,6,2,67.77,22.26,7.31,1.99,0.66,5,28,262,6,0,1.66,9.3,87.04,1.99,0
Bagmati,Sindhupalchok,Jugal,NP03,NP0323,NP0323403,7,572,560,6,4,2,303,117,149,2,1,321,247,1,0,0,3,0,0,358,208,2,0,4,0,0,0,279,14,5,5,262,7,43,524,0,1,4,0,0,0,0,436,121,1,0,14,0,0,543,27,0,0,2,2,562,4,0,4,98,474,230,143,0,368,346,14,247,1,20,1,16,21,0,2,122,143,191,100,16,21.33,25,33.39,17.48,2.8,89,228,254,1,0,15.56,39.86,44.41,0.17,0
Bagmati,Sindhupalchok,Panchpokhari Thangpal,NP03,NP0323,NP0323402,1,652,636,16,0,0,18,507,93,32,2,29,587,3,0,6,27,0,0,412,221,1,0,17,1,0,0,87,6,3,5,536,15,499,27,0,0,22,104,0,0,0,537,57,1,0,52,5,0,640,12,0,0,0,7,632,8,1,4,87,565,244,253,1,498,355,11,2,0,32,0,8,3,0,0,20,45,509,77,1,3.07,6.9,78.07,11.81,0.15,73,492,75,12,0,11.2,75.46,11.5,1.84,0
Bagmati,Sindhupalchok,Panchpokhari Thangpal,NP03,NP0323,NP0323402,2,556,545,9,2,0,137,307,92,17,3,123,402,6,0,0,24,1,0,440,113,1,1,0,1,0,0,132,23,1,0,400,0,209,224,0,0,4,119,0,0,0,486,70,0,0,0,0,0,490,60,0,0,6,2,548,5,0,1,81,475,218,119,0,312,300,3,8,1,28,2,6,14,0,0,82,78,346,47,3,14.75,14.03,62.23,8.45,0.54,42,364,141,9,0,7.55,65.47,25.36,1.62,0
Bagmati,Sindhupalchok,Panchpokhari Thangpal,NP03,NP0323,NP0323402,3,824,808,12,2,2,290,302,212,20,0,328,469,4,4,1,18,0,0,444,376,2,0,1,0,0,1,301,31,14,6,472,0,543,256,0,0,6,19,0,0,0,539,283,2,0,0,0,0,809,14,0,0,1,19,357,447,1,0,200,624,78,306,0,382,327,9,66,2,28,1,3,6,1,0,212,135,331,138,8,25.73,16.38,40.17,16.75,0.97,157,354,302,11,0,19.05,42.96,36.65,1.33,0
Bagmati,Sindhupalchok,Panchpokhari Thangpal,NP03,NP0323,NP0323402,4,760,734,17,7,2,43,563,123,19,12,56,666,16,0,0,21,0,1,431,316,2,1,9,0,0,1,51,23,12,6,640,28,442,75,0,0,9,233,0,0,1,441,312,1,0,0,5,1,737,18,5,0,0,4,717,28,5,6,61,699,316,451,7,575,515,38,93,0,82,3,43,63,0,0,24,56,400,236,44,3.16,7.37,52.63,31.05,5.79,206,451,95,7,1,27.11,59.34,12.5,0.92,0.13
Bagmati,Sindhupalchok,Panchpokhari Thangpal,NP03,NP0323,NP0323402,5,575,568,7,0,0,69,288,182,36,0,122,404,5,1,0,41,0,2,288,282,0,1,3,0,0,1,102,12,1,2,456,2,338,210,0,0,2,25,0,0,0,465,109,1,0,0,0,0,543,31,1,0,0,0,441,128,0,6,134,441,197,178,1,300,247,6,10,2,22,1,9,12,0,0,63,81,352,73,6,10.96,14.09,61.22,12.7,1.04,89,366,104,16,0,15.48,63.65,18.09,2.78,0
Bagmati,Sindhupalchok,Panchpokhari Thangpal,NP03,NP0323,NP0323402,6,924,891,28,4,1,470,320,116,16,2,477,428,9,1,0,9,0,0,659,254,3,2,6,0,0,0,429,25,19,4,442,5,565,297,0,0,7,55,0,0,0,759,161,2,0,2,0,0,887,29,4,1,3,2,912,4,2,4,175,749,430,292,4,598,493,49,145,7,97,24,79,63,0,1,228,186,341,139,30,24.68,20.13,36.9,15.04,3.25,111,389,419,5,0,12.01,42.1,45.35,0.54,0
Bagmati,Sindhupalchok,Panchpokhari Thangpal,NP03,NP0323,NP0323402,7,982,963,10,5,4,746,214,16,6,0,744,233,0,0,0,5,0,0,853,129,0,0,0,0,0,0,713,24,4,7,232,2,264,514,0,0,16,171,5,0,12,876,106,0,0,0,0,0,947,31,4,0,0,28,768,173,3,10,61,921,554,357,4,757,494,23,54,5,68,3,75,74,1,0,395,321,166,62,38,40.22,32.69,16.9,6.31,3.87,61,195,677,48,1,6.21,19.86,68.94,4.89,0.1
Bagmati,Sindhupalchok,Panchpokhari Thangpal,NP03,NP0323,NP0323402,8,641,632,5,1,3,358,214,62,6,1,363,272,2,0,0,4,0,0,542,88,5,1,5,0,0,0,251,21,7,0,357,5,262,166,0,0,14,193,3,0,3,582,53,0,0,0,6,0,600,38,2,0,1,77,406,149,3,6,49,592,366,167,2,512,361,17,14,1,36,51,17,14,0,1,167,197,231,40,6,26.05,30.73,36.04,6.24,0.94,26,289,301,25,0,4.06,45.09,46.96,3.9,0
Bagmati,Sindhupalchok,Helambu,NP03,NP0323,NP0323401,1,709,691,12,4,2,165,274,244,24,2,136,524,6,0,0,42,1,0,352,340,1,1,14,1,0,0,181,65,8,10,442,3,337,339,0,0,31,2,0,0,0,589,119,0,0,1,0,0,706,3,0,0,0,1,631,75,1,1,20,689,326,341,7,604,385,7,13,2,34,10,13,9,1,0,104,101,386,114,4,14.67,14.25,54.44,16.08,0.56,112,404,181,12,0,15.8,56.98,25.53,1.69,0
Bagmati,Sindhupalchok,Helambu,NP03,NP0323,NP0323401,2,782,748,19,13,2,159,463,88,65,7,158,545,8,4,3,61,0,3,520,227,23,3,5,0,0,4,144,38,7,3,584,6,708,58,0,2,11,2,1,0,0,722,57,1,0,0,2,0,769,6,7,0,0,12,719,41,1,9,59,723,365,429,9,641,518,21,36,5,53,3,23,20,2,1,74,124,489,83,12,9.46,15.86,62.53,10.61,1.53,44,578,125,27,8,5.63,73.91,15.98,3.45,1.02
Bagmati,Sindhupalchok,Helambu,NP03,NP0323,NP0323401,3,537,531,5,1,0,288,163,76,9,1,275,250,2,2,0,8,0,0,408,125,1,0,2,1,0,0,167,19,4,1,339,7,422,51,0,1,31,32,0,0,0,476,55,1,0,0,5,0,533,4,0,0,0,1,286,242,6,2,9,528,321,279,3,507,429,22,129,6,137,57,47,31,0,0,61,135,266,63,12,11.36,25.14,49.53,11.73,2.23,34,255,235,13,0,6.33,47.49,43.76,2.42,0
Bagmati,Sindhupalchok,Helambu,NP03,NP0323,NP0323401,4,549,491,57,1,0,213,215,91,29,1,201,317,1,12,0,18,0,0,314,232,0,1,2,0,0,0,141,11,1,1,395,0,242,296,0,0,2,2,7,0,0,332,214,1,0,2,0,0,546,3,0,0,0,0,494,54,0,1,8,541,433,385,32,488,416,31,104,7,74,5,95,82,2,1,51,109,184,137,68,9.29,19.85,33.52,24.95,12.39,176,229,138,6,0,32.06,41.71,25.14,1.09,0
Bagmati,Sindhupalchok,Helambu,NP03,NP0323,NP0323401,5,610,606,2,1,1,378,139,81,11,1,377,221,0,0,0,12,0,0,525,82,0,1,2,0,0,0,149,5,1,1,433,21,203,372,0,0,7,28,0,0,0,588,20,0,0,1,1,0,606,4,0,0,0,2,559,48,0,1,19,591,308,257,164,533,480,19,147,0,49,1,6,11,0,0,29,223,238,105,15,4.75,36.56,39.02,17.21,2.46,10,410,186,4,0,1.64,67.21,30.49,0.66,0
Bagmati,Sindhupalchok,Helambu,NP03,NP0323,NP0323401,6,762,757,4,1,0,339,399,2,21,1,311,422,3,1,2,23,0,0,503,247,2,1,9,0,0,0,270,27,1,1,460,3,531,191,0,0,40,0,0,0,0,618,144,0,0,0,0,0,740,21,1,0,0,5,699,52,1,5,68,694,180,289,0,532,508,23,75,1,56,3,16,19,0,0,98,202,349,105,8,12.86,26.51,45.8,13.78,1.05,80,447,227,8,0,10.5,58.66,29.79,1.05,0
Bagmati,Sindhupalchok,Helambu,NP03,NP0323,NP0323401,7,741,725,13,2,1,474,184,69,11,3,440,284,9,2,1,5,0,0,614,125,1,0,1,0,0,0,309,14,1,3,412,2,282,446,0,1,7,2,3,0,0,667,73,1,0,0,0,0,732,6,0,0,3,0,625,112,1,3,43,698,236,232,0,647,185,11,44,3,39,5,28,31,0,0,205,245,235,44,12,27.67,33.06,31.71,5.94,1.62,33,383,322,3,0,4.45,51.69,43.45,0.4,0
Bagmati,Sindhupalchok,Melamchi,NP03,NP0323,NP0323301,1,718,715,2,0,1,289,399,17,12,1,250,452,5,0,0,11,0,0,471,232,1,5,7,2,0,0,206,30,15,7,426,34,99,445,0,5,20,110,39,0,0,616,81,0,0,6,15,0,709,8,1,0,0,10,660,42,0,6,22,696,539,295,20,671,431,38,237,16,209,64,72,24,2,0,71,146,325,151,25,9.89,20.33,45.26,21.03,3.48,43,413,247,15,0,5.99,57.52,34.4,2.09,0
Bagmati,Sindhupalchok,Melamchi,NP03,NP0323,NP0323301,2,340,333,5,2,0,186,121,17,14,2,75,249,3,0,0,11,2,0,185,154,0,0,1,0,0,0,78,3,2,4,250,3,60,196,0,0,1,83,0,0,0,293,47,0,0,0,0,0,339,1,0,0,0,0,312,25,0,3,31,309,211,138,2,265,175,11,62,2,69,1,8,15,0,0,54,53,176,44,13,15.88,15.59,51.76,12.94,3.82,22,227,82,9,0,6.47,66.76,24.12,2.65,0
Bagmati,Sindhupalchok,Melamchi,NP03,NP0323,NP0323301,3,580,578,1,0,1,429,124,17,5,5,363,204,2,1,1,8,0,1,518,53,1,0,7,1,0,0,295,54,3,1,226,1,115,442,0,0,22,0,0,1,0,505,71,0,0,4,0,0,577,2,1,0,0,0,571,9,0,0,41,539,277,181,3,516,440,22,238,6,138,83,40,10,1,0,65,185,265,58,7,11.21,31.9,45.69,10,1.21,16,286,275,3,0,2.76,49.31,47.41,0.52,0
Bagmati,Sindhupalchok,Melamchi,NP03,NP0323,NP0323301,4,769,765,3,1,0,515,225,21,6,2,613,147,2,0,0,7,0,0,712,56,1,0,0,0,0,0,564,18,1,0,186,0,270,498,0,0,1,0,0,0,0,717,51,1,0,0,0,0,767,1,1,0,0,19,431,317,0,2,121,648,322,270,2,547,403,7,155,1,30,2,3,5,0,0,232,266,229,38,4,30.17,34.59,29.78,4.94,0.52,19,185,562,3,0,2.47,24.06,73.08,0.39,0
Bagmati,Sindhupalchok,Melamchi,NP03,NP0323,NP0323301,5,616,609,5,1,1,178,413,4,20,1,241,354,2,0,0,18,0,1,523,85,1,0,6,0,0,1,188,6,12,0,407,3,163,265,0,0,7,138,16,0,27,575,41,0,0,0,0,0,609,5,1,1,0,11,441,144,5,15,67,549,328,263,3,494,301,23,4,2,56,0,20,23,0,0,100,132,322,60,2,16.23,21.43,52.27,9.74,0.32,19,355,224,16,2,3.08,57.63,36.36,2.6,0.32
Bagmati,Sindhupalchok,Melamchi,NP03,NP0323,NP0323301,6,738,720,14,2,2,562,109,52,13,2,508,207,1,0,1,18,0,3,621,112,1,0,3,1,0,0,312,5,5,4,408,4,490,206,0,1,8,31,2,0,0,632,103,0,1,2,0,0,728,8,1,0,1,41,513,182,1,1,28,710,615,358,6,670,435,22,237,2,68,4,52,27,1,3,145,242,260,76,15,19.65,32.79,35.23,10.3,2.03,52,293,387,6,0,7.05,39.7,52.44,0.81,0
Bagmati,Sindhupalchok,Melamchi,NP03,NP0323,NP0323301,7,1091,1087,3,1,0,391,595,79,23,3,334,726,10,2,2,15,0,2,804,275,0,0,9,2,0,1,316,40,16,3,704,12,416,616,0,21,34,1,2,0,1,997,85,2,0,5,2,0,1072,19,0,0,0,2,992,64,6,27,50,1041,564,469,3,860,673,109,89,5,84,84,49,38,0,0,86,258,602,129,16,7.88,23.65,55.18,11.82,1.47,58,755,267,10,1,5.32,69.2,24.47,0.92,0.09
Bagmati,Sindhupalchok,Melamchi,NP03,NP0323,NP0323301,8,550,545,5,0,0,34,423,72,8,13,32,494,0,0,1,20,0,3,407,137,4,0,1,0,0,1,39,3,1,1,504,2,16,497,0,1,15,20,0,0,1,497,53,0,0,0,0,0,546,3,0,0,1,0,511,26,12,1,41,509,350,203,1,436,309,4,115,1,32,3,64,41,0,0,16,47,374,105,8,2.91,8.55,68,19.09,1.45,39,464,39,8,0,7.09,84.36,7.09,1.45,0
Bagmati,Sindhupalchok,Melamchi,NP03,NP0323,NP0323301,9,1144,1134,7,1,2,263,815,55,4,7,249,874,2,1,3,12,0,3,881,239,2,0,20,2,0,0,271,53,8,2,802,8,303,778,0,8,23,30,0,0,2,1030,110,1,0,3,0,0,1131,11,1,1,0,2,989,135,6,12,123,1021,564,338,18,921,582,213,40,6,56,6,31,9,0,0,88,163,737,142,14,7.69,14.25,64.42,12.41,1.22,70,833,236,5,0,6.12,72.81,20.63,0.44,0
Bagmati,Sindhupalchok,Melamchi,NP03,NP0323,NP0323301,10,853,809,20,3,21,132,626,64,4,27,126,683,5,1,0,2,12,24,580,267,0,0,5,0,0,1,78,23,0,1,750,1,192,656,0,0,5,0,0,0,0,687,163,0,0,3,0,0,826,25,2,0,0,2,621,230,0,0,52,801,441,430,3,743,509,41,136,7,107,57,141,98,0,1,45,101,468,190,49,5.28,11.84,54.87,22.27,5.74,130,632,71,20,0,15.24,74.09,8.32,2.34,0
Bagmati,Sindhupalchok,Melamchi,NP03,NP0323,NP0323301,11,1536,1270,261,2,3,412,548,535,28,13,387,1104,4,0,0,40,1,0,752,757,3,1,19,2,0,2,229,76,8,13,1184,26,652,588,0,0,32,262,1,0,1,840,691,3,0,1,1,0,1514,17,4,0,1,9,1321,188,3,15,68,1468,968,818,34,1204,1078,207,491,53,358,43,425,340,25,6,130,267,483,313,343,8.46,17.38,31.45,20.38,22.33,593,501,414,28,0,38.61,32.62,26.95,1.82,0
Bagmati,Sindhupalchok,Melamchi,NP03,NP0323,NP0323301,12,1256,1217,37,2,0,204,678,318,31,25,179,1009,4,0,0,60,0,4,646,598,3,0,7,1,0,1,213,47,4,2,981,9,254,888,0,2,15,94,1,2,0,829,416,3,0,6,1,1,1248,8,0,0,0,2,1123,101,13,17,103,1153,677,570,4,1037,840,82,390,28,218,74,411,199,0,0,95,138,532,366,125,7.56,10.99,42.36,29.14,9.95,319,744,153,39,1,25.4,59.24,12.18,3.11,0.08
Bagmati,Sindhupalchok,Melamchi,NP03,NP0323,NP0323301,13,989,971,18,0,0,150,718,91,21,9,141,803,3,2,4,34,1,1,553,410,1,2,20,1,0,2,189,32,1,4,753,10,225,406,0,39,116,202,1,0,0,758,219,0,0,5,7,0,954,24,10,0,1,3,875,63,4,44,58,931,514,334,1,798,649,31,119,15,112,121,108,70,2,2,69,127,571,174,48,6.98,12.84,57.74,17.59,4.85,133,652,177,26,1,13.45,65.93,17.9,2.63,0.1
Bagmati,Sindhupalchok,Indrawoti,NP03,NP0323,NP0323405,1,562,561,1,0,0,386,148,24,3,1,395,163,2,0,0,2,0,0,515,44,0,0,3,0,0,0,274,31,3,3,250,1,143,410,0,0,9,0,0,0,0,523,39,0,0,0,0,0,549,13,0,0,0,1,557,0,0,4,117,445,275,67,2,376,242,4,204,2,12,1,2,0,0,0,168,161,214,19,0,29.89,28.65,38.08,3.38,0,12,263,286,1,0,2.14,46.8,50.89,0.18,0
Bagmati,Sindhupalchok,Indrawoti,NP03,NP0323,NP0323405,2,585,577,5,0,3,116,418,39,9,3,179,387,1,0,0,17,0,1,474,111,0,0,0,0,0,0,98,4,3,0,463,17,16,450,0,0,1,118,0,0,0,508,77,0,0,0,0,0,581,3,0,0,1,0,570,12,0,3,29,556,353,281,2,531,363,13,352,8,77,4,65,37,0,0,24,87,283,158,33,4.1,14.87,48.38,27.01,5.64,40,434,105,6,0,6.84,74.19,17.95,1.03,0
Bagmati,Sindhupalchok,Indrawoti,NP03,NP0323,NP0323405,3,386,384,1,0,1,166,196,13,8,3,100,273,4,0,0,9,0,0,323,56,0,1,6,0,0,0,74,1,1,3,306,1,184,166,0,0,26,10,0,0,0,359,26,0,0,1,0,0,385,0,1,0,0,0,368,15,1,2,22,364,297,165,2,321,208,15,164,2,32,0,47,20,0,0,24,82,192,81,7,6.22,21.24,49.74,20.98,1.81,17,298,67,4,0,4.4,77.2,17.36,1.04,0
Bagmati,Sindhupalchok,Indrawoti,NP03,NP0323,NP0323405,4,893,860,29,2,2,242,501,124,17,9,206,654,3,0,1,29,0,0,575,298,2,2,13,3,0,0,175,50,7,4,651,6,229,579,0,7,37,25,16,0,0,673,213,0,0,4,2,1,862,27,0,0,4,10,853,15,1,14,55,838,520,311,4,705,540,61,289,7,89,49,66,47,1,2,73,142,447,177,54,8.17,15.9,50.06,19.82,6.05,154,548,180,11,0,17.25,61.37,20.16,1.23,0
Bagmati,Sindhupalchok,Indrawoti,NP03,NP0323,NP0323405,5,722,710,8,2,2,291,358,46,26,1,229,459,14,1,0,19,0,0,535,173,0,0,12,2,0,0,102,15,8,1,595,1,271,239,0,0,36,176,0,0,0,667,53,0,0,1,0,1,709,9,2,1,1,0,695,20,1,6,57,665,431,244,4,586,383,16,203,1,99,3,49,24,0,0,41,186,374,99,22,5.68,25.76,51.8,13.71,3.05,26,556,125,15,0,3.6,77.01,17.31,2.08,0
Bagmati,Sindhupalchok,Indrawoti,NP03,NP0323,NP0323405,6,471,468,2,0,1,368,95,6,0,2,259,205,1,0,2,1,1,2,424,44,1,1,1,0,0,0,181,6,2,0,272,10,277,40,0,0,50,104,0,0,0,417,41,0,0,0,13,0,464,7,0,0,0,9,458,3,0,1,22,449,266,204,1,434,248,12,80,2,36,2,30,17,0,0,83,171,187,25,5,17.62,36.31,39.7,5.31,1.06,4,260,204,3,0,0.85,55.2,43.31,0.64,0
Bagmati,Sindhupalchok,Indrawoti,NP03,NP0323,NP0323405,7,434,426,7,1,0,179,147,105,2,1,138,293,0,0,0,2,0,1,295,136,0,0,3,0,0,0,106,6,2,1,317,2,259,144,0,4,11,7,8,0,1,331,100,1,0,2,0,0,417,17,0,0,0,10,356,66,0,2,28,406,156,167,3,340,227,17,17,5,40,49,56,25,0,0,53,90,207,72,12,12.21,20.74,47.7,16.59,2.76,71,261,99,3,0,16.36,60.14,22.81,0.69,0
Bagmati,Sindhupalchok,Indrawoti,NP03,NP0323,NP0323405,8,453,448,5,0,0,105,252,89,7,0,81,366,0,1,0,5,0,0,295,152,0,0,5,1,0,0,78,12,1,0,359,3,265,121,0,0,23,44,0,0,0,346,102,1,0,4,0,0,437,11,5,0,0,2,427,22,1,1,20,433,169,220,2,392,222,13,7,6,74,5,100,33,0,0,43,58,246,90,16,9.49,12.8,54.3,19.87,3.53,76,299,71,7,0,16.78,66,15.67,1.55,0
Bagmati,Sindhupalchok,Indrawoti,NP03,NP0323,NP0323405,9,380,379,1,0,0,104,257,16,1,2,95,277,2,0,0,2,0,4,338,42,0,0,0,0,0,0,32,2,5,0,340,1,152,183,0,5,2,38,0,0,0,365,15,0,0,0,0,0,380,0,0,0,0,3,160,215,0,2,29,351,174,208,3,283,146,1,4,2,21,1,23,9,0,0,23,73,266,14,4,6.05,19.21,70,3.68,1.05,5,301,71,3,0,1.32,79.21,18.68,0.79,0
Bagmati,Sindhupalchok,Indrawoti,NP03,NP0323,NP0323405,10,672,655,14,3,0,205,404,46,16,1,213,440,1,1,0,17,0,0,551,117,1,1,2,0,0,0,180,11,4,1,469,7,129,298,0,2,5,237,0,0,1,581,90,0,0,1,0,0,671,0,1,0,0,2,336,324,3,7,36,636,192,287,3,564,288,7,23,2,55,3,69,24,0,0,117,138,350,64,3,17.41,20.54,52.08,9.52,0.45,27,380,228,37,0,4.02,56.55,33.93,5.51,0
Bagmati,Sindhupalchok,Indrawoti,NP03,NP0323,NP0323405,11,445,439,2,3,1,182,216,46,1,0,101,321,0,0,12,11,0,0,317,127,1,0,0,0,0,0,91,7,6,1,331,9,15,315,0,1,2,112,0,0,0,291,128,0,1,25,0,0,431,10,2,0,2,1,363,24,4,53,41,404,59,186,3,350,214,15,11,2,34,5,122,22,1,1,58,75,227,74,11,13.03,16.85,51.01,16.63,2.47,61,268,105,10,1,13.71,60.22,23.6,2.25,0.22
Bagmati,Sindhupalchok,Indrawoti,NP03,NP0323,NP0323405,12,777,764,10,2,1,226,331,197,19,4,39,683,2,12,0,30,0,11,268,479,3,0,26,0,0,1,52,28,3,1,664,29,273,233,0,0,25,246,0,0,0,409,337,3,0,16,12,0,766,6,5,0,0,0,527,219,0,31,61,716,247,229,1,639,479,30,34,4,82,13,156,45,0,0,33,114,436,170,24,4.25,14.67,56.11,21.88,3.09,188,416,155,18,0,24.2,53.54,19.95,2.32,0
Bagmati,Sindhupalchok,Choutara Sangachowkgadhi,NP03,NP0323,NP0323302,1,857,850,5,0,2,582,189,65,12,9,635,199,7,2,0,14,0,0,735,114,0,0,7,1,0,0,540,41,0,4,264,8,104,609,0,0,10,132,1,0,1,785,71,0,0,1,0,0,832,20,4,0,1,2,590,258,3,4,77,780,582,308,7,652,492,29,188,8,63,14,24,30,1,0,289,295,184,62,27,33.72,34.42,21.47,7.23,3.15,33,251,558,15,0,3.85,29.29,65.11,1.75,0
Bagmati,Sindhupalchok,Choutara Sangachowkgadhi,NP03,NP0323,NP0323302,2,508,507,0,0,1,390,63,50,4,1,379,122,2,1,0,3,1,0,451,54,0,1,1,1,0,0,221,6,3,1,277,0,40,466,0,0,2,0,0,0,0,488,19,1,0,0,0,0,507,1,0,0,0,1,394,112,0,1,55,453,333,210,4,398,179,9,87,4,15,2,31,11,0,0,152,174,147,33,2,29.92,34.25,28.94,6.5,0.39,12,231,264,1,0,2.36,45.47,51.97,0.2,0
Bagmati,Sindhupalchok,Choutara Sangachowkgadhi,NP03,NP0323,NP0323302,3,566,565,0,0,1,514,15,34,3,0,501,60,1,0,0,4,0,0,516,46,1,0,3,0,0,0,388,4,6,4,163,1,60,468,0,0,1,37,0,0,0,543,21,1,0,0,0,1,564,1,1,0,0,5,547,6,1,7,91,475,241,120,1,423,184,5,113,5,27,1,17,11,0,0,281,160,98,23,4,49.65,28.27,17.31,4.06,0.71,7,158,398,3,0,1.24,27.92,70.32,0.53,0
Bagmati,Sindhupalchok,Choutara Sangachowkgadhi,NP03,NP0323,NP0323302,4,776,773,0,2,1,298,328,132,14,4,286,468,4,0,0,17,0,1,549,223,0,0,3,1,0,0,259,2,11,1,499,4,283,395,0,0,2,96,0,0,0,683,92,0,0,1,0,0,771,4,0,0,1,5,415,352,0,4,67,709,381,386,8,664,248,26,93,8,119,3,72,49,0,2,165,149,334,90,38,21.26,19.2,43.04,11.6,4.9,63,414,287,12,0,8.12,53.35,36.98,1.55,0
Bagmati,Sindhupalchok,Choutara Sangachowkgadhi,NP03,NP0323,NP0323302,5,1804,1500,236,62,6,291,625,853,21,14,196,1530,7,0,1,69,0,1,596,1186,6,1,12,2,0,1,164,36,34,28,1487,55,859,786,0,6,29,70,7,0,47,519,1251,9,0,22,0,3,1768,26,6,0,4,32,1710,52,0,10,95,1709,980,1197,124,1308,1402,443,978,80,461,69,646,585,61,1,52,117,433,637,565,2.88,6.49,24,35.31,31.32,1015,604,162,21,2,56.26,33.48,8.98,1.16,0.11
Bagmati,Sindhupalchok,Choutara Sangachowkgadhi,NP03,NP0323,NP0323302,6,787,784,2,0,1,314,366,97,9,1,332,439,1,1,1,13,0,0,616,166,1,1,2,1,0,0,204,14,4,2,557,6,234,536,0,2,13,1,1,0,0,673,114,0,0,0,0,0,778,8,1,0,0,1,641,137,0,8,77,710,327,450,3,585,368,33,215,8,86,9,100,87,0,1,115,175,276,178,43,14.61,22.24,35.07,22.62,5.46,85,486,210,6,0,10.8,61.75,26.68,0.76,0
Bagmati,Sindhupalchok,Choutara Sangachowkgadhi,NP03,NP0323,NP0323302,7,794,790,3,1,0,135,542,104,6,7,197,579,2,0,0,13,0,3,554,232,0,0,6,1,0,1,36,17,2,0,730,9,336,345,0,0,5,108,0,0,0,615,177,0,0,1,1,0,788,5,1,0,0,2,780,7,3,2,36,758,488,501,5,692,457,98,168,16,164,7,161,141,4,2,18,112,398,162,104,2.27,14.11,50.13,20.4,13.1,139,537,111,6,1,17.51,67.63,13.98,0.76,0.13
Bagmati,Sindhupalchok,Choutara Sangachowkgadhi,NP03,NP0323,NP0323302,8,813,813,0,0,0,500,200,105,8,0,442,345,14,3,0,9,0,0,612,191,3,1,5,1,0,0,484,22,2,3,300,2,477,280,0,0,9,47,0,0,0,768,44,1,0,0,0,0,810,3,0,0,0,12,630,158,0,13,21,792,406,286,2,750,556,241,27,7,53,7,33,24,0,0,154,276,295,77,11,18.94,33.95,36.29,9.47,1.35,33,327,440,13,0,4.06,40.22,54.12,1.6,0
Bagmati,Sindhupalchok,Choutara Sangachowkgadhi,NP03,NP0323,NP0323302,9,876,861,8,2,5,289,358,220,8,1,235,625,3,1,0,10,0,2,574,298,1,0,0,1,0,2,166,8,6,30,657,9,333,505,0,0,5,32,0,0,1,703,165,2,4,0,2,0,868,6,1,0,1,1,720,150,3,2,71,805,382,468,11,712,427,43,318,16,117,9,157,90,2,0,98,99,408,215,56,11.19,11.3,46.58,24.54,6.39,132,565,173,6,0,15.07,64.5,19.75,0.68,0
Bagmati,Sindhupalchok,Choutara Sangachowkgadhi,NP03,NP0323,NP0323302,10,845,836,3,2,4,75,481,249,37,3,74,723,5,3,1,34,0,5,419,417,0,1,7,1,0,0,99,13,0,36,695,2,40,593,0,20,44,148,0,0,0,637,206,0,0,2,0,0,831,9,3,0,2,0,734,96,4,11,42,803,337,416,27,686,550,43,226,21,123,18,145,114,0,1,40,71,438,233,63,4.73,8.4,51.83,27.57,7.46,159,550,115,21,0,18.82,65.09,13.61,2.49,0
Bagmati,Sindhupalchok,Choutara Sangachowkgadhi,NP03,NP0323,NP0323302,11,867,858,7,0,2,184,483,175,13,12,170,663,1,0,4,16,0,13,349,485,2,1,27,1,0,2,135,45,24,2,658,3,198,534,0,23,71,35,0,0,6,709,155,1,0,2,0,0,854,13,0,0,0,1,850,13,2,1,23,844,642,431,3,702,595,28,218,28,122,70,189,112,0,0,33,137,429,217,51,3.81,15.8,49.48,25.03,5.88,100,617,143,6,1,11.53,71.16,16.49,0.69,0.12
Bagmati,Sindhupalchok,Choutara Sangachowkgadhi,NP03,NP0323,NP0323302,12,643,630,12,1,0,103,303,204,20,13,97,518,0,3,0,19,0,6,335,303,1,2,2,0,0,0,79,10,2,1,543,8,287,255,0,1,2,97,1,0,0,455,187,0,0,0,1,0,639,2,2,0,0,0,195,445,0,3,26,617,204,445,4,497,388,34,90,11,70,9,136,114,2,0,42,76,359,137,29,6.53,11.82,55.83,21.31,4.51,87,414,131,11,0,13.53,64.39,20.37,1.71,0
Bagmati,Sindhupalchok,Choutara Sangachowkgadhi,NP03,NP0323,NP0323302,13,906,904,2,0,0,425,301,174,5,1,377,513,1,0,0,13,0,2,591,307,0,0,8,0,0,0,239,18,14,7,615,13,90,801,0,0,6,9,0,0,0,779,126,0,0,0,0,1,898,7,1,0,0,1,791,108,2,4,83,823,460,460,3,752,419,51,162,9,63,9,117,73,0,4,128,199,417,131,31,14.13,21.96,46.03,14.46,3.42,75,577,244,10,0,8.28,63.69,26.93,1.1,0
Bagmati,Sindhupalchok,Choutara Sangachowkgadhi,NP03,NP0323,NP0323302,14,548,546,2,0,0,247,265,25,8,3,231,305,1,2,1,8,0,0,401,144,0,0,1,2,0,0,222,19,4,0,301,2,177,50,0,0,4,315,0,0,2,482,65,0,0,1,0,0,544,2,2,0,0,0,544,2,0,2,21,527,122,196,0,489,323,168,13,4,34,4,67,46,0,1,48,177,257,60,6,8.76,32.3,46.9,10.95,1.09,8,298,235,7,0,1.46,54.38,42.88,1.28,0
Bagmati,Sindhupalchok,Balephi,NP03,NP0323,NP0323406,1,692,644,45,3,0,245,215,214,18,0,208,463,5,3,0,13,0,0,415,272,0,2,3,0,0,0,203,12,51,3,422,1,127,562,0,0,3,0,0,0,0,371,308,1,0,12,0,0,680,12,0,0,0,4,663,23,0,2,30,662,329,404,21,533,300,57,123,6,94,18,180,140,4,0,102,113,208,181,88,14.74,16.33,30.06,26.16,12.72,244,264,184,0,0,35.26,38.15,26.59,0,0
Bagmati,Sindhupalchok,Balephi,NP03,NP0323,NP0323406,2,433,429,3,1,0,314,54,61,3,1,300,122,0,0,1,10,0,0,290,116,3,0,24,0,0,0,94,93,1,1,244,0,148,279,0,0,6,0,0,0,0,355,60,0,0,18,0,0,430,3,0,0,0,3,201,227,0,2,20,413,309,223,1,364,246,46,159,8,71,16,97,51,2,1,121,101,126,54,31,27.94,23.33,29.1,12.47,7.16,28,184,219,2,0,6.47,42.49,50.58,0.46,0
Bagmati,Sindhupalchok,Balephi,NP03,NP0323,NP0323406,3,604,601,0,1,2,510,70,21,2,1,509,90,2,0,0,3,0,0,571,32,1,0,0,0,0,0,454,3,0,0,144,3,50,554,0,0,0,0,0,0,0,584,20,0,0,0,0,0,604,0,0,0,0,1,601,1,0,1,46,558,322,217,2,489,172,4,1,4,20,0,7,12,1,1,264,224,102,13,1,43.71,37.09,16.89,2.15,0.17,10,143,451,0,0,1.66,23.68,74.67,0,0
Bagmati,Sindhupalchok,Balephi,NP03,NP0323,NP0323406,4,536,534,1,1,0,263,191,79,3,0,261,268,0,1,0,6,0,0,396,133,0,1,6,0,0,0,172,6,2,2,352,2,70,393,0,1,16,25,0,31,0,421,105,0,0,10,0,0,528,5,2,0,1,2,446,87,0,1,56,480,249,227,2,424,304,30,112,12,55,7,76,50,0,0,96,131,186,85,38,17.91,24.44,34.7,15.86,7.09,73,278,184,1,0,13.62,51.87,34.33,0.19,0
Bagmati,Sindhupalchok,Balephi,NP03,NP0323,NP0323406,5,640,627,13,0,0,84,316,234,3,3,89,541,2,0,0,8,0,0,408,230,2,0,0,0,0,0,91,4,6,9,528,2,229,323,0,0,3,84,0,0,1,482,155,2,0,1,0,0,630,5,3,0,2,1,252,385,0,2,26,614,181,379,13,583,276,46,161,19,94,21,204,127,3,0,61,43,342,141,53,9.53,6.72,53.44,22.03,8.28,83,432,115,10,0,12.97,67.5,17.97,1.56,0
Bagmati,Sindhupalchok,Balephi,NP03,NP0323,NP0323406,6,656,643,12,1,0,375,160,117,2,2,373,271,3,0,0,9,0,0,473,178,3,0,2,0,0,0,325,4,3,2,316,6,31,597,0,0,3,24,1,0,0,556,100,0,0,0,0,0,653,3,0,0,0,0,418,237,0,1,39,617,245,248,8,525,298,20,144,17,47,3,52,74,5,0,164,199,175,84,34,25,30.34,26.68,12.8,5.18,63,235,351,7,0,9.6,35.82,53.51,1.07,0
Bagmati,Sindhupalchok,Balephi,NP03,NP0323,NP0323406,7,743,688,54,0,1,257,354,131,1,0,254,472,2,0,2,12,0,1,486,253,1,0,2,1,0,0,120,4,8,5,603,3,282,407,0,0,3,50,0,0,1,440,302,1,0,0,0,0,734,9,0,0,0,0,644,96,0,3,45,698,349,467,55,551,475,78,356,30,142,16,282,223,23,2,65,142,179,180,177,8.75,19.11,24.09,24.23,23.82,249,337,148,9,0,33.51,45.36,19.92,1.21,0
Bagmati,Sindhupalchok,Balephi,NP03,NP0323,NP0323406,8,525,481,28,12,4,76,326,110,10,3,80,426,3,1,0,14,1,0,395,127,1,0,1,1,0,0,57,10,5,1,447,5,128,379,0,0,2,15,1,0,0,260,265,0,0,0,0,0,517,7,0,0,1,1,487,35,1,1,57,468,288,246,25,405,228,29,172,18,60,6,159,115,5,0,23,76,203,138,85,4.38,14.48,38.67,26.29,16.19,227,241,56,1,0,43.24,45.9,10.67,0.19,0
Bagmati,Sindhupalchok,Bahrabise,NP03,NP0323,NP0323303,1,203,197,4,2,0,142,41,10,8,2,143,47,7,0,0,6,0,0,158,45,0,0,0,0,0,0,79,11,0,2,109,2,194,2,0,0,1,6,0,0,0,199,4,0,0,0,0,0,200,3,0,0,0,16,181,3,2,1,41,162,76,44,0,99,50,1,0,0,3,0,0,0,0,0,69,79,53,2,0,33.99,38.92,26.11,0.99,0,2,110,88,3,0,0.99,54.19,43.35,1.48,0
Bagmati,Sindhupalchok,Bahrabise,NP03,NP0323,NP0323303,2,965,955,9,1,0,344,434,110,72,5,362,564,9,2,0,28,0,0,694,259,1,2,9,0,0,0,360,30,22,1,549,3,367,584,0,2,12,0,0,0,0,875,89,1,0,0,0,0,954,10,0,0,1,1,753,210,1,0,75,890,289,327,5,768,559,14,4,7,47,1,62,60,0,0,147,273,413,129,3,15.23,28.29,42.8,13.37,0.31,68,522,366,9,0,7.05,54.09,37.93,0.93,0
Bagmati,Sindhupalchok,Bahrabise,NP03,NP0323,NP0323303,3,838,802,32,0,4,221,450,147,16,4,222,588,11,3,1,10,0,3,434,390,3,3,4,3,0,1,161,26,10,11,613,17,198,385,0,2,2,248,2,0,1,651,185,1,0,1,0,0,833,4,1,0,0,4,754,75,1,4,92,746,224,510,19,570,497,28,43,24,81,8,132,82,5,1,117,116,386,180,39,13.96,13.84,46.06,21.48,4.65,137,451,226,23,1,16.35,53.82,26.97,2.74,0.12
Bagmati,Sindhupalchok,Bahrabise,NP03,NP0323,NP0323303,4,808,735,69,3,1,37,553,191,22,5,21,748,4,0,0,35,0,0,343,459,1,0,2,2,0,1,62,8,4,6,705,23,284,499,0,0,2,20,0,2,1,359,447,2,0,0,0,0,801,6,1,0,0,27,765,14,0,2,34,774,190,531,75,687,556,93,189,33,183,38,294,236,23,0,15,37,328,229,199,1.86,4.58,40.59,28.34,24.63,402,355,42,9,0,49.75,43.94,5.2,1.11,0
Bagmati,Sindhupalchok,Bahrabise,NP03,NP0323,NP0323303,5,514,496,6,2,10,146,278,59,24,7,186,280,9,0,1,36,1,1,410,99,0,0,1,4,0,0,167,11,23,0,307,6,28,329,0,0,1,116,39,0,1,411,103,0,0,0,0,0,495,15,4,0,0,1,410,97,0,6,59,455,101,183,1,422,279,12,7,1,34,3,59,33,1,0,88,122,223,73,8,17.12,23.74,43.39,14.2,1.56,67,236,185,25,1,13.04,45.91,35.99,4.86,0.19
Bagmati,Sindhupalchok,Bahrabise,NP03,NP0323,NP0323303,6,520,483,10,24,3,100,339,63,11,7,75,393,10,1,0,37,3,1,314,198,2,1,1,0,0,4,109,13,8,0,380,10,126,366,0,0,3,25,0,0,0,371,148,0,0,0,1,0,505,13,0,0,2,20,443,51,0,6,29,491,51,181,6,435,390,15,3,10,66,3,28,47,1,0,52,66,247,141,14,10,12.69,47.5,27.12,2.69,127,282,78,33,0,24.42,54.23,15,6.35,0
Bagmati,Sindhupalchok,Bahrabise,NP03,NP0323,NP0323303,7,942,926,15,0,1,669,202,53,17,1,648,249,5,0,13,26,0,1,792,147,1,0,1,0,0,1,562,18,0,1,358,3,24,748,0,0,7,162,1,0,0,847,93,0,0,0,2,0,931,7,2,0,2,10,902,19,7,4,109,833,261,349,3,731,508,12,1,1,10,1,17,16,0,0,259,370,253,58,2,27.49,39.28,26.86,6.16,0.21,40,341,542,18,1,4.25,36.2,57.54,1.91,0.11
Bagmati,Sindhupalchok,Bahrabise,NP03,NP0323,NP0323303,8,875,867,4,2,2,582,171,117,4,1,581,276,3,1,1,13,0,0,692,180,2,0,1,0,0,0,481,18,22,1,350,3,382,389,0,0,1,100,3,0,0,750,118,0,0,7,0,0,870,4,1,0,0,1,873,0,0,1,121,754,192,409,2,611,473,19,8,5,38,3,29,64,0,0,234,290,247,92,12,26.74,33.14,28.23,10.51,1.37,70,317,485,3,0,8,36.23,55.43,0.34,0
Bagmati,Sindhupalchok,Bahrabise,NP03,NP0323,NP0323303,9,990,843,127,9,11,330,426,215,13,6,313,647,5,0,0,25,0,0,671,314,1,0,2,2,0,0,236,18,3,7,721,5,440,475,0,0,14,61,0,0,0,558,430,1,0,1,0,0,962,25,0,0,3,184,776,25,1,4,106,884,143,583,45,711,512,74,124,27,116,29,180,178,16,4,135,168,321,246,120,13.64,16.97,32.42,24.85,12.12,368,380,232,10,0,37.17,38.38,23.43,1.01,0
Bagmati,Sindhupalchok,Tripurasundari,NP03,NP0323,NP0323408,1,289,286,2,1,0,151,131,6,0,1,133,150,0,0,0,5,0,1,270,19,0,0,0,0,0,0,205,2,5,5,72,0,21,168,0,0,0,97,0,0,3,278,9,1,0,0,1,0,284,5,0,0,0,0,209,76,0,4,78,211,115,68,1,150,51,4,0,1,3,1,1,1,0,0,100,104,78,7,0,34.6,35.99,26.99,2.42,0,3,109,159,18,0,1.04,37.72,55.02,6.23,0
Bagmati,Sindhupalchok,Tripurasundari,NP03,NP0323,NP0323408,2,729,715,9,2,3,265,294,142,22,6,405,289,2,1,0,29,1,2,555,171,1,0,2,0,0,0,336,35,28,2,325,3,201,503,0,0,10,11,1,2,1,665,63,0,0,1,0,0,716,8,2,1,2,0,672,43,0,14,101,628,338,235,3,510,287,15,1,3,17,1,7,23,0,0,166,238,266,53,6,22.77,32.65,36.49,7.27,0.82,43,336,337,13,0,5.9,46.09,46.23,1.78,0
Bagmati,Sindhupalchok,Tripurasundari,NP03,NP0323,NP0323408,3,810,805,4,1,0,504,194,110,2,0,499,308,1,0,0,2,0,0,596,212,1,0,1,0,0,0,488,12,5,1,299,5,206,602,0,0,2,0,0,0,0,739,71,0,0,0,0,0,804,5,0,0,1,0,802,6,0,2,50,760,425,379,7,653,492,19,15,9,11,2,33,30,0,0,129,364,239,67,11,15.93,44.94,29.51,8.27,1.36,59,273,478,0,0,7.28,33.7,59.01,0,0
Bagmati,Sindhupalchok,Tripurasundari,NP03,NP0323,NP0323408,4,633,612,20,0,1,338,238,42,14,1,338,278,3,1,0,13,0,0,543,89,0,0,1,0,0,0,324,8,1,0,298,2,568,24,0,0,4,36,1,0,0,596,37,0,0,0,0,0,608,17,8,0,0,1,597,33,0,2,81,552,362,248,0,472,264,17,3,1,37,1,6,18,1,0,180,167,237,43,6,28.44,26.38,37.44,6.79,0.95,33,278,310,11,1,5.21,43.92,48.97,1.74,0.16
Bagmati,Sindhupalchok,Tripurasundari,NP03,NP0323,NP0323408,5,738,721,14,2,1,302,202,213,19,2,303,401,1,2,0,30,0,1,493,240,1,0,4,0,0,0,286,12,3,1,435,1,179,454,0,0,1,102,2,0,0,590,148,0,0,0,0,0,710,19,7,0,2,1,709,19,0,9,71,667,436,260,4,562,143,11,8,6,38,0,23,9,2,0,190,146,302,95,5,25.75,19.78,40.92,12.87,0.68,107,353,268,10,0,14.5,47.83,36.31,1.36,0
Bagmati,Sindhupalchok,Tripurasundari,NP03,NP0323,NP0323408,6,452,447,5,0,0,106,214,114,16,2,90,344,1,1,0,16,0,0,271,180,1,0,0,0,0,0,96,4,3,1,348,0,80,369,0,1,2,0,0,0,0,387,65,0,0,0,0,0,448,3,1,0,0,0,347,105,0,0,26,426,240,287,1,366,215,14,114,8,48,15,61,73,0,1,51,52,199,124,26,11.28,11.5,44.03,27.43,5.75,50,304,87,11,0,11.06,67.26,19.25,2.43,0
Bagmati,Sindhupalchok,Lisankhu Pakhar,NP03,NP0323,NP0323409,1,499,496,3,0,0,349,93,52,5,0,273,217,4,0,0,5,0,0,371,113,1,2,12,0,0,0,288,13,8,1,189,0,250,240,0,0,5,4,0,0,0,485,13,0,0,1,0,0,499,0,0,0,0,0,439,57,0,3,71,428,86,102,2,402,215,53,69,0,18,0,1,1,0,0,139,176,149,35,0,27.86,35.27,29.86,7.01,0,8,221,266,4,0,1.6,44.29,53.31,0.8,0
Bagmati,Sindhupalchok,Lisankhu Pakhar,NP03,NP0323,NP0323409,2,397,382,14,1,0,187,177,22,7,4,116,271,1,0,1,5,0,3,316,78,1,0,0,0,0,2,75,7,2,2,310,1,75,322,0,0,0,0,0,0,0,365,30,2,0,0,0,0,394,3,0,0,0,0,264,130,1,2,57,340,114,113,4,295,175,10,4,4,24,4,2,16,0,0,44,106,225,15,7,11.08,26.7,56.68,3.78,1.76,14,288,91,4,0,3.53,72.54,22.92,1.01,0
Bagmati,Sindhupalchok,Lisankhu Pakhar,NP03,NP0323,NP0323409,3,447,433,14,0,0,355,77,13,2,0,369,76,0,0,0,2,0,0,418,28,0,0,1,0,0,0,311,2,0,0,133,1,286,158,0,0,1,1,0,0,1,424,23,0,0,0,0,0,447,0,0,0,0,4,425,8,1,9,114,333,201,104,3,297,112,3,3,0,16,1,2,0,1,0,222,129,85,9,2,49.66,28.86,19.02,2.01,0.45,6,145,296,0,0,1.34,32.44,66.22,0,0
Bagmati,Sindhupalchok,Lisankhu Pakhar,NP03,NP0323,NP0323409,4,481,477,4,0,0,159,257,58,5,2,151,323,0,1,0,5,1,0,279,195,0,0,7,0,0,0,156,6,4,0,313,2,72,382,20,0,2,5,0,0,0,431,50,0,0,0,0,0,477,4,0,0,0,0,473,7,0,1,10,471,216,247,1,402,304,13,2,8,60,1,5,11,1,1,57,98,255,66,5,11.85,20.37,53.01,13.72,1.04,35,309,137,0,0,7.28,64.24,28.48,0,0
Bagmati,Sindhupalchok,Lisankhu Pakhar,NP03,NP0323,NP0323409,5,698,660,32,4,2,114,257,304,15,8,126,542,7,1,0,20,0,2,350,341,2,2,0,3,0,0,120,30,13,7,525,3,455,233,0,0,4,5,0,0,1,489,209,0,0,0,0,0,692,5,1,0,0,1,678,13,2,4,32,666,234,399,9,643,206,64,116,23,101,18,14,67,18,3,60,99,346,106,87,8.6,14.18,49.57,15.19,12.46,183,405,102,8,0,26.22,58.02,14.61,1.15,0
Bagmati,Sindhupalchok,Lisankhu Pakhar,NP03,NP0323,NP0323409,6,385,382,1,1,1,171,208,6,0,0,130,252,0,0,0,3,0,0,348,37,0,0,0,0,0,0,71,3,4,0,302,5,44,320,0,0,1,19,0,0,1,318,67,0,0,0,0,0,381,1,2,0,1,0,382,0,0,3,15,370,214,227,2,336,180,7,9,2,23,0,9,17,0,0,36,83,213,43,10,9.35,21.56,55.32,11.17,2.6,45,270,68,2,0,11.69,70.13,17.66,0.52,0
Bagmati,Sindhupalchok,Lisankhu Pakhar,NP03,NP0323,NP0323409,7,790,787,3,0,0,120,423,219,26,2,106,654,16,1,0,13,0,0,332,451,1,3,3,0,0,0,96,19,3,3,667,2,91,682,0,0,11,6,0,0,0,666,121,3,0,0,0,0,784,5,1,0,0,0,768,15,0,7,25,765,192,324,2,718,425,15,8,3,63,5,14,37,0,1,49,81,534,115,11,6.2,10.25,67.59,14.56,1.39,106,590,92,2,0,13.42,74.68,11.65,0.25,0
Bagmati,Sindhupalchok,Sunkoshi,NP03,NP0323,NP0323407,1,595,594,0,0,1,141,409,45,0,0,98,497,0,0,0,0,0,0,502,84,0,0,9,0,0,0,103,5,1,0,485,1,318,270,0,0,5,2,0,0,0,568,27,0,0,0,0,0,590,4,0,0,1,1,232,361,0,1,40,555,358,313,3,481,365,14,14,1,43,3,14,8,0,0,45,63,429,54,4,7.56,10.59,72.1,9.08,0.67,16,491,88,0,0,2.69,82.52,14.79,0,0
Bagmati,Sindhupalchok,Sunkoshi,NP03,NP0323,NP0323407,2,519,514,4,1,0,382,108,26,0,3,269,246,1,0,0,2,0,1,432,85,1,0,0,0,0,1,138,4,1,1,373,2,114,259,0,0,11,125,9,0,1,477,39,0,0,0,3,0,515,2,1,0,1,1,365,148,3,2,28,491,211,250,0,434,243,13,16,5,42,2,20,18,0,0,89,196,196,33,5,17.15,37.76,37.76,6.36,0.96,12,268,235,3,1,2.31,51.64,45.28,0.58,0.19
Bagmati,Sindhupalchok,Sunkoshi,NP03,NP0323,NP0323407,3,557,553,4,0,0,100,449,4,4,0,93,457,1,3,0,2,0,1,273,268,2,0,13,1,0,0,141,33,4,13,359,7,237,252,0,1,66,1,0,0,0,474,83,0,0,0,0,0,551,5,1,0,0,10,528,16,2,1,21,536,338,321,10,473,260,9,8,3,37,0,27,14,0,0,27,76,420,29,5,4.85,13.64,75.4,5.21,0.9,13,482,59,3,0,2.33,86.54,10.59,0.54,0
Bagmati,Sindhupalchok,Sunkoshi,NP03,NP0323,NP0323407,4,395,391,4,0,0,136,225,22,9,3,143,235,1,0,0,16,0,0,370,23,0,0,2,0,0,0,114,8,1,0,272,0,13,360,0,4,1,16,0,0,1,357,38,0,0,0,0,0,392,0,2,0,1,0,387,6,0,2,31,364,172,179,0,329,163,8,1,0,37,1,71,43,0,0,58,73,220,37,7,14.68,18.48,55.7,9.37,1.77,24,258,107,6,0,6.08,65.32,27.09,1.52,0
Bagmati,Sindhupalchok,Sunkoshi,NP03,NP0323,NP0323407,5,625,619,6,0,0,505,66,49,5,0,457,156,6,0,2,4,0,0,488,133,1,0,2,0,0,1,326,49,0,1,249,0,172,411,0,0,2,31,9,0,0,602,22,0,0,0,1,0,616,3,2,0,4,0,563,59,0,3,62,563,206,188,2,509,284,143,11,2,21,1,2,2,0,0,148,289,175,13,0,23.68,46.24,28,2.08,0,7,268,332,18,0,1.12,42.88,53.12,2.88,0
Bagmati,Sindhupalchok,Sunkoshi,NP03,NP0323,NP0323407,6,971,949,18,2,2,181,523,244,13,10,229,711,8,1,0,21,0,1,527,429,4,3,4,2,0,2,146,15,2,3,802,3,106,828,0,13,5,19,0,0,0,901,68,0,0,2,0,0,966,5,0,0,0,0,908,61,0,2,66,905,505,589,4,756,511,50,116,13,105,8,117,160,1,0,81,105,544,205,36,8.34,10.81,56.02,21.11,3.71,56,763,142,9,1,5.77,78.58,14.62,0.93,0.1
Bagmati,Sindhupalchok,Sunkoshi,NP03,NP0323,NP0323407,7,789,773,14,2,0,37,518,228,5,1,31,740,0,3,2,13,0,0,464,322,1,0,2,0,0,0,34,12,4,3,730,6,173,585,0,0,0,30,1,0,0,488,298,3,0,0,0,0,784,5,0,0,0,3,778,2,0,6,48,741,327,527,28,605,478,48,85,25,144,3,353,324,8,2,18,24,326,308,113,2.28,3.04,41.32,39.04,14.32,275,476,37,1,0,34.85,60.33,4.69,0.13,0
Bagmati,Rasuwa,Gosaikunda,NP03,NP0329,NP0329402,1,283,274,2,0,7,228,10,1,37,7,154,8,112,2,4,1,0,2,279,2,1,0,0,0,0,1,252,15,1,0,14,1,130,7,0,0,0,144,0,0,2,276,7,0,0,0,0,0,281,1,0,0,1,0,64,217,1,1,125,158,40,46,3,122,36,2,12,2,12,2,2,1,1,1,225,47,11,0,0,79.51,16.61,3.89,0,0,0,9,138,135,1,0,3.18,48.76,47.7,0.35
Bagmati,Rasuwa,Gosaikunda,NP03,NP0329,NP0329402,2,163,105,46,12,0,2,34,37,90,0,3,82,5,1,1,71,0,0,121,35,0,2,2,3,0,0,9,8,1,11,133,1,145,17,0,0,1,0,0,0,0,8,155,0,0,0,0,0,162,0,0,0,1,0,46,115,0,2,25,138,6,66,41,132,108,30,86,12,46,4,18,12,9,2,5,28,66,36,28,3.07,17.18,40.49,22.09,17.18,37,49,74,3,0,22.7,30.06,45.4,1.84,0
Bagmati,Rasuwa,Gosaikunda,NP03,NP0329,NP0329402,3,169,144,2,1,22,11,115,9,18,16,10,122,15,0,0,12,0,10,150,13,1,0,0,3,0,2,25,74,0,0,70,0,63,87,0,0,0,1,0,0,18,126,43,0,0,0,0,0,163,4,1,0,1,0,66,85,3,15,32,137,11,58,2,122,100,3,10,6,22,1,3,25,2,0,29,35,67,32,6,17.16,20.71,39.64,18.93,3.55,22,88,38,17,4,13.02,52.07,22.49,10.06,2.37
Bagmati,Rasuwa,Gosaikunda,NP03,NP0329,NP0329402,4,110,109,0,0,1,55,55,0,0,0,59,51,0,0,0,0,0,0,52,57,1,0,0,0,0,0,39,70,1,0,0,0,99,11,0,0,0,0,0,0,0,107,3,0,0,0,0,0,98,12,0,0,0,0,94,16,0,0,3,107,5,69,2,100,100,0,0,0,1,0,0,0,0,0,9,46,54,1,0,8.18,41.82,49.09,0.91,0,0,57,53,0,0,0,51.82,48.18,0,0
Bagmati,Rasuwa,Gosaikunda,NP03,NP0329,NP0329402,5,583,543,36,4,0,109,184,244,43,3,53,447,42,0,2,38,1,0,316,261,1,0,5,0,0,0,40,103,0,3,434,3,311,226,0,0,5,41,0,0,0,150,433,0,0,0,0,0,572,10,1,0,0,1,296,278,7,1,28,555,110,373,179,513,481,131,272,113,246,84,138,243,97,68,24,51,142,159,207,4.12,8.75,24.36,27.27,35.51,247,227,93,16,0,42.37,38.94,15.95,2.74,0
Bagmati,Rasuwa,Gosaikunda,NP03,NP0329,NP0329402,6,730,617,57,50,6,124,325,208,72,1,104,439,87,11,3,79,7,0,376,310,13,13,4,13,0,1,145,69,17,14,481,4,332,351,0,2,9,10,24,0,2,147,570,13,0,0,0,0,675,20,33,1,1,10,218,472,22,8,35,695,257,416,86,551,523,114,234,34,131,79,94,100,17,2,65,148,178,203,136,8.9,20.27,24.38,27.81,18.63,237,263,194,36,0,32.47,36.03,26.58,4.93,0
Bagmati,Rasuwa,Aamachhodingmo,NP03,NP0329,NP0329401,1,311,311,0,0,0,258,53,0,0,0,257,54,0,0,0,0,0,0,311,0,0,0,0,0,0,0,250,1,1,0,58,1,105,185,0,0,0,9,12,0,0,307,1,0,0,0,1,2,278,0,0,0,33,4,276,2,0,29,28,283,244,229,4,229,211,4,1,1,19,1,1,1,0,0,63,175,66,6,1,20.26,56.27,21.22,1.93,0.32,0,59,224,28,0,0,18.97,72.03,9,0
Bagmati,Rasuwa,Aamachhodingmo,NP03,NP0329,NP0329401,2,240,239,1,0,0,179,29,20,12,0,168,44,19,0,0,9,0,0,214,26,0,0,0,0,0,0,37,132,1,0,70,0,33,205,0,0,0,0,2,0,0,220,20,0,0,0,0,0,235,5,0,0,0,0,194,35,2,9,28,212,160,68,0,163,177,14,120,4,35,5,6,6,0,0,50,87,79,20,4,20.83,36.25,32.92,8.33,1.67,10,72,152,6,0,4.17,30,63.33,2.5,0
Bagmati,Rasuwa,Aamachhodingmo,NP03,NP0329,NP0329401,3,350,345,4,0,1,166,132,6,37,9,93,128,94,1,0,30,0,4,246,17,2,1,0,84,0,0,16,250,0,0,59,25,39,311,0,0,0,0,0,0,0,330,18,0,0,2,0,0,319,26,3,0,2,17,266,33,5,29,94,256,6,34,1,201,211,13,80,4,35,1,2,6,1,0,133,94,98,24,1,38,26.86,28,6.86,0.29,8,122,190,29,1,2.29,34.86,54.29,8.29,0.29
Bagmati,Rasuwa,Aamachhodingmo,NP03,NP0329,NP0329401,4,300,286,12,0,2,91,116,60,30,3,84,177,30,0,0,9,0,0,225,74,1,0,0,0,0,0,8,123,2,0,165,2,34,202,0,0,0,64,0,0,0,201,99,0,0,0,0,0,299,1,0,0,0,4,269,19,0,8,54,246,23,82,4,227,195,10,81,0,49,1,2,8,0,0,63,46,105,75,11,21,15.33,35,25,3.67,67,121,105,7,0,22.33,40.33,35,2.33,0
Bagmati,Rasuwa,Aamachhodingmo,NP03,NP0329,NP0329401,5,463,438,12,12,1,245,148,51,18,1,156,98,184,6,0,17,0,2,396,49,0,0,1,13,0,4,31,250,0,0,182,0,97,224,0,0,1,140,1,0,0,304,158,0,0,0,1,0,452,5,0,0,6,0,414,25,2,22,85,378,37,157,6,295,268,26,71,9,95,2,11,45,3,0,125,123,143,43,29,27,26.57,30.89,9.29,6.26,47,176,207,29,4,10.15,38.01,44.71,6.26,0.86
Bagmati,Rasuwa,Uttargaya,NP03,NP0329,NP0329403,1,293,286,5,2,0,242,21,7,22,1,228,25,1,6,0,33,0,0,271,19,1,0,0,2,0,0,226,5,0,0,62,0,100,158,0,6,12,16,0,0,1,257,35,0,0,0,1,0,257,35,1,0,0,0,62,135,0,96,28,265,53,31,0,245,76,1,3,0,12,0,0,8,1,0,207,55,23,6,2,70.65,18.77,7.85,2.05,0.68,10,25,216,42,0,3.41,8.53,73.72,14.33,0
Bagmati,Rasuwa,Uttargaya,NP03,NP0329,NP0329403,2,315,310,4,0,1,115,153,42,4,1,122,185,3,0,0,5,0,0,241,72,2,0,0,0,0,0,58,1,1,1,254,0,226,52,0,0,0,35,1,0,1,232,81,0,0,2,0,0,305,8,0,0,2,0,306,5,0,4,22,293,116,140,6,259,149,10,95,2,23,2,7,17,0,0,36,81,101,79,18,11.43,25.71,32.06,25.08,5.71,73,168,71,3,0,23.17,53.33,22.54,0.95,0
Bagmati,Rasuwa,Uttargaya,NP03,NP0329,NP0329403,3,296,296,0,0,0,24,253,15,3,1,23,267,1,0,0,5,0,0,153,142,0,0,0,1,0,0,25,9,1,0,254,7,8,276,0,0,1,7,4,0,0,214,78,1,0,3,0,0,289,3,1,1,2,1,19,271,0,5,18,278,102,136,0,266,154,7,7,2,29,2,12,11,0,0,15,27,200,48,6,5.07,9.12,67.57,16.22,2.03,8,246,39,3,0,2.7,83.11,13.18,1.01,0
Bagmati,Rasuwa,Uttargaya,NP03,NP0329,NP0329403,4,527,524,2,0,1,75,360,89,3,0,69,431,3,0,1,23,0,0,369,154,1,0,2,0,0,1,61,11,3,1,451,0,234,271,0,0,6,16,0,0,0,376,147,0,0,4,0,0,516,7,2,0,2,0,412,106,1,8,17,510,211,291,2,432,360,51,229,13,71,14,92,83,1,0,16,62,207,183,59,3.04,11.76,39.28,34.72,11.2,101,355,65,6,0,19.17,67.36,12.33,1.14,0
Bagmati,Rasuwa,Uttargaya,NP03,NP0329,NP0329403,5,757,744,11,1,1,32,542,180,3,0,19,596,2,0,3,137,0,0,526,228,1,0,1,1,0,0,32,13,11,3,693,5,211,513,0,0,6,27,0,0,0,257,494,2,0,4,0,0,751,6,0,0,0,0,646,108,0,3,15,742,256,430,11,655,604,99,345,9,170,26,306,167,6,2,7,28,271,293,158,0.92,3.7,35.8,38.71,20.87,344,316,92,5,0,45.44,41.74,12.15,0.66,0
Bagmati,Rasuwa,Kalika,NP03,NP0329,NP0329404,1,614,612,2,0,0,395,137,76,5,1,392,203,4,1,0,14,0,0,476,137,0,0,1,0,0,0,391,36,24,0,161,2,100,514,0,0,0,0,0,0,0,509,105,0,0,0,0,0,608,6,0,0,0,3,593,18,0,0,72,542,179,161,1,520,309,23,57,13,33,6,4,14,2,0,210,180,140,63,21,34.2,29.32,22.8,10.26,3.42,68,166,379,1,0,11.07,27.04,61.73,0.16,0
Bagmati,Rasuwa,Kalika,NP03,NP0329,NP0329404,2,682,657,22,3,0,74,391,212,3,2,72,598,2,0,0,9,0,1,300,373,1,0,7,0,0,1,91,9,1,2,578,1,455,223,0,0,3,0,1,0,0,315,364,0,0,2,0,1,669,9,4,0,0,43,563,74,0,2,23,659,317,353,32,582,586,154,350,21,159,33,52,99,5,0,26,39,230,221,166,3.81,5.72,33.72,32.4,24.34,310,309,61,2,0,45.45,45.31,8.94,0.29,0
Bagmati,Rasuwa,Kalika,NP03,NP0329,NP0329404,3,428,425,3,0,0,31,287,104,5,1,34,387,0,0,0,7,0,0,317,107,0,0,4,0,0,0,33,2,0,0,392,1,400,26,0,0,1,0,0,0,1,253,174,0,0,0,0,1,420,5,2,0,1,5,419,1,0,3,24,404,166,245,1,343,314,70,223,11,104,20,109,82,0,0,7,20,159,155,87,1.64,4.67,37.15,36.21,20.33,153,255,17,3,0,35.75,59.58,3.97,0.7,0
Bagmati,Rasuwa,Kalika,NP03,NP0329,NP0329404,4,249,249,0,0,0,57,190,2,0,0,49,199,1,0,0,0,0,0,197,52,0,0,0,0,0,0,15,4,0,0,230,0,235,12,0,0,2,0,0,0,0,240,9,0,0,0,0,0,247,2,0,0,0,3,243,2,1,0,3,246,146,65,1,234,124,8,16,3,21,5,28,19,2,0,7,37,175,26,4,2.81,14.86,70.28,10.44,1.61,6,230,13,0,0,2.41,92.37,5.22,0,0
Bagmati,Rasuwa,Kalika,NP03,NP0329,NP0329404,5,474,466,6,1,1,38,283,152,1,0,37,433,2,0,0,2,0,0,234,237,2,0,1,0,0,0,46,2,7,4,414,1,433,19,0,1,21,0,0,0,0,348,124,0,0,2,0,0,472,2,0,0,0,0,468,3,0,3,8,466,220,234,21,395,333,83,101,3,67,7,21,36,0,0,8,42,245,123,56,1.69,8.86,51.69,25.95,11.81,119,318,37,0,0,25.11,67.09,7.81,0,0
Bagmati,Rasuwa,Naukunda,NP03,NP0329,NP0329405,1,490,489,1,0,0,261,121,107,1,0,256,234,0,0,0,0,0,0,331,156,0,0,3,0,0,0,231,30,2,1,226,0,64,420,0,0,6,0,0,0,0,444,45,1,0,0,0,0,480,9,0,0,1,0,314,163,7,6,48,442,198,29,1,416,384,6,19,1,20,2,1,6,0,0,152,105,189,42,2,31.02,21.43,38.57,8.57,0.41,36,205,248,1,0,7.35,41.84,50.61,0.2,0
Bagmati,Rasuwa,Naukunda,NP03,NP0329,NP0329405,2,326,325,1,0,0,316,9,0,1,0,315,10,0,0,0,1,0,0,319,7,0,0,0,0,0,0,312,0,3,1,10,0,9,317,0,0,0,0,0,0,0,321,5,0,0,0,0,0,326,0,0,0,0,11,157,154,0,4,70,256,190,26,1,225,176,0,4,1,9,1,0,4,0,0,199,111,12,4,0,61.04,34.05,3.68,1.23,0,1,12,313,0,0,0.31,3.68,96.01,0,0
Bagmati,Rasuwa,Naukunda,NP03,NP0329,NP0329405,3,467,465,2,0,0,391,43,33,0,0,395,71,0,0,0,1,0,0,427,40,0,0,0,0,0,0,377,8,2,0,80,0,51,413,0,0,3,0,0,0,0,417,50,0,0,0,0,0,461,3,0,2,1,2,356,102,0,7,53,414,57,53,1,367,295,7,4,1,15,0,4,5,0,0,179,204,60,24,0,38.33,43.68,12.85,5.14,0,22,85,359,1,0,4.71,18.2,76.87,0.21,0
Bagmati,Rasuwa,Naukunda,NP03,NP0329,NP0329405,4,474,465,8,0,1,210,203,52,9,0,203,259,1,0,1,10,0,0,396,71,0,0,7,0,0,0,180,4,0,8,280,2,65,397,0,0,0,11,1,0,0,382,90,0,0,2,0,0,469,2,1,0,2,0,177,283,3,11,24,450,97,164,2,414,268,12,16,2,29,5,12,7,0,1,103,117,189,59,6,21.73,24.68,39.87,12.45,1.27,46,228,189,11,0,9.7,48.1,39.87,2.32,0
Bagmati,Rasuwa,Naukunda,NP03,NP0329,NP0329405,5,511,502,4,4,1,327,152,29,3,0,329,179,1,0,0,2,0,0,420,89,2,0,0,0,0,0,201,6,8,0,296,0,115,379,0,0,1,16,0,0,0,388,119,0,0,4,0,0,508,2,1,0,0,22,202,280,3,4,29,482,246,190,3,456,299,12,17,2,40,9,25,24,1,1,91,209,156,45,10,17.81,40.9,30.53,8.81,1.96,29,197,283,2,0,5.68,38.55,55.38,0.39,0
Bagmati,Rasuwa,Naukunda,NP03,NP0329,NP0329405,6,526,526,0,0,0,386,98,41,1,0,379,119,2,0,0,26,0,0,448,77,0,0,0,1,0,0,345,18,27,1,132,3,41,484,0,1,0,0,0,0,0,436,90,0,0,0,0,0,523,3,0,0,0,8,345,166,2,5,84,442,178,78,1,415,362,10,9,2,18,12,11,1,0,0,171,210,101,40,4,32.51,39.92,19.2,7.6,0.76,41,131,353,1,0,7.79,24.9,67.11,0.19,0
Bagmati,Dhading,Rubi Valley,NP03,NP0330,NP0330401,1,479,471,2,0,6,263,216,0,0,0,270,209,0,0,0,0,0,0,470,6,0,0,1,2,0,0,39,429,1,1,9,0,337,34,0,1,1,105,1,0,0,473,4,0,0,1,0,1,475,4,0,0,0,3,289,63,0,124,73,406,21,19,4,402,341,0,14,1,3,0,0,0,0,0,155,196,127,1,0,32.36,40.92,26.51,0.21,0,0,128,347,4,0,0,26.72,72.44,0.84,0
Bagmati,Dhading,Rubi Valley,NP03,NP0330,NP0330401,2,389,389,0,0,0,380,8,0,1,0,377,6,6,0,0,0,0,0,386,2,0,0,0,0,0,1,158,217,2,0,12,0,207,160,0,0,1,20,0,0,1,387,2,0,0,0,0,0,389,0,0,0,0,6,320,4,2,57,70,319,25,29,3,305,227,7,119,2,13,1,0,0,0,0,162,193,34,0,0,41.65,49.61,8.74,0,0,0,19,355,15,0,0,4.88,91.26,3.86,0
Bagmati,Dhading,Rubi Valley,NP03,NP0330,NP0330401,3,417,416,1,0,0,387,29,1,0,0,387,29,1,0,0,0,0,0,394,6,0,0,17,0,0,0,329,51,8,4,22,3,233,182,0,0,0,2,0,0,0,396,21,0,0,0,0,0,389,28,0,0,0,47,277,79,1,13,216,201,30,44,0,165,98,0,12,0,0,1,1,1,1,0,275,115,23,4,0,65.95,27.58,5.52,0.96,0,2,59,355,1,0,0.48,14.15,85.13,0.24,0
Bagmati,Dhading,Rubi Valley,NP03,NP0330,NP0330401,4,419,417,2,0,0,412,2,0,5,0,396,6,16,0,0,1,0,0,406,1,0,0,12,0,0,0,386,14,3,0,15,1,76,211,0,1,0,131,0,0,0,411,8,0,0,0,0,0,331,88,0,0,0,7,279,74,0,59,84,335,68,52,2,284,262,2,3,0,5,0,0,2,0,1,245,160,14,0,0,58.47,38.19,3.34,0,0,0,18,331,70,0,0,4.3,79,16.71,0
Bagmati,Dhading,Rubi Valley,NP03,NP0330,NP0330401,5,682,679,1,0,2,397,284,0,1,0,382,296,3,0,0,1,0,0,646,27,0,0,7,2,0,0,348,22,4,3,305,0,135,473,3,1,5,62,0,1,2,668,13,0,0,1,0,0,671,11,0,0,0,14,454,193,1,20,157,525,49,76,5,491,300,2,37,2,1,1,2,0,1,1,294,92,285,10,1,43.11,13.49,41.79,1.47,0.15,6,286,386,4,0,0.88,41.94,56.6,0.59,0
Bagmati,Dhading,Rubi Valley,NP03,NP0330,NP0330401,6,263,260,0,0,3,75,187,0,1,0,83,178,1,0,0,1,0,0,243,12,3,3,2,0,0,0,77,3,1,2,178,2,38,172,1,0,8,44,0,0,0,260,2,0,0,1,0,0,170,93,0,0,0,1,163,75,0,24,57,206,3,33,2,195,66,0,0,0,0,0,0,2,0,0,68,26,168,1,0,25.86,9.89,63.88,0.38,0,0,146,109,8,0,0,55.51,41.44,3.04,0
Bagmati,Dhading,Khaniyabas,NP03,NP0330,NP0330403,1,336,335,0,1,0,316,18,0,2,0,316,19,0,0,0,1,0,0,329,6,1,0,0,0,0,0,300,17,0,0,19,0,194,140,1,0,1,0,0,0,0,327,8,0,0,1,0,0,336,0,0,0,0,8,321,6,0,1,64,272,39,38,1,268,231,1,3,0,0,0,0,0,0,0,100,214,20,2,0,29.76,63.69,5.95,0.6,0,1,28,306,1,0,0.3,8.33,91.07,0.3,0
Bagmati,Dhading,Khaniyabas,NP03,NP0330,NP0330403,2,465,464,0,0,1,462,2,0,1,0,459,5,0,0,0,1,0,0,463,2,0,0,0,0,0,0,435,8,0,0,22,0,325,139,0,0,1,0,0,0,0,463,2,0,0,0,0,0,457,6,0,0,2,4,459,2,0,0,49,416,1,54,4,389,294,2,0,0,6,0,0,3,0,0,166,283,15,1,0,35.7,60.86,3.23,0.22,0,1,22,441,1,0,0.22,4.73,94.84,0.22,0
Bagmati,Dhading,Khaniyabas,NP03,NP0330,NP0330403,3,661,657,4,0,0,346,287,25,2,1,450,204,4,0,0,2,0,1,605,37,0,2,17,0,0,0,395,3,0,0,257,6,446,211,0,0,0,0,2,1,1,618,43,0,0,0,0,0,636,20,2,0,3,8,573,50,0,30,109,552,53,194,3,470,401,12,28,1,14,0,11,4,0,0,145,249,231,35,1,21.94,37.67,34.95,5.3,0.15,26,246,387,1,1,3.93,37.22,58.55,0.15,0.15
Bagmati,Dhading,Khaniyabas,NP03,NP0330,NP0330403,4,483,463,14,3,3,239,241,1,2,0,404,75,4,0,0,0,0,0,458,22,0,0,3,0,0,0,245,12,1,1,223,1,317,158,1,0,6,0,1,0,0,443,39,1,0,0,0,0,477,6,0,0,0,11,463,9,0,0,84,399,42,221,1,310,230,14,29,2,14,0,4,2,0,1,80,204,165,30,4,16.56,42.24,34.16,6.21,0.83,19,229,235,0,0,3.93,47.41,48.65,0,0
Bagmati,Dhading,Khaniyabas,NP03,NP0330,NP0330403,5,740,738,2,0,0,584,156,0,0,0,588,152,0,0,0,0,0,0,709,30,0,0,1,0,0,0,367,5,2,1,358,7,23,715,2,0,0,0,0,0,0,705,34,0,0,1,0,0,735,0,4,0,1,32,707,1,0,0,163,577,74,323,2,523,429,8,6,3,24,1,18,33,0,1,179,300,226,25,10,24.19,40.54,30.54,3.38,1.35,29,337,374,0,0,3.92,45.54,50.54,0,0
Bagmati,Dhading,Ganga Jamuna,NP03,NP0330,NP0330402,1,658,653,3,1,1,592,53,1,8,4,570,72,12,0,1,0,0,3,642,6,1,0,6,3,0,0,242,10,0,0,405,1,217,178,0,0,24,236,3,0,0,631,26,0,0,0,1,0,606,43,4,0,5,30,484,117,1,26,88,570,134,47,3,526,361,19,229,3,12,6,2,3,0,0,181,260,207,8,2,27.51,39.51,31.46,1.22,0.3,5,271,314,67,1,0.76,41.19,47.72,10.18,0.15
Bagmati,Dhading,Ganga Jamuna,NP03,NP0330,NP0330402,2,684,678,4,1,1,227,454,3,0,0,356,322,3,1,1,1,0,0,660,14,1,0,8,1,0,0,62,8,12,3,599,0,23,658,2,0,0,1,0,0,0,558,125,1,0,0,0,0,537,141,0,0,6,3,242,431,0,8,53,631,192,205,2,463,487,6,312,0,4,2,2,0,0,0,38,160,414,72,0,5.56,23.39,60.53,10.53,0,5,497,182,0,0,0.73,72.66,26.61,0,0
Bagmati,Dhading,Ganga Jamuna,NP03,NP0330,NP0330402,3,557,553,4,0,0,432,120,2,3,0,423,131,0,1,0,2,0,0,541,14,0,0,2,0,0,0,213,11,5,10,314,4,152,403,1,0,1,0,0,0,0,476,67,1,0,13,0,0,539,18,0,0,0,12,11,529,2,3,33,524,377,272,3,468,276,1,177,2,8,9,35,2,0,1,83,297,152,25,0,14.9,53.32,27.29,4.49,0,2,169,385,1,0,0.36,30.34,69.12,0.18,0
Bagmati,Dhading,Ganga Jamuna,NP03,NP0330,NP0330402,4,569,565,3,0,1,304,254,1,8,2,311,244,1,1,0,12,0,0,532,35,1,0,1,0,0,0,97,7,3,0,462,0,47,496,1,0,3,22,0,0,0,458,95,0,0,16,0,0,555,10,1,0,3,7,26,526,4,6,45,524,231,252,4,464,313,13,182,2,21,11,44,21,0,2,61,213,208,80,7,10.72,37.43,36.56,14.06,1.23,18,265,273,13,0,3.16,46.57,47.98,2.28,0
Bagmati,Dhading,Ganga Jamuna,NP03,NP0330,NP0330402,5,1005,979,20,2,4,655,275,70,4,1,665,332,1,0,0,6,0,1,914,88,0,0,2,1,0,0,267,13,6,1,711,7,40,823,1,2,3,128,5,0,3,873,128,3,0,0,0,1,986,12,1,0,6,4,93,884,1,23,50,955,450,517,11,840,591,14,339,6,40,0,43,44,2,0,169,373,338,116,9,16.82,37.11,33.63,11.54,0.9,36,382,533,53,1,3.58,38.01,53.03,5.27,0.1
Bagmati,Dhading,Ganga Jamuna,NP03,NP0330,NP0330402,6,890,886,4,0,0,436,445,3,6,0,634,245,3,6,0,2,0,0,868,22,0,0,0,0,0,0,276,5,3,2,595,9,46,753,1,1,8,79,1,0,1,771,103,1,0,15,0,0,853,25,2,0,10,4,236,604,1,45,38,852,446,499,13,807,546,14,407,10,34,1,24,31,1,0,98,308,359,119,6,11.01,34.61,40.34,13.37,0.67,11,411,447,21,0,1.24,46.18,50.22,2.36,0
Bagmati,Dhading,Ganga Jamuna,NP03,NP0330,NP0330402,7,901,884,14,3,0,427,432,35,7,0,578,307,1,4,0,4,7,0,822,74,1,0,4,0,0,0,290,14,4,0,592,1,51,645,1,0,5,196,1,0,2,724,170,0,0,3,4,0,888,9,1,1,2,24,82,773,1,21,31,870,189,507,10,817,444,20,226,8,39,10,129,57,0,2,165,269,329,131,7,18.31,29.86,36.51,14.54,0.78,44,345,417,95,0,4.88,38.29,46.28,10.54,0
Bagmati,Dhading,Tripurasundari,NP03,NP0330,NP0330404,1,1138,1127,10,0,1,316,604,186,31,1,249,846,8,17,0,18,0,0,639,487,1,2,7,2,0,0,298,10,3,3,822,2,974,114,0,0,5,24,21,0,0,619,513,1,0,5,0,0,1135,3,0,0,0,19,814,284,4,17,67,1071,293,736,7,791,847,56,200,26,227,116,698,288,0,1,87,161,379,376,135,7.64,14.15,33.3,33.04,11.86,359,507,248,23,1,31.55,44.55,21.79,2.02,0.09
Bagmati,Dhading,Tripurasundari,NP03,NP0330,NP0330404,2,1191,1107,77,4,3,172,726,251,41,1,122,1003,10,0,1,55,0,0,539,633,4,0,12,3,0,0,120,36,86,6,940,3,528,618,2,0,4,36,3,0,0,169,947,24,0,51,0,0,1189,1,1,0,0,6,692,484,4,5,45,1146,271,949,56,1037,967,94,343,35,260,101,842,440,27,2,21,80,272,564,254,1.76,6.72,22.84,47.36,21.33,629,422,135,4,1,52.81,35.43,11.34,0.34,0.08
Bagmati,Dhading,Tripurasundari,NP03,NP0330,NP0330404,3,726,720,4,1,1,290,394,13,27,2,200,487,9,5,1,24,0,0,683,34,1,0,8,0,0,0,122,12,4,3,584,1,137,492,1,1,10,85,0,0,0,519,189,0,0,17,1,0,716,7,1,0,2,8,636,79,0,3,31,695,275,416,5,645,413,16,101,3,46,14,67,43,0,0,54,130,379,155,8,7.44,17.91,52.2,21.35,1.1,107,436,174,9,0,14.74,60.06,23.97,1.24,0
Bagmati,Dhading,Tripurasundari,NP03,NP0330,NP0330404,4,665,656,6,2,1,315,296,42,12,0,272,381,1,0,0,11,0,0,612,52,0,0,1,0,0,0,135,3,1,4,521,1,395,162,0,1,26,81,0,0,0,541,122,0,0,2,0,0,640,12,2,0,11,4,248,400,0,13,37,628,127,334,5,541,388,11,71,0,53,3,80,58,0,0,100,154,308,86,17,15.04,23.16,46.32,12.93,2.56,46,379,219,21,0,6.92,56.99,32.93,3.16,0
Bagmati,Dhading,Tripurasundari,NP03,NP0330,NP0330404,5,637,632,3,2,0,79,494,57,7,0,258,372,4,0,0,3,0,0,540,91,1,1,4,0,0,0,50,7,1,1,573,5,26,323,2,0,94,190,0,0,2,538,90,2,0,7,0,0,631,3,3,0,0,3,92,536,0,6,17,620,248,375,3,538,412,13,118,0,29,8,79,47,0,2,32,140,376,79,10,5.02,21.98,59.03,12.4,1.57,17,388,219,13,0,2.67,60.91,34.38,2.04,0
Bagmati,Dhading,Tripurasundari,NP03,NP0330,NP0330404,6,770,766,3,0,1,270,412,80,8,0,156,598,9,2,1,4,0,0,565,192,2,0,10,1,0,0,123,26,3,4,612,2,273,473,4,0,20,0,0,0,0,531,233,5,0,1,0,0,762,7,1,0,0,2,571,192,0,5,29,741,128,494,4,691,356,13,37,6,57,36,219,107,0,3,62,123,386,171,28,8.05,15.97,50.13,22.21,3.64,174,462,131,3,0,22.6,60,17.01,0.39,0
Bagmati,Dhading,Tripurasundari,NP03,NP0330,NP0330404,7,820,789,25,1,5,365,390,52,12,1,308,456,5,2,0,31,17,1,716,94,0,1,9,0,0,0,204,9,7,2,592,6,623,191,5,0,1,0,0,0,0,523,289,1,0,7,0,0,812,3,0,0,5,131,317,363,1,8,24,796,353,614,9,726,607,43,167,8,119,18,239,115,1,2,55,183,314,221,47,6.71,22.32,38.29,26.95,5.73,106,483,226,5,0,12.93,58.9,27.56,0.61,0
Bagmati,Dhading,Netrawati Dabjong,NP03,NP0330,NP0330405,1,660,636,20,1,3,154,448,55,3,0,149,504,0,0,0,7,0,0,586,68,1,0,5,0,0,0,122,7,0,2,529,0,467,187,1,0,5,0,0,0,0,557,102,0,0,1,0,0,645,9,5,0,1,7,521,131,0,1,32,628,242,284,0,563,157,4,8,7,19,0,13,12,0,0,86,74,431,64,5,13.03,11.21,65.3,9.7,0.76,95,418,146,1,0,14.39,63.33,22.12,0.15,0
Bagmati,Dhading,Netrawati Dabjong,NP03,NP0330,NP0330405,2,504,500,2,1,1,376,101,23,3,1,330,68,0,3,0,102,0,1,471,31,0,1,1,0,0,0,118,3,3,4,374,2,333,159,1,1,7,2,0,0,1,462,41,0,0,1,0,0,498,6,0,0,0,4,258,234,2,6,17,487,181,213,5,463,199,7,3,3,10,1,2,4,0,0,72,289,121,21,1,14.29,57.34,24.01,4.17,0.2,20,152,326,6,0,3.97,30.16,64.68,1.19,0
Bagmati,Dhading,Netrawati Dabjong,NP03,NP0330,NP0330405,3,639,632,7,0,0,408,191,33,7,0,355,277,2,1,0,4,0,0,500,137,0,0,1,1,0,0,330,20,3,8,278,0,116,509,3,0,4,5,0,0,2,571,67,0,0,1,0,0,636,2,1,0,0,73,163,400,0,3,106,533,102,254,3,402,300,22,26,5,24,6,10,22,0,0,254,118,205,47,15,39.75,18.47,32.08,7.36,2.35,36,255,344,4,0,5.63,39.91,53.83,0.63,0
Bagmati,Dhading,Netrawati Dabjong,NP03,NP0330,NP0330405,4,724,702,15,0,7,439,234,43,7,1,363,345,5,0,2,7,0,2,652,64,3,0,2,2,0,1,158,9,7,0,544,6,354,297,0,1,2,68,0,0,2,489,234,0,0,0,0,1,703,14,4,1,2,14,692,7,1,10,61,663,136,356,3,522,395,20,15,7,54,4,32,40,2,0,80,218,309,103,14,11.05,30.11,42.68,14.23,1.93,83,479,152,5,5,11.46,66.16,20.99,0.69,0.69
Bagmati,Dhading,Netrawati Dabjong,NP03,NP0330,NP0330405,5,736,715,8,3,10,254,463,11,3,5,250,475,3,0,1,3,0,4,622,101,0,1,10,0,0,2,108,7,1,3,607,10,224,493,1,0,6,12,0,0,0,437,297,0,0,1,0,1,730,6,0,0,0,9,582,136,0,9,28,708,337,445,6,642,290,20,18,11,45,6,35,38,0,1,41,180,338,159,18,5.57,24.46,45.92,21.6,2.45,145,497,87,7,0,19.7,67.53,11.82,0.95,0
Bagmati,Dhading,Nilkhantha,NP03,NP0330,NP0330301,1,609,603,3,1,2,451,109,41,8,0,459,147,1,0,1,1,0,0,484,69,1,0,55,0,0,0,393,7,7,5,186,11,289,171,1,0,32,115,1,0,0,529,58,0,0,19,3,0,606,2,1,0,0,8,453,116,0,32,69,540,259,228,0,453,171,7,4,3,11,0,13,9,0,1,280,159,145,22,3,45.98,26.11,23.81,3.61,0.49,19,173,398,19,0,3.12,28.41,65.35,3.12,0
Bagmati,Dhading,Nilkhantha,NP03,NP0330,NP0330301,2,1276,1269,3,0,4,572,590,101,10,3,500,763,7,1,1,2,0,2,988,210,3,0,73,0,0,2,395,21,2,0,843,15,429,550,5,1,18,244,0,0,29,1039,212,2,0,20,3,0,1256,16,3,0,1,27,1117,105,1,26,108,1168,374,692,18,1018,661,21,52,7,62,11,150,15,0,0,193,289,609,178,7,15.13,22.65,47.73,13.95,0.55,123,694,437,22,0,9.64,54.39,34.25,1.72,0
Bagmati,Dhading,Nilkhantha,NP03,NP0330,NP0330301,3,3591,1858,1599,121,13,70,1169,2336,4,12,53,3499,8,0,1,14,6,10,372,3177,8,5,28,1,0,0,49,43,38,66,3381,14,3066,485,9,4,15,10,0,0,2,168,3413,9,0,0,0,1,3581,9,1,0,0,30,3324,225,1,11,46,3545,491,2511,537,2300,3341,1076,2693,163,1128,258,3000,1697,247,55,3,25,300,1496,1767,0.08,0.7,8.35,41.66,49.21,3204,342,44,1,0,89.22,9.52,1.23,0.03,0
Bagmati,Dhading,Nilkhantha,NP03,NP0330,NP0330301,4,1632,1250,376,2,4,150,809,622,34,17,127,1443,10,0,0,49,1,2,592,982,15,1,38,3,0,1,169,40,21,16,1375,11,831,656,11,3,17,90,21,1,2,417,1190,10,1,3,7,4,1610,20,1,0,1,15,1497,87,2,31,83,1549,276,956,56,1311,1211,230,657,31,295,129,767,407,33,6,56,111,435,643,387,3.43,6.8,26.65,39.4,23.71,955,527,132,17,1,58.52,32.29,8.09,1.04,0.06
Bagmati,Dhading,Nilkhantha,NP03,NP0330,NP0330301,5,1005,994,7,1,3,647,306,37,14,1,544,442,7,3,3,5,0,1,762,118,3,2,120,0,0,0,254,9,5,3,732,2,336,624,2,4,7,29,2,1,0,761,199,3,0,42,0,0,978,5,8,0,14,9,626,352,3,15,64,941,471,380,3,837,473,11,54,3,60,7,173,49,1,0,153,346,392,96,18,15.22,34.43,39,9.55,1.79,86,589,315,15,0,8.56,58.61,31.34,1.49,0
Bagmati,Dhading,Nilkhantha,NP03,NP0330,NP0330301,6,717,710,7,0,0,411,286,13,6,1,400,307,5,0,1,3,0,1,558,97,0,0,62,0,0,0,257,16,6,1,437,0,134,454,0,0,125,3,1,0,0,517,186,0,0,14,0,0,707,7,2,0,1,10,493,193,1,20,40,677,341,321,1,609,369,17,57,2,31,6,45,32,0,2,142,211,256,94,14,19.8,29.43,35.7,13.11,1.95,72,333,303,9,0,10.04,46.44,42.26,1.26,0
Bagmati,Dhading,Nilkhantha,NP03,NP0330,NP0330301,7,821,812,1,1,7,181,473,155,11,1,176,628,11,1,0,5,0,0,426,307,3,0,79,6,0,0,119,23,16,76,580,7,240,557,4,7,7,2,3,0,1,523,268,1,0,29,0,0,800,15,6,0,0,4,535,271,3,8,139,682,206,368,16,599,348,68,100,15,124,17,186,101,2,0,81,116,376,156,92,9.87,14.13,45.8,19,11.21,220,455,137,9,0,26.8,55.42,16.69,1.1,0
Bagmati,Dhading,Nilkhantha,NP03,NP0330,NP0330301,8,1212,1043,153,5,11,124,636,444,6,2,104,1090,3,0,1,8,0,6,498,680,8,0,26,0,0,0,101,23,18,10,1050,10,492,342,7,14,47,306,4,0,0,309,861,3,0,38,0,1,1208,4,0,0,0,7,1026,169,0,10,37,1175,331,732,21,755,907,114,368,24,298,51,701,324,15,4,49,59,325,534,245,4.04,4.87,26.82,44.06,20.21,558,529,110,15,0,46.04,43.65,9.08,1.24,0
Bagmati,Dhading,Nilkhantha,NP03,NP0330,NP0330301,9,948,944,3,1,0,336,429,171,12,0,342,590,6,0,1,9,0,0,666,243,0,0,37,2,0,0,197,10,13,3,698,27,299,338,12,4,18,271,5,0,1,526,354,1,0,59,8,0,929,13,5,0,1,8,886,51,0,3,35,913,521,538,4,836,592,45,197,4,116,29,216,86,1,0,102,146,418,208,74,10.76,15.4,44.09,21.94,7.81,164,535,225,23,1,17.3,56.43,23.73,2.43,0.11
Bagmati,Dhading,Nilkhantha,NP03,NP0330,NP0330301,10,767,759,7,1,0,512,228,22,4,1,508,254,1,1,0,2,0,1,701,56,2,0,8,0,0,0,139,4,7,1,615,1,454,171,1,0,8,125,7,0,1,597,165,0,0,5,0,0,766,0,0,0,1,13,741,10,0,3,34,733,201,531,1,625,321,11,95,4,47,3,158,31,0,0,50,304,308,97,8,6.52,39.63,40.16,12.65,1.04,56,526,182,3,0,7.3,68.58,23.73,0.39,0
Bagmati,Dhading,Nilkhantha,NP03,NP0330,NP0330301,11,986,975,7,1,3,671,287,21,5,2,704,272,0,0,0,8,0,2,877,94,0,0,15,0,0,0,325,23,15,7,609,7,187,631,3,6,21,131,1,6,0,660,284,0,0,37,4,1,964,13,3,0,6,12,777,181,6,10,43,943,327,496,4,837,381,12,80,3,38,12,72,55,0,0,177,370,320,112,7,17.95,37.53,32.45,11.36,0.71,78,517,379,12,0,7.91,52.43,38.44,1.22,0
Bagmati,Dhading,Nilkhantha,NP03,NP0330,NP0330301,12,1123,1071,45,1,6,220,659,238,5,1,129,965,1,2,0,19,6,1,644,470,0,0,7,0,0,2,57,7,3,2,1052,2,294,587,7,4,11,217,1,1,1,394,724,3,0,0,0,2,1105,5,1,0,12,8,914,181,1,19,12,1111,648,743,21,992,984,204,806,19,320,120,755,383,11,0,26,81,230,425,361,2.32,7.21,20.48,37.85,32.15,526,461,117,17,2,46.84,41.05,10.42,1.51,0.18
Bagmati,Dhading,Nilkhantha,NP03,NP0330,NP0330301,13,677,673,2,0,2,536,104,20,17,0,504,147,1,4,0,21,0,0,613,35,0,0,29,0,0,0,231,10,10,1,423,2,23,626,10,2,6,7,2,1,0,336,334,0,0,7,0,0,671,2,0,0,4,3,532,111,2,29,22,655,532,382,4,586,367,14,284,8,52,3,83,45,0,0,76,210,276,90,25,11.23,31.02,40.77,13.29,3.69,70,388,209,10,0,10.34,57.31,30.87,1.48,0
Bagmati,Dhading,Nilkhantha,NP03,NP0330,NP0330301,14,1027,1018,7,1,1,555,435,31,6,0,541,477,3,0,0,5,0,1,971,49,0,0,7,0,0,0,396,7,7,1,610,6,53,635,7,1,13,308,10,0,0,809,209,1,0,4,4,0,1021,3,2,1,0,8,117,888,1,13,49,978,360,479,2,811,444,11,142,3,80,6,77,18,0,0,272,247,416,84,8,26.48,24.05,40.51,8.18,0.78,33,381,484,129,0,3.21,37.1,47.13,12.56,0
Bagmati,Dhading,Jwalamukhi,NP03,NP0330,NP0330406,1,820,818,2,0,0,719,67,21,11,2,686,113,11,4,0,6,0,0,573,49,0,0,196,2,0,0,558,5,0,2,252,3,59,188,4,5,10,538,16,0,0,559,180,3,0,78,0,0,812,7,1,0,0,4,170,622,5,19,53,767,421,392,3,576,284,18,72,10,78,3,115,20,0,0,373,262,150,29,6,45.49,31.95,18.29,3.54,0.73,11,103,421,284,1,1.34,12.56,51.34,34.63,0.12
Bagmati,Dhading,Jwalamukhi,NP03,NP0330,NP0330406,2,702,687,13,2,0,485,173,41,3,0,446,248,3,1,1,3,0,0,480,110,1,0,111,0,0,0,346,40,3,7,298,8,147,356,0,0,42,155,2,0,0,401,243,4,0,49,5,0,696,5,1,0,0,6,336,347,1,12,30,672,389,394,0,555,447,40,60,3,72,26,81,31,0,1,142,231,229,85,15,20.23,32.91,32.62,12.11,2.14,66,259,303,74,0,9.4,36.89,43.16,10.54,0
Bagmati,Dhading,Jwalamukhi,NP03,NP0330,NP0330406,3,812,806,5,1,0,546,214,44,8,0,535,269,1,1,0,6,0,0,591,101,3,1,115,1,0,0,371,5,14,4,403,15,44,408,0,0,17,343,0,0,0,517,231,0,0,55,5,4,801,7,1,0,3,11,558,230,1,12,62,750,306,375,3,706,297,13,24,2,72,7,48,18,0,0,202,290,220,90,10,24.88,35.71,27.09,11.08,1.23,96,237,366,113,0,11.82,29.19,45.07,13.92,0
Bagmati,Dhading,Jwalamukhi,NP03,NP0330,NP0330406,4,1016,1007,9,0,0,620,315,78,3,0,621,392,0,3,0,0,0,0,820,140,0,0,55,1,0,0,468,29,0,0,519,0,514,443,2,1,23,22,1,1,9,612,341,0,0,63,0,0,977,27,7,0,5,9,845,148,7,7,55,961,259,517,7,812,478,30,83,4,66,5,105,42,0,0,187,303,343,171,12,18.41,29.82,33.76,16.83,1.18,155,441,413,7,0,15.26,43.41,40.65,0.69,0
Bagmati,Dhading,Jwalamukhi,NP03,NP0330,NP0330406,5,1119,1111,7,0,1,476,551,77,14,1,434,669,8,1,0,6,0,1,836,161,6,0,116,0,0,0,327,22,139,3,625,3,558,238,9,1,6,291,16,0,0,716,357,4,0,39,3,0,1102,16,1,0,0,23,1033,54,0,9,72,1047,265,495,6,917,559,17,108,4,65,7,131,24,1,1,158,240,516,186,19,14.12,21.45,46.11,16.62,1.7,141,605,349,24,0,12.6,54.07,31.19,2.14,0
Bagmati,Dhading,Jwalamukhi,NP03,NP0330,NP0330406,6,865,849,14,1,1,383,199,272,10,1,348,499,2,2,0,13,0,1,455,352,1,0,53,3,0,1,246,4,2,0,599,14,126,409,0,32,50,187,0,61,0,347,460,0,0,57,1,0,846,13,5,0,1,53,640,166,2,4,31,834,339,506,5,745,505,46,115,18,150,23,211,94,0,2,107,191,246,250,71,12.37,22.08,28.44,28.9,8.21,246,356,220,43,0,28.44,41.16,25.43,4.97,0
Bagmati,Dhading,Jwalamukhi,NP03,NP0330,NP0330406,7,745,738,5,0,2,581,134,22,7,1,555,171,6,3,2,8,0,0,648,58,1,0,37,1,0,0,512,1,2,3,225,2,400,310,6,12,16,0,1,0,0,597,143,3,0,2,0,0,743,1,1,0,0,12,475,255,0,3,24,721,343,464,2,583,496,26,37,6,108,53,220,102,0,1,127,316,233,65,4,17.05,42.42,31.28,8.72,0.54,18,210,513,4,0,2.42,28.19,68.86,0.54,0
Bagmati,Dhading,Siddhalek,NP03,NP0330,NP0330407,1,975,965,6,1,3,369,519,81,5,1,306,661,0,1,1,6,0,0,629,298,0,1,47,0,0,0,205,37,4,2,726,1,193,570,2,49,22,131,8,0,0,605,347,1,2,19,1,0,970,3,1,0,1,1,931,35,1,7,39,936,470,562,11,828,588,76,197,22,159,29,327,165,4,1,99,163,366,238,109,10.15,16.72,37.54,24.41,11.18,232,495,231,16,1,23.79,50.77,23.69,1.64,0.1
Bagmati,Dhading,Siddhalek,NP03,NP0330,NP0330407,2,1047,1039,2,5,1,712,259,68,6,2,635,397,4,4,3,4,0,0,663,143,1,0,240,0,0,0,435,31,3,0,560,18,208,605,2,4,6,219,3,0,0,761,270,6,2,6,2,0,1020,21,4,0,2,15,697,322,1,12,41,1006,607,461,13,901,518,25,198,5,97,22,137,49,0,0,250,299,346,130,22,23.88,28.56,33.05,12.42,2.1,82,454,448,63,0,7.83,43.36,42.79,6.02,0
Bagmati,Dhading,Siddhalek,NP03,NP0330,NP0330407,3,682,674,7,0,1,465,173,42,2,0,418,260,0,1,1,2,0,0,419,142,1,1,119,0,0,0,357,8,2,2,310,3,153,405,3,0,5,90,25,0,1,527,152,0,1,2,0,0,672,7,2,0,1,1,289,389,1,2,42,640,380,260,2,580,313,13,106,1,34,5,99,23,0,0,223,199,174,68,18,32.7,29.18,25.51,9.97,2.64,75,188,374,45,0,11,27.57,54.84,6.6,0
Bagmati,Dhading,Siddhalek,NP03,NP0330,NP0330407,4,680,664,13,0,3,153,471,52,3,1,139,486,2,0,0,2,0,51,421,206,1,2,49,0,0,1,90,16,2,2,567,3,196,463,9,1,5,4,1,1,0,288,374,5,0,13,0,0,661,17,1,0,1,3,272,402,2,1,36,644,294,369,5,545,380,11,151,8,76,17,224,95,0,0,44,93,277,225,41,6.47,13.68,40.74,33.09,6.03,150,379,148,3,0,22.06,55.74,21.76,0.44,0
Bagmati,Dhading,Siddhalek,NP03,NP0330,NP0330407,5,727,724,2,0,1,465,227,31,4,0,469,247,4,0,1,2,0,4,372,108,3,0,239,4,0,1,319,9,2,1,361,35,331,272,1,0,24,99,0,0,0,561,120,1,0,5,40,0,677,43,3,0,4,10,677,29,2,9,65,662,266,200,4,566,319,11,186,14,42,12,140,51,0,1,185,225,221,76,20,25.45,30.95,30.4,10.45,2.75,67,251,395,14,0,9.22,34.53,54.33,1.93,0
Bagmati,Dhading,Siddhalek,NP03,NP0330,NP0330407,6,735,726,9,0,0,427,227,73,8,0,363,351,7,0,0,6,0,8,413,228,3,0,90,1,0,0,221,16,1,2,483,12,62,487,0,0,17,168,0,1,0,486,208,3,0,33,4,1,722,7,3,0,3,17,193,487,2,36,55,680,215,337,6,603,317,30,76,8,73,25,263,122,2,1,189,205,165,141,35,25.71,27.89,22.45,19.18,4.76,84,241,377,33,0,11.43,32.79,51.29,4.49,0
Bagmati,Dhading,Siddhalek,NP03,NP0330,NP0330407,7,990,966,20,2,2,312,533,137,7,1,276,704,0,5,2,3,0,0,631,264,0,0,94,1,0,0,176,7,8,9,780,10,274,568,1,0,7,140,0,0,0,391,569,1,0,28,0,1,978,11,0,0,1,7,258,717,0,8,7,983,376,478,20,910,769,44,150,8,288,273,572,186,2,1,82,135,367,334,72,8.28,13.64,37.07,33.74,7.27,178,583,210,19,0,17.98,58.89,21.21,1.92,0
Bagmati,Dhading,Benighat Rorang,NP03,NP0330,NP0330408,1,438,437,1,0,0,370,49,0,17,2,378,37,3,15,0,5,0,0,419,1,16,2,0,0,0,0,408,0,0,1,29,0,5,401,1,0,0,31,0,0,0,424,14,0,0,0,0,0,243,193,1,0,1,0,219,163,0,56,80,358,54,24,0,322,184,0,45,1,17,0,0,0,0,0,251,156,24,6,1,57.31,35.62,5.48,1.37,0.23,1,31,380,26,0,0.23,7.08,86.76,5.94,0
Bagmati,Dhading,Benighat Rorang,NP03,NP0330,NP0330408,2,1117,1066,47,2,2,875,163,8,69,2,871,175,52,15,0,3,0,1,916,90,68,9,30,3,0,1,880,21,9,0,207,0,71,710,4,8,77,210,35,0,2,811,303,0,0,0,1,2,830,198,6,1,82,13,484,405,8,207,147,970,373,275,9,830,268,11,7,8,68,3,143,48,5,0,653,254,133,64,13,58.46,22.74,11.91,5.73,1.16,56,175,675,180,31,5.01,15.67,60.43,16.11,2.78
Bagmati,Dhading,Benighat Rorang,NP03,NP0330,NP0330408,3,1189,880,293,6,10,230,424,507,7,21,211,920,5,3,2,10,0,38,462,669,8,0,49,0,0,1,195,38,13,33,909,1,508,503,2,2,45,126,3,0,0,324,858,2,0,3,1,1,1177,2,6,0,4,16,1110,21,11,31,73,1116,216,686,40,744,918,194,437,48,343,76,722,381,48,5,91,117,251,375,355,7.65,9.84,21.11,31.54,29.86,699,262,203,24,1,58.79,22.04,17.07,2.02,0.08
Bagmati,Dhading,Benighat Rorang,NP03,NP0330,NP0330408,4,560,552,5,3,0,251,272,20,17,0,245,298,12,0,2,3,0,0,463,62,1,1,32,0,0,1,205,37,1,2,315,0,59,459,0,0,23,17,0,0,2,389,166,1,0,2,2,0,535,8,3,0,14,4,394,133,1,28,43,517,187,188,6,488,340,6,24,2,47,5,28,7,0,1,105,131,231,91,2,18.75,23.39,41.25,16.25,0.36,81,252,216,11,0,14.46,45,38.57,1.96,0
Bagmati,Dhading,Benighat Rorang,NP03,NP0330,NP0330408,5,766,671,82,11,2,102,408,251,3,2,83,668,6,1,1,7,0,0,362,381,0,1,21,0,0,1,86,13,12,5,644,6,205,482,3,0,21,55,0,0,0,205,552,8,0,0,0,1,748,9,3,0,6,12,226,518,5,5,23,743,221,407,43,585,632,97,223,21,179,85,448,285,31,2,43,52,216,296,159,5.61,6.79,28.2,38.64,20.76,274,390,94,7,1,35.77,50.91,12.27,0.91,0.13
Bagmati,Dhading,Benighat Rorang,NP03,NP0330,NP0330408,6,510,503,1,0,6,406,98,2,2,2,397,106,3,1,0,2,0,1,450,34,6,0,20,0,0,0,399,1,3,3,97,7,8,302,0,0,5,195,0,0,0,440,69,1,0,0,0,0,264,197,0,0,49,2,336,166,2,4,107,403,143,92,0,328,202,3,0,0,16,0,38,7,1,0,321,77,66,43,3,62.94,15.1,12.94,8.43,0.59,25,83,361,38,3,4.9,16.27,70.78,7.45,0.59
Bagmati,Dhading,Benighat Rorang,NP03,NP0330,NP0330408,7,719,578,131,4,6,237,212,258,11,1,216,468,23,0,0,8,0,4,414,275,0,3,25,2,0,0,217,13,0,3,483,3,186,390,3,93,11,27,9,0,0,284,431,4,0,0,0,0,679,23,10,0,7,11,562,135,0,11,24,695,256,464,27,621,593,98,435,22,145,120,439,297,40,1,92,121,71,194,241,12.8,16.83,9.87,26.98,33.52,337,160,201,21,0,46.87,22.25,27.96,2.92,0
Bagmati,Dhading,Benighat Rorang,NP03,NP0330,NP0330408,8,498,490,7,0,1,463,31,2,2,0,456,39,2,0,0,1,0,0,467,8,15,1,7,0,0,0,433,7,3,3,51,1,78,385,0,5,11,1,15,2,1,451,30,0,0,16,0,1,340,140,4,0,14,13,446,17,0,22,85,413,129,66,1,377,161,8,2,0,8,1,8,4,0,0,309,133,36,19,1,62.05,26.71,7.23,3.82,0.2,14,55,406,23,0,2.81,11.04,81.53,4.62,0
Bagmati,Dhading,Benighat Rorang,NP03,NP0330,NP0330408,9,785,701,75,7,2,422,140,216,7,0,419,358,5,1,0,2,0,0,515,258,2,0,9,1,0,0,396,17,11,1,357,3,417,311,0,5,22,29,1,0,0,492,269,0,0,24,0,0,742,22,17,2,2,9,696,68,4,8,118,667,252,372,5,494,411,39,79,13,129,14,298,189,9,2,251,161,98,167,108,31.97,20.51,12.48,21.27,13.76,254,126,387,17,1,32.36,16.05,49.3,2.17,0.13
Bagmati,Dhading,Benighat Rorang,NP03,NP0330,NP0330408,10,1019,986,27,3,3,785,138,91,5,0,775,235,6,2,0,0,0,1,830,138,2,0,47,2,0,0,686,14,7,4,308,0,201,697,1,4,28,82,6,0,0,712,292,6,0,8,0,1,948,58,4,1,8,45,535,381,10,48,165,854,193,360,3,681,508,22,39,8,69,5,114,79,3,3,452,265,161,104,37,44.36,26.01,15.8,10.21,3.63,117,220,627,54,1,11.48,21.59,61.53,5.3,0.1
Bagmati,Dhading,Gajuri,NP03,NP0330,NP0330409,1,1427,977,431,11,8,265,451,690,18,3,235,1171,9,2,0,7,0,3,532,838,2,0,50,2,0,3,218,11,6,22,1162,8,887,427,2,20,11,69,1,6,4,330,1094,0,0,0,2,1,1398,20,3,0,6,13,1279,82,1,52,44,1383,264,818,101,1005,1058,244,589,48,408,113,932,496,47,10,89,112,311,458,457,6.24,7.85,21.79,32.1,32.03,897,337,176,17,0,62.86,23.62,12.33,1.19,0
Bagmati,Dhading,Gajuri,NP03,NP0330,NP0330409,2,1034,855,172,3,4,360,356,294,15,9,349,656,6,6,0,8,0,9,588,367,8,0,63,0,0,8,338,42,1,6,646,1,419,479,4,31,50,8,40,3,0,502,514,2,0,10,3,3,1014,9,5,2,4,18,917,54,19,26,27,1007,389,549,9,826,581,75,213,15,216,24,448,283,30,1,213,126,253,253,189,20.6,12.19,24.47,24.47,18.28,392,301,316,18,7,37.91,29.11,30.56,1.74,0.68
Bagmati,Dhading,Gajuri,NP03,NP0330,NP0330409,3,458,443,12,1,2,272,158,2,25,1,380,47,25,3,0,3,0,0,409,27,5,1,16,0,0,0,342,15,2,1,95,3,278,142,2,1,3,32,0,0,0,403,52,1,0,1,1,0,179,264,12,1,2,8,365,43,0,42,30,428,181,42,0,408,165,3,15,1,9,1,2,0,0,0,204,174,65,14,1,44.54,37.99,14.19,3.06,0.22,17,93,322,25,1,3.71,20.31,70.31,5.46,0.22
Bagmati,Dhading,Gajuri,NP03,NP0330,NP0330409,4,587,580,5,2,0,379,169,0,39,0,452,89,20,3,1,15,0,7,544,11,11,2,19,0,0,0,417,20,1,0,149,0,47,504,1,3,9,20,1,0,2,512,74,0,0,0,1,0,167,394,6,0,20,1,424,53,3,106,69,518,273,49,2,487,290,5,140,3,40,3,18,3,0,1,222,213,130,20,2,37.82,36.29,22.15,3.41,0.34,7,151,383,41,5,1.19,25.72,65.25,6.98,0.85
Bagmati,Dhading,Gajuri,NP03,NP0330,NP0330409,5,955,899,56,0,0,365,403,157,22,8,333,555,11,4,0,17,0,35,541,273,3,1,137,0,0,0,311,6,3,2,628,5,276,616,13,3,10,24,0,12,1,558,383,1,0,13,0,0,930,20,0,0,5,7,724,209,0,15,59,896,397,486,4,734,633,75,292,13,181,21,338,162,17,2,126,185,307,221,116,13.19,19.37,32.15,23.14,12.15,213,420,298,24,0,22.3,43.98,31.2,2.51,0
Bagmati,Dhading,Gajuri,NP03,NP0330,NP0330409,6,1127,1055,65,2,5,415,614,75,21,2,371,719,7,2,2,19,3,4,771,292,2,2,60,0,0,0,328,11,4,7,760,17,496,442,5,17,17,139,3,8,0,643,477,4,0,3,0,0,936,181,1,1,8,10,979,73,4,61,148,979,419,604,45,859,682,40,455,27,119,71,284,97,0,1,189,144,326,352,116,16.77,12.78,28.93,31.23,10.29,350,426,290,61,0,31.06,37.8,25.73,5.41,0
Bagmati,Dhading,Gajuri,NP03,NP0330,NP0330409,7,493,492,0,0,1,412,69,9,3,0,410,79,0,0,0,4,0,0,443,34,0,0,16,0,0,0,374,8,1,2,108,0,20,384,0,0,8,80,0,0,1,450,43,0,0,0,0,0,488,4,1,0,0,4,484,4,0,1,56,437,198,172,0,367,226,13,80,2,61,3,81,28,0,0,202,147,106,29,9,40.97,29.82,21.5,5.88,1.83,19,93,370,11,0,3.85,18.86,75.05,2.23,0
Bagmati,Dhading,Gajuri,NP03,NP0330,NP0330409,8,758,750,7,0,1,431,305,10,11,1,462,281,2,1,0,12,0,0,712,37,1,0,8,0,0,0,470,15,1,0,267,5,348,367,1,12,21,6,2,1,0,680,75,0,0,3,0,0,743,13,1,0,1,16,620,58,3,61,54,704,472,218,3,672,399,11,173,5,56,17,74,33,0,1,212,225,243,62,16,27.97,29.68,32.06,8.18,2.11,37,293,421,7,0,4.88,38.65,55.54,0.92,0
Bagmati,Dhading,Galchhi,NP03,NP0330,NP0330410,1,879,869,5,1,4,484,191,189,13,2,416,445,9,1,0,8,0,0,648,176,3,0,51,0,0,1,278,7,19,0,561,14,386,300,1,1,22,162,3,0,4,564,291,3,0,20,1,0,861,11,2,0,5,17,439,391,6,26,30,849,264,533,7,770,630,31,269,8,135,17,379,162,1,3,163,218,209,187,102,18.54,24.8,23.78,21.27,11.6,194,280,338,65,2,22.07,31.85,38.45,7.39,0.23
Bagmati,Dhading,Galchhi,NP03,NP0330,NP0330410,2,782,774,5,1,2,346,302,125,6,3,354,417,7,2,0,1,0,1,602,156,1,0,22,1,0,0,229,21,7,2,518,5,419,272,1,2,4,83,1,0,0,572,205,1,0,4,0,0,755,24,2,0,1,4,736,22,4,16,24,758,279,393,5,694,391,31,248,2,89,68,232,83,0,2,116,181,267,152,66,14.83,23.15,34.14,19.44,8.44,158,365,250,9,0,20.2,46.68,31.97,1.15,0
Bagmati,Dhading,Galchhi,NP03,NP0330,NP0330410,3,372,369,1,1,1,113,259,0,0,0,102,269,0,0,1,0,0,0,306,59,1,0,6,0,0,0,86,3,14,1,267,1,111,245,1,1,14,0,0,0,0,274,91,0,0,7,0,0,358,14,0,0,0,5,352,7,0,8,12,360,224,202,6,339,221,7,76,3,65,5,97,16,0,0,38,42,175,101,16,10.22,11.29,47.04,27.15,4.3,68,226,78,0,0,18.28,60.75,20.97,0,0
Bagmati,Dhading,Galchhi,NP03,NP0330,NP0330410,4,824,734,85,2,3,302,289,218,13,2,281,496,6,4,1,13,0,23,514,244,4,0,59,0,0,3,236,7,4,3,570,4,573,92,0,0,18,125,16,0,0,447,364,2,0,9,1,1,813,7,3,0,1,33,382,376,11,22,24,800,457,462,40,692,522,70,360,32,206,41,327,187,13,2,136,117,238,182,151,16.5,14.2,28.88,22.09,18.33,200,336,222,66,0,24.27,40.78,26.94,8.01,0
Bagmati,Dhading,Galchhi,NP03,NP0330,NP0330410,5,730,724,2,0,4,408,317,4,0,1,378,351,0,0,0,1,0,0,649,73,1,0,6,0,0,1,287,109,3,13,318,0,376,333,2,0,18,1,0,0,0,637,92,1,0,0,0,0,720,9,1,0,0,9,645,33,4,39,83,647,591,150,2,570,277,5,94,2,64,1,11,2,1,0,206,200,256,60,8,28.22,27.4,35.07,8.22,1.1,52,345,331,2,0,7.12,47.26,45.34,0.27,0
Bagmati,Dhading,Galchhi,NP03,NP0330,NP0330410,6,725,574,141,1,9,135,389,166,25,10,117,555,3,0,0,44,0,6,293,402,2,0,26,2,0,0,118,13,11,21,555,7,292,334,31,11,34,15,0,0,8,218,506,0,1,0,0,0,715,8,0,0,2,84,577,47,0,17,20,705,573,486,66,602,526,128,355,40,256,55,510,226,36,3,50,70,150,217,238,6.9,9.66,20.69,29.93,32.83,401,191,116,17,0,55.31,26.34,16,2.34,0
Bagmati,Dhading,Galchhi,NP03,NP0330,NP0330410,7,854,719,125,3,7,167,279,362,44,2,132,676,18,1,1,25,0,1,419,416,3,2,13,0,0,1,142,8,5,8,687,4,226,487,11,24,9,96,0,0,1,340,503,0,0,8,0,3,844,10,0,0,0,16,641,166,2,29,30,824,679,544,41,676,659,147,547,51,280,44,531,317,25,3,48,68,222,242,274,5.62,7.96,26,28.34,32.08,335,349,158,12,0,39.23,40.87,18.5,1.41,0
Bagmati,Dhading,Galchhi,NP03,NP0330,NP0330410,8,809,775,30,1,3,223,505,70,11,0,223,576,1,1,0,8,0,0,629,177,1,2,0,0,0,0,197,18,12,5,572,5,14,369,2,4,127,292,0,0,1,654,150,1,0,4,0,0,775,31,0,1,2,4,329,445,19,12,36,773,575,339,6,724,389,22,191,5,130,3,149,62,3,2,118,168,351,134,38,14.59,20.77,43.39,16.56,4.7,66,379,257,107,0,8.16,46.85,31.77,13.23,0
Bagmati,Dhading,Thakre,NP03,NP0330,NP0330411,1,602,548,52,1,1,156,430,2,12,2,149,433,5,0,0,15,0,0,377,223,0,0,1,1,0,0,164,10,1,1,424,2,331,264,0,0,1,6,0,0,0,433,168,0,0,1,0,0,590,12,0,0,0,5,505,90,2,0,39,563,164,274,28,534,307,14,60,9,84,3,123,57,2,0,81,83,282,113,43,13.46,13.79,46.84,18.77,7.14,144,312,141,5,0,23.92,51.83,23.42,0.83,0
Bagmati,Dhading,Thakre,NP03,NP0330,NP0330411,2,1125,995,122,7,1,232,620,233,36,4,228,846,3,4,1,37,0,6,552,564,1,2,6,0,0,0,237,15,1,3,862,7,262,834,2,3,3,17,0,0,4,448,674,0,0,3,0,0,1107,13,5,0,0,97,761,228,22,17,25,1100,222,624,7,790,853,86,205,82,249,21,552,194,10,3,99,133,330,390,173,8.8,11.82,29.33,34.67,15.38,488,413,202,22,0,43.38,36.71,17.96,1.96,0
Bagmati,Dhading,Thakre,NP03,NP0330,NP0330411,3,716,713,3,0,0,325,380,2,6,3,294,401,4,1,0,16,0,0,586,118,0,1,10,0,0,1,347,8,3,3,353,2,505,201,1,0,2,2,0,5,0,593,117,1,0,5,0,0,709,2,4,1,0,12,404,286,3,11,44,672,217,242,0,597,314,11,18,1,95,5,76,31,1,1,185,152,277,90,12,25.84,21.23,38.69,12.57,1.68,66,343,301,6,0,9.22,47.91,42.04,0.84,0
Bagmati,Dhading,Thakre,NP03,NP0330,NP0330411,4,638,608,22,1,7,313,190,64,68,3,311,248,1,15,0,63,0,0,496,140,0,0,0,1,0,1,304,16,54,3,260,1,425,183,0,3,3,1,23,0,0,497,139,0,0,1,1,0,621,7,7,0,3,4,292,339,0,3,30,608,220,235,2,551,389,8,121,2,44,3,75,26,0,0,204,121,213,85,15,31.97,18.97,33.39,13.32,2.35,72,252,259,49,6,11.29,39.5,40.6,7.68,0.94
Bagmati,Dhading,Thakre,NP03,NP0330,NP0330411,5,496,492,4,0,0,254,222,6,12,2,221,254,3,3,1,14,0,0,290,187,1,1,16,1,0,0,148,76,6,5,260,1,232,239,2,1,15,1,1,0,5,408,88,0,0,0,0,0,495,0,0,0,1,2,118,359,4,13,25,471,145,168,2,456,290,9,12,0,28,2,42,11,1,0,134,93,236,30,3,27.02,18.75,47.58,6.05,0.6,19,265,198,14,0,3.83,53.43,39.92,2.82,0
Bagmati,Dhading,Thakre,NP03,NP0330,NP0330411,6,857,565,266,2,24,80,351,391,35,0,36,747,2,17,0,33,0,22,312,513,1,20,1,1,0,9,74,8,5,11,756,3,704,121,1,1,19,10,1,0,0,256,585,1,0,15,0,0,849,8,0,0,0,3,165,558,124,7,5,852,245,582,29,682,626,137,330,63,220,220,496,261,24,4,38,47,269,311,192,4.43,5.48,31.39,36.29,22.4,385,369,64,39,0,44.92,43.06,7.47,4.55,0
Bagmati,Dhading,Thakre,NP03,NP0330,NP0330411,7,1005,914,84,5,2,148,601,190,53,13,122,804,6,5,0,59,0,9,515,485,1,0,4,0,0,0,195,25,11,1,770,3,336,653,1,0,12,2,1,0,0,556,442,2,0,5,0,0,984,16,4,1,0,45,454,478,6,22,43,962,187,611,9,757,721,45,152,14,154,15,310,203,3,0,75,99,437,295,99,7.46,9.85,43.48,29.35,9.85,268,558,146,33,0,26.67,55.52,14.53,3.28,0
Bagmati,Dhading,Thakre,NP03,NP0330,NP0330411,8,699,653,37,0,9,76,413,186,24,0,66,595,1,0,0,37,0,0,318,377,1,0,2,1,0,0,96,12,1,3,581,6,272,371,1,2,6,47,0,0,0,364,329,1,1,4,0,0,686,9,2,0,2,7,566,111,0,15,8,691,134,477,9,495,563,31,239,18,211,6,261,122,5,1,35,44,237,261,122,5.01,6.29,33.91,37.34,17.45,261,343,79,16,0,37.34,49.07,11.3,2.29,0
Bagmati,Dhading,Thakre,NP03,NP0330,NP0330411,9,434,423,11,0,0,37,316,70,8,3,33,389,2,6,1,3,0,0,241,189,1,0,2,1,0,0,37,2,1,0,393,1,191,233,2,0,5,2,0,0,1,285,139,0,0,10,0,0,431,3,0,0,0,17,318,94,0,5,37,397,100,286,1,257,292,38,67,7,114,5,148,96,4,1,19,21,206,126,62,4.38,4.84,47.47,29.03,14.29,117,279,31,7,0,26.96,64.29,7.14,1.61,0
Bagmati,Dhading,Thakre,NP03,NP0330,NP0330411,10,654,645,5,2,2,148,456,33,15,2,177,445,10,0,1,17,0,4,493,151,3,0,5,1,0,1,135,20,140,4,338,17,397,215,0,3,10,27,2,0,0,473,162,3,0,15,1,0,640,6,5,0,3,16,310,318,1,9,24,630,338,296,4,551,303,10,67,5,80,18,70,26,1,0,77,113,339,105,20,11.77,17.28,51.83,16.06,3.06,63,412,164,14,1,9.63,63,25.08,2.14,0.15
Bagmati,Dhading,Thakre,NP03,NP0330,NP0330411,11,621,610,11,0,0,112,466,31,12,0,112,496,10,1,0,2,0,0,329,287,2,0,3,0,0,0,111,24,24,4,457,1,521,89,0,1,4,3,2,0,1,355,212,0,0,54,0,0,618,3,0,0,0,16,387,208,0,10,12,609,259,383,8,539,444,33,87,17,128,21,302,81,0,0,41,70,276,186,48,6.6,11.27,44.44,29.95,7.73,88,427,105,1,0,14.17,68.76,16.91,0.16,0
Bagmati,Dhading,Dhunibenshi,NP03,NP0330,NP0330302,1,913,871,32,5,5,213,567,92,30,11,188,653,1,1,4,64,1,1,537,373,1,0,2,0,0,0,229,13,27,4,632,8,471,403,3,2,15,11,7,0,1,588,325,0,0,0,0,0,907,5,1,0,0,5,330,541,0,37,66,847,101,491,1,686,503,26,297,6,225,15,67,96,2,0,107,107,378,252,69,11.72,11.72,41.4,27.6,7.56,151,520,205,35,2,16.54,56.96,22.45,3.83,0.22
Bagmati,Dhading,Dhunibenshi,NP03,NP0330,NP0330302,2,826,806,8,12,0,104,519,149,39,15,73,677,3,2,9,58,1,3,497,318,0,0,3,0,0,8,123,3,13,15,653,19,311,106,1,0,6,359,42,1,0,613,207,2,0,1,2,1,810,9,6,0,1,19,180,581,5,41,23,803,283,453,3,716,597,41,390,11,163,29,137,106,2,1,61,108,351,266,40,7.38,13.08,42.49,32.2,4.84,66,407,276,72,5,7.99,49.27,33.41,8.72,0.61
Bagmati,Dhading,Dhunibenshi,NP03,NP0330,NP0330302,3,674,641,14,0,19,86,451,80,23,34,30,573,2,0,23,39,0,7,403,270,0,0,1,0,0,0,84,2,1,5,558,24,314,100,0,10,54,178,18,0,0,435,231,0,1,6,1,0,659,8,6,0,1,3,428,205,2,36,30,644,155,356,7,573,412,11,270,4,101,11,112,84,2,1,39,72,303,213,47,5.79,10.68,44.96,31.6,6.97,62,473,91,46,2,9.2,70.18,13.5,6.82,0.3
Bagmati,Dhading,Dhunibenshi,NP03,NP0330,NP0330302,4,607,596,9,1,1,145,322,78,58,4,131,402,2,0,0,66,0,6,468,138,0,0,1,0,0,0,188,4,1,5,407,2,491,69,2,0,19,21,0,0,5,471,135,1,0,0,0,0,578,12,14,0,3,3,291,304,0,9,31,576,168,337,2,522,397,30,367,9,123,7,79,84,2,3,86,75,210,171,65,14.17,12.36,34.6,28.17,10.71,66,331,162,47,1,10.87,54.53,26.69,7.74,0.16
Bagmati,Dhading,Dhunibenshi,NP03,NP0330,NP0330302,5,775,733,29,8,5,61,450,217,44,3,55,665,2,1,0,51,0,1,434,332,0,0,7,2,0,0,112,14,6,7,633,3,426,158,1,47,24,114,0,3,2,439,324,2,0,6,4,0,769,3,2,0,1,3,211,495,26,40,24,751,163,497,15,620,524,35,338,24,173,63,245,165,5,2,57,51,288,281,98,7.35,6.58,37.16,36.26,12.65,136,480,113,46,0,17.55,61.94,14.58,5.94,0
Bagmati,Dhading,Dhunibenshi,NP03,NP0330,NP0330302,6,681,585,92,4,0,97,254,305,20,5,82,554,1,3,2,34,2,3,273,396,0,1,10,1,0,0,103,18,6,2,550,2,298,280,0,2,23,73,4,0,1,276,398,0,0,6,0,1,674,4,1,0,2,4,209,457,4,7,12,669,167,460,28,542,555,105,384,27,199,19,324,230,12,2,33,60,184,256,148,4.85,8.81,27.02,37.59,21.73,239,308,104,30,0,35.1,45.23,15.27,4.41,0
Bagmati,Dhading,Dhunibenshi,NP03,NP0330,NP0330302,7,868,796,69,1,2,433,294,89,45,7,404,390,8,1,0,57,0,8,567,295,2,0,1,3,0,0,451,16,2,1,397,1,335,342,1,20,43,86,41,0,0,553,314,1,0,0,0,0,855,7,5,0,1,11,188,606,2,61,73,795,179,515,32,727,467,90,360,19,178,12,209,164,21,2,304,119,152,173,120,35.02,13.71,17.51,19.93,13.82,107,284,365,109,3,12.33,32.72,42.05,12.56,0.35
Bagmati,Dhading,Dhunibenshi,NP03,NP0330,NP0330302,8,909,844,60,2,3,143,399,338,27,2,142,734,8,3,1,20,0,1,362,540,1,0,3,3,0,0,153,9,6,19,717,5,537,266,3,1,3,36,10,53,0,296,607,1,0,5,0,0,900,5,3,0,1,3,147,730,0,29,18,891,160,670,28,743,784,129,535,37,261,27,352,277,18,1,51,79,194,389,196,5.61,8.69,21.34,42.79,21.56,279,461,136,32,1,30.69,50.72,14.96,3.52,0.11
Bagmati,Dhading,Dhunibenshi,NP03,NP0330,NP0330302,9,993,957,20,16,0,261,453,135,133,11,225,609,4,8,1,138,1,7,620,363,5,0,3,1,0,1,324,12,18,11,617,11,310,433,4,7,20,189,28,2,0,539,342,6,0,102,4,0,973,12,6,0,2,9,500,420,30,34,31,962,135,602,5,733,766,75,462,19,161,82,177,88,5,0,113,186,323,279,92,11.38,18.73,32.53,28.1,9.26,187,381,329,95,1,18.83,38.37,33.13,9.57,0.1
Bagmati,Nuwakot,Dupcheshwor,NP03,NP0328,NP0328408,1,711,700,10,0,1,673,35,2,1,0,678,31,0,0,0,1,0,1,703,8,0,0,0,0,0,0,618,49,2,2,39,1,100,501,0,0,0,110,0,0,0,687,18,4,0,1,1,0,672,37,2,0,0,26,337,346,1,1,217,494,129,37,12,408,340,4,37,2,9,1,0,0,0,0,504,164,37,6,0,70.89,23.07,5.2,0.84,0,2,43,587,79,0,0.28,6.05,82.56,11.11,0
Bagmati,Nuwakot,Dupcheshwor,NP03,NP0328,NP0328408,2,697,686,7,1,3,496,175,23,0,3,481,213,0,0,0,1,0,2,672,24,0,0,0,0,0,1,506,7,0,1,183,0,34,625,0,0,1,34,0,1,2,614,83,0,0,0,0,0,685,12,0,0,0,10,469,179,5,34,141,556,224,135,2,507,289,2,42,1,37,2,5,5,0,2,256,245,163,30,3,36.73,35.15,23.39,4.3,0.43,12,215,467,3,0,1.72,30.85,67,0.43,0
Bagmati,Nuwakot,Dupcheshwor,NP03,NP0328,NP0328408,3,547,538,7,1,1,261,280,4,1,1,256,283,1,0,1,6,0,0,461,84,0,1,1,0,0,0,315,28,0,1,203,0,45,495,0,0,2,3,0,0,2,464,81,0,0,2,0,0,518,28,0,0,1,4,495,40,2,6,93,454,139,182,10,398,301,17,233,6,42,0,35,30,1,0,119,135,189,76,28,21.76,24.68,34.55,13.89,5.12,51,244,247,5,0,9.32,44.61,45.16,0.91,0
Bagmati,Nuwakot,Dupcheshwor,NP03,NP0328,NP0328408,4,1043,1022,17,4,0,753,254,28,6,2,766,266,1,0,0,10,0,0,953,89,0,0,1,0,0,0,775,18,5,8,236,1,130,899,0,1,1,10,0,0,2,983,57,3,0,0,0,0,1030,12,0,0,1,92,574,374,1,2,148,895,184,89,3,799,357,4,79,1,24,0,3,5,0,0,543,232,238,29,1,52.06,22.24,22.82,2.78,0.1,30,250,749,13,1,2.88,23.97,71.81,1.25,0.1
Bagmati,Nuwakot,Dupcheshwor,NP03,NP0328,NP0328408,5,607,594,10,3,0,276,305,20,4,2,307,294,0,0,0,6,0,0,579,27,0,0,1,0,0,0,335,24,4,2,241,1,214,390,0,0,1,2,0,0,0,515,92,0,0,0,0,0,596,10,0,0,1,11,592,1,1,2,64,543,64,127,3,476,410,45,282,24,30,31,24,18,3,0,115,153,231,85,23,18.95,25.21,38.06,14,3.79,64,257,284,2,0,10.54,42.34,46.79,0.33,0
Bagmati,Nuwakot,Dupcheshwor,NP03,NP0328,NP0328408,6,725,675,47,2,1,454,187,68,15,1,454,249,0,3,0,19,0,0,583,138,2,0,1,1,0,0,472,8,2,4,221,18,339,299,0,0,77,7,0,3,0,579,144,0,0,1,1,0,700,19,5,0,1,12,590,98,5,20,66,659,321,228,4,575,413,38,323,14,55,2,87,56,8,1,216,200,162,103,44,29.79,27.59,22.34,14.21,6.07,110,157,439,19,0,15.17,21.66,60.55,2.62,0
Bagmati,Nuwakot,Dupcheshwor,NP03,NP0328,NP0328408,7,811,805,4,0,2,731,69,6,4,1,721,84,1,1,0,4,0,0,792,18,1,0,0,0,0,0,697,7,2,2,101,2,391,295,0,0,9,115,0,0,1,772,39,0,0,0,0,0,791,16,2,0,2,45,278,440,44,4,105,706,295,168,2,630,488,24,273,7,13,1,7,17,0,0,351,332,100,26,2,43.28,40.94,12.33,3.21,0.25,3,98,597,111,2,0.37,12.08,73.61,13.69,0.25
Bagmati,Nuwakot,Tadi,NP03,NP0328,NP0328405,1,733,727,6,0,0,630,96,6,1,0,639,84,3,2,0,5,0,0,705,24,0,0,3,0,0,1,624,19,0,2,83,5,213,512,0,0,0,6,0,0,2,692,41,0,0,0,0,0,639,79,2,0,13,89,481,123,0,40,207,526,215,49,0,406,181,1,67,1,10,2,2,1,0,0,442,216,67,7,1,60.3,29.47,9.14,0.95,0.14,8,137,573,14,1,1.09,18.69,78.17,1.91,0.14
Bagmati,Nuwakot,Tadi,NP03,NP0328,NP0328405,2,706,690,4,5,7,367,289,31,10,9,367,309,6,1,1,8,3,11,600,100,2,0,4,0,0,0,362,13,10,13,302,6,83,478,0,0,8,132,1,0,4,579,113,2,0,11,1,0,626,69,7,0,4,4,567,99,12,24,74,632,306,238,6,552,276,16,76,3,56,5,81,35,3,1,216,167,228,70,25,30.59,23.65,32.29,9.92,3.54,62,253,352,39,0,8.78,35.84,49.86,5.52,0
Bagmati,Nuwakot,Tadi,NP03,NP0328,NP0328405,3,863,806,52,1,4,199,431,182,45,6,197,579,11,10,0,33,0,33,574,268,1,0,18,1,0,1,193,9,3,11,644,3,148,443,0,1,2,269,0,0,0,589,273,0,0,1,0,0,828,23,2,0,10,6,751,86,3,17,44,819,265,367,3,741,464,77,264,5,89,7,202,103,3,1,117,123,349,181,93,13.56,14.25,40.44,20.97,10.78,120,499,205,38,1,13.9,57.82,23.75,4.4,0.12
Bagmati,Nuwakot,Tadi,NP03,NP0328,NP0328405,4,600,563,18,2,17,163,324,105,6,2,172,405,0,1,0,16,1,5,499,97,1,0,3,0,0,0,284,14,4,1,295,2,241,310,0,0,4,43,1,0,1,469,130,0,0,1,0,0,583,12,2,0,3,11,558,20,0,11,30,570,325,185,2,495,440,23,85,13,84,13,90,85,2,2,62,159,234,86,59,10.33,26.5,39,14.33,9.83,107,301,188,4,0,17.83,50.17,31.33,0.67,0
Bagmati,Nuwakot,Tadi,NP03,NP0328,NP0328405,5,629,600,24,1,4,166,339,104,19,1,166,443,3,0,0,16,1,0,424,197,1,0,7,0,0,0,176,2,0,7,443,1,127,486,0,0,1,3,11,0,1,423,204,1,0,1,0,0,617,9,0,0,3,11,598,13,0,7,38,591,293,328,3,477,396,9,357,4,93,3,204,43,0,0,71,76,223,200,59,11.29,12.08,35.45,31.8,9.38,180,291,150,8,0,28.62,46.26,23.85,1.27,0
Bagmati,Nuwakot,Tadi,NP03,NP0328,NP0328405,6,493,491,2,0,0,327,153,7,6,0,328,160,0,2,0,3,0,0,448,45,0,0,0,0,0,0,261,22,0,4,205,1,98,355,0,0,5,35,0,0,0,429,63,0,0,1,0,0,480,4,6,2,1,9,422,51,1,10,89,404,229,148,2,362,223,9,131,0,32,2,23,3,0,0,164,130,141,50,8,33.27,26.37,28.6,10.14,1.62,39,183,251,20,0,7.91,37.12,50.91,4.06,0
Bagmati,Nuwakot,Suryagadhi,NP03,NP0328,NP0328404,1,888,882,5,1,0,485,367,24,11,1,467,398,3,2,1,17,0,0,801,74,1,0,12,0,0,0,427,28,2,0,423,8,243,640,0,0,4,1,0,0,0,740,148,0,0,0,0,0,863,16,7,1,1,7,572,301,0,8,78,810,661,208,6,751,533,18,28,0,37,0,10,13,1,0,189,287,342,59,11,21.28,32.32,38.51,6.64,1.24,46,412,417,13,0,5.18,46.4,46.96,1.46,0
Bagmati,Nuwakot,Suryagadhi,NP03,NP0328,NP0328404,2,572,557,15,0,0,210,328,29,5,0,216,346,1,2,0,7,0,0,478,91,2,0,1,0,0,0,144,3,7,0,418,0,20,463,0,3,9,74,3,0,0,413,159,0,0,0,0,0,563,0,7,0,2,3,527,15,0,27,56,516,368,242,1,465,318,23,79,1,77,0,31,29,0,0,82,112,235,112,31,14.34,19.58,41.08,19.58,5.42,118,295,149,10,0,20.63,51.57,26.05,1.75,0
Bagmati,Nuwakot,Suryagadhi,NP03,NP0328,NP0328404,3,676,671,4,0,1,304,321,47,4,0,171,503,1,0,0,1,0,0,450,219,1,1,4,1,0,0,69,20,95,2,477,13,12,261,0,0,10,393,0,0,0,212,461,1,0,1,1,0,667,6,0,0,3,7,558,104,1,6,16,660,452,429,75,594,473,47,210,4,120,6,94,67,3,1,22,84,277,236,57,3.25,12.43,40.98,34.91,8.43,75,441,156,4,0,11.09,65.24,23.08,0.59,0
Bagmati,Nuwakot,Suryagadhi,NP03,NP0328,NP0328404,4,870,865,4,1,0,278,500,74,12,6,140,710,0,0,1,14,0,5,790,79,0,0,1,0,0,0,128,0,7,1,730,4,29,706,0,11,4,119,0,0,1,766,104,0,0,0,0,0,864,2,4,0,0,6,793,52,0,19,54,816,626,475,5,716,394,9,89,1,102,5,169,32,0,0,70,105,563,111,21,8.05,12.07,64.71,12.76,2.41,60,669,129,12,0,6.9,76.9,14.83,1.38,0
Bagmati,Nuwakot,Suryagadhi,NP03,NP0328,NP0328404,5,823,820,0,1,2,97,588,133,5,0,100,716,4,2,0,1,0,0,631,188,0,0,4,0,0,0,87,16,12,1,687,20,236,269,0,2,5,310,0,0,1,539,279,5,0,0,0,0,814,8,0,0,1,5,656,114,37,11,78,745,577,533,10,604,414,32,126,4,144,50,184,74,1,1,64,66,399,225,69,7.78,8.02,48.48,27.34,8.38,236,398,182,7,0,28.68,48.36,22.11,0.85,0
Bagmati,Nuwakot,Bidur,NP03,NP0328,NP0328301,1,670,552,109,1,8,144,243,211,51,21,89,504,2,1,0,71,0,3,314,339,0,12,4,1,0,0,133,8,9,17,494,9,371,207,0,2,2,72,13,2,1,176,491,3,0,0,0,0,667,1,2,0,0,76,401,163,17,13,14,656,251,484,100,416,494,176,318,50,252,96,523,356,42,13,35,84,124,174,253,5.22,12.54,18.51,25.97,37.76,330,209,69,59,3,49.25,31.19,10.3,8.81,0.45
Bagmati,Nuwakot,Bidur,NP03,NP0328,NP0328301,2,1365,1067,265,10,23,269,469,598,21,8,82,1242,1,3,1,35,0,1,601,754,1,1,6,2,0,0,94,4,6,64,1190,7,435,342,0,39,31,509,2,7,0,300,1055,2,0,7,1,0,1357,3,5,0,0,9,1029,310,4,13,10,1355,619,1018,113,983,1092,346,822,67,577,199,1116,770,91,13,31,67,262,440,565,2.27,4.91,19.19,32.23,41.39,490,707,140,28,0,35.9,51.79,10.26,2.05,0
Bagmati,Nuwakot,Bidur,NP03,NP0328,NP0328301,3,1272,1264,7,1,0,245,558,460,8,1,150,1098,4,1,4,14,1,0,713,545,3,3,7,1,0,0,158,9,10,6,1080,9,523,356,0,65,38,282,7,1,0,614,621,2,5,27,3,0,1260,6,6,0,0,8,837,410,2,15,21,1251,939,797,11,1131,948,102,541,20,284,82,755,301,8,2,51,123,467,420,211,4.01,9.67,36.71,33.02,16.59,351,698,210,13,0,27.59,54.87,16.51,1.02,0
Bagmati,Nuwakot,Bidur,NP03,NP0328,NP0328301,4,1732,1126,561,31,14,63,503,1104,38,24,54,1605,4,6,6,47,0,10,308,1411,3,7,2,1,0,0,75,21,25,61,1531,19,1185,301,0,2,3,204,0,36,1,79,1645,7,0,1,0,0,1725,6,1,0,0,30,1057,627,9,9,16,1716,711,1245,234,1298,1616,586,1255,113,876,247,1483,1025,139,54,12,51,166,573,930,0.69,2.94,9.58,33.08,53.7,1161,471,88,12,0,67.03,27.19,5.08,0.69,0
Bagmati,Nuwakot,Bidur,NP03,NP0328,NP0328301,5,1437,1360,71,4,2,243,793,372,18,11,58,1317,13,0,0,30,0,19,591,839,2,1,4,0,0,0,81,11,12,17,1304,12,878,488,0,10,23,11,0,25,2,359,1055,0,0,21,1,1,1435,1,1,0,0,5,1259,164,0,9,32,1405,546,1031,67,1239,1200,262,767,50,532,236,1092,663,31,13,26,52,307,522,530,1.81,3.62,21.36,36.33,36.88,823,532,77,5,0,57.27,37.02,5.36,0.35,0
Bagmati,Nuwakot,Bidur,NP03,NP0328,NP0328301,6,946,882,43,20,1,102,619,218,5,2,55,875,0,0,0,16,0,0,429,517,0,0,0,0,0,0,57,8,8,5,867,1,473,307,0,57,12,97,0,0,0,300,621,13,0,12,0,0,939,3,4,0,0,1,931,2,0,12,29,917,368,677,16,664,754,151,601,26,370,185,743,424,14,7,20,32,222,284,388,2.11,3.38,23.47,30.02,41.01,504,385,48,9,0,53.28,40.7,5.07,0.95,0
Bagmati,Nuwakot,Bidur,NP03,NP0328,NP0328301,7,1057,1019,28,7,3,353,417,265,12,10,345,673,0,0,1,37,0,1,800,248,0,0,9,0,0,0,275,21,5,2,751,3,242,758,0,0,12,42,0,0,3,661,388,0,0,8,0,0,1056,1,0,0,0,9,1029,12,1,6,41,1016,550,738,34,863,794,161,595,24,245,56,451,267,8,2,72,154,319,277,235,6.81,14.57,30.18,26.21,22.23,327,438,282,10,0,30.94,41.44,26.68,0.95,0
Bagmati,Nuwakot,Bidur,NP03,NP0328,NP0328301,8,970,934,35,0,1,145,704,115,2,4,116,838,3,1,0,11,0,1,656,308,0,2,3,0,0,1,123,13,8,11,812,3,439,473,0,0,8,42,0,1,7,484,484,0,0,1,0,1,969,0,0,0,1,12,632,315,1,10,22,948,440,677,28,767,775,170,548,31,283,117,547,274,18,0,44,63,256,368,239,4.54,6.49,26.39,37.94,24.64,303,530,128,8,1,31.24,54.64,13.2,0.82,0.1
Bagmati,Nuwakot,Bidur,NP03,NP0328,NP0328301,9,1903,1447,378,67,11,133,710,1038,16,6,54,1795,6,0,0,45,1,2,782,1105,7,5,4,0,0,0,73,21,9,35,1759,6,770,1047,0,4,9,62,9,1,1,330,1554,7,0,9,0,3,1890,11,1,1,0,12,1800,78,1,12,25,1878,680,1329,71,1284,1674,354,1385,64,675,183,1599,1002,82,20,15,31,255,750,852,0.79,1.63,13.4,39.41,44.77,1374,450,72,7,0,72.2,23.65,3.78,0.37,0
Bagmati,Nuwakot,Bidur,NP03,NP0328,NP0328301,10,869,865,3,1,0,105,601,152,7,4,167,676,2,2,1,20,0,1,557,308,1,0,1,2,0,0,161,11,5,3,686,3,424,370,0,0,3,69,1,2,0,456,412,0,0,1,0,0,868,0,1,0,0,7,826,21,4,11,19,850,384,585,19,754,638,104,519,26,280,44,519,281,9,1,33,97,224,261,254,3.8,11.16,25.78,30.03,29.23,321,439,106,3,0,36.94,50.52,12.2,0.35,0
Bagmati,Nuwakot,Bidur,NP03,NP0328,NP0328301,11,647,646,0,0,1,357,267,23,0,0,388,257,0,0,0,1,1,0,587,57,0,0,3,0,0,0,164,8,0,0,474,1,325,283,0,0,17,22,0,0,0,526,120,1,0,0,0,0,637,9,1,0,0,7,551,86,0,3,19,628,382,326,3,604,410,17,349,4,79,6,59,34,0,0,72,129,292,132,22,11.13,19.94,45.13,20.4,3.4,64,414,169,0,0,9.89,63.99,26.12,0,0
Bagmati,Nuwakot,Bidur,NP03,NP0328,NP0328301,12,949,935,7,1,6,247,504,189,8,1,230,710,1,0,0,8,0,0,706,236,1,1,5,0,0,0,212,4,3,4,719,7,500,406,0,0,7,36,0,0,0,758,189,0,0,2,0,0,942,6,0,0,1,5,929,7,1,7,50,899,556,591,8,801,674,59,559,14,186,38,334,145,6,3,53,85,383,335,93,5.58,8.96,40.36,35.3,9.8,158,597,191,2,1,16.65,62.91,20.13,0.21,0.11
Bagmati,Nuwakot,Bidur,NP03,NP0328,NP0328301,13,1417,1401,15,0,1,594,698,115,4,6,536,825,5,1,1,22,0,27,1107,283,9,0,18,0,0,0,444,22,6,7,935,3,533,818,0,0,19,40,0,6,1,1189,205,0,0,23,0,0,1410,1,6,0,0,17,1232,162,1,5,89,1328,613,791,6,1166,817,47,457,11,161,59,294,136,3,1,196,271,611,256,83,13.83,19.12,43.12,18.07,5.86,154,778,477,8,0,10.87,54.9,33.66,0.56,0
Bagmati,Nuwakot,Kispang,NP03,NP0328,NP0328402,1,870,851,18,1,0,357,445,65,3,0,278,579,1,1,0,11,0,0,706,164,0,0,0,0,0,0,242,21,1,8,597,1,54,699,0,0,7,102,4,0,4,700,169,0,0,1,0,0,858,12,0,0,0,15,801,42,0,12,204,666,94,199,1,441,469,16,72,2,32,1,1,6,0,0,149,174,404,132,11,17.13,20,46.44,15.17,1.26,144,453,253,20,0,16.55,52.07,29.08,2.3,0
Bagmati,Nuwakot,Kispang,NP03,NP0328,NP0328402,2,789,770,15,2,2,352,324,109,4,0,370,413,2,0,0,4,0,0,593,194,0,0,2,0,0,0,304,18,5,5,453,4,58,570,0,0,9,151,0,1,0,616,168,0,0,4,1,0,783,4,2,0,0,30,674,84,0,1,36,753,378,432,5,571,528,40,126,5,53,2,15,15,0,1,129,165,309,176,10,16.35,20.91,39.16,22.31,1.27,127,354,307,1,0,16.1,44.87,38.91,0.13,0
Bagmati,Nuwakot,Kispang,NP03,NP0328,NP0328402,3,900,854,24,6,16,364,334,195,6,1,330,562,3,0,0,4,0,1,677,218,2,2,1,0,0,0,267,7,22,7,585,12,536,324,0,1,19,19,0,0,1,648,248,0,0,3,1,0,893,6,0,1,0,36,327,523,1,13,90,810,234,412,1,563,544,41,50,4,95,7,14,29,0,0,153,176,402,148,21,17,19.56,44.67,16.44,2.33,134,475,286,5,0,14.89,52.78,31.78,0.56,0
Bagmati,Nuwakot,Kispang,NP03,NP0328,NP0328402,4,455,450,4,1,0,153,289,12,1,0,149,304,1,0,0,1,0,0,397,56,0,0,2,0,0,0,141,11,7,0,293,3,183,270,0,0,1,1,0,0,0,449,5,0,0,1,0,0,453,2,0,0,0,15,300,135,0,5,27,428,117,84,3,361,260,10,8,1,18,1,1,0,0,0,64,95,283,11,2,14.07,20.88,62.2,2.42,0.44,4,309,142,0,0,0.88,67.91,31.21,0,0
Bagmati,Nuwakot,Kispang,NP03,NP0328,NP0328402,5,915,894,13,7,1,78,541,277,16,3,81,797,2,1,1,33,0,0,581,333,0,0,1,0,0,0,80,4,1,3,826,1,384,503,0,0,2,26,0,0,0,512,402,0,0,1,0,0,906,5,2,0,2,5,723,174,1,12,53,862,328,499,2,634,611,57,82,11,103,21,310,163,2,4,39,55,430,329,62,4.26,6.01,46.99,35.96,6.78,319,499,90,7,0,34.86,54.54,9.84,0.77,0
Bagmati,Nuwakot,Myagang,NP03,NP0328,NP0328401,1,84,81,1,1,1,70,14,0,0,0,71,13,0,0,0,0,0,0,81,3,0,0,0,0,0,0,69,1,0,1,13,0,84,0,0,0,0,0,0,0,0,82,2,0,0,0,0,0,83,1,0,0,0,3,81,0,0,0,4,80,19,31,1,53,54,2,1,1,5,0,0,0,0,0,25,43,9,7,0,29.76,51.19,10.71,8.33,0,2,13,69,0,0,2.38,15.48,82.14,0,0
Bagmati,Nuwakot,Myagang,NP03,NP0328,NP0328401,2,677,668,5,2,2,432,170,73,2,0,418,255,1,0,0,2,1,0,503,172,0,1,1,0,0,0,378,2,10,1,283,3,410,264,0,0,0,1,2,0,0,552,125,0,0,0,0,0,672,4,1,0,0,102,474,92,8,1,47,630,149,287,7,480,390,14,37,3,45,4,11,22,2,1,170,219,206,67,15,25.11,32.35,30.43,9.9,2.22,79,252,345,1,0,11.67,37.22,50.96,0.15,0
Bagmati,Nuwakot,Myagang,NP03,NP0328,NP0328401,3,1202,1160,41,1,0,674,360,159,7,2,607,575,8,0,0,8,0,4,989,208,0,0,5,0,0,0,512,17,0,2,668,3,744,331,0,8,42,62,15,0,0,772,430,0,0,0,0,0,1186,10,2,0,4,29,1148,13,1,11,95,1107,413,422,4,827,703,48,244,26,66,23,37,29,0,0,207,325,387,262,21,17.22,27.04,32.2,21.8,1.75,301,414,478,9,0,25.04,34.44,39.77,0.75,0
Bagmati,Nuwakot,Myagang,NP03,NP0328,NP0328401,4,638,620,13,4,1,392,240,4,1,1,387,217,8,0,1,24,1,0,604,32,0,1,1,0,0,0,374,5,6,1,247,5,438,194,0,0,1,2,2,0,1,609,27,0,0,2,0,0,628,7,2,1,0,47,407,180,0,4,69,569,201,228,2,391,397,12,82,5,36,2,3,7,0,0,207,172,195,59,5,32.45,26.96,30.56,9.25,0.78,20,223,391,4,0,3.13,34.95,61.29,0.63,0
Bagmati,Nuwakot,Myagang,NP03,NP0328,NP0328401,5,619,596,22,0,1,209,345,62,2,1,206,409,0,0,0,3,0,1,483,136,0,0,0,0,0,0,162,6,2,0,447,2,40,574,0,0,2,0,2,0,1,391,228,0,0,0,0,0,611,4,3,0,1,2,496,116,0,5,46,573,242,318,5,490,427,17,58,6,72,5,22,31,1,0,66,126,236,161,30,10.66,20.36,38.13,26.01,4.85,184,262,172,1,0,29.73,42.33,27.79,0.16,0
Bagmati,Nuwakot,Myagang,NP03,NP0328,NP0328401,6,749,746,2,0,1,427,298,24,0,0,472,277,0,0,0,0,0,0,697,46,2,0,4,0,0,0,224,8,2,6,509,0,160,575,0,1,3,0,4,0,6,600,147,0,0,2,0,0,735,7,6,1,0,2,739,1,0,7,89,660,144,213,0,485,442,16,27,4,61,1,4,15,0,0,120,238,295,88,8,16.02,31.78,39.39,11.75,1.07,72,464,211,2,0,9.61,61.95,28.17,0.27,0
Bagmati,Nuwakot,Tarakeshwor,NP03,NP0328,NP0328403,1,755,742,12,1,0,482,216,55,2,0,478,271,1,0,0,5,0,0,650,89,1,0,15,0,0,0,448,4,0,1,302,0,26,701,0,1,0,20,6,0,1,590,165,0,0,0,0,0,748,5,1,0,1,13,548,182,0,12,60,695,282,292,2,606,385,23,366,4,70,5,38,23,2,1,216,167,221,121,30,28.61,22.12,29.27,16.03,3.97,90,237,424,4,0,11.92,31.39,56.16,0.53,0
Bagmati,Nuwakot,Tarakeshwor,NP03,NP0328,NP0328403,2,589,589,0,0,0,218,265,89,16,1,128,444,2,1,2,12,0,0,451,115,0,0,23,0,0,0,138,6,0,0,444,1,213,358,0,0,10,3,5,0,0,472,116,0,0,1,0,0,584,3,1,0,1,12,568,4,0,5,12,577,282,250,6,516,369,13,212,9,50,40,244,66,0,0,47,93,281,139,29,7.98,15.79,47.71,23.6,4.92,80,387,117,4,1,13.58,65.7,19.86,0.68,0.17
Bagmati,Nuwakot,Tarakeshwor,NP03,NP0328,NP0328403,3,696,682,9,4,1,400,250,45,1,0,389,306,0,0,0,1,0,0,371,170,0,1,153,1,0,0,369,6,0,3,317,1,390,245,0,0,15,46,0,0,0,528,165,0,0,3,0,0,681,15,0,0,0,206,358,131,0,1,41,655,303,297,1,569,336,17,88,2,52,15,71,18,0,1,173,184,237,94,8,24.86,26.44,34.05,13.51,1.15,88,267,340,1,0,12.64,38.36,48.85,0.14,0
Bagmati,Nuwakot,Tarakeshwor,NP03,NP0328,NP0328403,4,677,668,7,1,1,221,250,193,13,0,203,461,2,0,2,9,0,0,484,188,1,0,4,0,0,0,192,5,3,2,474,1,299,347,0,0,21,9,1,0,0,476,147,1,0,52,0,1,666,8,1,0,2,9,627,34,1,6,24,653,400,325,1,596,400,19,190,9,71,13,217,67,0,0,83,109,267,170,48,12.26,16.1,39.44,25.11,7.09,137,372,165,3,0,20.24,54.95,24.37,0.44,0
Bagmati,Nuwakot,Tarakeshwor,NP03,NP0328,NP0328403,5,705,701,3,1,0,348,349,5,3,0,343,356,3,0,2,1,0,0,434,210,1,3,56,1,0,0,303,7,4,1,389,1,17,677,0,2,3,1,0,0,5,499,182,0,0,24,0,0,696,4,4,0,1,3,589,86,0,27,61,644,250,261,4,591,364,14,48,3,61,5,80,6,0,0,150,169,250,131,5,21.28,23.97,35.46,18.58,0.71,136,273,295,1,0,19.29,38.72,41.84,0.14,0
Bagmati,Nuwakot,Tarakeshwor,NP03,NP0328,NP0328403,6,457,454,3,0,0,338,85,30,3,1,222,232,2,0,0,1,0,0,353,92,0,0,12,0,0,0,136,5,2,1,310,3,97,246,0,2,6,36,70,0,0,384,72,0,0,0,0,1,449,2,0,0,6,4,428,6,1,18,35,422,209,160,2,380,216,5,174,2,51,5,80,19,0,1,69,136,185,55,12,15.1,29.76,40.48,12.04,2.63,39,209,205,4,0,8.53,45.73,44.86,0.88,0
Bagmati,Nuwakot,Belkotgadhi,NP03,NP0328,NP0328302,1,387,386,0,0,1,279,96,3,6,3,223,155,1,0,0,7,0,1,353,29,3,0,1,0,0,1,175,5,5,1,198,3,254,127,0,1,3,1,0,0,1,350,36,1,0,0,0,0,387,0,0,0,0,7,137,240,1,2,18,369,233,180,1,333,248,3,21,1,35,1,7,5,1,0,91,129,145,21,1,23.51,33.33,37.47,5.43,0.26,10,157,216,3,1,2.58,40.57,55.81,0.78,0.26
Bagmati,Nuwakot,Belkotgadhi,NP03,NP0328,NP0328302,2,667,654,13,0,0,327,243,76,21,0,315,328,2,2,1,18,1,0,533,129,2,0,1,1,0,1,325,12,2,2,321,5,120,468,0,19,49,1,7,0,3,527,130,2,0,6,0,2,664,2,1,0,0,9,391,257,2,8,61,606,183,339,2,540,351,22,53,1,90,5,47,28,0,0,180,136,226,95,30,26.99,20.39,33.88,14.24,4.5,93,248,315,11,0,13.94,37.18,47.23,1.65,0
Bagmati,Nuwakot,Belkotgadhi,NP03,NP0328,NP0328302,3,788,771,1,3,13,228,485,66,7,2,223,554,2,0,0,9,0,0,627,157,1,1,2,0,0,0,223,17,5,8,531,4,161,563,0,20,39,5,0,0,0,742,43,1,0,1,1,0,782,6,0,0,0,26,448,305,1,8,27,761,390,443,1,726,464,10,38,6,84,0,21,6,0,0,134,110,453,80,11,17.01,13.96,57.49,10.15,1.4,32,515,233,8,0,4.06,65.36,29.57,1.02,0
Bagmati,Nuwakot,Belkotgadhi,NP03,NP0328,NP0328302,4,725,703,1,2,19,288,381,43,11,2,286,425,3,2,1,7,0,1,616,103,1,1,2,1,0,1,294,16,16,4,394,1,145,388,0,3,51,122,14,1,1,637,84,0,0,3,1,0,719,4,1,0,1,14,379,268,30,34,49,676,259,215,2,634,210,10,16,1,65,5,10,5,0,1,174,190,307,53,1,24,26.21,42.34,7.31,0.14,34,318,342,30,1,4.69,43.86,47.17,4.14,0.14
Bagmati,Nuwakot,Belkotgadhi,NP03,NP0328,NP0328302,5,826,776,44,4,2,358,249,208,7,4,211,596,2,1,0,14,0,2,551,238,1,0,31,3,0,2,198,22,1,14,580,11,377,348,0,7,18,74,2,0,0,454,356,2,0,14,0,0,817,7,2,0,0,9,506,301,1,9,36,790,328,421,1,729,510,43,147,11,167,47,292,129,2,2,108,137,308,185,88,13.08,16.59,37.29,22.4,10.65,210,398,200,18,0,25.42,48.18,24.21,2.18,0
Bagmati,Nuwakot,Belkotgadhi,NP03,NP0328,NP0328302,6,635,631,2,1,1,364,268,3,0,0,373,261,0,0,0,1,0,0,563,71,0,0,1,0,0,0,253,12,1,2,367,0,126,474,0,2,23,10,0,0,0,541,94,0,0,0,0,0,628,5,2,0,0,9,593,27,1,5,19,616,280,318,5,579,417,27,52,5,136,9,24,17,0,0,87,190,245,88,25,13.7,29.92,38.58,13.86,3.94,66,329,238,2,0,10.39,51.81,37.48,0.31,0
Bagmati,Nuwakot,Belkotgadhi,NP03,NP0328,NP0328302,7,1090,1044,42,1,3,130,497,459,3,1,131,950,2,0,0,7,0,0,489,592,1,0,8,0,0,0,128,12,8,6,933,3,634,114,0,166,75,98,0,2,1,332,750,1,0,7,0,0,1089,1,0,0,0,24,796,265,0,5,37,1053,427,679,5,863,741,66,233,42,270,77,672,257,5,1,74,58,303,465,190,6.79,5.32,27.8,42.66,17.43,456,512,113,8,1,41.83,46.97,10.37,0.73,0.09
Bagmati,Nuwakot,Belkotgadhi,NP03,NP0328,NP0328302,8,746,738,7,0,1,137,465,136,0,8,137,598,0,0,2,6,0,3,440,290,0,14,1,1,0,0,148,24,21,0,551,2,53,635,0,26,9,21,0,0,2,523,216,0,0,7,0,0,741,2,3,0,0,21,711,6,1,7,19,727,324,476,1,684,522,52,164,8,207,9,201,121,0,0,41,78,336,197,94,5.5,10.46,45.04,26.41,12.6,171,452,114,9,0,22.92,60.59,15.28,1.21,0
Bagmati,Nuwakot,Belkotgadhi,NP03,NP0328,NP0328302,9,647,637,5,4,1,178,435,28,3,3,186,456,0,1,0,3,1,0,535,109,0,1,2,0,0,0,174,10,3,8,444,8,50,589,0,5,3,0,0,0,0,598,49,0,0,0,0,0,643,3,0,0,1,9,605,22,2,9,23,624,440,306,2,573,413,27,28,5,99,8,97,13,2,0,70,103,368,89,17,10.82,15.92,56.88,13.76,2.63,42,439,164,2,0,6.49,67.85,25.35,0.31,0
Bagmati,Nuwakot,Belkotgadhi,NP03,NP0328,NP0328302,10,715,701,10,3,1,236,415,59,5,0,171,536,0,0,0,8,0,0,556,154,4,0,1,0,0,0,137,17,91,2,456,12,63,547,0,6,54,39,3,0,3,561,152,0,0,1,1,0,706,1,8,0,0,4,692,14,0,5,20,695,487,416,5,654,501,52,178,15,167,24,291,114,1,1,56,95,335,155,74,7.83,13.29,46.85,21.68,10.35,76,503,128,8,0,10.63,70.35,17.9,1.12,0
Bagmati,Nuwakot,Belkotgadhi,NP03,NP0328,NP0328302,11,701,686,11,1,3,247,426,17,9,2,292,399,2,1,0,7,0,0,631,67,0,2,1,0,0,0,169,14,3,2,511,2,110,582,0,0,8,1,0,0,0,602,97,1,0,1,0,0,699,1,1,0,0,5,674,14,0,8,40,661,288,328,1,641,238,13,14,3,77,4,32,18,0,0,89,162,368,72,10,12.7,23.11,52.5,10.27,1.43,62,474,160,5,0,8.84,67.62,22.82,0.71,0
Bagmati,Nuwakot,Belkotgadhi,NP03,NP0328,NP0328302,12,544,533,7,0,4,251,191,94,7,1,196,338,0,0,0,9,1,0,424,111,0,0,9,0,0,0,126,22,0,0,390,6,62,454,0,8,17,0,2,0,1,389,153,0,0,2,0,0,538,6,0,0,0,11,510,17,0,6,14,530,222,326,0,487,359,11,43,1,102,11,267,73,0,0,44,119,238,113,30,8.09,21.88,43.75,20.77,5.51,116,298,125,5,0,21.32,54.78,22.98,0.92,0
Bagmati,Nuwakot,Belkotgadhi,NP03,NP0328,NP0328302,13,751,735,13,1,2,117,564,54,12,4,98,627,5,1,0,17,3,0,627,121,1,0,1,1,0,0,91,8,9,2,639,2,242,482,0,1,13,9,2,0,2,504,247,0,0,0,0,0,736,6,4,0,5,1,652,67,3,28,33,718,354,353,0,645,491,26,256,6,125,12,140,57,1,0,42,50,381,228,50,5.59,6.66,50.73,30.36,6.66,182,476,90,3,0,24.23,63.38,11.98,0.4,0
Bagmati,Nuwakot,Likhu,NP03,NP0328,NP0328406,1,936,859,64,11,2,167,470,285,9,5,109,805,7,0,3,12,0,0,496,428,3,1,8,0,0,0,125,12,4,11,777,7,213,136,0,221,45,320,0,0,1,372,554,4,0,5,1,0,928,3,4,0,1,6,676,244,2,8,32,904,368,659,24,829,694,133,388,12,290,62,663,305,19,6,56,53,288,303,236,5.98,5.66,30.77,32.37,25.21,200,576,140,20,0,21.37,61.54,14.96,2.14,0
Bagmati,Nuwakot,Likhu,NP03,NP0328,NP0328406,2,536,528,7,0,1,142,317,71,5,1,42,488,1,0,0,5,0,0,329,198,5,0,4,0,0,0,48,13,203,1,266,5,25,211,0,12,114,173,1,0,0,431,101,2,0,2,0,0,530,3,0,0,3,11,121,400,2,2,29,507,206,347,3,354,397,19,142,4,88,40,309,107,2,0,19,89,250,158,20,3.54,16.6,46.64,29.48,3.73,38,231,254,13,0,7.09,43.1,47.39,2.43,0
Bagmati,Nuwakot,Likhu,NP03,NP0328,NP0328406,3,817,808,6,2,1,523,258,17,14,5,358,436,2,1,0,17,1,2,637,170,0,1,8,1,0,0,339,14,2,1,453,8,378,378,0,2,51,8,0,0,0,662,154,1,0,0,0,0,814,1,2,0,0,28,609,157,4,19,62,755,283,411,3,671,378,9,76,4,106,59,332,50,1,0,160,212,342,85,18,19.58,25.95,41.86,10.4,2.2,82,382,337,16,0,10.04,46.76,41.25,1.96,0
Bagmati,Nuwakot,Likhu,NP03,NP0328,NP0328406,4,975,937,33,5,0,106,717,144,5,3,81,879,5,0,0,10,0,0,477,487,4,1,4,2,0,0,88,35,14,2,830,6,328,633,0,1,11,2,0,0,0,259,629,2,19,66,0,0,963,7,5,0,0,10,545,405,5,10,78,897,252,484,3,775,594,74,189,15,213,77,540,220,4,1,28,57,405,355,130,2.87,5.85,41.54,36.41,13.33,401,491,80,2,1,41.13,50.36,8.21,0.21,0.1
Bagmati,Nuwakot,Likhu,NP03,NP0328,NP0328406,5,500,495,5,0,0,91,204,192,9,4,81,399,3,0,1,16,0,0,293,205,1,0,1,0,0,0,94,6,4,2,391,3,34,141,0,77,88,158,0,0,2,304,181,2,0,12,1,0,482,7,11,0,0,1,108,390,0,1,3,497,196,266,0,357,347,16,150,3,65,21,283,102,3,1,59,71,192,127,51,11.8,14.2,38.4,25.4,10.2,70,236,151,41,2,14,47.2,30.2,8.2,0.4
Bagmati,Nuwakot,Likhu,NP03,NP0328,NP0328406,6,818,711,89,2,16,194,372,236,7,9,171,622,0,0,3,20,0,2,463,352,0,0,3,0,0,0,168,12,0,2,636,0,187,408,0,3,55,160,3,1,1,409,409,0,0,0,0,0,813,4,1,0,0,2,572,240,3,1,11,807,422,540,3,754,610,82,245,14,210,63,419,193,11,1,100,76,253,218,171,12.22,9.29,30.93,26.65,20.9,288,322,177,31,0,35.21,39.36,21.64,3.79,0
Bagmati,Nuwakot,Panchakanya,NP03,NP0328,NP0328407,1,538,519,15,1,3,21,287,228,0,2,28,508,0,0,0,1,1,0,290,247,0,0,1,0,0,0,15,1,6,0,515,1,210,238,0,0,1,88,1,0,0,183,341,2,0,12,0,0,535,3,0,0,0,1,337,194,0,6,10,528,196,255,2,459,330,16,156,5,78,31,253,48,2,1,5,22,263,196,52,0.93,4.09,48.88,36.43,9.67,213,307,17,1,0,39.59,57.06,3.16,0.19,0
Bagmati,Nuwakot,Panchakanya,NP03,NP0328,NP0328407,2,996,929,19,2,46,474,360,144,16,2,330,650,1,3,0,12,0,0,688,278,0,3,26,1,0,0,278,12,4,8,689,5,196,747,0,7,39,4,1,1,1,674,316,1,0,5,0,0,965,17,8,0,6,15,724,226,2,29,48,948,503,453,8,835,579,31,337,16,162,73,265,96,3,0,133,167,394,248,54,13.35,16.77,39.56,24.9,5.42,209,502,273,12,0,20.98,50.4,27.41,1.2,0
Bagmati,Nuwakot,Panchakanya,NP03,NP0328,NP0328407,3,574,563,4,0,7,425,54,88,7,0,394,169,1,1,1,5,0,3,425,84,1,0,64,0,0,0,360,3,0,1,209,1,302,242,0,6,5,3,3,12,1,495,78,0,0,1,0,0,563,9,1,0,1,11,503,24,3,33,25,549,277,253,3,503,361,26,308,7,82,2,59,29,0,0,127,141,210,76,20,22.13,24.56,36.59,13.24,3.48,43,187,337,7,0,7.49,32.58,58.71,1.22,0
Bagmati,Nuwakot,Panchakanya,NP03,NP0328,NP0328407,4,793,783,3,1,6,373,315,100,3,2,372,417,2,0,0,1,1,0,675,102,0,0,16,0,0,0,452,13,3,1,318,6,287,481,0,0,17,8,0,0,0,695,94,0,0,4,0,0,786,6,1,0,0,18,744,23,0,8,14,779,356,382,2,721,531,55,363,18,100,40,87,46,0,2,100,194,320,150,29,12.61,24.46,40.35,18.92,3.66,50,402,340,1,0,6.31,50.69,42.88,0.13,0
Bagmati,Nuwakot,Panchakanya,NP03,NP0328,NP0328407,5,699,682,12,3,2,417,249,23,10,0,402,284,5,3,1,3,0,1,585,109,1,0,4,0,0,0,297,33,2,11,350,6,274,198,0,0,42,159,21,0,5,550,146,1,0,0,2,0,676,10,12,1,0,13,612,20,4,50,20,679,415,351,0,659,386,33,183,10,100,4,94,46,3,2,139,195,231,96,38,19.89,27.9,33.05,13.73,5.44,60,284,327,28,0,8.58,40.63,46.78,4.01,0
Bagmati,Nuwakot,Shivapuri,NP03,NP0328,NP0328410,1,626,587,8,1,30,554,60,10,2,0,601,22,1,0,0,2,0,0,608,17,0,1,0,0,0,0,573,4,0,1,47,1,602,19,0,0,5,0,0,0,0,617,8,1,0,0,0,0,617,5,2,0,2,237,4,375,2,8,81,545,255,242,7,484,360,5,91,2,54,1,3,5,0,0,254,314,48,9,1,40.58,50.16,7.67,1.44,0.16,0,43,580,3,0,0,6.87,92.65,0.48,0
Bagmati,Nuwakot,Shivapuri,NP03,NP0328,NP0328596,1,626,587,8,1,30,554,60,10,2,0,601,22,1,0,0,2,0,0,608,17,0,1,0,0,0,0,573,4,0,1,47,1,602,19,0,0,5,0,0,0,0,617,8,1,0,0,0,0,617,5,2,0,2,237,4,375,2,8,81,545,255,242,7,484,360,5,91,2,54,1,3,5,0,0,254,314,48,9,1,40.58,50.16,7.67,1.44,0.16,0,43,580,3,0,0,6.87,92.65,0.48,0
Bagmati,Nuwakot,Shivapuri,NP03,NP0328,NP0328410,2,481,468,13,0,0,400,67,12,1,1,400,76,2,2,0,1,0,0,447,31,3,0,0,0,0,0,303,32,1,0,142,3,391,88,0,0,0,2,0,0,0,460,21,0,0,0,0,0,468,13,0,0,0,37,5,435,1,3,71,410,135,89,2,357,275,5,148,2,27,7,7,4,0,0,177,212,79,12,1,36.8,44.07,16.42,2.49,0.21,2,67,408,4,0,0.42,13.93,84.82,0.83,0
Bagmati,Nuwakot,Shivapuri,NP03,NP0328,NP0328596,2,481,468,13,0,0,400,67,12,1,1,400,76,2,2,0,1,0,0,447,31,3,0,0,0,0,0,303,32,1,0,142,3,391,88,0,0,0,2,0,0,0,460,21,0,0,0,0,0,468,13,0,0,0,37,5,435,1,3,71,410,135,89,2,357,275,5,148,2,27,7,7,4,0,0,177,212,79,12,1,36.8,44.07,16.42,2.49,0.21,2,67,408,4,0,0.42,13.93,84.82,0.83,0
Bagmati,Nuwakot,Shivapuri,NP03,NP0328,NP0328410,3,545,528,11,4,2,242,291,9,3,0,469,69,1,0,0,6,0,0,528,15,0,0,1,1,0,0,393,3,0,0,141,8,281,214,0,1,5,40,4,0,0,502,43,0,0,0,0,0,540,3,2,0,0,2,330,204,0,9,38,507,152,182,2,418,318,11,35,2,28,0,5,9,0,0,111,283,130,19,2,20.37,51.93,23.85,3.49,0.37,15,136,384,10,0,2.75,24.95,70.46,1.83,0
Bagmati,Nuwakot,Shivapuri,NP03,NP0328,NP0328596,3,545,528,11,4,2,242,291,9,3,0,469,69,1,0,0,6,0,0,528,15,0,0,1,1,0,0,393,3,0,0,141,8,281,214,0,1,5,40,4,0,0,502,43,0,0,0,0,0,540,3,2,0,0,2,330,204,0,9,38,507,152,182,2,418,318,11,35,2,28,0,5,9,0,0,111,283,130,19,2,20.37,51.93,23.85,3.49,0.37,15,136,384,10,0,2.75,24.95,70.46,1.83,0
Bagmati,Nuwakot,Shivapuri,NP03,NP0328,NP0328410,4,357,355,0,0,2,210,141,4,1,1,273,83,0,0,0,1,0,0,350,5,0,1,0,1,0,0,185,4,0,3,165,0,334,1,0,0,2,20,0,0,0,351,5,0,0,0,0,1,356,0,0,0,1,12,302,43,0,0,27,330,128,211,0,254,187,1,4,1,13,0,3,3,0,0,55,141,155,5,1,15.41,39.5,43.42,1.4,0.28,3,201,150,3,0,0.84,56.3,42.02,0.84,0
Bagmati,Nuwakot,Shivapuri,NP03,NP0328,NP0328596,4,357,355,0,0,2,210,141,4,1,1,273,83,0,0,0,1,0,0,350,5,0,1,0,1,0,0,185,4,0,3,165,0,334,1,0,0,2,20,0,0,0,351,5,0,0,0,0,1,356,0,0,0,1,12,302,43,0,0,27,330,128,211,0,254,187,1,4,1,13,0,3,3,0,0,55,141,155,5,1,15.41,39.5,43.42,1.4,0.28,3,201,150,3,0,0.84,56.3,42.02,0.84,0
Bagmati,Nuwakot,Shivapuri,NP03,NP0328,NP0328410,5,872,847,13,2,10,369,484,15,4,0,486,379,0,2,0,5,0,0,818,53,0,0,1,0,0,0,421,35,3,5,405,3,392,439,0,2,12,24,3,0,0,773,97,0,0,2,0,0,869,2,1,0,0,14,735,120,2,1,32,840,469,348,3,729,326,11,65,3,48,6,95,55,0,0,181,271,342,65,13,20.76,31.08,39.22,7.45,1.49,30,448,392,2,0,3.44,51.38,44.95,0.23,0
Bagmati,Nuwakot,Shivapuri,NP03,NP0328,NP0328596,5,872,847,13,2,10,369,484,15,4,0,486,379,0,2,0,5,0,0,818,53,0,0,1,0,0,0,421,35,3,5,405,3,392,439,0,2,12,24,3,0,0,773,97,0,0,2,0,0,869,2,1,0,0,14,735,120,2,1,32,840,469,348,3,729,326,11,65,3,48,6,95,55,0,0,181,271,342,65,13,20.76,31.08,39.22,7.45,1.49,30,448,392,2,0,3.44,51.38,44.95,0.23,0
Bagmati,Nuwakot,Shivapuri,NP03,NP0328,NP0328410,6,795,777,1,1,16,345,391,50,3,6,461,319,7,0,0,4,2,2,679,110,3,0,3,0,0,0,347,7,2,0,433,6,241,525,0,11,7,8,2,0,1,661,134,0,0,0,0,0,778,9,7,0,1,23,215,554,0,3,38,757,305,383,5,607,361,11,136,5,78,7,57,45,0,0,190,215,266,109,15,23.9,27.04,33.46,13.71,1.89,32,368,386,9,0,4.03,46.29,48.55,1.13,0
Bagmati,Nuwakot,Shivapuri,NP03,NP0328,NP0328596,6,795,777,1,1,16,345,391,50,3,6,461,319,7,0,0,4,2,2,679,110,3,0,3,0,0,0,347,7,2,0,433,6,241,525,0,11,7,8,2,0,1,661,134,0,0,0,0,0,778,9,7,0,1,23,215,554,0,3,38,757,305,383,5,607,361,11,136,5,78,7,57,45,0,0,190,215,266,109,15,23.9,27.04,33.46,13.71,1.89,32,368,386,9,0,4.03,46.29,48.55,1.13,0
Bagmati,Nuwakot,Shivapuri,NP03,NP0328,NP0328410,7,597,579,16,0,2,261,247,73,15,1,266,314,1,4,0,11,0,1,463,126,2,0,6,0,0,0,282,21,6,2,286,0,439,133,0,3,17,5,0,0,0,495,99,1,0,2,0,0,591,5,1,0,0,54,151,383,2,7,35,562,390,253,2,394,248,12,16,4,65,5,70,33,0,0,211,75,225,79,7,35.34,12.56,37.69,13.23,1.17,28,274,287,8,0,4.69,45.9,48.07,1.34,0
Bagmati,Nuwakot,Shivapuri,NP03,NP0328,NP0328596,7,597,579,16,0,2,261,247,73,15,1,266,314,1,4,0,11,0,1,463,126,2,0,6,0,0,0,282,21,6,2,286,0,439,133,0,3,17,5,0,0,0,495,99,1,0,2,0,0,591,5,1,0,0,54,151,383,2,7,35,562,390,253,2,394,248,12,16,4,65,5,70,33,0,0,211,75,225,79,7,35.34,12.56,37.69,13.23,1.17,28,274,287,8,0,4.69,45.9,48.07,1.34,0
Bagmati,Nuwakot,Shivapuri,NP03,NP0328,NP0328410,8,652,575,31,1,45,173,405,62,10,2,168,473,0,1,0,10,0,0,434,214,0,1,3,0,0,0,195,8,6,0,442,1,149,498,0,0,4,0,0,1,0,544,107,0,0,1,0,0,650,1,1,0,0,7,205,432,0,8,17,635,338,372,6,576,371,42,156,9,152,7,202,86,0,0,89,87,301,131,44,13.65,13.34,46.17,20.09,6.75,33,433,176,10,0,5.06,66.41,26.99,1.53,0
Bagmati,Nuwakot,Shivapuri,NP03,NP0328,NP0328596,8,652,575,31,1,45,173,405,62,10,2,168,473,0,1,0,10,0,0,434,214,0,1,3,0,0,0,195,8,6,0,442,1,149,498,0,0,4,0,0,1,0,544,107,0,0,1,0,0,650,1,1,0,0,7,205,432,0,8,17,635,338,372,6,576,371,42,156,9,152,7,202,86,0,0,89,87,301,131,44,13.65,13.34,46.17,20.09,6.75,33,433,176,10,0,5.06,66.41,26.99,1.53,0
Bagmati,Nuwakot,Kakani,NP03,NP0328,NP0328409,1,861,845,14,1,1,177,389,256,37,2,178,637,4,9,2,31,0,0,292,564,2,0,3,0,0,0,226,48,11,4,570,2,274,440,0,24,36,84,1,2,0,449,410,1,0,0,1,0,836,8,16,0,1,4,461,375,5,16,103,758,207,305,6,643,500,66,219,17,142,86,116,42,6,1,105,109,370,213,64,12.2,12.66,42.97,24.74,7.43,250,388,192,31,0,29.04,45.06,22.3,3.6,0
Bagmati,Nuwakot,Kakani,NP03,NP0328,NP0328409,2,1154,1103,45,4,2,237,613,260,42,2,230,868,6,1,0,48,1,0,623,523,3,0,4,0,0,1,255,17,30,2,843,7,763,276,0,10,16,88,1,0,0,692,462,0,0,0,0,0,1114,28,9,0,3,15,927,133,22,57,80,1074,282,661,7,895,744,66,411,28,256,21,58,101,6,1,94,142,423,379,116,8.15,12.31,36.66,32.84,10.05,327,583,204,40,0,28.34,50.52,17.68,3.47,0
Bagmati,Nuwakot,Kakani,NP03,NP0328,NP0328409,3,939,898,25,7,9,247,462,199,24,7,310,589,1,1,0,37,0,1,632,299,1,0,5,1,0,1,212,8,8,9,696,6,293,419,0,1,67,142,13,0,4,593,343,0,0,1,0,2,918,13,3,0,5,8,824,45,1,61,59,880,282,455,4,814,649,42,268,31,190,3,127,109,1,0,81,141,396,245,76,8.63,15.02,42.17,26.09,8.09,197,497,209,33,3,20.98,52.93,22.26,3.51,0.32
Bagmati,Nuwakot,Kakani,NP03,NP0328,NP0328409,4,897,857,36,3,1,365,277,229,26,0,344,527,2,2,0,22,0,0,598,295,1,0,3,0,0,0,291,20,2,0,580,4,447,432,0,3,7,0,8,0,0,513,383,0,0,1,0,0,894,2,0,0,1,345,264,270,9,9,18,879,281,587,5,738,688,105,315,45,231,5,15,124,21,1,100,184,256,195,162,11.15,20.51,28.54,21.74,18.06,288,316,280,13,0,32.11,35.23,31.22,1.45,0
Bagmati,Nuwakot,Kakani,NP03,NP0328,NP0328409,5,740,727,11,0,2,168,414,117,30,11,152,545,10,1,3,27,1,1,425,310,1,0,2,2,0,0,150,19,15,1,551,4,310,385,0,1,10,34,0,0,0,408,331,0,0,1,0,0,735,4,0,0,1,6,652,57,0,25,19,721,426,539,22,581,478,56,215,16,205,14,24,36,5,2,54,88,244,262,92,7.3,11.89,32.97,35.41,12.43,280,299,145,15,1,37.84,40.41,19.59,2.03,0.14
Bagmati,Nuwakot,Kakani,NP03,NP0328,NP0328409,6,566,542,18,2,4,202,262,91,9,2,175,368,9,1,0,11,0,2,459,104,1,2,0,0,0,0,323,15,0,1,225,2,149,394,0,4,6,3,10,0,0,431,124,1,0,10,0,0,564,2,0,0,0,4,354,197,0,11,33,533,91,260,3,310,473,5,29,3,68,4,17,24,1,0,56,149,264,86,11,9.89,26.33,46.64,15.19,1.94,71,326,157,12,0,12.54,57.6,27.74,2.12,0
Bagmati,Nuwakot,Kakani,NP03,NP0328,NP0328409,7,684,671,7,1,5,377,260,31,12,4,313,352,5,0,2,12,0,0,594,79,0,0,11,0,0,0,277,7,1,0,397,2,36,627,0,0,4,12,5,0,0,526,157,0,0,1,0,0,678,4,2,0,0,7,424,230,0,23,22,662,363,375,1,589,443,23,350,8,125,5,120,51,3,0,90,162,233,163,36,13.16,23.68,34.06,23.83,5.26,68,350,254,12,0,9.94,51.17,37.13,1.75,0
Bagmati,Nuwakot,Kakani,NP03,NP0328,NP0328409,8,471,454,12,3,2,290,120,47,8,6,155,295,2,0,0,14,5,0,378,84,1,0,8,0,0,0,134,0,0,1,336,0,233,226,0,0,2,9,1,0,0,366,104,0,0,1,0,0,470,0,1,0,0,2,12,441,0,16,21,450,264,275,4,380,290,22,133,11,106,8,81,67,1,0,54,123,180,94,20,11.46,26.11,38.22,19.96,4.25,30,264,168,9,0,6.37,56.05,35.67,1.91,0
Bagmati,Kathmandu,Shankharapur,NP03,NP0327,NP0327307,1,867,853,12,1,1,242,413,155,26,31,197,586,3,0,0,76,1,4,589,275,1,0,2,0,0,0,235,5,1,0,620,6,67,688,5,80,13,14,0,0,0,558,299,0,0,10,0,0,863,2,2,0,0,0,553,289,3,22,23,844,261,540,3,729,619,60,389,8,210,7,90,87,1,0,83,106,334,255,89,9.57,12.23,38.52,29.41,10.27,167,440,224,36,0,19.26,50.75,25.84,4.15,0
Bagmati,Kathmandu,Shankharapur,NP03,NP0327,NP0327307,2,426,419,6,1,0,213,145,50,16,2,201,203,3,0,0,19,0,0,341,82,0,0,3,0,0,0,203,21,0,7,188,7,182,131,0,0,14,91,0,8,0,272,138,0,0,0,16,0,403,22,1,0,0,17,391,8,0,10,10,416,395,171,4,379,333,25,194,13,53,7,16,23,5,1,65,98,161,69,33,15.26,23,37.79,16.2,7.75,72,178,166,10,0,16.9,41.78,38.97,2.35,0
Bagmati,Kathmandu,Shankharapur,NP03,NP0327,NP0327307,3,589,555,27,0,7,143,261,115,61,9,130,370,7,3,7,72,0,0,392,194,1,1,1,0,0,0,158,35,3,7,386,0,36,498,0,37,12,3,0,3,0,258,328,0,0,3,0,0,579,5,4,0,1,4,414,158,0,13,54,535,157,367,1,345,492,55,397,22,215,14,26,107,5,1,36,92,156,174,131,6.11,15.62,26.49,29.54,22.24,211,195,154,29,0,35.82,33.11,26.15,4.92,0
Bagmati,Kathmandu,Shankharapur,NP03,NP0327,NP0327307,4,523,493,25,3,2,128,214,103,65,13,125,303,16,1,1,77,0,0,359,141,1,16,4,2,0,0,188,3,2,3,322,5,247,134,1,1,5,132,0,0,3,298,225,0,0,0,0,0,514,7,1,0,1,18,233,236,1,35,39,484,102,272,3,406,402,61,111,18,217,4,63,106,9,1,75,99,167,88,94,14.34,18.93,31.93,16.83,17.97,106,184,159,70,4,20.27,35.18,30.4,13.38,0.76
Bagmati,Kathmandu,Shankharapur,NP03,NP0327,NP0327307,5,876,706,168,1,1,176,456,153,83,8,130,612,14,3,12,100,2,3,445,429,0,0,1,0,0,1,245,14,11,8,597,1,257,538,0,25,34,1,0,20,1,217,655,2,0,2,0,0,868,6,0,0,2,18,566,282,5,5,20,856,192,681,19,665,766,160,469,20,346,53,190,223,17,3,31,108,179,327,231,3.54,12.33,20.43,37.33,26.37,279,377,203,17,0,31.85,43.04,23.17,1.94,0
Bagmati,Kathmandu,Shankharapur,NP03,NP0327,NP0327307,6,1174,748,414,7,5,151,320,571,116,16,69,870,10,3,3,210,2,7,411,755,1,4,1,1,0,1,251,10,6,38,863,6,228,264,31,123,49,451,0,27,1,36,1137,0,0,0,1,0,1158,14,1,0,1,269,585,313,3,4,21,1153,244,819,77,974,947,277,749,52,448,99,499,498,78,4,30,109,255,345,435,2.56,9.28,21.72,29.39,37.05,465,434,194,79,2,39.61,36.97,16.52,6.73,0.17
Bagmati,Kathmandu,Shankharapur,NP03,NP0327,NP0327307,7,1052,703,338,5,6,126,286,549,79,12,91,819,14,2,3,106,0,17,350,691,5,1,4,1,0,0,179,18,35,41,769,10,721,123,36,24,22,122,0,4,0,52,989,9,0,1,0,1,1049,3,0,0,0,402,485,152,4,9,14,1038,227,755,43,785,943,255,633,55,452,111,489,420,74,3,17,88,163,359,425,1.62,8.37,15.49,34.13,40.4,660,229,130,33,0,62.74,21.77,12.36,3.14,0
Bagmati,Kathmandu,Shankharapur,NP03,NP0327,NP0327307,8,593,577,15,1,0,201,198,162,16,16,204,352,1,0,0,32,0,4,318,265,0,5,5,0,0,0,208,8,4,9,359,5,136,341,0,31,29,52,0,3,1,148,445,0,0,0,0,0,582,10,0,0,1,25,189,367,1,11,19,574,96,428,26,441,517,54,174,15,265,6,69,131,0,0,30,119,142,201,101,5.06,20.07,23.95,33.9,17.03,184,188,203,18,0,31.03,31.7,34.23,3.04,0
Bagmati,Kathmandu,Shankharapur,NP03,NP0327,NP0327307,9,1040,817,214,2,7,61,380,525,72,2,48,901,3,1,1,85,0,1,216,815,6,0,2,1,0,0,111,9,3,86,831,0,569,398,25,13,12,10,0,13,0,53,983,4,0,0,0,0,1034,5,1,0,0,179,587,271,3,0,16,1024,705,716,119,806,973,348,753,97,511,211,644,592,63,5,9,55,119,311,546,0.87,5.29,11.44,29.9,52.5,779,147,100,14,0,74.9,14.13,9.62,1.35,0
Bagmati,Kathmandu,Kageshwori Manahara,NP03,NP0327,NP0327306,1,1656,1393,251,7,5,182,622,657,165,30,152,1273,4,6,5,208,1,7,566,1075,2,1,7,5,0,0,389,18,11,50,1179,9,725,736,2,24,18,136,0,4,11,314,1334,6,0,1,1,0,1643,7,2,1,3,6,1023,619,1,7,35,1621,256,1317,185,1328,1385,434,903,71,897,153,565,686,107,4,77,160,290,448,681,4.65,9.66,17.51,27.05,41.12,837,455,260,104,0,50.54,27.48,15.7,6.28,0
Bagmati,Kathmandu,Kageshwori Manahara,NP03,NP0327,NP0327306,2,787,691,96,0,0,132,381,232,33,9,98,611,0,0,0,75,0,3,249,535,0,1,1,1,0,0,140,16,4,12,613,2,241,524,2,4,9,2,0,4,1,75,710,2,0,0,0,0,784,1,2,0,0,27,199,558,0,3,16,771,221,557,78,609,680,277,499,76,415,139,346,364,61,3,14,80,136,213,344,1.78,10.17,17.28,27.06,43.71,331,301,144,11,0,42.06,38.25,18.3,1.4,0
Bagmati,Kathmandu,Kageshwori Manahara,NP03,NP0327,NP0327306,3,753,597,149,2,5,88,225,376,48,16,73,598,4,6,1,66,3,2,199,549,0,0,3,2,0,0,126,8,3,46,568,2,489,162,8,43,4,34,0,13,0,54,686,13,0,0,0,0,751,2,0,0,0,5,639,105,0,4,6,747,193,608,156,596,673,346,501,74,448,107,375,402,109,4,11,63,86,162,431,1.46,8.37,11.42,21.51,57.24,509,136,86,22,0,67.6,18.06,11.42,2.92,0
Bagmati,Kathmandu,Kageshwori Manahara,NP03,NP0327,NP0327306,4,2329,1655,657,7,10,284,753,1084,178,30,138,1886,4,9,8,266,0,18,631,1685,0,4,5,4,0,0,315,37,12,46,1909,10,875,197,11,262,155,693,0,130,6,91,2230,3,0,3,2,0,2299,27,0,0,3,20,1425,856,10,18,36,2293,494,1820,345,1506,2027,765,1462,202,1119,265,932,961,257,10,36,133,469,688,1003,1.55,5.71,20.14,29.54,43.07,854,1088,264,123,0,36.67,46.72,11.34,5.28,0
Bagmati,Kathmandu,Kageshwori Manahara,NP03,NP0327,NP0327306,5,3255,1814,1417,16,8,121,1157,1761,132,84,49,2928,20,21,3,224,1,9,579,2656,0,4,9,3,0,4,163,50,26,236,2756,24,314,261,74,474,93,797,0,1217,25,36,3209,6,1,0,3,0,3234,20,0,1,0,46,2916,290,2,1,17,3238,443,2367,289,2209,3079,1134,2491,201,1575,369,1336,1614,300,19,3,80,400,1051,1721,0.09,2.46,12.29,32.29,52.87,1888,1100,221,46,0,58,33.79,6.79,1.41,0
Bagmati,Kathmandu,Kageshwori Manahara,NP03,NP0327,NP0327306,6,6538,3776,2708,31,23,283,2008,3811,347,89,158,5781,30,6,19,496,12,36,1125,5379,7,5,13,6,0,3,304,98,35,649,5382,70,822,330,548,563,430,71,0,3696,78,142,6324,62,0,6,1,3,6530,7,1,0,0,2185,3947,397,1,8,62,6476,2130,4620,469,3867,6072,2467,4957,588,3055,782,3050,3135,822,138,15,165,704,2220,3434,0.23,2.52,10.77,33.96,52.52,4944,1138,427,28,1,75.62,17.41,6.53,0.43,0.02
Bagmati,Kathmandu,Kageshwori Manahara,NP03,NP0327,NP0327306,7,5452,2853,2556,12,31,70,1103,4151,84,44,52,5250,28,3,11,96,2,10,373,5018,8,22,19,5,0,7,145,69,21,885,4310,22,2348,219,804,88,25,60,0,1896,12,99,5301,48,1,2,1,0,5423,16,0,0,13,2919,2347,181,1,4,55,5397,1888,3951,289,3939,5188,2626,4559,499,2816,865,2990,2711,648,37,5,29,328,1763,3327,0.09,0.53,6.02,32.34,61.02,4972,377,98,5,0,91.2,6.91,1.8,0.09,0
Bagmati,Kathmandu,Kageshwori Manahara,NP03,NP0327,NP0327306,8,4386,1916,2371,66,33,261,1012,2810,172,131,138,3775,42,4,4,409,8,6,826,3523,10,11,6,6,0,4,368,84,25,583,3154,172,1888,213,239,182,106,109,0,1564,85,84,4252,50,0,0,0,0,4341,44,1,0,0,2703,1275,388,13,7,70,4316,636,2912,301,1994,4102,1905,3554,349,2230,605,1881,1927,660,40,11,173,515,1374,2313,0.25,3.94,11.74,31.33,52.74,3325,632,379,50,0,75.81,14.41,8.64,1.14,0
Bagmati,Kathmandu,Kageshwori Manahara,NP03,NP0327,NP0327306,9,8608,3888,4655,30,35,115,1175,7216,85,17,112,8335,27,6,4,110,4,10,474,8056,19,45,12,1,0,1,139,66,44,1870,6464,25,1979,209,476,268,69,20,0,5483,104,164,8340,93,0,6,1,4,8552,54,1,1,0,5259,3165,173,3,8,61,8547,1965,6137,916,4285,8268,4880,7334,1068,4782,1412,4533,4796,1980,171,1,51,376,2352,5828,0.01,0.59,4.37,27.32,67.7,8097,412,91,8,0,94.06,4.79,1.06,0.09,0
Bagmati,Kathmandu,Gokarneshwor,NP03,NP0327,NP0327304,1,2042,1276,678,85,3,211,772,892,146,21,154,1635,6,9,6,185,9,38,769,1253,4,0,4,4,0,8,221,14,12,39,1738,18,774,838,19,33,18,228,0,123,9,233,1801,2,0,1,0,5,2028,13,0,0,1,11,1788,231,2,10,45,1997,393,1411,146,1443,1789,521,1006,114,853,211,582,749,133,5,37,152,386,706,761,1.81,7.44,18.9,34.57,37.27,1225,521,267,26,3,59.99,25.51,13.08,1.27,0.15
Bagmati,Kathmandu,Gokarneshwor,NP03,NP0327,NP0327304,2,1687,1068,597,10,12,113,587,851,118,18,85,1424,13,7,3,139,7,9,434,1242,2,1,3,1,0,4,143,18,14,128,1362,22,963,408,9,19,23,154,0,102,9,64,1615,6,0,1,1,0,1684,2,1,0,0,6,1463,213,4,1,10,1677,302,1194,144,813,1570,555,1117,85,868,163,684,831,135,6,11,63,215,579,819,0.65,3.73,12.74,34.32,48.55,1142,374,144,27,0,67.69,22.17,8.54,1.6,0
Bagmati,Kathmandu,Gokarneshwor,NP03,NP0327,NP0327304,3,2850,1893,922,15,20,303,1027,1110,333,77,209,2123,4,18,9,462,1,24,1047,1756,4,5,29,7,0,2,528,57,17,113,2120,15,685,1149,195,124,88,351,0,222,36,299,2519,23,0,1,4,4,2838,8,0,0,4,175,2416,241,2,16,48,2802,682,1924,82,1541,2527,819,1612,157,1314,255,957,1055,154,10,74,252,519,871,1134,2.6,8.84,18.21,30.56,39.79,1570,692,483,103,2,55.09,24.28,16.95,3.61,0.07
Bagmati,Kathmandu,Gokarneshwor,NP03,NP0327,NP0327304,4,4749,2168,2531,26,24,156,936,3368,200,89,109,4267,15,22,3,318,2,13,734,3950,13,17,26,8,0,1,283,80,22,331,4005,28,2583,501,112,65,40,272,0,1133,43,111,4616,19,0,1,1,1,4741,8,0,0,0,1930,2141,670,5,3,42,4707,765,3484,396,2691,4253,1638,3372,285,2202,594,1940,2181,476,36,9,162,516,1708,2354,0.19,3.41,10.87,35.97,49.57,3815,566,297,71,0,80.33,11.92,6.25,1.5,0
Bagmati,Kathmandu,Gokarneshwor,NP03,NP0327,NP0327304,5,6690,2116,4494,55,25,185,2140,4302,22,41,115,6419,11,9,47,71,1,17,623,6035,12,7,10,3,0,0,90,117,28,788,5643,24,592,130,429,33,27,32,0,5408,39,90,6567,21,0,9,1,2,6672,18,0,0,0,5720,374,583,1,12,66,6624,871,4582,705,3495,6296,2417,4835,446,2805,571,3149,2778,655,42,1,43,527,2864,3255,0.01,0.64,7.88,42.81,48.65,6259,361,69,1,0,93.56,5.4,1.03,0.01,0
Bagmati,Kathmandu,Gokarneshwor,NP03,NP0327,NP0327304,6,7869,2367,5405,60,37,101,1918,5756,65,29,79,7644,22,7,6,90,7,14,697,7101,26,4,35,4,0,2,103,155,80,610,6901,20,1635,150,426,132,104,71,0,5340,11,128,7696,36,0,2,6,1,7832,36,1,0,0,6765,231,841,28,4,37,7832,1140,5066,662,3621,7491,2535,5882,523,2703,871,3415,3269,718,64,2,32,592,3662,3581,0.03,0.41,7.52,46.54,45.51,7190,605,72,2,0,91.37,7.69,0.91,0.03,0
Bagmati,Kathmandu,Gokarneshwor,NP03,NP0327,NP0327304,7,2607,796,1790,8,13,47,1166,1338,29,27,60,2457,10,2,1,59,6,12,413,2154,7,3,21,4,0,5,47,20,14,361,2157,8,697,116,180,11,14,17,0,1562,10,27,2575,2,0,2,0,1,2573,34,0,0,0,1876,152,564,9,6,19,2588,305,1697,199,1424,2471,971,1902,165,979,206,799,854,253,8,0,12,293,1157,1145,0,0.46,11.24,44.38,43.92,2106,451,49,1,0,80.78,17.3,1.88,0.04,0
Bagmati,Kathmandu,Gokarneshwor,NP03,NP0327,NP0327304,8,8790,2860,5704,151,75,210,2700,5779,47,54,137,8402,15,8,3,202,10,13,981,7703,25,14,58,6,0,3,185,113,100,1086,7259,47,2777,210,438,356,191,44,0,4751,23,191,8559,24,1,10,3,2,8744,46,0,0,0,7398,958,340,82,12,81,8709,1610,5401,650,4564,8200,3015,6410,647,3378,1069,3553,3772,836,46,1,72,756,3713,4248,0.01,0.82,8.6,42.24,48.33,7956,715,118,1,0,90.51,8.13,1.34,0.01,0
Bagmati,Kathmandu,Gokarneshwor,NP03,NP0327,NP0327304,9,2487,830,1586,55,16,137,1512,696,88,54,125,2177,7,8,5,150,1,14,470,1991,9,4,7,4,0,2,115,63,22,195,2067,25,589,340,22,431,80,110,0,912,3,46,2427,6,0,6,2,0,2462,25,0,0,0,1801,266,376,41,3,39,2448,302,1200,204,1484,2277,778,1761,168,794,189,576,719,168,31,0,70,424,1121,872,0,2.81,17.05,45.07,35.06,1779,543,147,18,0,71.53,21.83,5.91,0.72,0
Bagmati,Kathmandu,Budhanilkhantha,NP03,NP0327,NP0327303,1,2130,1037,1057,7,29,86,707,1179,118,40,78,1879,8,21,3,122,7,12,481,1615,15,2,7,4,0,6,149,39,15,347,1561,19,1572,347,4,86,53,4,0,56,8,72,2045,8,3,0,1,1,2115,15,0,0,0,104,1509,508,5,4,12,2118,1000,1615,279,1318,2008,932,1606,293,1012,247,699,1183,445,49,3,72,218,658,1179,0.14,3.38,10.23,30.89,55.35,1559,404,150,17,0,73.19,18.97,7.04,0.8,0
Bagmati,Kathmandu,Budhanilkhantha,NP03,NP0327,NP0327303,2,2877,1547,1302,14,14,191,1109,1394,168,15,85,2489,14,15,9,243,20,2,628,2207,7,13,9,13,0,0,206,65,27,448,2119,12,1739,508,30,120,28,108,0,331,13,94,2743,29,0,7,2,2,2861,13,1,0,2,611,1748,510,5,3,56,2821,750,2159,518,1466,2708,1466,2238,384,1561,315,1247,1544,661,91,12,119,299,702,1745,0.42,4.14,10.39,24.4,60.65,2122,469,253,33,0,73.76,16.3,8.79,1.15,0
Bagmati,Kathmandu,Budhanilkhantha,NP03,NP0327,NP0327303,3,2090,934,1105,19,32,99,1077,860,39,15,79,1925,5,2,11,62,3,3,353,1716,2,9,4,5,0,1,70,33,13,168,1798,8,1446,495,3,63,21,10,0,48,4,75,1991,22,0,1,1,0,2083,5,2,0,0,262,1440,387,0,1,32,2058,637,1544,365,1553,1984,923,1544,326,944,276,689,951,422,73,8,39,180,733,1130,0.38,1.87,8.61,35.07,54.07,1628,370,84,8,0,77.89,17.7,4.02,0.38,0
Bagmati,Kathmandu,Budhanilkhantha,NP03,NP0327,NP0327303,4,2431,1477,894,44,16,77,499,1715,82,58,46,2198,8,49,22,75,6,27,499,1909,3,8,9,1,0,2,133,15,12,341,1912,18,1499,405,12,249,101,18,0,142,5,91,2320,11,0,9,0,0,2419,9,2,0,1,300,1768,359,1,3,14,2417,546,1811,308,1154,2299,1367,1997,354,1369,301,871,1503,568,52,14,84,187,527,1619,0.58,3.46,7.69,21.68,66.6,1881,368,168,14,0,77.38,15.14,6.91,0.58,0
Bagmati,Kathmandu,Budhanilkhantha,NP03,NP0327,NP0327303,5,1985,905,980,86,14,84,496,1313,72,20,73,1798,9,12,5,73,10,5,361,1576,13,19,14,1,0,1,100,30,12,109,1711,23,1087,373,39,48,54,285,0,91,8,67,1905,11,0,1,1,0,1964,19,1,0,1,245,1705,29,1,5,30,1955,503,1490,212,886,1876,826,1559,241,851,216,538,962,292,73,6,40,161,710,1068,0.3,2.02,8.11,35.77,53.8,1409,462,103,11,0,70.98,23.27,5.19,0.55,0
Bagmati,Kathmandu,Budhanilkhantha,NP03,NP0327,NP0327303,6,3135,1642,1462,18,13,104,941,1899,153,38,44,2736,9,9,3,328,2,4,628,2487,2,2,9,7,0,0,160,29,105,258,2552,31,492,263,54,374,53,237,0,1651,11,76,3044,13,0,2,0,0,3091,43,0,0,1,1626,1427,78,1,3,21,3114,977,2115,299,1528,2988,1500,2520,334,1522,560,1404,1643,578,63,5,52,326,942,1810,0.16,1.66,10.4,30.05,57.74,2421,452,250,12,0,77.22,14.42,7.97,0.38,0
Bagmati,Kathmandu,Budhanilkhantha,NP03,NP0327,NP0327303,7,1696,829,840,9,18,63,680,917,33,3,37,1600,9,2,1,44,0,3,226,1458,10,1,1,0,0,0,52,13,44,142,1439,6,846,105,5,104,93,19,0,511,13,30,1647,16,0,1,1,1,1692,4,0,0,0,1150,258,286,1,1,9,1687,356,1312,416,781,1624,913,1442,334,840,272,798,1085,457,76,2,23,119,453,1099,0.12,1.36,7.02,26.71,64.8,1415,223,53,5,0,83.43,13.15,3.13,0.29,0
Bagmati,Kathmandu,Budhanilkhantha,NP03,NP0327,NP0327303,8,5037,2354,2616,29,38,166,941,3770,116,44,118,4661,20,29,5,200,0,4,579,4400,17,9,13,19,0,0,212,40,78,152,4503,52,1380,108,544,194,48,46,0,2669,48,83,4888,52,1,13,0,0,5004,32,0,0,1,4065,552,409,4,7,95,4942,1475,3874,639,2037,4756,2866,4272,709,2859,692,2252,3096,1209,149,6,80,340,1105,3506,0.12,1.59,6.75,21.94,69.6,4373,457,178,29,0,86.82,9.07,3.53,0.58,0
Bagmati,Kathmandu,Budhanilkhantha,NP03,NP0327,NP0327303,9,2593,1375,1190,8,20,41,689,1848,6,9,32,2538,9,0,1,10,1,2,185,2376,6,0,14,5,0,7,37,39,11,165,2332,9,722,47,125,532,77,3,0,1038,49,48,2504,39,0,0,0,2,2580,13,0,0,0,2455,130,6,0,2,13,2580,727,2017,636,1734,2504,1735,2190,485,1575,450,1593,1727,843,99,2,9,80,563,1939,0.08,0.35,3.09,21.71,74.78,2381,195,14,1,2,91.82,7.52,0.54,0.04,0.08
Bagmati,Kathmandu,Budhanilkhantha,NP03,NP0327,NP0327303,10,9353,3690,5590,46,27,133,2329,6771,65,55,123,9055,32,12,5,112,5,9,631,8644,20,18,25,7,0,8,151,135,36,907,8092,32,3764,524,337,113,75,117,0,4278,145,252,9036,29,1,31,2,2,9290,62,1,0,0,8601,370,367,6,9,82,9271,3234,6294,1240,5618,8937,4575,7521,953,4569,931,4344,4925,1614,87,0,47,550,3102,5654,0,0.5,5.88,33.17,60.45,8581,669,101,2,0,91.75,7.15,1.08,0.02,0
Bagmati,Kathmandu,Budhanilkhantha,NP03,NP0327,NP0327303,11,5914,2745,3094,38,37,149,1393,4012,305,55,131,5311,18,20,7,395,9,23,985,4836,7,42,34,7,0,3,334,56,34,738,4711,41,1586,424,215,517,340,135,0,2586,111,110,5766,20,0,5,0,13,5863,51,0,0,0,4837,499,554,11,13,58,5856,2722,4272,603,4507,5523,2491,4725,392,3238,569,2300,3214,771,87,4,115,564,1806,3425,0.07,1.94,9.54,30.54,57.91,4646,889,323,56,0,78.56,15.03,5.46,0.95,0
Bagmati,Kathmandu,Budhanilkhantha,NP03,NP0327,NP0327303,12,5211,1999,3166,14,32,51,1388,3728,31,13,35,5106,13,0,1,36,11,9,240,4894,28,17,20,3,0,9,63,44,11,489,4518,86,4066,183,121,138,56,11,0,592,44,223,4968,19,0,1,0,0,5184,27,0,0,0,4849,140,216,2,4,35,5176,1443,3410,710,3289,4989,2368,4207,297,2431,544,2194,2406,708,33,0,6,271,2042,2892,0,0.12,5.2,39.19,55.5,4692,496,22,1,0,90.04,9.52,0.42,0.02,0
Bagmati,Kathmandu,Budhanilkhantha,NP03,NP0327,NP0327303,13,2478,1413,1050,7,8,129,910,1170,213,56,86,2052,12,16,18,289,4,1,721,1726,5,6,13,5,0,2,151,28,93,276,1912,18,285,302,73,180,171,519,0,944,4,126,2343,4,0,3,1,1,2460,17,1,0,0,1284,820,370,1,3,49,2429,389,1594,69,1013,2326,860,1688,177,1295,279,1041,1232,176,14,20,79,381,792,1206,0.81,3.19,15.38,31.96,48.67,1399,767,267,45,0,56.46,30.95,10.77,1.82,0
Bagmati,Kathmandu,Tokha,NP03,NP0327,NP0327302,1,1508,1044,454,5,5,112,396,855,133,12,99,1241,11,8,5,137,5,2,441,1054,5,3,2,1,0,2,221,20,21,31,1202,13,957,513,1,9,12,11,0,1,4,141,1353,13,0,0,0,1,1506,2,0,0,0,45,1129,332,1,1,22,1486,384,1076,36,859,1369,474,870,82,764,88,393,655,81,7,11,118,210,506,663,0.73,7.82,13.93,33.55,43.97,1035,261,196,16,0,68.63,17.31,13,1.06,0
Bagmati,Kathmandu,Tokha,NP03,NP0327,NP0327302,2,1616,969,628,18,1,127,239,1171,65,14,47,1396,3,29,3,127,3,8,362,1231,1,1,9,9,0,3,158,29,3,71,1340,15,599,428,17,6,41,125,0,398,2,102,1508,4,0,2,0,0,1610,6,0,0,0,958,465,189,0,4,29,1587,161,1146,26,1028,1486,650,1129,85,950,150,708,884,149,7,12,82,197,437,888,0.74,5.07,12.19,27.04,54.95,1205,249,146,15,1,74.57,15.41,9.03,0.93,0.06
Bagmati,Kathmandu,Tokha,NP03,NP0327,NP0327302,3,7137,3645,3449,18,25,174,1600,5006,265,92,186,6499,35,75,9,268,17,48,974,6039,32,55,19,9,0,9,348,168,105,1210,5258,48,1400,196,438,273,103,44,0,4569,114,179,6904,46,0,7,1,0,7079,57,0,0,1,5823,680,558,56,20,71,7066,1183,4930,375,4072,6759,3365,5276,804,3715,914,2770,3744,1256,225,3,196,629,2194,4115,0.04,2.75,8.81,30.74,57.66,6076,691,343,27,0,85.13,9.68,4.81,0.38,0
Bagmati,Kathmandu,Tokha,NP03,NP0327,NP0327302,4,2121,752,1320,13,36,47,642,1358,59,15,51,1985,9,8,2,60,4,2,242,1855,5,5,12,2,0,0,82,45,3,199,1777,15,376,241,31,300,46,142,0,964,21,44,2058,18,0,1,0,0,2109,10,2,0,0,1764,152,174,12,19,8,2113,413,1493,276,1077,2032,1104,1633,340,1047,254,876,1083,415,48,0,37,163,685,1236,0,1.74,7.69,32.3,58.27,1718,325,57,21,0,81,15.32,2.69,0.99,0
Bagmati,Kathmandu,Tokha,NP03,NP0327,NP0327302,5,2171,1027,1125,7,12,28,992,1138,7,6,35,2121,6,0,1,7,1,0,140,2010,5,2,12,0,0,2,59,48,17,58,1968,21,673,186,95,84,50,46,0,1019,18,68,2081,20,0,1,0,1,2134,37,0,0,0,1644,134,391,0,2,65,2106,658,1463,390,1183,2012,1083,1560,237,944,355,968,1022,293,37,1,17,244,720,1189,0.05,0.78,11.24,33.16,54.77,1893,258,19,1,0,87.19,11.88,0.88,0.05,0
Bagmati,Kathmandu,Tokha,NP03,NP0327,NP0327302,6,3098,1324,1755,8,11,27,1300,1746,20,5,22,3040,6,4,2,24,0,0,212,2870,7,2,6,1,0,0,36,63,39,228,2723,9,468,286,83,96,91,107,0,1869,98,53,3030,14,0,1,0,0,3091,6,1,0,0,2848,131,115,2,2,23,3075,721,2300,568,1819,3013,1797,2598,474,1702,524,1433,1652,815,100,0,11,136,846,2105,0,0.36,4.39,27.31,67.95,2705,372,20,1,0,87.31,12.01,0.65,0.03,0
Bagmati,Kathmandu,Tokha,NP03,NP0327,NP0327302,7,3107,1187,1864,16,40,48,641,2390,23,5,108,2962,12,1,2,20,1,1,224,2858,12,4,6,0,0,3,47,31,115,482,2419,13,1466,23,295,43,13,39,0,1201,27,44,3053,10,0,0,0,0,3091,16,0,0,0,2996,73,33,1,4,5,3102,809,2259,584,1203,2974,1816,2668,546,1579,313,1408,1789,794,111,1,12,140,868,2086,0.03,0.39,4.51,27.94,67.14,2902,185,16,4,0,93.4,5.95,0.51,0.13,0
Bagmati,Kathmandu,Tokha,NP03,NP0327,NP0327302,8,5504,1904,3538,33,29,46,1514,3903,37,4,66,5331,27,4,2,52,3,19,490,4786,14,181,26,5,0,2,74,312,31,200,4852,35,957,77,361,126,59,25,0,3880,19,119,5165,23,0,197,0,0,5460,43,0,0,1,4944,391,156,1,12,38,5466,1351,3384,472,3077,5024,2647,4093,407,2454,629,2251,2294,691,40,2,21,407,2246,2828,0.04,0.38,7.39,40.81,51.38,5104,355,43,2,0,92.73,6.45,0.78,0.04,0
Bagmati,Kathmandu,Tokha,NP03,NP0327,NP0327302,9,3969,845,3086,21,17,26,1113,2821,7,2,10,3940,4,1,3,8,0,3,113,3837,9,1,8,1,0,0,20,51,63,421,3395,19,1001,242,127,106,32,6,0,2401,54,44,3905,18,0,1,0,1,3935,33,0,0,1,3378,222,361,3,5,13,3956,729,2240,532,1906,3841,1470,3074,297,1466,264,1490,1458,387,24,0,1,136,2015,1817,0,0.03,3.43,50.77,45.78,3732,230,7,0,0,94.03,5.79,0.18,0,0
Bagmati,Kathmandu,Tokha,NP03,NP0327,NP0327302,10,3160,1050,2060,33,17,39,901,2212,3,5,42,3099,5,1,1,12,0,0,133,3013,10,4,0,0,0,0,29,27,10,553,2531,10,820,37,101,79,12,12,0,2069,30,38,3104,17,0,1,0,0,3136,24,0,0,0,2821,151,184,2,2,8,3152,654,2153,523,1345,3052,1763,2569,403,1572,290,1243,1596,600,86,0,9,98,1078,1975,0,0.28,3.1,34.11,62.5,3017,136,6,1,0,95.47,4.3,0.19,0.03,0
Bagmati,Kathmandu,Tokha,NP03,NP0327,NP0327302,11,3634,1362,2246,6,20,23,495,3107,4,5,27,3575,13,4,2,11,0,2,184,3410,5,15,20,0,0,0,45,35,23,451,3070,10,2046,55,202,44,16,9,0,1252,10,61,3553,16,0,0,1,3,3616,18,0,0,0,3133,261,232,3,5,30,3604,1176,2289,572,1840,3373,1734,2912,339,1673,445,1384,1735,582,54,0,7,224,1331,2072,0,0.19,6.16,36.63,57.02,3403,213,18,0,0,93.64,5.86,0.5,0,0
Bagmati,Kathmandu,Tarakeshwor,NP03,NP0327,NP0327301,1,1672,1176,479,4,13,202,475,830,142,23,173,1290,5,28,4,158,3,11,598,1069,2,2,0,1,0,0,295,4,42,45,1285,1,579,440,53,49,30,120,0,397,4,78,1587,6,0,1,0,0,1666,2,1,1,2,233,891,546,1,1,1,1671,567,1427,65,1217,1442,587,960,106,834,160,331,686,158,9,18,159,257,472,766,1.08,9.51,15.37,28.23,45.81,981,370,277,44,0,58.67,22.13,16.57,2.63,0
Bagmati,Kathmandu,Tarakeshwor,NP03,NP0327,NP0327301,2,3352,1883,1461,0,8,189,1129,1749,224,61,131,2828,8,46,5,328,5,1,748,2598,1,0,1,0,0,4,356,9,21,114,2851,1,846,241,23,121,107,647,0,1364,3,108,3219,22,0,0,0,3,3351,0,0,0,1,46,2481,798,21,6,20,3332,1286,2497,349,2420,3022,1240,2481,204,1651,297,983,1444,326,39,56,188,366,987,1755,1.67,5.61,10.92,29.45,52.36,2191,704,308,149,0,65.36,21,9.19,4.45,0
Bagmati,Kathmandu,Tarakeshwor,NP03,NP0327,NP0327301,3,1627,1247,366,3,11,185,618,528,259,37,138,1136,14,12,7,318,1,1,743,883,0,0,1,0,0,0,391,21,5,7,1199,4,122,683,2,9,56,723,0,19,13,256,1365,6,0,0,0,0,1622,0,3,0,2,7,1341,271,3,5,23,1604,241,1196,22,1165,1437,483,968,99,835,99,325,581,91,5,44,210,309,410,654,2.7,12.91,18.99,25.2,40.2,452,718,324,132,1,27.78,44.13,19.91,8.11,0.06
Bagmati,Kathmandu,Tarakeshwor,NP03,NP0327,NP0327301,4,5457,1997,3423,12,25,99,2230,3077,31,20,97,5266,8,5,0,77,3,1,488,4958,2,6,1,1,0,1,67,21,28,281,5050,10,1884,155,122,56,64,29,0,3141,6,8,5421,23,0,2,2,1,5452,4,0,0,1,3706,1552,184,14,1,56,5401,644,3301,514,3464,4861,1937,3783,218,1974,242,1339,1595,459,25,1,46,370,2706,2334,0.02,0.84,6.78,49.59,42.77,5155,250,49,3,0,94.47,4.58,0.9,0.05,0
Bagmati,Kathmandu,Tarakeshwor,NP03,NP0327,NP0327301,5,4555,2658,1851,4,42,337,1910,2008,256,44,240,3919,15,28,5,335,7,6,897,3650,2,0,3,3,0,0,389,14,58,240,3846,8,1700,1739,28,14,29,324,0,710,11,62,4473,19,0,1,0,0,4551,2,0,2,0,1283,2528,737,7,0,16,4539,817,3439,725,3216,4028,1987,3180,305,2223,426,892,1660,415,32,20,235,352,1532,2416,0.44,5.16,7.73,33.63,53.04,3580,600,278,97,0,78.59,13.17,6.1,2.13,0
Bagmati,Kathmandu,Tarakeshwor,NP03,NP0327,NP0327301,6,3330,2199,1097,2,32,170,1274,1464,363,59,104,2705,1,79,4,393,5,39,967,2355,0,2,0,2,0,4,402,28,381,169,2348,2,920,855,50,123,130,121,0,1108,23,41,3270,14,0,1,1,3,3327,0,0,0,3,601,1889,814,21,5,16,3314,960,2722,200,2398,3041,1391,2492,262,1803,389,1039,1757,471,11,20,230,366,793,1921,0.6,6.91,10.99,23.81,57.69,2303,521,445,59,2,69.16,15.65,13.36,1.77,0.06
Bagmati,Kathmandu,Tarakeshwor,NP03,NP0327,NP0327301,7,3335,1812,1506,1,16,267,849,2052,134,33,225,2845,8,21,5,221,1,9,608,2714,1,4,1,7,0,0,194,26,37,375,2666,37,1062,636,37,105,90,129,0,1269,7,35,3294,6,0,0,0,0,3333,2,0,0,0,1824,1269,231,10,1,9,3326,229,2507,286,1969,3084,1452,2511,250,1656,335,1262,1586,295,20,12,135,228,1038,1922,0.36,4.05,6.84,31.12,57.63,2717,364,238,16,0,81.47,10.91,7.14,0.48,0
Bagmati,Kathmandu,Tarakeshwor,NP03,NP0327,NP0327301,8,5023,1860,3151,3,9,132,1703,3103,46,39,89,4813,4,5,1,107,1,3,249,4761,3,3,3,4,0,0,30,25,26,752,4177,13,3909,371,34,20,6,21,0,658,4,3,4768,62,0,190,0,0,5013,3,0,7,0,3966,532,501,21,3,14,5009,1130,3569,983,2835,4685,2289,3832,300,2233,302,1410,1808,525,26,2,36,305,1890,2790,0.04,0.72,6.07,37.63,55.54,4575,370,77,1,0,91.08,7.37,1.53,0.02,0
Bagmati,Kathmandu,Tarakeshwor,NP03,NP0327,NP0327301,9,4877,1676,3170,5,26,85,1308,3407,73,4,54,4707,3,13,1,92,5,2,383,4489,1,1,2,0,0,1,53,7,381,219,4217,0,1211,193,45,39,13,110,0,3260,6,6,4863,6,1,0,0,1,4874,1,1,0,1,3546,479,842,10,0,14,4863,669,2998,346,2554,4328,1899,3664,251,2021,212,1166,1733,468,34,4,51,446,2150,2226,0.08,1.05,9.14,44.08,45.64,4458,338,72,9,0,91.41,6.93,1.48,0.18,0
Bagmati,Kathmandu,Tarakeshwor,NP03,NP0327,NP0327301,10,4300,1169,3108,12,11,29,2058,2190,14,9,29,4227,3,1,0,27,4,9,234,4062,0,0,0,2,0,2,7,7,13,388,3881,4,1041,74,30,13,4,8,0,3129,1,2,4283,15,0,0,0,0,4298,2,0,0,0,3972,318,10,0,0,9,4291,962,2719,326,2503,4158,1975,3715,203,1846,333,1495,1860,562,26,0,4,101,1790,2405,0,0.09,2.35,41.63,55.93,4219,71,10,0,0,98.12,1.65,0.23,0,0
Bagmati,Kathmandu,Tarakeshwor,NP03,NP0327,NP0327301,11,3834,1116,2699,5,14,69,1827,1925,4,9,56,3755,1,1,2,19,0,0,175,3649,1,4,4,1,0,0,21,7,66,162,3575,3,1501,164,15,30,13,87,0,2023,1,4,3584,245,0,1,0,0,3831,3,0,0,0,2587,551,688,8,0,28,3806,686,2311,389,1964,3582,1503,2806,220,1485,206,1143,1492,444,28,0,16,251,1788,1779,0,0.42,6.55,46.64,46.4,3589,233,12,0,0,93.61,6.08,0.31,0,0
Bagmati,Kathmandu,Nagarjun,NP03,NP0327,NP0327305,1,4002,2062,1929,2,9,91,1377,2472,38,24,94,3826,3,4,1,62,0,12,324,3666,1,0,8,1,0,2,95,1,16,498,3388,4,2818,438,7,153,28,36,0,452,70,20,3954,27,0,1,0,0,4002,0,0,0,0,3680,157,147,18,0,5,3997,1584,3430,839,2801,3664,2833,3446,543,2495,893,1698,2668,1213,116,6,40,113,717,3126,0.15,1,2.82,17.92,78.11,3696,229,72,5,0,92.35,5.72,1.8,0.12,0
Bagmati,Kathmandu,Nagarjun,NP03,NP0327,NP0327305,2,4988,2129,2795,18,46,62,1750,3143,25,8,68,4865,1,2,4,39,3,6,248,4722,3,11,1,1,0,2,55,14,62,456,4382,19,3250,409,7,2,6,36,0,1250,28,20,4933,32,0,0,2,1,4987,1,0,0,0,4357,414,210,7,0,12,4976,1072,3801,972,3206,4814,2757,4224,722,2872,723,2327,3074,1455,169,8,27,125,1307,3521,0.16,0.54,2.51,26.2,70.59,4781,149,50,8,0,95.85,2.99,1,0.16,0
Bagmati,Kathmandu,Nagarjun,NP03,NP0327,NP0327305,3,3491,1562,1910,15,4,96,1180,2120,90,5,91,3280,2,4,1,106,0,7,475,3012,0,0,2,0,0,2,148,3,36,241,3062,1,2701,322,0,5,5,85,0,372,1,45,3422,24,0,0,0,0,3490,1,0,0,0,2206,1115,141,25,4,16,3475,832,2431,380,2193,3249,1367,2702,212,1666,296,1186,1544,415,44,12,48,220,1292,1919,0.34,1.37,6.3,37.01,54.97,3151,207,117,16,0,90.26,5.93,3.35,0.46,0
Bagmati,Kathmandu,Nagarjun,NP03,NP0327,NP0327305,4,4843,1997,2780,38,28,77,2010,2699,23,34,82,4662,5,0,0,57,10,27,411,4413,1,6,1,0,0,11,43,16,43,138,4588,15,1930,490,16,136,62,2,0,1568,639,4,4765,65,0,0,3,6,4842,1,0,0,0,4223,431,188,0,1,13,4830,1379,3575,1031,3140,4354,2384,3609,699,2501,670,2178,2456,1181,136,2,18,370,1524,2929,0.04,0.37,7.64,31.47,60.48,3941,851,38,10,3,81.38,17.57,0.78,0.21,0.06
Bagmati,Kathmandu,Nagarjun,NP03,NP0327,NP0327305,5,2694,1407,1257,19,11,140,1066,1394,51,43,88,2436,1,8,0,159,1,1,499,2192,0,1,0,0,0,2,166,6,12,64,2439,7,2036,438,3,5,1,3,0,194,14,36,2640,18,0,0,0,0,2691,0,1,0,2,1980,528,167,16,3,12,2682,710,1954,492,1515,2488,1191,1977,318,1426,337,1091,1429,592,75,14,100,156,852,1572,0.52,3.71,5.79,31.63,58.35,2387,147,144,16,0,88.6,5.46,5.35,0.59,0
Bagmati,Kathmandu,Nagarjun,NP03,NP0327,NP0327305,6,3927,2157,1734,13,23,180,1404,1974,292,77,108,3324,31,45,3,320,3,93,961,2942,1,15,1,5,0,2,412,19,15,240,3237,4,2232,930,2,15,57,310,0,369,12,64,3840,19,0,3,0,1,3923,0,1,0,3,1393,1795,728,5,6,14,3913,1112,2993,453,2322,3632,1675,2988,435,2195,383,1310,1993,727,37,22,187,413,1105,2200,0.56,4.76,10.52,28.14,56.02,2910,527,427,61,2,74.1,13.42,10.87,1.55,0.05
Bagmati,Kathmandu,Nagarjun,NP03,NP0327,NP0327305,7,1451,1127,303,3,18,160,546,583,155,7,124,1132,11,65,4,107,3,5,441,1009,0,0,0,1,0,0,273,4,4,53,1105,12,670,687,0,4,10,41,0,34,5,112,1333,6,0,0,0,0,1446,1,3,0,1,55,906,479,10,1,7,1444,280,1188,87,716,1313,652,1061,126,961,84,431,830,249,30,28,106,175,312,830,1.93,7.31,12.06,21.5,57.2,904,280,230,37,0,62.3,19.3,15.85,2.55,0
Bagmati,Kathmandu,Nagarjun,NP03,NP0327,NP0327305,8,845,707,132,3,3,88,371,275,110,1,74,635,6,26,7,95,2,0,354,487,0,2,0,2,0,0,170,2,2,16,655,0,369,465,0,2,6,2,0,0,1,175,670,0,0,0,0,0,842,2,0,0,1,2,777,66,0,0,18,827,371,682,68,738,703,219,494,58,461,81,258,368,51,0,25,73,137,228,382,2.96,8.64,16.21,26.98,45.21,530,153,152,10,0,62.72,18.11,17.99,1.18,0
Bagmati,Kathmandu,Nagarjun,NP03,NP0327,NP0327305,9,1967,834,1114,15,4,74,907,976,9,1,37,1853,1,3,31,41,1,0,226,1734,0,0,1,2,0,4,47,4,18,65,1833,0,998,166,1,9,17,1,0,453,322,9,1946,9,1,0,0,2,1967,0,0,0,0,1569,306,90,1,1,20,1947,502,1392,316,924,1715,1130,1498,209,1040,158,762,819,396,12,2,41,159,557,1208,0.1,2.08,8.08,28.32,61.41,1513,408,46,0,0,76.92,20.74,2.34,0,0
Bagmati,Kathmandu,Nagarjun,NP03,NP0327,NP0327305,10,3093,1271,1810,3,9,61,1317,1695,12,8,62,2980,6,1,2,38,2,2,256,2831,1,0,4,1,0,0,51,7,244,111,2679,1,2673,155,1,7,6,3,0,173,75,4,3060,29,0,0,0,0,3093,0,0,0,0,2367,610,108,7,1,5,3088,776,2075,412,1432,2950,1652,2425,283,1546,276,1170,1567,647,31,0,17,153,1038,1885,0,0.55,4.95,33.56,60.94,2859,203,29,2,0,92.43,6.56,0.94,0.06,0
Bagmati,Kathmandu,Kathmandu,NP03,NP0327,NP0327101,1,1621,799,713,81,28,200,650,754,0,17,166,1423,0,0,2,27,1,2,275,1294,1,28,3,18,0,2,101,21,86,311,1097,5,1201,21,13,77,7,1,0,284,17,0,1594,23,0,0,2,2,1620,0,0,0,1,1381,42,196,2,0,6,1615,327,1409,744,978,1474,1017,1358,451,861,365,1170,1134,573,262,7,51,98,287,1178,0.43,3.15,6.05,17.71,72.67,1319,221,79,2,0,81.37,13.63,4.87,0.12,0
Bagmati,Kathmandu,Kathmandu,NP03,NP0327,NP0327101,2,3247,1471,1711,30,35,247,2145,849,4,2,194,3043,2,1,0,4,0,3,215,3020,1,3,4,0,0,4,37,12,151,117,2924,6,2359,190,65,58,17,0,0,536,22,13,3144,87,0,0,0,3,3244,1,0,0,2,3007,107,132,0,1,6,3241,1004,2602,1242,1882,3134,1932,2841,601,1749,654,2084,2035,1154,242,0,11,152,748,2336,0,0.34,4.68,23.04,71.94,2971,264,12,0,0,91.5,8.13,0.37,0,0
Bagmati,Kathmandu,Kathmandu,NP03,NP0327,NP0327101,3,9545,3748,5499,240,58,291,4649,4500,66,39,273,9092,19,2,4,137,3,15,1186,8315,3,12,10,14,0,5,185,52,165,528,8607,8,5787,644,242,109,130,93,0,2518,22,10,9423,102,0,0,3,7,9537,4,0,0,4,7256,1498,771,17,3,23,9522,3404,7416,2678,6582,9085,5679,7876,1644,4599,1336,4684,5445,2617,468,4,106,474,2543,6418,0.04,1.11,4.97,26.64,67.24,8575,845,119,5,1,89.84,8.85,1.25,0.05,0.01
Bagmati,Kathmandu,Kathmandu,NP03,NP0327,NP0327101,4,11952,5056,6591,110,195,391,5760,5710,48,43,317,11445,15,4,22,102,10,37,1085,10821,2,16,9,11,0,8,155,41,102,1079,10549,26,5170,388,509,498,140,137,0,4834,276,27,11757,163,0,0,0,5,11951,1,0,0,0,9784,1007,1138,22,1,16,11936,5973,9816,4113,7590,11327,7284,10380,2588,6472,1932,6937,7566,4034,862,1,62,494,2673,8722,0.01,0.52,4.13,22.36,72.98,10495,1356,93,8,0,87.81,11.35,0.78,0.07,0
Bagmati,Kathmandu,Kathmandu,NP03,NP0327,NP0327101,5,4977,1542,3382,22,31,195,2339,2417,11,15,333,4595,3,2,2,34,0,8,441,4522,0,1,7,2,0,4,65,15,215,224,4452,6,3656,250,251,21,18,43,0,705,33,11,4890,75,0,0,0,1,4975,1,0,0,1,4246,219,404,108,0,2,4975,2929,3905,1474,2932,4762,2687,4091,669,2396,709,2469,2423,1036,179,2,36,247,1494,3198,0.04,0.72,4.96,30.02,64.26,4456,485,31,4,1,89.53,9.74,0.62,0.08,0.02
Bagmati,Kathmandu,Kathmandu,NP03,NP0327,NP0327101,6,15949,5609,10167,90,83,409,8332,7057,117,34,379,15309,17,15,13,193,11,12,1458,14360,4,82,18,12,0,15,160,57,190,951,14536,55,11182,990,868,349,146,88,0,2248,78,20,15823,104,0,0,0,2,15946,2,0,0,1,14014,1142,775,17,1,85,15864,4587,12257,2736,9430,14903,7211,12213,1412,7464,1396,6841,8407,2873,250,7,108,842,5207,9785,0.04,0.68,5.28,32.65,61.35,14607,1150,183,9,0,91.59,7.21,1.15,0.06,0
Bagmati,Kathmandu,Kathmandu,NP03,NP0327,NP0327101,7,11934,4105,7756,26,47,203,5985,5683,36,27,188,11626,20,2,2,54,30,12,881,11008,3,28,4,4,0,6,79,40,154,1302,10344,15,9969,604,220,80,72,19,0,919,51,11,11827,94,0,0,0,2,11931,2,0,0,1,11131,262,533,8,0,29,11905,4864,9295,3025,7286,11406,6483,9772,1262,5787,1062,6548,6456,2741,265,3,36,386,3625,7884,0.03,0.3,3.23,30.38,66.06,11208,667,58,0,1,93.92,5.59,0.49,0,0.01
Bagmati,Kathmandu,Kathmandu,NP03,NP0327,NP0327101,8,2576,1060,1465,32,19,135,1106,1309,23,3,109,2419,0,3,7,32,5,1,287,2281,0,3,3,2,0,0,78,12,198,50,2236,2,1541,106,221,20,1,0,0,684,3,19,2529,26,0,0,1,1,2576,0,0,0,0,2210,41,323,2,0,10,2566,2428,2104,668,1946,2435,1269,2066,256,1371,364,1580,1505,570,64,4,25,158,698,1691,0.16,0.97,6.13,27.1,65.64,2107,436,32,1,0,81.79,16.93,1.24,0.04,0
Bagmati,Kathmandu,Kathmandu,NP03,NP0327,NP0327101,9,9571,3517,5880,67,107,444,4427,4535,151,14,325,9042,11,5,3,178,4,3,884,8616,2,21,34,12,0,2,185,29,316,433,8600,8,5151,484,808,99,55,19,0,2934,21,37,9445,85,0,0,1,3,9568,3,0,0,0,8694,516,358,2,1,31,9540,4939,7415,2635,6207,9111,5649,7795,1411,4919,1149,5623,5509,2528,402,2,145,421,2492,6511,0.02,1.51,4.4,26.04,68.03,8885,523,151,12,0,92.83,5.46,1.58,0.13,0
Bagmati,Kathmandu,Kathmandu,NP03,NP0327,NP0327101,10,9209,3387,5677,77,68,349,4945,3859,37,19,252,8859,7,5,0,53,4,29,493,8692,1,6,3,13,0,1,85,50,54,647,8371,2,4338,716,287,280,153,32,0,3185,218,8,9081,117,0,0,1,2,9208,1,0,0,0,8251,641,303,14,0,24,9185,2746,6905,2667,5243,8845,6261,8121,1502,4922,1347,4928,4983,2535,427,0,39,259,2366,6545,0,0.42,2.81,25.69,71.07,8422,729,56,2,0,91.45,7.92,0.61,0.02,0
Bagmati,Kathmandu,Kathmandu,NP03,NP0327,NP0327101,11,3897,1638,1991,219,49,260,2410,974,213,40,267,3326,77,153,1,68,3,2,842,3035,0,7,5,7,0,1,424,30,172,471,2794,6,1588,217,52,29,26,43,0,1853,89,20,3833,37,0,0,3,4,3894,1,1,0,1,3499,81,249,68,0,25,3872,2385,2949,1233,2837,3605,2172,3176,582,1833,600,2449,2166,974,221,16,201,261,967,2452,0.41,5.16,6.7,24.81,62.92,3189,463,240,5,0,81.83,11.88,6.16,0.13,0
Bagmati,Kathmandu,Kathmandu,NP03,NP0327,NP0327101,12,2777,1258,1414,71,34,352,1151,1242,15,17,292,2439,3,0,2,36,0,5,523,2182,1,4,5,57,0,5,205,17,164,120,2266,5,1108,167,7,16,38,2,0,1403,36,5,2752,16,0,0,2,2,2776,0,1,0,0,2501,161,101,11,3,22,2755,335,2210,725,1926,2582,1127,2011,273,1388,334,1804,1483,477,47,2,70,235,884,1586,0.07,2.52,8.46,31.83,57.11,2318,396,60,3,0,83.47,14.26,2.16,0.11,0
Bagmati,Kathmandu,Kathmandu,NP03,NP0327,NP0327101,13,10113,4323,5650,71,69,394,4256,5378,41,44,314,9690,14,0,1,79,2,13,716,9370,0,3,3,6,0,15,147,40,122,539,9221,44,3581,390,12,147,34,34,0,5208,707,7,9994,102,0,0,4,6,10109,2,1,0,1,8553,959,579,21,1,52,10061,2880,7825,2946,6595,9396,5492,8078,1611,5647,1766,5714,5570,2882,378,6,97,485,2893,6632,0.06,0.96,4.8,28.61,65.58,8903,1115,80,12,3,88.04,11.03,0.79,0.12,0.03
Bagmati,Kathmandu,Kathmandu,NP03,NP0327,NP0327101,14,12793,5649,7045,45,54,269,4535,7757,200,32,260,12240,17,62,3,204,3,4,979,11780,2,9,13,6,0,4,137,49,261,537,11802,7,6112,792,5,60,26,54,0,5019,725,33,12639,107,0,0,8,6,12789,3,0,0,1,10034,1910,805,7,37,81,12712,4386,9929,3632,8255,12219,7375,10498,1921,6765,1828,6934,7432,3603,478,34,103,489,3411,8756,0.27,0.81,3.82,26.66,68.44,11377,1224,133,48,11,88.93,9.57,1.04,0.38,0.09
Bagmati,Kathmandu,Kathmandu,NP03,NP0327,NP0327101,15,14081,4957,8751,282,91,439,6326,7176,67,73,422,13410,18,4,39,143,28,17,1097,12934,3,9,10,7,0,21,197,48,342,908,12507,79,2302,582,60,154,85,225,0,9374,1299,21,13928,105,0,0,3,24,14064,6,0,0,11,11198,562,2250,62,9,69,14012,2647,10491,2687,8573,13258,6101,10200,1159,6788,1884,6879,6580,2546,247,12,117,973,5309,7670,0.09,0.83,6.91,37.7,54.47,11734,2190,143,11,3,83.33,15.55,1.02,0.08,0.02
Bagmati,Kathmandu,Kathmandu,NP03,NP0327,NP0327101,16,24512,8446,15810,185,71,347,10863,13140,107,55,475,23801,24,19,9,173,8,3,1523,22873,10,25,17,60,0,4,203,101,228,1970,21985,25,7554,1162,306,266,322,83,0,14466,353,48,24198,250,0,0,3,13,24494,14,0,0,4,19234,3090,2105,76,7,98,24414,4500,17072,4959,14629,22856,12270,19151,2224,11774,2870,11062,11692,4862,558,10,149,1312,8497,14544,0.04,0.61,5.35,34.66,59.33,22563,1781,156,11,1,92.05,7.27,0.64,0.04,0
Bagmati,Kathmandu,Kathmandu,NP03,NP0327,NP0327101,17,5833,2131,3655,23,24,187,2847,2779,17,3,138,5649,2,9,1,22,0,12,377,5395,2,13,40,6,0,0,107,13,177,332,5199,5,2715,107,71,29,26,5,0,2720,160,2,5788,41,0,0,0,2,5830,1,0,0,2,4983,494,347,5,4,28,5805,1727,4312,1438,3549,5513,2481,4218,442,2979,833,3399,3012,1168,88,2,49,273,2084,3425,0.03,0.84,4.68,35.73,58.72,5282,524,18,9,0,90.55,8.98,0.31,0.15,0
Bagmati,Kathmandu,Kathmandu,NP03,NP0327,NP0327101,18,2073,800,1256,14,3,139,531,1393,8,2,139,1757,3,0,130,9,0,35,245,1817,0,1,3,7,0,0,68,15,43,96,1831,20,594,40,20,7,2,0,0,1306,104,1,2048,22,0,0,1,1,2073,0,0,0,0,1792,67,210,3,1,8,2065,393,1742,561,1282,1927,785,1178,89,848,258,1285,1000,362,19,1,26,228,779,1039,0.05,1.25,11,37.58,50.12,1606,451,16,0,0,77.47,21.76,0.77,0,0
Bagmati,Kathmandu,Kathmandu,NP03,NP0327,NP0327101,19,2198,884,1306,4,4,445,975,771,2,5,432,1752,1,0,1,11,1,0,519,1625,1,22,18,8,0,5,372,12,108,100,1593,13,1082,32,18,5,5,2,0,1005,49,2,2183,8,0,0,3,2,2198,0,0,0,0,1948,1,244,3,2,155,2043,198,1460,308,539,1823,676,1099,65,857,202,1106,917,235,8,1,109,452,812,824,0.05,4.96,20.56,36.94,37.49,1620,530,46,2,0,73.7,24.11,2.09,0.09,0
Bagmati,Kathmandu,Kathmandu,NP03,NP0327,NP0327101,20,2363,872,1468,5,18,544,720,1082,4,13,481,1854,11,1,0,3,2,11,645,1699,1,0,2,4,0,12,386,32,66,130,1736,13,1536,103,14,7,10,5,0,672,16,4,2324,12,0,0,6,17,2347,2,0,0,14,2117,208,22,4,12,25,2338,505,1730,434,1423,2172,885,1622,69,1016,224,1361,1000,309,9,14,76,327,829,1117,0.59,3.22,13.84,35.08,47.27,1808,530,12,1,12,76.51,22.43,0.51,0.04,0.51
Bagmati,Kathmandu,Kathmandu,NP03,NP0327,NP0327101,21,2903,1234,1652,4,13,720,1036,1143,3,1,698,2196,2,0,1,2,1,3,781,2069,16,16,14,6,0,1,540,49,199,59,2052,4,1154,63,21,27,29,5,0,1357,247,2,2844,41,0,0,8,8,2899,1,1,0,2,2014,168,720,1,0,13,2890,822,2229,865,1206,2667,1150,1907,110,1335,450,1756,1419,509,21,8,172,395,952,1376,0.28,5.92,13.61,32.79,47.4,1828,862,212,1,0,62.97,29.69,7.3,0.03,0
Bagmati,Kathmandu,Kathmandu,NP03,NP0327,NP0327101,22,1359,649,683,12,15,182,928,244,2,3,165,1162,7,0,1,0,2,22,126,1196,0,7,13,17,0,0,125,33,56,77,1066,2,791,33,19,2,0,1,0,495,18,2,1340,13,0,0,0,4,1357,2,0,0,0,1133,35,189,2,0,7,1352,347,1103,609,719,1239,670,1030,132,650,198,1008,811,399,28,2,50,100,367,840,0.15,3.68,7.36,27.01,61.81,1073,250,36,0,0,78.96,18.4,2.65,0,0
Bagmati,Kathmandu,Kathmandu,NP03,NP0327,NP0327101,23,1592,696,887,2,7,535,598,459,0,0,507,1073,1,0,11,0,0,0,478,1085,0,0,6,22,0,1,475,2,27,21,1066,1,1308,24,7,0,0,2,0,248,3,3,1565,17,0,0,5,2,1590,0,1,0,1,1345,1,240,4,2,9,1583,516,1301,472,861,1311,733,963,92,761,258,1096,861,276,14,8,141,245,413,785,0.5,8.86,15.39,25.94,49.31,992,521,78,1,0,62.31,32.73,4.9,0.06,0
Bagmati,Kathmandu,Kathmandu,NP03,NP0327,NP0327101,24,1174,588,576,1,9,452,336,383,3,0,446,725,3,0,0,0,0,0,423,737,0,5,2,7,0,0,384,28,13,75,674,0,830,13,4,2,3,0,0,322,0,1,1162,7,0,0,4,0,1174,0,0,0,0,582,14,573,3,2,10,1164,310,979,385,314,1092,534,800,29,578,111,876,648,201,10,6,130,181,310,547,0.51,11.07,15.42,26.41,46.59,653,327,194,0,0,55.62,27.85,16.52,0,0
Bagmati,Kathmandu,Kathmandu,NP03,NP0327,NP0327101,25,2335,946,1372,8,9,628,905,802,0,0,629,1706,0,0,0,0,0,0,594,1676,5,4,10,46,0,0,476,77,178,137,1467,0,1064,45,5,3,6,3,0,1097,112,4,2284,34,0,0,2,11,2332,0,1,0,2,2225,32,73,4,1,10,2325,1277,1791,684,1402,2063,963,1590,96,977,250,1529,1217,392,17,5,114,341,706,1169,0.21,4.88,14.6,30.24,50.06,1583,694,58,0,0,67.79,29.72,2.48,0,0
Bagmati,Kathmandu,Kathmandu,NP03,NP0327,NP0327101,26,10566,3506,6943,71,46,433,4648,5432,37,16,306,10152,10,2,4,61,5,26,758,9737,6,15,39,4,0,7,71,47,122,876,9419,31,5400,325,228,133,29,65,0,4346,40,32,10439,91,0,0,1,3,10558,6,0,0,2,9030,1143,383,8,2,41,10525,3566,7498,2990,6831,9784,5763,8475,1201,5106,1373,5191,5439,2389,305,1,42,483,3363,6677,0.01,0.4,4.57,31.83,63.19,9922,597,45,1,1,93.9,5.65,0.43,0.01,0.01
Bagmati,Kathmandu,Kathmandu,NP03,NP0327,NP0327101,27,1388,642,734,9,3,342,508,535,2,1,326,1057,1,2,1,1,0,0,374,1001,1,3,9,0,0,0,307,15,59,34,973,0,706,36,30,0,2,1,0,600,13,1,1333,45,0,0,3,6,1386,2,0,0,0,1137,15,236,0,0,5,1383,446,1033,453,480,1276,607,1081,85,625,252,926,699,287,20,3,65,198,421,701,0.22,4.68,14.27,30.33,50.5,934,415,39,0,0,67.29,29.9,2.81,0,0
Bagmati,Kathmandu,Kathmandu,NP03,NP0327,NP0327101,28,2954,822,2087,32,13,165,1597,1173,10,9,152,2776,11,0,2,8,1,4,260,2681,0,2,3,7,0,1,40,17,32,57,2806,2,2064,101,48,3,17,218,0,475,28,0,2937,15,0,0,1,1,2954,0,0,0,0,2654,49,248,3,0,4,2950,739,1978,671,1514,2722,1269,2106,226,1123,300,1624,1128,518,76,1,9,291,1203,1450,0.03,0.3,9.85,40.72,49.09,2381,558,14,1,0,80.6,18.89,0.47,0.03,0
Bagmati,Kathmandu,Kathmandu,NP03,NP0327,NP0327101,29,7310,2118,5055,58,79,339,3351,3594,14,12,289,6980,4,0,11,24,0,2,433,6839,1,10,15,5,0,7,56,23,237,336,6650,8,4620,126,116,51,13,104,0,2244,36,13,7141,152,0,0,3,1,7308,2,0,0,0,6799,284,205,22,0,14,7296,1686,4758,1843,4358,6855,4781,6223,804,3580,859,3475,3284,1587,252,1,29,317,2315,4648,0.01,0.4,4.34,31.67,63.58,6768,512,29,1,0,92.59,7,0.4,0.01,0
Bagmati,Kathmandu,Kathmandu,NP03,NP0327,NP0327101,30,6129,1956,4030,72,71,198,2962,2945,16,8,151,5928,4,3,3,26,13,1,348,5740,0,11,11,18,0,1,60,21,106,447,5470,25,4350,311,88,31,15,159,0,1169,6,11,6040,75,0,0,0,3,6127,2,0,0,0,5267,447,412,3,0,18,6111,2091,4419,1869,4036,5823,3770,5024,765,2896,809,3094,2943,1336,281,1,27,247,1867,3987,0.02,0.44,4.03,30.46,65.05,5643,444,42,0,0,92.07,7.24,0.69,0,0
Bagmati,Kathmandu,Kathmandu,NP03,NP0327,NP0327101,31,15697,5870,9666,76,85,581,7316,7669,88,43,464,15005,24,6,19,156,3,20,1343,14299,3,17,11,11,0,13,164,76,555,1714,13136,52,7657,551,482,423,131,10,0,6324,119,28,15426,224,0,0,13,6,15690,7,0,0,0,13287,1079,1288,40,3,64,15633,4235,11520,4164,9455,15091,10471,13433,2254,8146,2130,8450,8465,4184,594,11,131,601,4242,10712,0.07,0.83,3.83,27.02,68.24,14443,1106,140,7,1,92.01,7.05,0.89,0.04,0.01
Bagmati,Kathmandu,Kathmandu,NP03,NP0327,NP0327101,32,24338,7595,16383,190,170,468,10974,12523,246,127,451,23369,51,44,20,339,8,56,1572,22626,18,32,18,45,0,27,410,88,217,2095,21510,18,6502,1389,1160,399,272,232,0,13985,399,115,23977,232,0,0,7,7,24303,8,13,0,14,20813,2369,1032,111,13,43,24295,5309,15796,4356,15324,23346,14157,20777,2712,11501,2154,10546,10810,4851,445,35,222,818,8630,14633,0.14,0.91,3.36,35.46,60.12,22380,1585,325,35,13,91.95,6.51,1.34,0.14,0.05
Bagmati,Kathmandu,Kirtipur,NP03,NP0327,NP0327309,1,1899,797,1094,4,4,161,320,1410,4,4,92,1791,2,0,2,12,0,0,109,1783,0,2,2,3,0,0,125,1,12,63,1697,1,785,41,0,9,1,6,0,985,72,2,1874,23,0,0,0,0,1898,0,0,0,1,1833,65,0,1,0,3,1896,514,1169,435,785,1859,1202,1489,195,994,197,698,882,467,21,1,8,70,666,1154,0.05,0.42,3.69,35.07,60.77,1689,200,10,0,0,88.94,10.53,0.53,0,0
Bagmati,Kathmandu,Kirtipur,NP03,NP0327,NP0327309,2,2443,926,1506,7,4,53,852,1511,26,1,31,2375,0,7,0,28,2,0,96,2341,2,1,1,1,0,1,42,6,52,438,1903,2,1350,234,1,4,4,2,0,767,81,5,2417,19,0,1,0,1,2443,0,0,0,0,1918,390,135,0,0,4,2439,709,1648,421,1745,2321,1707,2096,276,1334,227,864,1203,743,53,0,15,89,708,1631,0,0.61,3.64,28.98,66.76,2250,168,24,1,0,92.1,6.88,0.98,0.04,0
Bagmati,Kathmandu,Kirtipur,NP03,NP0327,NP0327309,3,1357,810,546,0,1,178,468,589,118,4,139,1087,1,54,0,64,2,10,288,1052,5,12,0,0,0,0,257,2,5,5,1088,0,1042,30,0,1,0,27,0,252,5,9,1347,1,0,0,0,0,1351,0,6,0,0,676,438,238,5,0,3,1354,265,994,279,631,1263,784,1108,79,735,157,661,764,317,8,9,80,118,372,778,0.66,5.9,8.7,27.41,57.33,964,249,124,20,0,71.04,18.35,9.14,1.47,0
Bagmati,Kathmandu,Kirtipur,NP03,NP0327,NP0327309,4,2786,1764,1011,4,7,378,1064,1106,217,21,137,2158,2,83,5,380,4,17,737,1997,31,4,1,9,0,7,492,6,14,186,2079,9,1641,593,8,18,16,383,0,101,26,57,2717,9,0,1,0,2,2781,1,3,0,1,77,2439,267,2,1,17,2769,799,2151,528,1669,2521,1461,2198,245,1679,307,739,1556,521,22,34,207,284,576,1685,1.22,7.43,10.19,20.67,60.48,1902,368,340,175,1,68.27,13.21,12.2,6.28,0.04
Bagmati,Kathmandu,Kirtipur,NP03,NP0327,NP0327309,5,3499,1480,2007,5,7,244,1091,1786,257,121,120,2910,9,110,0,345,0,5,664,2809,21,1,1,2,0,1,473,10,32,154,2828,2,2180,1050,2,3,1,202,0,33,28,8,3464,24,0,2,0,1,3498,0,0,0,1,1018,1918,559,4,0,18,3481,1014,1888,431,2588,3347,1870,2879,170,1516,366,849,1189,502,20,25,251,271,1313,1639,0.71,7.17,7.75,37.53,46.84,2713,314,376,96,0,77.54,8.97,10.75,2.74,0
Bagmati,Kathmandu,Kirtipur,NP03,NP0327,NP0327309,6,2687,1720,919,32,16,383,1041,980,267,16,211,2036,7,92,1,327,10,3,728,1923,19,11,1,4,0,1,438,25,43,90,2090,1,1690,660,6,7,12,38,0,219,55,38,2632,17,0,0,0,0,2679,7,0,0,1,216,1805,660,6,0,20,2667,484,2075,311,2091,2390,1152,1852,182,1413,280,945,1338,391,22,27,237,307,707,1409,1,8.82,11.43,26.31,52.44,1824,434,337,91,1,67.88,16.15,12.54,3.39,0.04
Bagmati,Kathmandu,Kirtipur,NP03,NP0327,NP0327309,7,2068,589,1475,2,2,135,901,1006,21,5,77,1964,2,6,0,17,0,2,105,1945,0,0,2,0,0,16,55,5,28,59,1920,1,1499,77,0,0,1,3,0,486,2,8,2041,18,0,1,0,0,2068,0,0,0,0,1719,309,38,2,0,12,2056,314,696,313,752,1961,1168,1780,70,722,125,419,514,207,16,1,17,118,1163,769,0.05,0.82,5.71,56.24,37.19,1939,95,32,2,0,93.76,4.59,1.55,0.1,0
Bagmati,Kathmandu,Kirtipur,NP03,NP0327,NP0327309,8,1218,532,683,1,2,80,459,673,3,3,51,1152,0,1,1,10,1,2,71,1145,1,1,0,0,0,0,26,10,5,20,1157,0,953,79,0,0,0,20,0,140,26,1,1208,9,0,0,0,0,1218,0,0,0,0,552,59,606,1,0,1,1217,148,626,258,857,1189,745,1076,37,554,114,405,489,216,6,0,14,68,564,572,0,1.15,5.58,46.31,46.96,831,365,22,0,0,68.23,29.97,1.81,0,0
Bagmati,Kathmandu,Kirtipur,NP03,NP0327,NP0327309,9,2995,916,2050,24,5,120,688,2066,115,6,81,2786,2,11,3,108,1,3,274,2705,3,4,4,2,0,3,139,26,48,150,2631,1,2196,174,0,18,4,16,0,536,51,0,2968,25,0,0,1,1,2994,1,0,0,0,1716,428,845,6,0,2,2993,573,1448,435,1500,2895,1555,2559,139,1118,230,840,906,406,13,2,53,203,1542,1195,0.07,1.77,6.78,51.49,39.9,2453,422,92,28,0,81.9,14.09,3.07,0.93,0
Bagmati,Kathmandu,Kirtipur,NP03,NP0327,NP0327309,10,3198,1025,1982,185,6,291,1346,1519,29,13,240,2914,5,1,0,32,0,6,285,2888,2,22,0,0,0,1,187,66,77,34,2831,3,1817,163,0,7,6,14,0,1160,31,16,3141,39,0,0,1,1,3196,1,1,0,0,2848,228,118,4,0,16,3182,655,1614,609,1441,2943,1862,2605,156,1295,260,997,999,402,14,6,32,220,1460,1480,0.19,1,6.88,45.65,46.28,2839,319,33,7,0,88.77,9.97,1.03,0.22,0
Bagmati,Kathmandu,Chandragiri,NP03,NP0327,NP0327308,1,1837,1299,516,4,18,163,504,1032,102,36,155,1524,4,25,2,112,2,13,457,1368,0,3,2,5,0,2,257,4,10,176,1390,0,1526,249,4,7,7,29,0,9,6,170,1655,12,0,0,0,0,1835,1,1,0,0,3,1492,334,7,1,18,1819,412,1473,147,1017,1638,704,1422,129,1054,171,565,987,282,25,47,105,172,439,1074,2.56,5.72,9.36,23.9,58.46,1372,194,231,40,0,74.69,10.56,12.57,2.18,0
Bagmati,Kathmandu,Chandragiri,NP03,NP0327,NP0327308,2,1292,921,365,0,6,237,567,319,166,3,215,877,4,84,3,104,0,5,512,770,2,1,0,2,0,5,343,7,2,4,935,1,469,602,0,4,49,104,0,5,59,211,1076,5,0,0,0,0,1289,0,3,0,0,2,648,640,2,0,6,1286,600,964,104,849,807,393,830,120,500,59,218,416,66,4,69,199,218,337,469,5.34,15.4,16.87,26.08,36.3,509,423,288,71,1,39.4,32.74,22.29,5.5,0.08
Bagmati,Kathmandu,Chandragiri,NP03,NP0327,NP0327308,3,2578,1272,1288,8,10,98,1161,1183,105,31,77,2329,6,35,1,128,1,1,365,2202,0,4,0,2,0,5,164,5,10,38,2356,5,1893,552,2,19,16,55,0,37,4,40,2531,7,0,0,0,0,2577,1,0,0,0,127,2064,383,4,0,14,2564,561,1959,264,1772,2428,954,2081,198,1122,168,554,1211,339,18,8,89,170,892,1419,0.31,3.45,6.59,34.6,55.04,2116,266,179,17,0,82.08,10.32,6.94,0.66,0
Bagmati,Kathmandu,Chandragiri,NP03,NP0327,NP0327308,4,1491,1047,422,9,13,231,725,497,22,16,187,1249,1,1,0,38,2,13,286,1194,1,6,4,0,0,0,163,9,19,78,1214,8,1320,99,3,20,12,25,0,2,10,17,1471,3,0,0,0,0,1490,0,1,0,0,44,1384,62,1,0,11,1480,199,1234,237,942,1367,549,1182,162,682,126,442,816,219,14,6,42,181,424,838,0.4,2.82,12.14,28.44,56.2,1166,247,65,13,0,78.2,16.57,4.36,0.87,0
Bagmati,Kathmandu,Chandragiri,NP03,NP0327,NP0327308,5,3068,1322,1735,4,7,74,1234,1562,181,17,58,2788,8,39,9,149,10,7,338,2711,1,7,0,9,0,2,204,21,7,108,2728,0,1836,1025,0,49,8,56,0,38,56,13,3037,16,0,0,1,1,3066,1,0,0,1,82,2363,619,1,3,8,3060,720,2316,422,1978,2928,1254,2467,233,1326,303,961,1402,443,20,4,93,227,1111,1633,0.13,3.03,7.4,36.21,53.23,2469,373,205,21,0,80.48,12.16,6.68,0.68,0
Bagmati,Kathmandu,Chandragiri,NP03,NP0327,NP0327308,6,2489,1352,1129,4,4,96,834,1466,69,24,66,2275,7,26,7,83,2,23,231,2237,3,12,1,4,0,1,156,7,24,156,2141,5,1814,584,0,3,12,74,0,0,2,9,2293,177,0,0,0,10,2487,1,0,0,1,16,2219,252,2,0,16,2473,593,1936,390,1471,2204,905,1825,183,985,92,313,1093,359,7,3,63,270,778,1375,0.12,2.53,10.85,31.26,55.24,2104,243,135,7,0,84.53,9.76,5.42,0.28,0
Bagmati,Kathmandu,Chandragiri,NP03,NP0327,NP0327308,7,2350,1178,1140,21,11,76,756,1473,36,9,50,2232,3,9,0,54,1,1,184,2144,1,15,1,5,0,0,62,10,21,212,2041,4,1210,791,6,137,54,0,0,147,5,13,2311,25,0,1,0,0,2349,0,0,0,1,32,2014,299,4,1,3,2347,715,1824,416,1588,2201,989,1907,207,1071,264,779,1164,424,13,2,36,111,811,1390,0.09,1.53,4.72,34.51,59.15,2044,236,67,2,1,86.98,10.04,2.85,0.09,0.04
Bagmati,Kathmandu,Chandragiri,NP03,NP0327,NP0327308,8,2238,1319,896,9,14,169,736,1194,109,30,80,1971,9,15,0,140,14,9,393,1836,0,3,0,4,0,2,165,7,7,130,1927,2,1887,279,0,11,8,37,0,13,3,54,2160,23,1,0,0,0,2237,0,1,0,0,11,2005,215,7,0,11,2227,651,1765,270,1464,2084,984,1714,220,1180,185,490,1129,324,22,9,88,180,642,1319,0.4,3.93,8.04,28.69,58.94,1848,194,184,12,0,82.57,8.67,8.22,0.54,0
Bagmati,Kathmandu,Chandragiri,NP03,NP0327,NP0327308,9,1457,1023,428,5,1,198,590,637,20,12,148,1235,7,20,0,41,4,2,279,1168,1,3,4,2,0,0,153,60,7,14,1222,1,1019,380,1,9,7,1,0,36,4,21,1430,5,0,0,1,0,1456,1,0,0,0,63,1242,151,1,0,5,1452,633,1229,295,968,1380,779,1215,160,930,277,618,887,328,119,3,92,102,240,1020,0.21,6.31,7,16.47,70.01,1203,141,106,7,0,82.57,9.68,7.28,0.48,0
Bagmati,Kathmandu,Chandragiri,NP03,NP0327,NP0327308,10,2974,1236,1690,23,25,211,881,1752,107,23,157,2631,11,10,7,148,0,10,454,2491,0,1,7,19,0,2,245,24,44,274,2365,22,2211,615,0,1,5,76,0,47,19,21,2937,15,0,0,1,0,2974,0,0,0,0,643,1722,588,18,3,31,2943,271,2075,180,1669,2739,1151,2131,176,1286,174,840,1220,435,23,14,146,304,1059,1451,0.47,4.91,10.22,35.61,48.79,2393,314,224,43,0,80.46,10.56,7.53,1.45,0
Bagmati,Kathmandu,Chandragiri,NP03,NP0327,NP0327308,11,2222,785,1421,2,14,49,1012,1137,17,7,22,2149,10,0,2,39,0,0,110,2100,1,1,0,10,0,0,31,15,113,205,1858,0,1592,366,0,36,4,61,0,105,58,8,2194,8,0,0,1,11,2215,7,0,0,0,744,1415,56,4,3,1,2221,342,1604,366,1217,2058,941,1753,251,1066,278,621,1071,498,39,2,19,117,829,1255,0.09,0.86,5.27,37.31,56.48,2003,172,40,7,0,90.14,7.74,1.8,0.32,0
Bagmati,Kathmandu,Chandragiri,NP03,NP0327,NP0327308,12,3397,1860,1503,14,20,120,1167,1956,100,54,99,3113,13,34,8,120,4,6,365,3002,1,27,2,0,0,0,190,8,48,214,2933,4,2807,272,1,11,1,133,0,162,10,28,3349,19,0,0,0,1,3395,2,0,0,0,135,2612,648,2,0,37,3360,575,2449,389,1779,3153,1548,2506,244,1605,348,1194,1641,558,36,6,77,316,1078,1920,0.18,2.27,9.3,31.73,56.52,2863,352,166,16,0,84.28,10.36,4.89,0.47,0
Bagmati,Kathmandu,Chandragiri,NP03,NP0327,NP0327308,13,1963,1382,551,14,16,139,444,1321,42,17,93,1750,4,18,1,55,28,14,320,1629,1,5,1,4,0,3,112,6,2,124,1717,2,1358,261,0,30,19,85,0,58,152,36,1893,32,0,0,0,2,1961,2,0,0,0,58,1859,45,1,0,5,1958,1117,1596,339,1216,1825,1101,1650,166,1282,226,884,1341,512,26,8,51,127,347,1430,0.41,2.6,6.47,17.68,72.85,1519,341,86,17,0,77.38,17.37,4.38,0.87,0
Bagmati,Kathmandu,Chandragiri,NP03,NP0327,NP0327308,14,3092,1691,1370,7,24,158,621,2242,69,2,117,2850,6,7,2,106,1,3,253,2832,1,3,0,3,0,0,154,8,25,4,2900,1,2582,237,2,15,11,35,0,171,39,8,3040,42,1,1,0,0,3090,2,0,0,0,254,2813,25,0,0,3,3089,1470,2496,732,2047,2942,1722,2637,359,1681,350,1634,1844,884,74,3,54,163,726,2146,0.1,1.75,5.27,23.48,69.4,2788,182,115,7,0,90.17,5.89,3.72,0.23,0
Bagmati,Kathmandu,Chandragiri,NP03,NP0327,NP0327308,15,3546,1616,1881,34,15,261,1503,1678,90,14,168,3254,5,17,3,90,0,9,376,3103,0,54,10,2,0,1,138,27,165,408,2802,6,2479,349,6,46,46,4,0,501,115,12,3522,12,0,0,0,0,3541,4,1,0,0,929,2501,112,2,2,9,3537,1092,2568,776,2134,3215,1735,2697,437,1668,325,1371,1664,814,93,21,74,237,1138,2076,0.59,2.09,6.68,32.09,58.54,3106,311,97,31,1,87.59,8.77,2.74,0.87,0.03
Bagmati,Kathmandu,Dakshinkali,NP03,NP0327,NP0327310,1,1085,870,209,1,5,252,520,274,31,8,153,882,1,13,1,28,2,5,291,781,0,11,0,1,0,1,175,3,3,18,885,1,433,596,0,0,1,36,0,1,18,202,881,0,0,0,0,2,1080,0,1,0,4,3,1007,68,2,5,8,1077,97,916,39,760,1001,300,739,84,608,65,339,476,77,8,22,64,141,329,529,2.03,5.9,13,30.32,48.76,706,230,137,11,1,65.07,21.2,12.63,1.01,0.09
Bagmati,Kathmandu,Dakshinkali,NP03,NP0327,NP0327310,2,497,328,70,97,2,59,246,139,48,5,54,386,0,15,0,42,0,0,133,360,3,1,0,0,0,0,99,3,0,7,387,1,63,399,1,0,0,29,0,0,5,54,441,2,0,0,0,0,494,0,2,0,1,5,304,188,0,0,19,478,129,376,15,375,386,135,238,19,219,35,170,205,26,1,23,39,95,155,185,4.63,7.85,19.11,31.19,37.22,283,113,82,19,0,56.94,22.74,16.5,3.82,0
Bagmati,Kathmandu,Dakshinkali,NP03,NP0327,NP0327310,3,510,435,69,3,3,172,186,129,21,2,152,325,1,7,0,18,0,7,144,341,2,23,0,0,0,0,159,1,0,1,349,0,289,208,0,9,1,3,0,0,0,127,383,0,0,0,0,0,500,2,5,0,3,0,480,21,2,7,6,504,77,410,2,401,468,172,337,36,245,41,159,277,42,0,19,51,92,113,235,3.73,10,18.04,22.16,46.08,266,154,77,12,1,52.16,30.2,15.1,2.35,0.2
Bagmati,Kathmandu,Dakshinkali,NP03,NP0327,NP0327310,4,392,354,34,1,3,73,205,91,23,0,71,293,1,16,0,11,0,0,126,262,0,4,0,0,0,0,93,2,9,20,268,0,278,88,0,0,0,26,0,0,0,31,359,2,0,0,0,0,392,0,0,0,0,2,341,49,0,0,6,386,269,360,21,374,349,131,242,27,209,26,186,216,27,0,10,33,57,82,210,2.55,8.42,14.54,20.92,53.57,266,64,52,10,0,67.86,16.33,13.27,2.55,0
Bagmati,Kathmandu,Dakshinkali,NP03,NP0327,NP0327310,5,963,716,233,13,1,168,364,418,10,3,149,790,3,4,0,17,0,0,230,728,0,2,3,0,0,0,153,2,29,29,747,3,682,281,0,0,0,0,0,0,0,109,846,8,0,0,0,0,962,1,0,0,0,255,674,32,1,1,11,952,137,805,90,635,791,369,709,82,505,112,369,542,134,1,13,52,105,254,539,1.35,5.4,10.9,26.38,55.97,723,163,73,4,0,75.08,16.93,7.58,0.42,0
Bagmati,Kathmandu,Dakshinkali,NP03,NP0327,NP0327310,6,900,693,203,4,0,166,277,453,0,4,161,730,0,0,0,5,0,4,124,707,0,50,17,2,0,0,172,0,4,55,668,1,667,228,2,0,0,1,0,0,2,66,830,3,0,0,0,1,897,1,1,0,1,379,275,243,1,2,9,891,207,748,100,404,823,355,637,81,469,128,380,497,141,5,20,45,104,264,467,2.22,5,11.56,29.33,51.89,630,168,97,5,0,70,18.67,10.78,0.56,0
Bagmati,Kathmandu,Dakshinkali,NP03,NP0327,NP0327310,7,387,346,36,3,2,166,69,144,8,0,96,283,0,1,0,7,0,0,121,258,0,8,0,0,0,0,83,0,1,6,297,0,212,89,0,1,0,83,0,0,2,113,267,7,0,0,0,0,381,5,0,0,1,0,254,129,0,4,3,384,52,295,25,262,359,119,247,18,192,50,137,179,27,1,14,42,78,97,156,3.62,10.85,20.16,25.06,40.31,133,169,77,8,0,34.37,43.67,19.9,2.07,0
Bagmati,Kathmandu,Dakshinkali,NP03,NP0327,NP0327310,8,1082,1042,35,3,2,465,439,133,34,11,448,578,5,9,0,42,0,0,613,410,0,13,43,2,0,1,490,4,2,3,583,0,216,787,2,9,30,37,0,0,1,446,633,1,0,2,0,0,1075,0,1,0,6,0,448,608,10,16,45,1037,319,606,18,852,480,121,279,34,215,30,82,186,14,2,223,185,318,204,152,20.61,17.1,29.39,18.85,14.05,289,339,422,32,0,26.71,31.33,39,2.96,0
Bagmati,Kathmandu,Dakshinkali,NP03,NP0327,NP0327310,9,673,634,25,4,10,233,344,62,18,16,222,414,0,11,0,21,1,4,386,267,1,10,7,0,0,2,248,1,0,1,422,1,149,504,0,0,8,5,0,0,7,339,331,2,0,0,0,1,667,0,0,0,6,0,249,414,0,10,11,662,79,546,19,551,397,120,358,25,290,23,50,161,11,0,82,88,150,211,142,12.18,13.08,22.29,31.35,21.1,152,285,217,16,3,22.59,42.35,32.24,2.38,0.45
Bagmati,Bhaktapur,Changunarayan,NP03,NP0326,NP0326302,1,2960,1866,1079,4,11,160,842,1744,142,72,141,2552,5,9,6,215,1,31,586,2332,7,19,12,1,0,3,223,28,15,212,2433,49,941,291,293,146,251,425,0,552,61,79,2864,11,0,2,4,0,2948,10,1,0,1,48,2786,114,4,8,25,2935,443,2055,245,1695,2767,1067,2135,168,1423,380,1303,1304,233,3,15,97,360,1056,1432,0.51,3.28,12.16,35.68,48.38,1842,830,228,60,0,62.23,28.04,7.7,2.03,0
Bagmati,Bhaktapur,Changunarayan,NP03,NP0326,NP0326302,2,4527,2832,1629,20,46,214,945,3091,196,81,187,4003,6,25,7,266,2,31,649,3825,7,21,13,4,0,8,332,64,42,420,3627,42,1429,326,101,395,97,208,0,1853,118,144,4345,29,1,3,5,0,4475,50,2,0,0,761,3194,556,7,9,45,4482,942,3101,345,2406,4125,2131,3474,398,2328,650,2001,2211,499,32,26,179,393,1400,2529,0.57,3.95,8.68,30.93,55.86,3311,853,309,53,1,73.14,18.84,6.83,1.17,0.02
Bagmati,Bhaktapur,Changunarayan,NP03,NP0326,NP0326302,3,1881,1529,330,5,17,266,648,885,58,24,227,1549,3,12,0,76,7,7,355,1488,2,14,20,0,0,2,283,70,21,61,1429,17,605,183,42,391,47,62,0,469,82,160,1698,13,5,1,0,4,1824,53,1,0,3,117,1629,114,9,12,6,1875,916,1038,138,1644,1789,1033,1442,97,955,267,913,791,144,9,15,101,243,561,961,0.8,5.37,12.92,29.82,51.09,1101,561,199,19,1,58.53,29.82,10.58,1.01,0.05
Bagmati,Bhaktapur,Changunarayan,NP03,NP0326,NP0326302,4,2014,1693,308,4,9,297,685,849,135,48,250,1504,16,13,5,210,11,5,682,1312,2,8,6,4,0,0,398,59,12,62,1465,18,546,701,11,263,108,214,0,171,0,180,1820,11,2,1,0,0,1974,38,0,0,2,46,1425,517,16,10,36,1978,767,1576,153,1566,1732,468,1183,79,780,173,643,658,97,9,40,203,348,770,653,1.99,10.08,17.28,38.23,32.42,1010,586,350,67,1,50.15,29.1,17.38,3.33,0.05
Bagmati,Bhaktapur,Changunarayan,NP03,NP0326,NP0326302,5,2225,1967,235,5,18,459,760,817,127,62,445,1549,28,27,25,141,7,3,696,1425,2,96,5,1,0,0,576,26,20,87,1504,12,1215,269,8,57,63,488,0,123,2,447,1768,5,0,3,0,2,2206,16,0,0,3,24,1871,325,2,3,35,2190,484,1619,120,1559,1892,733,1504,133,1250,299,985,1075,138,4,91,191,388,569,986,4.09,8.58,17.44,25.57,44.31,1032,700,396,97,0,46.38,31.46,17.8,4.36,0
Bagmati,Bhaktapur,Changunarayan,NP03,NP0326,NP0326302,6,1258,1126,108,6,18,349,307,326,203,73,320,591,21,4,5,311,0,6,737,508,0,1,4,6,0,2,544,30,6,14,641,23,651,573,0,2,4,28,0,0,0,435,822,1,0,0,0,0,1258,0,0,0,0,16,850,386,2,4,32,1226,228,853,126,1028,1040,221,434,41,575,61,140,438,53,2,118,229,329,284,298,9.38,18.2,26.15,22.58,23.69,417,310,448,83,0,33.15,24.64,35.61,6.6,0
Bagmati,Bhaktapur,Changunarayan,NP03,NP0326,NP0326302,7,1954,1509,391,17,37,267,482,1037,130,38,207,1541,8,29,3,155,3,8,540,1391,3,16,2,2,0,0,316,31,10,102,1486,9,972,483,7,53,54,132,0,222,31,180,1751,20,0,3,0,0,1938,15,0,0,1,58,1819,57,7,13,10,1944,588,1494,324,1353,1758,681,1275,122,1024,348,805,895,137,7,23,118,293,537,983,1.18,6.04,14.99,27.48,50.31,1268,426,230,30,0,64.89,21.8,11.77,1.54,0
Bagmati,Bhaktapur,Changunarayan,NP03,NP0326,NP0326302,8,2176,1876,270,16,14,360,581,1053,124,58,336,1640,14,5,12,157,11,1,613,1513,8,38,2,1,0,1,455,33,14,68,1593,13,1380,490,23,50,80,26,0,124,3,290,1874,9,0,3,0,0,2165,11,0,0,0,20,1728,413,8,7,19,2157,540,1604,191,1582,1988,564,1595,109,1003,173,933,982,95,5,27,190,350,662,947,1.24,8.73,16.08,30.42,43.52,1307,523,306,40,0,60.06,24.03,14.06,1.84,0
Bagmati,Bhaktapur,Changunarayan,NP03,NP0326,NP0326302,9,2593,1927,584,48,34,540,535,1311,110,97,447,1839,18,38,7,229,0,15,913,1635,5,31,3,6,0,0,621,28,28,79,1824,13,1103,703,6,205,118,33,0,417,8,245,2335,5,0,1,0,7,2589,3,1,0,0,20,2090,459,10,14,28,2565,544,1735,123,1647,2362,722,1860,178,1276,367,1034,1122,107,6,66,226,442,763,1096,2.55,8.72,17.05,29.43,42.27,1516,579,449,49,0,58.47,22.33,17.32,1.89,0
Bagmati,Bhaktapur,Bhaktapur,NP03,NP0326,NP0326303,1,2905,1471,1319,104,11,234,345,2278,30,18,223,2614,7,1,1,52,6,1,438,2437,4,16,3,4,0,3,270,107,38,130,2345,15,1102,168,16,28,11,1,0,1504,75,182,2701,21,0,0,1,0,2900,5,0,0,0,2291,253,358,0,3,16,2889,688,2015,473,1459,2672,1312,2253,268,1467,543,1716,1391,473,18,9,101,265,961,1569,0.31,3.48,9.12,33.08,54.01,2373,440,90,2,0,81.69,15.15,3.1,0.07,0
Bagmati,Bhaktapur,Bhaktapur,NP03,NP0326,NP0326303,2,2180,1464,695,14,7,411,287,1415,58,9,378,1723,10,4,0,65,0,0,545,1604,3,18,6,3,0,1,404,37,53,43,1636,7,963,298,16,16,22,2,0,859,4,89,2075,15,0,1,0,0,2167,12,0,1,0,1856,295,27,0,2,19,2161,778,1634,574,1373,2018,1089,1762,201,1229,775,1501,1104,407,160,6,60,245,695,1174,0.28,2.75,11.24,31.88,53.85,1652,427,100,1,0,75.78,19.59,4.59,0.05,0
Bagmati,Bhaktapur,Bhaktapur,NP03,NP0326,NP0326303,3,1052,773,275,2,2,348,263,438,3,0,314,729,5,0,0,3,1,0,377,650,4,6,11,2,0,2,225,134,7,25,650,11,745,114,1,8,42,11,0,108,23,100,939,11,0,1,1,0,1048,4,0,0,0,979,55,15,1,2,17,1035,277,793,184,581,957,402,771,56,513,148,678,466,116,9,8,58,205,335,446,0.76,5.51,19.49,31.84,42.4,627,350,75,0,0,59.6,33.27,7.13,0,0
Bagmati,Bhaktapur,Bhaktapur,NP03,NP0326,NP0326303,4,1382,1012,349,14,7,245,282,838,10,7,232,1128,4,0,0,17,0,1,314,1025,3,30,4,4,0,2,265,24,21,41,1022,9,619,239,5,12,48,93,0,281,85,42,1324,15,0,0,0,1,1379,3,0,0,0,1299,76,7,0,0,6,1376,246,1015,268,836,1260,626,1100,95,696,252,911,674,200,15,4,41,174,466,697,0.29,2.97,12.59,33.72,50.43,933,372,77,0,0,67.51,26.92,5.57,0,0
Bagmati,Bhaktapur,Bhaktapur,NP03,NP0326,NP0326303,5,1058,848,201,4,5,288,185,578,3,4,271,770,5,0,0,11,1,0,327,707,0,13,7,1,0,3,273,33,25,12,713,2,598,166,10,3,11,0,0,244,26,64,978,15,0,1,0,0,1055,3,0,0,0,1017,36,4,1,0,14,1044,216,825,212,633,988,459,746,81,639,329,764,602,151,5,5,47,135,305,566,0.47,4.44,12.76,28.83,53.5,687,336,34,1,0,64.93,31.76,3.21,0.09,0
Bagmati,Bhaktapur,Bhaktapur,NP03,NP0326,NP0326303,6,1412,1105,302,2,3,423,196,775,13,5,416,978,2,0,0,15,0,1,450,869,3,85,0,1,0,4,454,15,15,35,888,5,922,300,2,3,4,4,0,151,26,29,1362,21,0,0,0,0,1411,0,1,0,0,1175,233,3,0,1,14,1398,351,896,247,749,1299,558,1036,83,780,351,923,638,179,5,6,95,221,470,620,0.42,6.73,15.65,33.29,43.91,886,486,39,0,1,62.75,34.42,2.76,0,0.07
Bagmati,Bhaktapur,Bhaktapur,NP03,NP0326,NP0326303,7,1337,975,358,1,3,270,284,765,11,7,244,1065,6,0,0,16,4,2,337,988,3,2,2,3,0,2,272,31,10,24,989,11,481,206,4,3,17,2,0,570,54,59,1266,10,0,1,0,1,1326,8,3,0,0,1265,62,4,2,4,20,1317,317,909,192,927,1195,497,936,123,737,338,812,528,145,2,10,59,218,416,634,0.75,4.41,16.31,31.11,47.42,953,329,53,2,0,71.28,24.61,3.96,0.15,0
Bagmati,Bhaktapur,Bhaktapur,NP03,NP0326,NP0326303,8,2352,1450,879,5,18,164,234,1861,35,58,127,2096,7,2,0,119,1,0,325,2002,6,8,5,5,0,1,177,28,44,106,1996,1,950,184,4,7,26,45,0,1103,33,88,2247,13,0,1,2,1,2348,4,0,0,0,2166,163,18,0,5,12,2340,833,1652,585,1483,2225,1200,1997,222,1333,934,1568,1154,369,197,7,35,192,733,1385,0.3,1.49,8.16,31.16,58.89,1977,281,87,7,0,84.06,11.95,3.7,0.3,0
Bagmati,Bhaktapur,Bhaktapur,NP03,NP0326,NP0326303,9,2115,1372,730,9,4,409,530,1070,34,72,394,1580,9,0,4,124,1,3,581,1476,5,41,8,2,0,2,388,27,106,97,1478,19,1039,215,3,20,10,5,0,730,93,75,2031,5,0,0,2,2,2111,3,1,0,0,1993,101,19,0,2,19,2096,628,1333,317,1326,1969,935,1761,159,1227,566,1404,1095,236,12,9,73,302,643,1088,0.43,3.45,14.28,30.4,51.44,1437,553,117,8,0,67.94,26.15,5.53,0.38,0
Bagmati,Bhaktapur,Bhaktapur,NP03,NP0326,NP0326303,10,3194,2021,1161,4,8,339,664,2127,15,49,320,2778,9,0,4,78,4,1,435,2710,6,19,12,3,0,9,517,362,9,54,2238,14,2363,314,6,7,70,61,0,356,17,526,2634,16,1,16,0,1,3051,143,0,0,0,1865,1127,196,1,5,16,3178,905,2112,480,1678,2923,1344,2488,266,1489,656,1798,1372,397,27,5,143,577,989,1480,0.16,4.48,18.07,30.96,46.34,2105,900,180,9,0,65.9,28.18,5.64,0.28,0
Bagmati,Bhaktapur,Madhyapur Thimi,NP03,NP0326,NP0326301,1,6352,2907,3385,35,25,195,2109,3910,112,26,143,5941,44,39,12,157,6,10,1147,5133,17,10,20,22,0,3,222,129,70,419,5452,60,1782,373,173,362,202,80,0,3348,32,174,6084,87,0,4,3,0,6313,38,1,0,0,4859,602,848,27,16,47,6305,1845,4381,877,3142,6047,3673,5183,630,3172,917,3202,3112,1216,82,13,93,511,1950,3785,0.2,1.46,8.04,30.7,59.59,5057,1108,167,20,0,79.61,17.44,2.63,0.31,0
Bagmati,Bhaktapur,Madhyapur Thimi,NP03,NP0326,NP0326301,2,3639,1455,2058,95,31,92,730,2725,43,49,67,3461,7,2,17,76,6,3,251,3326,13,22,24,2,0,1,94,56,85,547,2838,19,644,190,338,535,79,103,0,1715,35,73,3522,32,0,5,4,3,3619,17,2,0,1,2710,881,43,1,4,33,3606,765,2319,467,2269,3450,2187,3152,354,1963,567,1570,1887,760,92,4,27,209,1085,2314,0.11,0.74,5.74,29.82,63.59,3179,394,62,4,0,87.36,10.83,1.7,0.11,0
Bagmati,Bhaktapur,Madhyapur Thimi,NP03,NP0326,NP0326301,3,6664,2952,3650,34,28,168,1601,4728,145,22,136,6322,10,3,3,183,1,6,627,5968,16,18,27,5,0,3,268,322,41,816,5185,32,2421,441,204,804,195,165,0,2111,323,434,6129,96,0,2,1,2,6635,28,1,0,0,5849,483,318,8,6,26,6638,3301,4734,1305,3197,6309,4209,5667,752,3517,1058,3585,3688,1702,171,6,165,488,1624,4381,0.09,2.48,7.32,24.37,65.74,5258,1213,184,9,0,78.9,18.2,2.76,0.14,0
Bagmati,Bhaktapur,Madhyapur Thimi,NP03,NP0326,NP0326301,4,2388,1291,1024,31,42,297,531,1540,17,3,268,2088,10,1,2,19,0,0,331,2003,2,29,17,4,0,2,254,77,81,155,1816,5,1146,103,59,128,48,28,0,860,16,126,2229,30,0,0,1,2,2348,37,0,0,3,2185,128,66,4,5,17,2371,896,1660,408,1237,2277,1210,1993,267,1322,443,1598,1296,447,22,0,36,210,795,1347,0,1.51,8.79,33.29,56.41,1930,413,44,1,0,80.82,17.29,1.84,0.04,0
Bagmati,Bhaktapur,Madhyapur Thimi,NP03,NP0326,NP0326301,5,1966,1427,526,8,5,374,445,1113,21,13,358,1567,6,1,3,27,2,2,376,1534,8,32,13,2,0,1,383,65,19,15,1469,15,958,162,132,286,28,2,0,333,65,91,1867,7,0,0,0,1,1964,2,0,0,0,1514,68,373,8,3,18,1948,406,1487,360,1033,1834,1064,1512,214,1143,324,1198,1045,416,23,6,74,244,517,1125,0.31,3.76,12.41,26.3,57.22,1265,541,155,4,1,64.34,27.52,7.88,0.2,0.05
Bagmati,Bhaktapur,Madhyapur Thimi,NP03,NP0326,NP0326301,6,1964,1188,765,8,3,263,262,1399,27,13,257,1668,2,7,0,20,0,10,296,1622,9,17,4,2,0,14,259,19,38,126,1505,17,1486,59,41,147,25,0,0,177,29,55,1893,6,0,1,1,8,1947,12,2,0,3,1685,133,142,2,2,17,1947,498,1410,276,1110,1816,894,1486,125,901,344,1111,928,254,14,11,57,215,678,1003,0.56,2.9,10.95,34.52,51.07,1545,358,48,5,8,78.67,18.23,2.44,0.25,0.41
Bagmati,Bhaktapur,Madhyapur Thimi,NP03,NP0326,NP0326301,7,2581,1494,1065,9,13,180,617,1734,37,13,177,2329,11,1,1,55,4,3,314,2210,3,16,31,6,0,1,153,230,125,93,1958,22,1267,243,171,149,244,23,0,472,12,217,2314,34,0,13,3,0,2522,58,1,0,0,2106,327,147,1,0,11,2570,1221,1579,213,1617,2445,1101,1975,134,1358,486,1169,1068,360,13,7,48,296,966,1264,0.27,1.86,11.47,37.43,48.97,1954,534,92,1,0,75.71,20.69,3.56,0.04,0
Bagmati,Bhaktapur,Madhyapur Thimi,NP03,NP0326,NP0326301,8,2805,1365,1406,19,15,326,704,1708,48,19,281,2429,10,1,2,74,3,5,423,2338,10,11,19,3,0,1,264,22,43,216,2205,55,2135,289,20,33,26,2,0,291,9,98,2688,16,0,1,1,1,2777,27,1,0,0,2258,464,79,0,4,20,2785,676,1986,237,1347,2662,1122,2281,196,1432,543,1600,1269,364,14,5,60,279,1005,1456,0.18,2.14,9.95,35.83,51.91,2271,446,82,6,0,80.96,15.9,2.92,0.21,0
Bagmati,Bhaktapur,Madhyapur Thimi,NP03,NP0326,NP0326301,9,3607,1787,1763,40,17,218,574,2695,94,26,208,3279,20,12,1,78,3,6,436,3061,5,59,41,3,0,2,284,153,30,412,2670,58,2172,467,37,30,85,66,0,722,28,212,3355,31,1,7,1,0,3514,91,0,0,2,2124,1210,264,7,2,24,3583,1198,2555,272,2167,3314,1614,2772,267,1664,656,1736,1492,422,36,6,72,469,1214,1846,0.17,2,13,33.66,51.18,2899,549,155,4,0,80.37,15.22,4.3,0.11,0
Bagmati,Bhaktapur,Suryabinayak,NP03,NP0326,NP0326304,1,2595,2007,580,3,5,178,476,1832,93,16,151,2296,8,25,3,101,3,8,356,2209,6,3,12,4,0,5,220,39,19,89,2205,23,1722,280,5,39,45,103,0,393,8,81,2502,9,0,2,1,0,2566,20,9,0,0,37,2307,245,1,5,17,2578,1107,1566,437,1767,2448,1118,1968,182,1405,435,1294,1239,333,24,14,102,251,809,1419,0.54,3.93,9.67,31.18,54.68,2045,355,175,20,0,78.81,13.68,6.74,0.77,0
Bagmati,Bhaktapur,Suryabinayak,NP03,NP0326,NP0326304,2,4762,2387,2321,29,25,195,886,3540,105,36,143,4398,11,23,2,169,7,9,464,4239,19,20,12,7,0,1,190,67,31,155,4256,63,936,260,320,687,301,18,0,2066,174,79,4630,45,1,4,0,3,4749,9,4,0,0,3235,1397,119,5,6,20,4742,1612,3340,774,2705,4588,2779,4065,600,2591,677,2422,2552,1152,114,2,79,326,1287,3068,0.04,1.66,6.85,27.03,64.43,3921,665,169,7,0,82.34,13.96,3.55,0.15,0
Bagmati,Bhaktapur,Suryabinayak,NP03,NP0326,NP0326304,3,3439,1913,1502,11,13,54,770,2569,40,6,53,3327,6,0,3,46,4,0,170,3242,10,5,8,2,0,2,185,165,11,221,2834,23,1687,78,49,373,21,97,0,1065,69,293,3113,30,0,0,2,1,3417,20,2,0,0,1987,1291,154,2,5,24,3415,1370,2233,443,2072,3267,1976,2930,227,2008,376,1781,1843,649,86,0,50,294,861,2234,0,1.45,8.55,25.04,64.96,2836,555,48,0,0,82.47,16.14,1.4,0,0
Bagmati,Bhaktapur,Suryabinayak,NP03,NP0326,NP0326304,4,5231,3130,2066,13,22,244,802,3915,212,58,189,4716,22,11,4,283,1,5,636,4530,12,30,16,5,0,2,386,63,22,574,4140,46,2701,1028,31,316,102,46,0,965,42,246,4729,55,0,200,1,0,5187,42,0,0,2,2033,2148,1031,5,14,73,5158,3252,3432,588,3648,4965,2763,4179,489,2783,756,2689,2701,832,44,40,156,473,1484,3078,0.76,2.98,9.04,28.37,58.84,4249,588,359,35,0,81.23,11.24,6.86,0.67,0
Bagmati,Bhaktapur,Suryabinayak,NP03,NP0326,NP0326304,5,4955,3187,1716,22,30,288,1179,3367,99,22,296,4473,28,20,5,124,4,5,651,4216,27,21,34,5,0,1,757,326,70,213,3568,21,4170,362,9,73,71,54,0,177,39,897,3982,62,0,11,2,1,4830,119,6,0,0,1965,2756,219,4,11,24,4931,1629,3517,693,3074,4523,2498,3856,448,2375,690,2212,2272,949,167,24,262,685,1280,2704,0.48,5.29,13.82,25.83,54.57,3571,1055,300,29,0,72.07,21.29,6.05,0.59,0
Bagmati,Bhaktapur,Suryabinayak,NP03,NP0326,NP0326304,6,3894,1713,2121,32,28,91,752,2991,37,23,72,3721,9,1,7,82,1,1,306,3480,4,9,82,7,0,6,353,81,26,293,3127,14,2952,190,6,6,35,13,0,678,14,423,3452,15,0,3,0,1,3870,22,1,0,1,3569,260,59,4,2,22,3872,1386,2591,340,2153,3551,1265,2883,169,1210,301,1330,1185,321,18,2,100,413,1884,1495,0.05,2.57,10.61,48.38,38.39,3333,467,88,6,0,85.59,11.99,2.26,0.15,0
Bagmati,Bhaktapur,Suryabinayak,NP03,NP0326,NP0326304,7,1739,1422,310,2,5,289,453,762,190,45,284,1201,14,12,12,202,5,9,612,1098,2,12,7,8,0,0,467,29,5,49,1172,17,1578,103,1,9,11,33,0,1,3,246,1486,6,0,1,0,0,1734,2,2,0,1,51,1445,238,1,4,22,1717,340,1268,228,1105,1596,669,1138,120,960,227,760,856,172,11,60,160,283,412,824,3.45,9.2,16.27,23.69,47.38,1067,290,329,53,0,61.36,16.68,18.92,3.05,0
Bagmati,Bhaktapur,Suryabinayak,NP03,NP0326,NP0326304,8,5813,3470,2309,8,26,347,835,4210,310,111,260,4987,10,16,40,454,1,45,1093,4675,7,8,10,11,0,9,549,102,46,420,4619,77,4314,764,7,166,47,30,0,388,97,267,5505,25,0,5,1,10,5792,19,0,0,2,3303,2221,279,4,6,74,5739,1456,4249,345,3721,5425,2050,4323,385,2870,816,2684,2605,613,40,35,191,649,2033,2905,0.6,3.29,11.16,34.97,49.97,4672,576,513,52,0,80.37,9.91,8.83,0.89,0
Bagmati,Bhaktapur,Suryabinayak,NP03,NP0326,NP0326304,9,1623,1373,229,14,7,315,633,594,70,11,297,1226,4,3,2,81,6,4,429,1142,1,42,5,2,0,2,346,35,12,37,1187,6,937,328,30,14,17,88,0,188,21,219,1396,7,1,0,0,0,1616,5,1,0,1,47,1322,233,5,16,20,1603,471,1255,254,1150,1462,626,1070,126,809,190,735,796,159,14,58,110,249,412,794,3.57,6.78,15.34,25.39,48.92,1009,372,214,28,0,62.17,22.92,13.19,1.73,0
Bagmati,Bhaktapur,Suryabinayak,NP03,NP0326,NP0326304,10,1814,1438,337,20,19,361,578,761,70,44,314,1340,4,3,5,139,1,8,473,1278,4,40,3,4,0,12,391,101,14,63,1234,11,759,312,3,145,207,174,0,212,2,324,1470,5,0,6,9,0,1788,25,0,0,1,256,1397,141,19,1,13,1801,578,1235,193,1310,1600,578,1036,79,662,259,646,658,134,16,53,158,402,519,682,2.92,8.71,22.16,28.61,37.6,863,644,261,46,0,47.57,35.5,14.39,2.54,0
Bagmati,Lalitpur,Mahalaxmi,NP03,NP0325,NP0325302,1,3736,1968,1749,6,13,27,404,3279,17,9,25,3667,13,3,3,23,1,1,197,3499,11,17,7,4,0,1,42,49,124,645,2843,33,101,88,87,141,51,13,0,2385,870,46,3636,49,0,1,1,3,3727,9,0,0,0,3424,116,194,2,0,29,3707,1611,2874,611,2295,3621,2299,3132,437,2412,725,2259,2196,1045,85,1,15,182,876,2662,0.03,0.4,4.87,23.45,71.25,2686,1024,26,0,0,71.9,27.41,0.7,0,0
Bagmati,Lalitpur,Mahalaxmi,NP03,NP0325,NP0325302,2,2904,966,1885,12,41,64,692,2118,15,15,59,2802,2,8,3,17,2,11,268,2603,8,6,7,7,0,5,51,25,21,159,2611,37,78,24,5,66,60,4,0,2425,242,56,2818,25,0,1,0,4,2884,16,0,0,4,2676,134,85,5,4,20,2884,1019,1807,441,1568,2782,1526,2365,333,1364,512,1453,1228,477,41,4,16,180,1123,1581,0.14,0.55,6.2,38.67,54.44,2509,365,25,1,4,86.4,12.57,0.86,0.03,0.14
Bagmati,Lalitpur,Mahalaxmi,NP03,NP0325,NP0325302,3,2997,1387,1585,13,12,93,1072,1787,29,16,60,2869,15,5,2,45,0,1,321,2654,3,3,9,1,0,6,222,78,45,299,2344,9,149,30,52,94,45,2,0,2552,73,197,2787,10,0,2,0,1,2979,16,1,1,0,2328,293,373,2,1,29,2968,1138,1948,406,1670,2821,1433,2341,299,1507,429,1378,1223,507,36,3,44,285,1089,1576,0.1,1.47,9.51,36.34,52.59,2545,396,56,0,0,84.92,13.21,1.87,0,0
Bagmati,Lalitpur,Mahalaxmi,NP03,NP0325,NP0325302,4,6981,3780,3102,42,57,174,2615,4000,97,95,119,6577,22,23,7,192,12,29,654,6265,20,13,16,8,0,5,229,174,279,1043,5201,55,196,252,36,193,202,7,0,5698,397,205,6695,73,0,1,1,6,6874,103,1,2,1,4064,2752,158,4,3,33,6948,1767,5063,670,4282,6641,3688,5768,933,4283,1273,3505,3710,1484,150,7,90,498,1763,4623,0.1,1.29,7.13,25.25,66.22,5847,927,196,9,2,83.76,13.28,2.81,0.13,0.03
Bagmati,Lalitpur,Mahalaxmi,NP03,NP0325,NP0325302,5,5111,3031,2050,18,12,133,1815,3013,111,39,74,4799,19,18,4,176,0,21,479,4588,11,7,16,5,0,5,176,116,95,703,3983,38,649,309,53,59,76,22,0,3907,36,107,4961,35,1,7,0,0,5078,31,2,0,0,2041,2856,203,5,6,36,5075,1410,3630,470,3091,4748,2968,4137,546,2901,1213,2558,2432,860,82,8,77,331,1397,3298,0.16,1.51,6.48,27.33,64.53,4540,408,157,6,0,88.83,7.98,3.07,0.12,0
Bagmati,Lalitpur,Mahalaxmi,NP03,NP0325,NP0325302,6,2009,1603,398,3,5,97,303,1516,81,12,78,1809,7,2,0,89,21,3,227,1738,7,27,8,1,0,1,116,42,51,49,1747,4,1664,159,1,0,22,3,0,151,9,62,1931,15,0,1,0,0,1957,51,0,0,1,52,1903,40,1,13,25,1984,551,1738,297,1129,1866,1107,1601,242,1264,645,1221,1183,315,11,7,38,144,434,1386,0.35,1.89,7.17,21.6,68.99,1703,197,105,4,0,84.77,9.81,5.23,0.2,0
Bagmati,Lalitpur,Mahalaxmi,NP03,NP0325,NP0325302,7,1893,1286,596,5,6,101,645,1105,36,6,69,1763,3,0,1,56,1,0,161,1719,2,2,6,2,0,1,82,48,8,170,1580,5,147,116,3,10,194,18,0,1398,7,40,1573,11,1,266,2,0,1876,17,0,0,0,92,1626,170,3,2,13,1880,556,1444,262,1224,1814,977,1515,154,1142,272,1059,1045,299,11,0,31,119,497,1246,0,1.64,6.29,26.25,65.82,1494,339,55,5,0,78.92,17.91,2.91,0.26,0
Bagmati,Lalitpur,Mahalaxmi,NP03,NP0325,NP0325302,8,3851,2696,1132,13,10,287,1423,1872,194,75,268,3231,17,22,3,296,9,5,848,2971,6,7,14,5,0,0,488,46,25,141,3129,22,2684,563,5,223,68,50,0,239,19,280,3556,12,1,1,1,0,3812,37,0,0,2,205,3143,489,7,7,36,3815,1501,2851,608,2429,3332,1593,2762,303,2234,685,1805,1970,590,24,20,166,585,999,2081,0.52,4.31,15.19,25.94,54.04,2774,665,356,56,0,72.03,17.27,9.24,1.45,0
Bagmati,Lalitpur,Mahalaxmi,NP03,NP0325,NP0325302,9,2358,1874,460,4,20,191,1011,926,202,28,164,1958,17,20,1,180,4,14,506,1811,7,14,16,0,0,4,332,36,38,54,1882,16,1697,525,11,17,38,57,0,11,2,194,2148,12,0,3,1,0,2321,34,1,1,1,180,1627,543,5,3,41,2317,1022,1959,756,1872,2100,1052,1775,221,1304,485,1049,1116,266,19,27,123,315,581,1312,1.15,5.22,13.36,24.64,55.64,1559,501,258,40,0,66.12,21.25,10.94,1.7,0
Bagmati,Lalitpur,Mahalaxmi,NP03,NP0325,NP0325302,10,266,256,10,0,0,169,50,15,27,5,124,57,7,23,1,52,2,0,223,37,0,6,0,0,0,0,186,17,0,1,55,7,71,70,4,27,1,93,0,0,0,149,115,1,0,0,1,0,251,12,1,0,2,4,105,147,0,10,30,236,25,123,2,166,154,20,24,0,7,1,2,0,0,1,77,104,68,15,2,28.95,39.1,25.56,5.64,0.75,9,61,135,59,2,3.38,22.93,50.75,22.18,0.75
Bagmati,Lalitpur,Lalitpur,NP03,NP0325,NP0325101,1,2046,743,1258,30,15,169,752,1110,8,7,145,1884,4,0,1,11,1,0,198,1819,5,4,18,1,0,1,52,41,69,200,1666,18,1173,85,102,90,29,3,0,489,75,40,1977,28,1,0,0,0,2032,14,0,0,0,1750,130,161,4,1,13,2033,451,1464,568,980,1954,1176,1666,268,1078,436,1160,1025,457,107,3,23,125,629,1266,0.15,1.12,6.11,30.74,61.88,1696,315,32,3,0,82.89,15.4,1.56,0.15,0
Bagmati,Lalitpur,Lalitpur,NP03,NP0325,NP0325101,2,4094,2000,1988,54,52,140,1664,2262,22,6,103,3924,3,1,2,36,1,24,267,3748,8,4,61,3,0,3,90,105,25,235,3560,79,1871,145,44,164,89,5,0,1378,398,171,3840,81,0,1,0,1,4072,22,0,0,0,3350,640,98,1,5,62,4032,1394,3297,1361,2345,3864,2483,3291,687,2433,1152,2803,2354,1146,240,0,14,275,928,2877,0,0.34,6.72,22.67,70.27,3272,762,59,1,0,79.92,18.61,1.44,0.02,0
Bagmati,Lalitpur,Lalitpur,NP03,NP0325,NP0325101,3,3098,1623,1359,51,65,127,1496,1462,8,5,100,2973,5,0,1,16,0,3,215,2862,4,2,14,1,0,0,85,33,11,485,2442,42,2177,91,8,122,15,150,0,493,42,66,2991,36,0,2,2,1,3076,20,2,0,0,2622,241,231,4,0,24,3074,1231,2429,1020,2024,2789,1851,2483,722,1550,773,1864,1774,1021,247,4,26,261,682,2125,0.13,0.84,8.42,22.01,68.59,2636,407,55,0,0,85.09,13.14,1.78,0,0
Bagmati,Lalitpur,Lalitpur,NP03,NP0325,NP0325101,4,4912,1972,2808,76,56,289,2046,2506,54,17,244,4553,18,10,14,47,8,18,524,4274,17,40,47,7,0,3,234,88,270,688,3603,29,3292,464,26,100,50,76,0,732,172,212,4664,30,0,2,4,0,4803,107,0,0,2,4027,595,270,11,9,94,4818,2517,3672,1282,2559,4567,2601,3877,783,2370,844,2424,2457,1098,173,5,86,480,1342,2999,0.1,1.75,9.77,27.32,61.05,3997,794,111,8,2,81.37,16.16,2.26,0.16,0.04
Bagmati,Lalitpur,Lalitpur,NP03,NP0325,NP0325101,5,983,596,328,43,16,55,464,463,1,0,64,914,0,0,0,0,0,5,114,853,0,13,0,0,0,3,26,10,21,26,867,33,254,9,4,126,95,5,0,294,196,7,961,14,0,0,1,0,980,3,0,0,0,815,159,7,0,2,15,968,324,856,469,187,945,697,838,281,618,227,672,768,508,101,0,3,48,140,792,0,0.31,4.88,14.24,80.57,628,349,6,0,0,63.89,35.5,0.61,0,0
Bagmati,Lalitpur,Lalitpur,NP03,NP0325,NP0325101,6,1297,698,551,43,5,200,577,518,2,0,196,1097,1,0,1,1,1,0,213,1071,5,1,7,0,0,0,190,66,10,62,969,0,75,122,1,94,49,6,0,879,71,87,1164,39,0,6,1,0,1292,5,0,0,0,1137,81,76,1,2,21,1276,572,1033,405,824,1176,650,923,133,684,246,779,707,306,22,3,50,118,395,731,0.23,3.86,9.1,30.45,56.36,956,292,49,0,0,73.71,22.51,3.78,0,0
Bagmati,Lalitpur,Lalitpur,NP03,NP0325,NP0325101,7,1329,782,533,9,5,206,437,675,6,5,196,1118,3,0,4,7,1,0,188,1121,6,8,4,0,0,2,200,21,100,79,923,6,233,260,15,7,14,2,0,776,22,37,1048,11,0,231,1,1,1322,6,0,0,1,830,343,154,0,2,15,1314,547,1042,272,387,1224,599,1015,67,794,144,815,798,241,13,1,24,141,429,734,0.08,1.81,10.61,32.28,55.23,1019,283,26,1,0,76.67,21.29,1.96,0.08,0
Bagmati,Lalitpur,Lalitpur,NP03,NP0325,NP0325101,8,2606,1317,1278,6,5,250,1109,1225,11,11,224,2353,5,0,0,19,0,5,283,2268,5,7,34,5,0,4,225,55,30,26,2263,7,490,129,9,51,79,1,0,1576,271,101,2452,46,0,6,0,1,2576,27,3,0,0,2394,52,155,3,2,43,2563,1164,1879,545,1218,2417,1038,1844,122,1389,595,1542,1179,393,24,6,51,267,936,1346,0.23,1.96,10.25,35.92,51.65,2005,550,49,2,0,76.94,21.11,1.88,0.08,0
Bagmati,Lalitpur,Lalitpur,NP03,NP0325,NP0325101,9,3468,1668,1759,33,8,174,1573,1685,18,18,177,3222,8,4,1,46,0,10,336,3098,8,9,14,2,0,1,144,76,55,302,2882,9,607,97,18,54,129,44,0,2403,116,66,3363,36,0,1,1,1,3442,26,0,0,0,2655,651,151,6,5,80,3388,1584,2533,529,1736,3212,1679,2637,258,1920,724,1980,1780,679,107,4,37,293,1083,2051,0.12,1.07,8.45,31.23,59.14,2930,495,40,3,0,84.49,14.27,1.15,0.09,0
Bagmati,Lalitpur,Lalitpur,NP03,NP0325,NP0325101,10,1613,816,660,114,23,117,856,625,12,3,116,1482,2,1,1,11,0,0,172,1415,0,4,5,15,0,2,78,40,21,74,1378,22,714,76,13,19,55,50,0,674,12,33,1541,30,0,4,2,3,1608,5,0,0,0,1442,115,56,0,0,8,1605,883,1250,622,950,1527,1007,1331,309,843,400,1004,855,448,80,3,24,120,370,1096,0.19,1.49,7.44,22.94,67.95,1351,240,22,0,0,83.76,14.88,1.36,0,0
Bagmati,Lalitpur,Lalitpur,NP03,NP0325,NP0325101,11,2491,1256,1212,7,16,211,1199,1057,20,4,199,2258,20,0,1,9,0,4,268,2131,9,6,30,41,0,6,186,71,38,101,2080,15,965,328,57,78,92,306,0,594,71,248,2197,40,0,3,2,1,2452,38,1,0,0,2200,269,20,2,0,26,2465,841,1555,535,846,2299,1302,2049,173,1246,422,1175,999,384,29,13,42,258,892,1286,0.52,1.69,10.36,35.81,51.63,1766,619,103,2,1,70.9,24.85,4.13,0.08,0.04
Bagmati,Lalitpur,Lalitpur,NP03,NP0325,NP0325101,12,1522,1123,380,10,9,344,431,746,1,0,330,1188,1,0,2,1,0,0,309,1196,3,7,4,2,0,1,294,32,16,99,1078,3,421,23,3,142,33,1,0,893,6,59,1446,11,0,4,2,0,1508,14,0,0,0,1457,13,52,0,0,30,1492,501,1236,489,550,1436,846,1162,109,931,375,1159,966,392,22,4,41,168,371,938,0.26,2.69,11.04,24.38,61.63,1140,342,40,0,0,74.9,22.47,2.63,0,0
Bagmati,Lalitpur,Lalitpur,NP03,NP0325,NP0325101,13,3956,1654,2161,105,36,194,1371,2286,74,31,157,3664,22,9,6,89,1,8,401,3515,8,4,24,2,0,2,225,77,28,347,3270,9,2432,140,19,64,70,5,0,1093,133,191,3717,48,0,0,0,0,3946,10,0,0,0,3015,731,202,3,5,44,3912,2184,3047,991,2068,3678,2380,3198,606,2209,922,2170,2303,925,218,4,86,332,869,2665,0.1,2.17,8.39,21.97,67.37,3323,510,116,7,0,84,12.89,2.93,0.18,0
Bagmati,Lalitpur,Lalitpur,NP03,NP0325,NP0325101,14,6149,2787,3173,52,137,244,2384,3342,136,43,203,5685,23,10,11,200,1,16,745,5237,20,92,49,4,0,2,389,162,125,842,4597,34,2414,272,10,102,116,190,0,2829,216,388,5694,61,0,5,0,1,6109,40,0,0,0,4353,1440,341,11,4,59,6090,2586,4660,1148,3094,5657,3509,4993,853,3428,1198,2967,3499,1381,119,5,121,578,1440,4005,0.08,1.97,9.4,23.42,65.13,4918,1012,172,47,0,79.98,16.46,2.8,0.76,0
Bagmati,Lalitpur,Lalitpur,NP03,NP0325,NP0325101,15,4414,2026,2207,129,52,91,2039,2204,57,23,58,4232,26,1,1,89,5,2,328,4040,16,10,14,5,0,1,87,63,54,357,3814,39,1107,99,16,200,57,8,0,2488,439,66,4278,67,0,3,0,0,4403,7,3,0,1,3349,956,104,2,3,85,4329,1557,3206,960,2063,4170,2657,3727,727,2564,849,2486,2677,1415,188,3,30,271,1022,3088,0.07,0.68,6.14,23.15,69.96,3651,695,54,13,1,82.71,15.75,1.22,0.29,0.02
Bagmati,Lalitpur,Lalitpur,NP03,NP0325,NP0325101,16,1876,1492,369,7,8,765,466,639,5,1,734,1128,6,1,3,2,2,0,661,1163,8,21,16,4,0,3,597,106,66,38,1063,6,1022,166,23,213,132,17,0,241,62,138,1653,81,0,2,2,0,1867,9,0,0,0,1710,66,99,0,1,20,1856,970,1567,795,896,1719,1126,1484,136,1068,670,1268,1116,552,125,7,90,284,437,1058,0.37,4.8,15.14,23.29,56.4,934,774,167,1,0,49.79,41.26,8.9,0.05,0
Bagmati,Lalitpur,Lalitpur,NP03,NP0325,NP0325101,17,2893,1328,1539,18,8,117,861,1886,14,15,93,2759,7,1,0,27,0,6,227,2637,4,8,9,7,0,1,90,81,22,180,2420,100,131,62,12,44,50,29,0,1953,612,64,2751,70,0,2,4,2,2827,65,0,0,1,2383,226,280,1,3,27,2866,1188,2158,537,1082,2704,1417,2190,236,1551,449,1680,1526,585,39,5,36,249,916,1687,0.17,1.24,8.61,31.66,58.31,2038,787,63,5,0,70.45,27.2,2.18,0.17,0
Bagmati,Lalitpur,Lalitpur,NP03,NP0325,NP0325101,18,3567,1836,1678,33,20,160,1185,1968,217,37,108,3139,22,32,8,247,0,11,568,2889,12,39,49,10,0,0,318,139,62,174,2828,46,2181,498,24,59,61,29,0,584,131,216,3304,42,1,3,1,0,3488,79,0,0,0,1211,2175,151,15,15,45,3522,1126,2494,781,1606,3309,2060,2772,748,1810,822,1742,1721,799,158,4,117,425,892,2129,0.11,3.28,11.91,25.01,59.69,2725,514,317,11,0,76.39,14.41,8.89,0.31,0
Bagmati,Lalitpur,Lalitpur,NP03,NP0325,NP0325101,19,1367,742,602,16,7,192,354,813,5,3,179,1181,3,1,0,2,1,0,187,1165,3,2,1,9,0,0,127,32,17,53,1115,23,134,11,7,111,197,23,0,858,26,14,1320,30,0,1,1,1,1365,1,1,0,0,1254,105,2,3,3,22,1345,281,965,318,475,1289,660,1042,85,712,198,813,664,204,14,2,25,139,435,766,0.15,1.83,10.17,31.82,56.04,1059,281,27,0,0,77.47,20.56,1.98,0,0
Bagmati,Lalitpur,Lalitpur,NP03,NP0325,NP0325101,20,2470,1212,1235,18,5,366,975,1121,5,3,314,2141,7,0,0,8,0,0,428,2003,6,7,9,17,0,0,274,54,40,31,2045,26,1383,169,16,98,121,3,0,653,27,88,2352,25,0,4,0,1,2436,34,0,0,0,2252,129,79,2,8,16,2454,1348,1783,740,1110,2269,1312,1903,180,1209,648,1329,1122,513,127,4,51,264,793,1358,0.16,2.06,10.69,32.11,54.98,1904,486,79,1,0,77.09,19.68,3.2,0.04,0
Bagmati,Lalitpur,Lalitpur,NP03,NP0325,NP0325101,21,1235,940,288,2,5,138,503,462,123,9,80,932,9,18,6,184,1,5,316,905,2,4,3,4,0,1,112,17,47,3,1034,22,901,239,2,5,8,8,0,63,9,23,1203,5,0,3,1,0,1214,20,0,0,1,542,600,85,6,2,21,1214,718,936,95,581,1132,538,903,54,781,220,619,664,107,4,5,56,199,270,705,0.4,4.53,16.11,21.86,57.09,876,201,147,10,1,70.93,16.28,11.9,0.81,0.08
Bagmati,Lalitpur,Lalitpur,NP03,NP0325,NP0325101,22,1940,1447,433,20,40,343,675,600,252,70,369,1248,66,4,5,239,3,6,895,1011,4,5,22,1,0,2,821,51,6,86,952,24,1175,468,13,69,53,82,0,60,20,537,1395,6,0,1,0,1,1937,3,0,0,0,551,891,490,3,5,27,1913,1288,1518,135,1342,1586,653,1261,88,749,141,625,649,166,9,42,238,597,451,612,2.16,12.27,30.77,23.25,31.55,766,655,446,72,1,39.48,33.76,22.99,3.71,0.05
Bagmati,Lalitpur,Lalitpur,NP03,NP0325,NP0325101,23,3205,1896,1275,24,10,88,739,2235,109,34,42,2969,21,39,2,125,3,4,280,2880,13,11,15,3,0,3,114,66,44,479,2478,24,1622,99,8,13,186,20,0,1047,210,53,3089,58,0,3,0,2,3177,27,1,0,0,649,2442,108,2,4,45,3160,2028,2582,565,1774,3005,2130,2736,637,2110,598,1781,2143,1071,163,1,43,252,503,2406,0.03,1.34,7.86,15.69,75.07,2515,539,142,9,0,78.47,16.82,4.43,0.28,0
Bagmati,Lalitpur,Lalitpur,NP03,NP0325,NP0325101,24,2252,1520,711,7,14,178,827,1092,142,13,159,1900,6,20,3,155,4,5,407,1812,6,18,4,2,0,3,264,21,10,239,1699,19,1068,504,2,74,30,213,0,232,129,29,2218,3,0,0,1,1,2246,4,0,1,1,18,1999,227,6,2,6,2246,1341,1773,366,1667,2124,1120,1765,231,1275,287,966,1192,355,20,10,111,247,518,1366,0.44,4.93,10.97,23,60.66,1562,421,230,39,0,69.36,18.69,10.21,1.73,0
Bagmati,Lalitpur,Lalitpur,NP03,NP0325,NP0325101,25,4346,2145,2148,36,17,300,1440,2312,280,14,156,3687,25,34,2,411,5,26,884,3377,10,6,35,28,0,6,352,93,45,221,3603,32,2704,661,92,152,119,162,0,414,42,118,4177,30,0,12,4,5,4320,23,1,0,2,374,3096,858,13,5,72,4274,1713,3297,934,2533,4051,2274,3344,846,2282,752,2057,2254,1017,168,23,195,496,1105,2527,0.53,4.49,11.41,25.43,58.15,3092,729,459,62,4,71.15,16.77,10.56,1.43,0.09
Bagmati,Lalitpur,Lalitpur,NP03,NP0325,NP0325101,26,2057,1180,865,7,5,349,888,756,58,6,152,1624,8,104,2,135,0,32,465,1525,5,48,8,5,0,1,335,58,22,240,1383,19,771,283,15,60,40,110,0,766,12,87,1953,14,0,3,0,0,2038,19,0,0,0,144,1374,526,10,3,7,2050,587,1439,260,1125,1928,937,1564,245,964,436,885,870,290,30,2,144,321,559,1031,0.1,7,15.61,27.18,50.12,1355,390,300,12,0,65.87,18.96,14.58,0.58,0
Bagmati,Lalitpur,Lalitpur,NP03,NP0325,NP0325101,27,1609,936,638,11,24,85,500,743,269,12,83,1230,9,27,3,247,3,7,401,1179,5,7,13,2,0,2,262,29,28,66,1198,26,773,268,5,45,41,299,0,165,13,49,1547,11,0,2,0,0,1597,11,1,0,0,110,1319,178,0,2,18,1591,319,1098,234,590,1502,686,1160,173,785,335,615,788,263,47,10,121,252,403,823,0.62,7.52,15.66,25.05,51.15,985,314,195,114,1,61.22,19.52,12.12,7.09,0.06
Bagmati,Lalitpur,Lalitpur,NP03,NP0325,NP0325101,28,2869,1430,1340,78,21,208,635,1662,268,96,154,2264,48,15,24,362,0,2,735,2100,10,10,5,9,0,0,404,57,52,384,1959,13,1502,532,6,15,26,13,0,695,80,45,2714,32,0,77,1,0,2857,7,0,4,1,692,1737,412,26,2,20,2849,1809,2074,300,1529,2681,1302,2176,359,1456,622,1331,1459,541,68,6,185,394,757,1527,0.21,6.45,13.73,26.39,53.22,2043,373,433,20,0,71.21,13,15.09,0.7,0
Bagmati,Lalitpur,Lalitpur,NP03,NP0325,NP0325101,29,1495,902,581,9,3,140,461,839,17,38,57,1293,10,6,1,127,0,1,262,1221,2,1,4,3,0,2,212,27,20,13,1219,4,1170,233,0,3,22,11,0,47,9,137,1222,0,0,136,0,0,1488,4,0,3,0,141,1349,4,0,1,5,1490,843,1185,122,1045,1423,671,1280,122,747,352,657,765,195,19,1,26,220,403,845,0.07,1.74,14.72,26.96,56.52,1145,224,119,7,0,76.59,14.98,7.96,0.47,0
Bagmati,Lalitpur,Godawari,NP03,NP0325,NP0325301,1,1569,1224,337,5,3,227,659,544,115,24,127,1251,10,18,3,152,1,7,377,1166,12,8,4,1,0,1,213,40,144,27,1132,13,232,884,2,3,25,417,0,4,2,65,1501,3,0,0,0,0,1556,13,0,0,0,9,1220,331,6,3,18,1551,489,1328,121,935,1471,647,1128,89,847,121,629,750,155,5,4,112,256,388,809,0.25,7.14,16.32,24.73,51.56,772,561,189,47,0,49.2,35.76,12.05,3,0
Bagmati,Lalitpur,Godawari,NP03,NP0325,NP0325301,2,1241,1097,136,2,6,332,452,311,142,4,304,763,3,15,3,150,3,0,520,709,2,3,7,0,0,0,457,26,2,61,671,24,684,469,1,2,26,52,0,5,2,354,884,2,0,1,0,0,1222,18,0,0,1,54,675,510,0,2,26,1215,652,766,56,1035,1082,309,777,50,674,69,457,578,73,2,75,181,256,278,451,6.04,14.59,20.63,22.4,36.34,487,353,373,28,0,39.24,28.44,30.06,2.26,0
Bagmati,Lalitpur,Godawari,NP03,NP0325,NP0325301,3,2618,1705,837,52,24,315,1033,962,280,28,243,2031,12,62,9,247,6,8,759,1815,6,3,27,7,0,1,483,46,4,42,2031,12,2081,433,5,6,37,27,0,13,16,276,2304,8,1,28,0,1,2604,11,1,0,2,34,2307,261,9,7,46,2572,1453,2151,363,2126,2449,1044,1909,311,1113,318,945,1023,273,27,24,164,423,770,1237,0.92,6.26,16.16,29.41,47.25,1730,429,423,35,1,66.08,16.39,16.16,1.34,0.04
Bagmati,Lalitpur,Godawari,NP03,NP0325,NP0325301,4,1006,880,112,8,6,313,298,334,54,7,289,649,4,15,0,44,4,1,256,735,7,1,5,2,0,0,229,19,3,25,729,1,754,236,0,11,4,0,0,1,0,222,782,2,0,0,0,0,996,7,1,0,2,14,877,109,3,3,21,985,576,837,130,821,906,277,569,54,551,160,344,397,85,4,31,102,214,242,417,3.08,10.14,21.27,24.06,41.45,501,339,161,5,0,49.8,33.7,16,0.5,0
Bagmati,Lalitpur,Godawari,NP03,NP0325,NP0325301,5,1238,1044,95,13,86,362,462,310,86,18,315,788,4,0,8,121,0,2,520,692,7,17,1,0,0,1,426,27,10,8,760,7,485,703,4,4,8,32,0,0,2,406,825,3,0,4,0,0,1218,8,11,0,1,8,775,441,1,13,29,1209,441,943,11,1090,939,245,569,37,533,104,174,346,50,1,116,193,248,331,350,9.37,15.59,20.03,26.74,28.27,490,378,303,66,1,39.58,30.53,24.47,5.33,0.08
Bagmati,Lalitpur,Godawari,NP03,NP0325,NP0325301,6,1070,839,189,11,31,420,435,122,41,52,338,591,7,12,9,86,2,25,563,484,1,15,3,1,0,3,424,17,8,4,607,10,389,457,0,1,1,217,0,0,5,301,762,2,0,4,0,1,1058,5,1,0,6,15,634,398,18,5,11,1059,223,770,33,772,920,210,533,47,439,61,215,252,32,2,60,186,302,273,249,5.61,17.38,28.22,25.51,23.27,294,397,313,64,2,27.48,37.1,29.25,5.98,0.19
Bagmati,Lalitpur,Godawari,NP03,NP0325,NP0325301,7,719,684,20,9,6,563,84,47,24,1,562,127,10,3,0,16,0,1,616,96,3,3,0,0,0,1,500,11,118,1,87,2,544,170,0,0,0,0,0,5,0,513,204,0,0,2,0,0,712,5,0,0,2,22,433,256,1,7,43,676,412,483,7,552,520,26,97,10,234,1,24,31,1,0,150,282,185,65,37,20.86,39.22,25.73,9.04,5.15,59,206,450,4,0,8.21,28.65,62.59,0.56,0
Bagmati,Lalitpur,Godawari,NP03,NP0325,NP0325301,8,663,628,19,0,16,340,154,130,33,6,310,291,6,20,0,34,1,1,414,244,0,2,0,1,0,2,317,18,42,14,271,1,181,327,3,30,77,41,0,4,0,284,370,2,0,7,0,0,661,1,0,0,1,6,244,403,1,9,59,604,307,492,19,498,438,108,175,22,255,91,183,179,20,3,123,147,137,140,116,18.55,22.17,20.66,21.12,17.5,138,210,281,32,2,20.81,31.67,42.38,4.83,0.3
Bagmati,Lalitpur,Godawari,NP03,NP0325,NP0325301,9,1474,1291,171,2,10,303,600,396,132,43,242,1026,12,27,0,163,0,4,562,884,3,6,14,2,0,3,378,68,5,27,986,10,671,552,5,118,94,11,0,10,13,328,1130,5,4,6,1,0,1349,120,5,0,0,103,1124,237,5,5,39,1435,380,1075,63,1033,1207,390,721,48,608,130,386,429,58,6,81,170,320,414,489,5.5,11.53,21.71,28.09,33.18,704,418,306,46,0,47.76,28.36,20.76,3.12,0
Bagmati,Lalitpur,Godawari,NP03,NP0325,NP0325301,10,1751,1396,332,4,19,300,894,393,102,62,245,1329,6,6,1,152,1,11,468,1257,2,10,3,11,0,0,288,44,16,17,1379,7,1172,465,0,0,23,70,0,0,21,227,1521,1,0,2,0,0,1717,32,0,0,2,14,1371,347,0,19,33,1718,677,1433,138,1258,1585,662,1176,130,957,159,597,789,184,8,27,120,289,488,827,1.54,6.85,16.5,27.87,47.23,1019,448,240,43,1,58.2,25.59,13.71,2.46,0.06
Bagmati,Lalitpur,Godawari,NP03,NP0325,NP0325301,11,2902,1966,924,7,5,465,1107,1090,179,61,364,2249,7,5,6,266,0,5,718,2138,1,26,11,6,0,2,516,51,19,50,2236,30,1886,676,6,31,47,242,0,6,8,125,2769,8,0,0,0,0,2888,11,3,0,0,178,2457,258,1,8,61,2841,778,2190,306,2272,2627,1032,1875,182,1371,443,1251,1169,275,9,17,211,485,882,1307,0.59,7.27,16.71,30.39,45.04,1969,547,281,102,3,67.85,18.85,9.68,3.51,0.1
Bagmati,Lalitpur,Godawari,NP03,NP0325,NP0325301,12,3000,2029,875,80,16,486,987,1178,322,27,272,2345,15,23,4,333,1,7,641,2324,12,10,5,7,0,1,495,43,17,82,2341,22,2088,441,3,55,37,307,0,37,32,52,2931,12,0,3,0,2,2990,10,0,0,0,19,2603,372,3,3,60,2940,778,2282,413,1840,2647,1283,2009,284,1654,615,1328,1562,507,29,34,245,446,673,1602,1.13,8.17,14.87,22.43,53.4,2011,517,366,106,0,67.03,17.23,12.2,3.53,0
Bagmati,Lalitpur,Godawari,NP03,NP0325,NP0325301,13,1601,1241,314,17,29,205,866,363,135,32,142,1272,3,40,5,119,2,18,384,1211,0,3,1,0,0,2,239,17,8,43,1290,4,1108,438,0,5,3,41,0,2,4,58,1541,2,0,0,0,0,1594,6,0,0,1,13,1366,211,10,1,28,1573,239,1331,116,1214,1482,688,1155,137,945,209,653,825,218,18,7,106,203,364,921,0.44,6.62,12.68,22.74,57.53,1142,246,190,23,0,71.33,15.37,11.87,1.44,0
Bagmati,Lalitpur,Godawari,NP03,NP0325,NP0325301,14,3193,1811,1363,14,5,234,1120,1409,387,43,188,2485,42,48,11,412,4,3,815,2327,8,14,26,2,0,1,532,130,52,166,2294,19,2358,590,9,12,80,101,0,19,24,273,2904,12,0,3,0,1,3156,36,1,0,0,292,2016,877,5,3,15,3178,925,2340,349,2225,2934,1284,2060,336,1331,596,1277,1214,410,53,27,277,511,1001,1377,0.85,8.68,16,31.35,43.13,2084,496,513,100,0,65.27,15.53,16.07,3.13,0
Bagmati,Lalitpur,Konjyosom,NP03,NP0325,NP0325402,1,436,429,6,0,1,155,260,7,3,11,268,153,0,0,0,15,0,0,391,45,0,0,0,0,0,0,295,10,1,0,127,3,350,80,0,2,0,4,0,0,0,368,66,1,0,0,0,1,430,6,0,0,0,6,421,4,2,3,18,418,212,246,2,383,332,17,1,1,79,15,10,14,0,0,30,164,191,44,7,6.88,37.61,43.81,10.09,1.61,29,203,194,10,0,6.65,46.56,44.5,2.29,0
Bagmati,Lalitpur,Konjyosom,NP03,NP0325,NP0325402,2,434,420,13,1,0,357,47,19,10,1,359,65,3,0,0,7,0,0,374,60,0,0,0,0,0,0,360,6,1,0,66,1,433,1,0,0,0,0,0,0,0,390,44,0,0,0,0,0,431,3,0,0,0,51,383,0,0,0,13,421,156,312,7,392,354,34,56,7,149,3,2,26,0,0,41,197,152,31,13,9.45,45.39,35.02,7.14,3,28,55,351,0,0,6.45,12.67,80.88,0,0
Bagmati,Lalitpur,Konjyosom,NP03,NP0325,NP0325402,3,281,265,15,1,0,245,34,1,1,0,243,35,0,0,0,3,0,0,268,13,0,0,0,0,0,0,246,1,1,0,32,1,274,4,0,3,0,0,0,0,0,228,53,0,0,0,0,0,279,2,0,0,0,8,178,92,0,3,10,271,105,190,1,268,167,7,6,4,87,0,1,2,1,0,65,141,56,17,2,23.13,50.18,19.93,6.05,0.71,6,71,204,0,0,2.14,25.27,72.6,0,0
Bagmati,Lalitpur,Konjyosom,NP03,NP0325,NP0325402,4,508,506,1,1,0,308,170,22,6,2,308,191,0,0,1,8,0,0,453,54,0,0,1,0,0,0,218,3,15,1,268,3,494,13,0,0,1,0,0,0,0,268,239,1,0,0,0,0,501,4,0,0,3,9,312,184,0,3,56,452,177,346,7,244,410,19,33,4,168,13,5,16,0,0,102,92,190,95,29,20.08,18.11,37.4,18.7,5.71,102,201,200,5,0,20.08,39.57,39.37,0.98,0
Bagmati,Lalitpur,Konjyosom,NP03,NP0325,NP0325402,5,483,463,13,2,5,369,83,8,16,7,356,96,4,0,2,25,0,0,415,63,1,2,2,0,0,0,384,15,3,5,73,3,473,6,0,1,1,1,0,0,1,360,119,0,0,4,0,0,480,3,0,0,0,65,406,7,2,3,14,469,111,341,4,434,358,33,101,10,124,6,6,43,1,0,61,184,169,46,23,12.63,38.1,34.99,9.52,4.76,40,115,321,7,0,8.28,23.81,66.46,1.45,0
Bagmati,Lalitpur,Mahankal,NP03,NP0325,NP0325403,1,295,274,21,0,0,286,8,0,1,0,289,6,0,0,0,0,0,0,288,7,0,0,0,0,0,0,254,36,1,0,4,0,83,212,0,0,0,0,0,0,0,273,22,0,0,0,0,0,294,1,0,0,0,6,283,3,0,3,3,292,191,207,0,281,219,14,20,4,55,0,9,9,1,1,47,175,64,7,2,15.93,59.32,21.69,2.37,0.68,1,27,267,0,0,0.34,9.15,90.51,0,0
Bagmati,Lalitpur,Mahankal,NP03,NP0325,NP0325403,2,402,389,11,0,2,373,17,2,10,0,364,28,2,4,0,4,0,0,389,12,0,1,0,0,0,0,367,0,0,1,34,0,399,2,0,0,1,0,0,0,0,285,106,0,0,11,0,0,398,4,0,0,0,32,283,87,0,0,29,373,101,239,2,365,285,13,59,3,101,1,4,4,1,0,92,161,124,20,5,22.89,40.05,30.85,4.98,1.24,13,118,267,4,0,3.23,29.35,66.42,1,0
Bagmati,Lalitpur,Mahankal,NP03,NP0325,NP0325403,3,440,406,29,1,4,338,90,4,4,4,310,122,1,0,0,6,0,1,401,38,0,0,1,0,0,0,336,7,1,4,91,1,288,146,0,1,4,1,0,0,0,317,115,0,0,8,0,0,428,11,1,0,0,5,405,30,0,0,21,419,227,318,7,407,270,36,90,7,107,0,9,31,2,0,65,149,159,45,22,14.77,33.86,36.14,10.23,5,39,146,255,0,0,8.86,33.18,57.95,0,0
Bagmati,Lalitpur,Mahankal,NP03,NP0325,NP0325403,4,269,252,11,5,1,203,57,5,3,1,241,25,0,1,0,2,0,0,260,8,1,0,0,0,0,0,229,3,1,0,36,0,264,2,0,0,1,0,0,0,2,227,35,0,0,7,0,0,268,1,0,0,0,21,221,24,0,3,16,253,83,180,5,236,198,22,86,2,103,0,1,9,0,0,30,96,117,23,3,11.15,35.69,43.49,8.55,1.12,9,55,204,1,0,3.35,20.45,75.84,0.37,0
Bagmati,Lalitpur,Mahankal,NP03,NP0325,NP0325403,5,212,197,14,1,0,107,86,12,6,1,116,88,2,0,1,5,0,0,197,15,0,0,0,0,0,0,165,4,0,0,43,0,206,4,0,0,0,1,0,1,0,179,27,1,0,5,0,0,208,2,0,0,2,14,172,25,0,1,6,206,42,97,4,201,152,13,23,1,45,1,0,6,0,1,35,74,76,20,7,16.51,34.91,35.85,9.43,3.3,11,87,114,0,0,5.19,41.04,53.77,0,0
Bagmati,Lalitpur,Mahankal,NP03,NP0325,NP0325403,6,321,307,13,1,0,166,147,4,4,0,166,147,2,1,0,5,0,0,275,44,0,0,2,0,0,0,176,11,1,4,128,1,103,217,0,0,1,0,0,0,0,283,37,1,0,0,0,0,290,25,1,0,5,5,48,267,0,1,42,279,68,99,14,266,137,14,17,1,51,2,5,4,0,0,90,98,102,26,5,28.04,30.53,31.78,8.1,1.56,12,124,182,3,0,3.74,38.63,56.7,0.93,0
Bagmati,Lalitpur,Bagmati,NP03,NP0325,NP0325401,1,340,325,11,1,3,216,104,12,1,7,219,113,1,0,0,7,0,0,302,36,1,1,0,0,0,0,209,2,0,2,126,1,45,291,1,0,3,0,0,0,0,213,127,0,0,0,0,0,339,1,0,0,0,2,10,313,0,15,28,312,74,154,4,264,208,8,5,1,56,0,12,15,0,0,111,101,77,46,5,32.65,29.71,22.65,13.53,1.47,13,114,207,6,0,3.82,33.53,60.88,1.76,0
Bagmati,Lalitpur,Bagmati,NP03,NP0325,NP0325401,2,399,394,5,0,0,270,99,23,7,0,260,128,5,2,0,4,0,0,346,50,1,0,2,0,0,0,257,3,1,0,137,1,282,113,0,0,0,4,0,0,0,327,71,0,0,1,0,0,391,7,1,0,0,12,213,166,1,7,32,367,71,182,4,328,237,3,4,1,39,3,20,25,0,0,123,129,100,43,4,30.83,32.33,25.06,10.78,1,28,121,248,2,0,7.02,30.33,62.16,0.5,0
Bagmati,Lalitpur,Bagmati,NP03,NP0325,NP0325401,3,387,369,13,0,5,282,91,3,10,1,277,99,0,0,0,11,0,0,291,93,0,0,1,2,0,0,259,16,6,0,105,1,380,4,0,0,3,0,0,0,0,353,27,0,7,0,0,0,382,4,1,0,0,58,194,130,1,4,6,381,264,291,3,317,245,19,15,27,135,1,12,30,3,1,62,161,120,33,11,16.02,41.6,31.01,8.53,2.84,13,116,255,3,0,3.36,29.97,65.89,0.78,0
Bagmati,Lalitpur,Bagmati,NP03,NP0325,NP0325401,4,480,463,17,0,0,401,62,6,11,0,356,110,1,3,0,10,0,0,435,44,1,0,0,0,0,0,353,7,2,0,117,1,183,107,0,1,28,161,0,0,0,382,90,1,0,5,2,0,461,16,2,0,1,14,281,176,8,1,27,453,59,181,0,427,291,20,88,0,44,7,30,17,1,1,161,182,103,25,9,33.54,37.92,21.46,5.21,1.88,18,100,275,87,0,3.75,20.83,57.29,18.13,0
Bagmati,Lalitpur,Bagmati,NP03,NP0325,NP0325401,5,353,333,10,8,2,319,32,2,0,0,311,39,2,1,0,0,0,0,332,20,0,1,0,0,0,0,304,3,0,1,45,0,351,0,0,0,2,0,0,0,0,300,52,1,0,0,0,0,346,4,2,0,1,10,14,328,0,1,26,327,159,154,2,288,208,14,60,3,43,3,10,9,1,0,175,120,35,14,9,49.58,33.99,9.92,3.97,2.55,2,45,306,0,0,0.57,12.75,86.69,0,0
Bagmati,Lalitpur,Bagmati,NP03,NP0325,NP0325401,6,287,263,20,2,2,195,90,0,1,1,186,99,0,0,0,2,0,0,275,11,0,0,1,0,0,0,167,1,0,0,119,0,258,25,0,0,0,4,0,0,0,274,12,0,1,0,0,0,285,2,0,0,0,1,74,206,1,5,23,264,116,125,0,230,106,3,28,1,22,2,8,12,0,0,111,74,82,17,3,38.68,25.78,28.57,5.92,1.05,6,95,186,0,0,2.09,33.1,64.81,0,0
Bagmati,Lalitpur,Bagmati,NP03,NP0325,NP0325401,7,493,485,8,0,0,435,51,1,6,0,425,62,1,0,0,5,0,0,472,18,0,0,3,0,0,0,360,45,0,0,88,0,324,147,2,1,18,1,0,0,0,426,67,0,0,0,0,0,471,17,4,0,1,41,261,190,0,1,51,442,77,171,1,422,196,8,18,0,29,5,41,13,0,0,221,179,81,9,3,44.83,36.31,16.43,1.83,0.61,6,102,384,1,0,1.22,20.69,77.89,0.2,0
Bagmati,Kavrepalanchok,Chauri Deurali,NP03,NP0324,NP0324402,1,296,294,0,2,0,278,13,2,3,0,282,12,2,0,0,0,0,0,294,2,0,0,0,0,0,0,256,3,0,0,34,3,163,59,0,7,14,32,8,0,13,291,4,0,0,0,0,1,294,2,0,0,0,15,270,1,0,10,30,266,148,45,0,253,94,1,15,0,20,0,1,1,0,0,176,97,21,2,0,59.46,32.77,7.09,0.68,0,1,26,265,4,0,0.34,8.78,89.53,1.35,0
Bagmati,Kavrepalanchok,Chauri Deurali,NP03,NP0324,NP0324402,2,486,481,3,2,0,440,35,5,5,1,432,46,0,0,0,8,0,0,445,17,0,2,22,0,0,0,339,56,0,1,85,5,245,188,1,0,15,36,1,0,0,455,28,0,0,2,1,0,477,8,1,0,0,17,463,4,0,2,66,420,120,100,2,373,158,3,3,1,14,0,3,3,1,1,250,175,54,6,1,51.44,36.01,11.11,1.23,0.21,6,91,380,9,0,1.23,18.72,78.19,1.85,0
Bagmati,Kavrepalanchok,Chauri Deurali,NP03,NP0324,NP0324402,3,557,552,2,1,2,489,63,3,1,1,495,60,0,0,0,2,0,0,508,43,2,2,2,0,0,0,481,2,0,1,73,0,288,264,0,0,5,0,0,0,0,517,39,1,0,0,0,0,555,1,1,0,0,14,541,2,0,0,52,505,204,164,1,415,229,7,76,0,10,1,10,9,0,0,246,194,100,16,1,44.17,34.83,17.95,2.87,0.18,18,76,462,1,0,3.23,13.64,82.94,0.18,0
Bagmati,Kavrepalanchok,Chauri Deurali,NP03,NP0324,NP0324402,4,381,368,11,2,0,362,11,1,4,3,361,13,2,1,0,2,2,0,366,12,0,2,1,0,0,0,354,4,0,4,19,0,191,168,0,9,0,11,2,0,0,346,29,5,0,0,1,0,380,1,0,0,0,43,334,3,1,0,19,362,189,134,2,316,205,10,70,1,17,1,6,2,0,0,137,177,54,12,1,35.96,46.46,14.17,3.15,0.26,7,42,330,2,0,1.84,11.02,86.61,0.52,0
Bagmati,Kavrepalanchok,Chauri Deurali,NP03,NP0324,NP0324402,5,564,534,19,11,0,430,119,14,1,0,474,89,1,0,0,0,0,0,528,29,0,7,0,0,0,0,498,16,3,0,34,13,420,47,0,6,6,85,0,0,0,511,52,0,0,0,1,0,554,9,1,0,0,77,415,72,0,0,26,538,228,245,4,489,226,11,59,2,32,2,3,1,0,0,201,261,77,24,1,35.64,46.28,13.65,4.26,0.18,12,102,415,35,0,2.13,18.09,73.58,6.21,0
Bagmati,Kavrepalanchok,Chauri Deurali,NP03,NP0324,NP0324402,6,616,593,16,6,1,444,44,125,3,0,478,136,1,0,0,1,0,0,523,50,6,35,2,0,0,0,524,13,1,1,77,0,323,280,2,0,10,0,1,0,0,564,51,0,0,1,0,0,613,3,0,0,0,26,539,46,0,5,36,580,270,295,9,527,332,17,206,6,50,2,26,18,0,1,166,217,188,32,13,26.95,35.23,30.52,5.19,2.11,34,146,436,0,0,5.52,23.7,70.78,0,0
Bagmati,Kavrepalanchok,Chauri Deurali,NP03,NP0324,NP0324402,7,447,435,11,1,0,346,75,26,0,0,356,91,0,0,0,0,0,0,311,34,3,96,0,0,0,3,325,2,0,0,120,0,158,266,0,0,12,10,1,0,0,351,96,0,0,0,0,0,445,2,0,0,0,21,420,2,2,2,20,427,218,202,1,414,262,10,94,3,38,0,64,13,0,0,92,165,160,24,6,20.58,36.91,35.79,5.37,1.34,25,148,274,0,0,5.59,33.11,61.3,0,0
Bagmati,Kavrepalanchok,Chauri Deurali,NP03,NP0324,NP0324402,8,496,494,1,0,1,371,121,1,3,0,469,25,1,0,0,1,0,0,476,9,5,5,1,0,0,0,407,2,1,1,85,0,465,13,0,1,9,4,2,0,2,466,28,0,0,2,0,0,486,9,0,0,1,15,448,3,0,30,54,442,241,153,0,404,218,6,51,2,16,0,33,6,0,0,167,241,78,9,1,33.67,48.59,15.73,1.81,0.2,4,92,395,5,0,0.81,18.55,79.64,1.01,0
Bagmati,Kavrepalanchok,Chauri Deurali,NP03,NP0324,NP0324402,9,313,309,4,0,0,306,4,1,0,2,307,4,0,0,0,1,1,0,309,3,0,0,1,0,0,0,305,0,0,2,5,1,239,56,0,0,2,16,0,0,0,304,9,0,0,0,0,0,308,3,0,1,1,4,306,0,0,3,24,289,139,102,0,258,151,7,6,3,16,0,8,6,0,0,127,162,19,5,0,40.58,51.76,6.07,1.6,0,3,9,298,3,0,0.96,2.88,95.21,0.96,0
Bagmati,Kavrepalanchok,Bhumlu,NP03,NP0324,NP0324401,1,771,743,18,7,3,349,393,23,4,2,633,133,0,0,0,4,0,1,685,69,0,1,16,0,0,0,534,22,0,0,215,0,93,650,1,0,8,14,5,0,0,736,31,0,0,1,3,0,761,6,4,0,0,12,720,28,1,10,48,723,323,380,2,629,205,10,102,1,5,2,10,5,0,1,145,382,215,28,1,18.81,49.55,27.89,3.63,0.13,12,224,531,4,0,1.56,29.05,68.87,0.52,0
Bagmati,Kavrepalanchok,Bhumlu,NP03,NP0324,NP0324401,2,391,388,1,1,1,337,51,3,0,0,364,26,1,0,0,0,0,0,381,10,0,0,0,0,0,0,307,63,1,0,19,1,198,175,1,0,8,4,5,0,0,375,16,0,0,0,0,0,390,0,1,0,0,5,24,339,2,21,29,362,158,55,0,332,63,2,3,0,1,0,0,0,0,0,294,83,14,0,0,75.19,21.23,3.58,0,0,0,25,358,8,0,0,6.39,91.56,2.05,0
Bagmati,Kavrepalanchok,Bhumlu,NP03,NP0324,NP0324401,3,246,245,1,0,0,230,13,1,2,0,231,11,1,0,0,3,0,0,243,3,0,0,0,0,0,0,187,2,3,1,51,2,141,93,1,0,4,5,2,0,0,240,6,0,0,0,0,0,245,1,0,0,0,7,1,234,2,2,32,214,146,50,1,197,80,2,62,0,6,0,0,0,0,0,138,91,15,2,0,56.1,36.99,6.1,0.81,0,1,17,220,8,0,0.41,6.91,89.43,3.25,0
Bagmati,Kavrepalanchok,Bhumlu,NP03,NP0324,NP0324401,4,478,470,5,3,0,449,14,10,5,0,444,25,4,0,1,4,0,0,466,8,2,1,1,0,0,0,397,45,0,2,32,2,86,369,1,0,8,12,1,0,1,457,21,0,0,0,0,0,470,8,0,0,0,7,457,7,1,6,54,424,209,129,2,385,135,2,42,1,10,0,1,4,0,0,273,152,43,8,2,57.11,31.8,9,1.67,0.42,8,39,425,5,1,1.67,8.16,88.91,1.05,0.21
Bagmati,Kavrepalanchok,Bhumlu,NP03,NP0324,NP0324401,5,433,423,9,1,0,409,13,6,3,2,411,19,1,0,0,0,2,0,423,9,0,1,0,0,0,0,394,3,0,0,34,2,150,188,0,0,2,88,4,0,1,419,13,0,0,0,1,0,431,2,0,0,0,15,122,293,0,3,53,380,265,160,1,285,155,3,99,0,6,1,99,5,0,0,257,138,33,5,0,59.35,31.87,7.62,1.15,0,3,26,334,70,0,0.69,6,77.14,16.17,0
Bagmati,Kavrepalanchok,Bhumlu,NP03,NP0324,NP0324401,6,355,347,5,3,0,306,45,3,0,1,291,61,0,0,0,2,1,0,315,39,0,1,0,0,0,0,269,4,4,0,75,3,48,0,0,1,2,304,0,0,0,334,20,0,0,0,1,0,350,4,1,0,0,17,43,276,0,19,61,294,120,106,6,264,108,5,1,0,6,3,19,20,0,0,236,74,36,9,0,66.48,20.85,10.14,2.54,0,3,22,139,191,0,0.85,6.2,39.15,53.8,0
Bagmati,Kavrepalanchok,Bhumlu,NP03,NP0324,NP0324401,7,296,285,5,3,3,262,19,9,0,6,256,32,0,0,0,7,0,1,276,19,0,0,0,0,0,1,148,5,0,2,139,2,13,219,0,15,0,47,2,0,0,283,13,0,0,0,0,0,292,2,2,0,0,0,5,275,0,16,20,276,84,131,0,270,46,4,28,1,7,0,12,12,0,0,146,108,34,6,2,49.32,36.49,11.49,2.03,0.68,2,34,229,29,2,0.68,11.49,77.36,9.8,0.68
Bagmati,Kavrepalanchok,Bhumlu,NP03,NP0324,NP0324401,8,521,481,39,1,0,228,200,76,13,4,227,272,1,0,2,19,0,0,327,190,1,0,3,0,0,0,195,17,2,0,299,8,22,404,1,0,2,85,5,2,0,292,228,0,0,0,1,0,511,7,2,0,1,11,185,310,0,15,32,489,224,297,26,441,223,27,135,13,92,5,116,91,11,2,110,99,165,81,66,21.11,19,31.67,15.55,12.67,91,192,228,10,0,17.47,36.85,43.76,1.92,0
Bagmati,Kavrepalanchok,Bhumlu,NP03,NP0324,NP0324401,9,533,532,1,0,0,235,245,46,7,0,262,262,3,0,0,6,0,0,397,133,0,0,3,0,0,0,187,7,1,2,335,1,15,362,3,30,18,105,0,0,0,351,176,2,0,0,4,0,531,2,0,0,0,3,452,76,0,2,17,516,170,305,6,476,400,13,46,8,97,3,164,55,0,0,56,138,187,131,21,10.51,25.89,35.08,24.58,3.94,78,250,201,4,0,14.63,46.9,37.71,0.75,0
Bagmati,Kavrepalanchok,Bhumlu,NP03,NP0324,NP0324401,10,494,455,37,2,0,114,312,49,9,10,115,360,6,2,0,9,2,0,355,135,1,1,2,0,0,0,120,15,1,0,357,1,83,385,0,0,2,19,0,4,1,309,183,0,0,2,0,0,486,6,2,0,0,2,50,438,0,4,16,478,216,323,19,438,298,26,105,10,70,12,180,114,6,2,50,67,221,113,43,10.12,13.56,44.74,22.87,8.7,53,297,138,5,1,10.73,60.12,27.94,1.01,0.2
Bagmati,Kavrepalanchok,Mandan Deupur,NP03,NP0324,NP0324301,1,741,726,8,3,4,358,312,48,20,3,209,487,3,2,1,39,0,0,518,215,2,3,2,1,0,0,216,10,3,2,508,2,182,490,1,7,48,3,10,0,0,519,221,0,0,1,0,0,734,3,2,0,2,3,433,201,5,99,56,685,201,328,1,544,501,24,154,10,187,6,53,48,0,1,71,145,355,142,28,9.58,19.57,47.91,19.16,3.78,69,459,188,25,0,9.31,61.94,25.37,3.37,0
Bagmati,Kavrepalanchok,Mandan Deupur,NP03,NP0324,NP0324301,2,649,624,14,3,8,233,289,58,63,6,168,396,12,5,1,60,0,7,419,217,0,1,6,5,0,1,226,31,7,2,380,3,167,387,1,2,34,56,1,1,0,384,235,0,0,29,1,0,629,18,2,0,0,16,300,272,4,57,25,624,168,296,14,512,487,55,279,22,157,6,23,51,4,2,86,121,234,145,63,13.25,18.64,36.06,22.34,9.71,91,305,203,49,1,14.02,47,31.28,7.55,0.15
Bagmati,Kavrepalanchok,Mandan Deupur,NP03,NP0324,NP0324301,3,518,503,7,6,2,213,215,66,23,1,163,330,3,1,0,21,0,0,391,125,0,1,1,0,0,0,160,6,0,1,350,1,175,341,0,0,2,0,0,0,0,226,285,0,0,7,0,0,518,0,0,0,0,3,29,478,0,8,12,506,120,180,2,476,364,19,150,10,110,13,80,29,0,0,63,98,207,132,18,12.16,18.92,39.96,25.48,3.47,57,290,163,8,0,11,55.98,31.47,1.54,0
Bagmati,Kavrepalanchok,Mandan Deupur,NP03,NP0324,NP0324301,4,516,512,3,0,1,105,344,48,5,14,97,385,2,1,1,29,0,1,355,156,0,0,5,0,0,0,99,5,5,0,399,8,441,70,0,3,2,0,0,0,0,323,168,0,0,25,0,0,514,1,1,0,0,8,271,227,1,9,29,487,304,289,2,435,342,11,205,10,100,5,141,64,0,0,35,66,195,193,27,6.78,12.79,37.79,37.4,5.23,113,291,93,19,0,21.9,56.4,18.02,3.68,0
Bagmati,Kavrepalanchok,Mandan Deupur,NP03,NP0324,NP0324301,5,536,513,11,9,3,170,319,40,3,4,170,361,0,0,0,4,0,1,295,223,2,4,11,0,0,1,156,7,3,0,368,2,447,26,0,11,23,28,0,0,1,435,98,0,0,2,0,1,531,2,2,0,1,2,164,358,0,12,14,522,174,293,3,474,329,12,145,7,91,7,97,35,0,0,75,76,265,96,24,13.99,14.18,49.44,17.91,4.48,45,303,178,9,1,8.4,56.53,33.21,1.68,0.19
Bagmati,Kavrepalanchok,Mandan Deupur,NP03,NP0324,NP0324301,6,832,779,49,4,0,86,479,258,5,4,82,732,2,0,1,10,0,5,322,489,1,2,17,0,0,1,73,29,3,3,706,18,87,561,1,24,15,140,2,1,1,326,493,0,1,8,4,0,816,14,2,0,0,20,358,447,2,5,21,811,304,612,37,783,642,73,326,14,253,16,292,130,7,0,33,51,266,351,131,3.97,6.13,31.97,42.19,15.75,304,386,125,15,2,36.54,46.39,15.02,1.8,0.24
Bagmati,Kavrepalanchok,Mandan Deupur,NP03,NP0324,NP0324301,7,787,693,90,2,2,63,347,359,16,2,60,705,3,7,0,12,0,0,288,487,2,5,5,0,0,0,71,10,2,1,685,18,214,241,1,85,105,137,0,3,1,217,532,4,0,34,0,0,779,6,1,0,1,58,406,289,1,33,21,766,382,534,65,663,585,83,476,35,218,20,360,160,4,1,21,43,213,323,187,2.67,5.46,27.06,41.04,23.76,267,421,88,11,0,33.93,53.49,11.18,1.4,0
Bagmati,Kavrepalanchok,Mandan Deupur,NP03,NP0324,NP0324301,8,692,660,29,1,2,155,405,116,7,9,150,516,2,2,3,18,1,0,349,332,1,5,3,2,0,0,181,25,23,2,452,9,179,165,1,53,48,245,0,0,1,337,299,1,0,52,3,0,680,11,1,0,0,2,209,467,5,9,41,651,284,414,25,588,386,110,238,15,126,18,225,82,4,0,91,85,250,190,76,13.15,12.28,36.13,27.46,10.98,58,412,178,43,1,8.38,59.54,25.72,6.21,0.14
Bagmati,Kavrepalanchok,Mandan Deupur,NP03,NP0324,NP0324301,9,647,642,1,3,1,122,373,143,2,7,82,553,1,0,0,11,0,0,383,256,1,1,6,0,0,0,97,5,1,6,528,10,103,184,4,83,91,182,0,0,0,327,259,1,0,57,3,0,636,8,1,0,2,14,611,17,0,5,8,639,327,251,6,592,388,32,199,8,56,30,63,14,0,0,40,69,301,202,35,6.18,10.66,46.52,31.22,5.41,98,446,92,11,0,15.15,68.93,14.22,1.7,0
Bagmati,Kavrepalanchok,Mandan Deupur,NP03,NP0324,NP0324301,10,770,758,7,3,2,105,588,71,5,1,106,644,5,0,0,15,0,0,459,293,3,9,3,3,0,0,116,4,0,2,646,2,421,301,0,3,7,35,3,0,0,470,274,3,0,23,0,0,766,4,0,0,0,6,542,210,1,11,41,729,237,377,5,659,413,40,304,5,92,11,211,82,1,0,57,57,357,223,76,7.4,7.4,46.36,28.96,9.87,210,457,97,6,0,27.27,59.35,12.6,0.78,0
Bagmati,Kavrepalanchok,Mandan Deupur,NP03,NP0324,NP0324301,11,695,684,10,0,1,82,484,109,17,3,74,602,3,0,0,16,0,0,422,272,0,0,1,0,0,0,86,10,2,2,595,0,314,236,0,1,46,94,3,0,1,401,286,0,0,8,0,0,687,6,1,0,1,5,408,262,4,16,58,637,255,420,2,587,410,38,147,28,148,16,279,121,0,0,50,52,294,223,76,7.19,7.48,42.3,32.09,10.94,187,396,93,19,0,26.91,56.98,13.38,2.73,0
Bagmati,Kavrepalanchok,Mandan Deupur,NP03,NP0324,NP0324301,12,541,528,12,1,0,252,247,27,13,2,254,271,0,1,1,10,0,4,360,179,0,0,1,1,0,0,196,4,2,2,333,4,443,94,0,0,3,1,0,0,0,283,247,1,0,10,0,0,540,1,0,0,0,8,337,195,0,1,30,511,197,318,6,490,311,23,214,0,77,2,115,61,1,0,65,118,183,144,31,12.01,21.81,33.83,26.62,5.73,87,274,178,2,0,16.08,50.65,32.9,0.37,0
Bagmati,Kavrepalanchok,Banepa,NP03,NP0324,NP0324302,1,627,573,51,2,1,100,134,348,44,1,94,485,9,25,0,14,0,0,175,443,0,4,5,0,0,0,149,12,4,0,460,2,44,548,4,15,15,1,0,0,0,142,481,3,0,1,0,0,624,2,0,0,1,7,434,186,0,0,10,617,78,466,12,498,570,129,414,21,288,30,112,215,10,0,19,68,91,213,236,3.03,10.85,14.51,33.97,37.64,371,132,118,6,0,59.17,21.05,18.82,0.96,0
Bagmati,Kavrepalanchok,Banepa,NP03,NP0324,NP0324302,2,548,533,14,1,0,124,260,154,8,2,123,409,2,0,0,10,2,2,193,334,1,5,13,2,0,0,116,12,0,2,391,27,150,254,0,2,32,102,6,2,0,266,278,0,0,3,1,0,545,2,0,0,1,1,408,123,1,15,15,533,146,324,0,525,448,80,221,8,182,27,90,106,4,1,31,74,167,174,102,5.66,13.5,30.47,31.75,18.61,165,244,129,9,1,30.11,44.53,23.54,1.64,0.18
Bagmati,Kavrepalanchok,Banepa,NP03,NP0324,NP0324302,3,793,771,16,4,2,322,176,263,27,5,328,327,4,3,0,25,1,105,344,400,4,43,2,0,0,0,294,24,3,10,419,43,42,53,3,25,28,551,91,0,0,302,458,4,0,4,25,0,778,13,0,1,1,3,467,304,1,18,21,772,140,415,36,682,542,96,289,22,216,13,86,83,4,0,122,161,266,179,65,15.38,20.3,33.54,22.57,8.2,16,317,399,59,2,2.02,39.97,50.32,7.44,0.25
Bagmati,Kavrepalanchok,Banepa,NP03,NP0324,NP0324302,4,1134,873,244,15,2,206,199,665,42,22,199,875,3,4,4,46,0,3,351,768,6,3,2,1,0,3,233,23,4,35,838,1,767,228,4,17,21,79,6,4,8,85,1049,0,0,0,0,0,1128,5,1,0,0,178,751,199,2,4,13,1121,272,836,81,785,1022,335,669,59,457,147,467,452,66,3,26,96,158,384,470,2.29,8.47,13.93,33.86,41.45,725,248,152,9,0,63.93,21.87,13.4,0.79,0
Bagmati,Kavrepalanchok,Banepa,NP03,NP0324,NP0324302,5,1828,1185,595,35,13,180,313,1270,50,15,169,1580,3,5,0,70,0,1,373,1442,2,7,3,1,0,0,195,23,6,64,1527,13,578,433,1,92,41,508,1,165,9,222,1601,4,0,0,1,0,1812,12,2,1,1,1071,698,57,1,1,26,1802,395,1361,156,1284,1680,623,1315,125,700,185,811,808,152,10,30,81,255,596,866,1.64,4.43,13.95,32.6,47.37,1024,655,127,21,1,56.02,35.83,6.95,1.15,0.05
Bagmati,Kavrepalanchok,Banepa,NP03,NP0324,NP0324302,6,1826,1012,793,10,11,112,458,1168,47,41,83,1628,8,1,2,90,0,14,271,1536,2,4,9,1,0,3,130,22,6,83,1556,29,153,635,6,125,236,483,0,184,4,106,1710,6,0,0,3,1,1774,49,1,0,2,1227,520,78,0,1,16,1810,449,1123,78,1202,1712,558,1403,107,768,46,744,429,66,8,17,57,232,819,701,0.93,3.12,12.71,44.85,38.39,1022,644,133,26,1,55.97,35.27,7.28,1.42,0.05
Bagmati,Kavrepalanchok,Banepa,NP03,NP0324,NP0324302,7,1809,1105,689,13,2,53,463,1249,41,3,47,1727,1,0,2,29,0,3,198,1564,1,27,18,1,0,0,54,29,14,187,1510,15,699,270,69,49,24,31,1,630,36,69,1731,9,0,0,0,0,1803,6,0,0,0,1507,283,17,1,1,6,1803,281,1383,381,1194,1682,826,1366,307,869,300,1006,976,424,38,0,13,132,566,1098,0,0.72,7.3,31.29,60.7,1570,207,31,1,0,86.79,11.44,1.71,0.06,0
Bagmati,Kavrepalanchok,Banepa,NP03,NP0324,NP0324302,8,1674,1098,571,2,3,132,262,1271,4,5,129,1533,3,0,0,8,1,0,155,1490,4,8,14,1,0,2,121,28,22,117,1383,3,1258,212,37,9,9,18,0,123,8,44,1625,4,0,0,0,1,1664,9,1,0,0,1589,73,9,2,1,15,1659,172,1309,265,663,1554,749,1231,165,799,213,962,921,294,14,4,29,119,537,985,0.24,1.73,7.11,32.08,58.84,1464,189,20,1,0,87.46,11.29,1.19,0.06,0
Bagmati,Kavrepalanchok,Banepa,NP03,NP0324,NP0324302,9,1448,954,485,3,6,133,360,939,7,9,130,1296,5,0,2,13,0,2,216,1218,2,2,10,0,0,0,128,30,7,27,1243,13,978,167,1,22,95,83,36,62,4,63,1379,4,1,0,1,0,1428,20,0,0,0,1150,258,40,0,0,17,1431,148,1114,151,942,1285,592,1026,83,585,113,521,599,106,9,24,44,133,520,727,1.66,3.04,9.19,35.91,50.21,1118,254,60,16,0,77.21,17.54,4.14,1.1,0
Bagmati,Kavrepalanchok,Banepa,NP03,NP0324,NP0324302,10,1997,1132,836,19,10,99,645,1169,45,39,85,1820,0,2,4,78,1,7,242,1710,5,14,23,2,0,1,142,46,5,61,1708,35,364,810,42,265,39,246,0,210,21,165,1820,5,0,4,2,1,1984,13,0,0,0,800,1171,23,2,1,29,1968,306,1402,151,1336,1836,706,1326,147,784,235,771,782,158,15,5,39,287,777,889,0.25,1.95,14.37,38.91,44.52,1273,610,104,10,0,63.75,30.55,5.21,0.5,0
Bagmati,Kavrepalanchok,Banepa,NP03,NP0324,NP0324302,11,553,448,103,1,1,77,215,250,3,8,73,462,7,0,0,11,0,0,109,430,5,2,5,1,0,1,81,17,2,3,446,4,224,224,2,13,8,77,0,2,3,83,468,0,0,2,0,0,541,12,0,0,0,40,441,70,0,2,10,543,65,362,37,457,492,189,282,30,159,53,144,89,32,1,9,39,99,230,176,1.63,7.05,17.9,41.59,31.83,319,155,76,3,0,57.69,28.03,13.74,0.54,0
Bagmati,Kavrepalanchok,Banepa,NP03,NP0324,NP0324302,12,677,635,32,4,6,181,255,216,21,4,152,494,4,0,2,21,1,3,214,460,0,2,1,0,0,0,170,8,0,3,496,0,99,499,3,29,40,2,2,0,3,205,470,1,0,0,1,0,674,2,0,0,1,0,513,153,0,11,8,669,202,538,20,548,569,136,354,21,232,21,133,172,14,3,36,98,95,248,200,5.32,14.48,14.03,36.63,29.54,335,175,157,8,2,49.48,25.85,23.19,1.18,0.3
Bagmati,Kavrepalanchok,Banepa,NP03,NP0324,NP0324302,13,1103,718,325,38,22,102,234,730,22,15,88,961,3,2,2,39,0,8,207,891,1,2,1,1,0,0,111,8,15,25,936,8,570,57,2,299,110,20,1,33,11,64,1032,3,0,3,0,1,1098,5,0,0,0,437,589,60,16,1,3,1100,174,877,92,573,1021,384,779,83,401,110,450,516,107,11,7,45,115,384,552,0.63,4.08,10.43,34.81,50.05,778,237,76,12,0,70.53,21.49,6.89,1.09,0
Bagmati,Kavrepalanchok,Banepa,NP03,NP0324,NP0324302,14,681,609,65,4,3,128,322,171,59,1,125,492,1,2,0,59,0,2,231,435,0,13,0,2,0,0,177,11,4,6,481,2,275,217,2,24,75,76,6,4,2,190,489,0,0,2,0,0,665,15,0,0,1,31,542,90,8,10,24,657,136,506,35,499,576,170,353,28,218,31,137,248,31,0,43,79,126,201,232,6.31,11.6,18.5,29.52,34.07,294,232,129,26,0,43.17,34.07,18.94,3.82,0
Bagmati,Kavrepalanchok,Dhulikhel,NP03,NP0324,NP0324303,1,517,517,0,0,0,177,286,15,38,1,173,301,4,12,2,23,1,1,318,198,0,1,0,0,0,0,209,7,1,1,295,4,341,140,0,1,34,0,0,0,1,173,337,0,0,7,0,0,512,4,1,0,0,9,301,180,3,24,46,471,83,234,5,375,182,11,30,3,82,1,53,24,0,0,99,102,147,145,24,19.15,19.73,28.43,28.05,4.64,176,166,162,13,0,34.04,32.11,31.33,2.51,0
Bagmati,Kavrepalanchok,Dhulikhel,NP03,NP0324,NP0324303,2,597,590,4,1,2,162,267,148,17,3,166,411,5,0,1,14,0,0,227,366,0,1,1,2,0,0,167,18,1,1,409,1,546,4,0,0,0,46,1,0,0,133,415,0,0,49,0,0,593,3,0,0,1,6,559,24,1,7,8,589,148,457,2,500,475,95,214,19,244,17,205,137,4,2,23,81,135,189,169,3.85,13.57,22.61,31.66,28.31,308,200,85,4,0,51.59,33.5,14.24,0.67,0
Bagmati,Kavrepalanchok,Dhulikhel,NP03,NP0324,NP0324303,3,568,434,126,2,6,97,208,239,24,0,94,447,4,0,0,21,1,1,193,371,2,0,1,0,0,1,108,3,2,1,453,1,392,152,1,1,5,14,2,1,0,119,447,0,0,2,0,0,559,8,0,0,1,25,452,81,4,6,6,562,165,404,42,359,510,171,276,49,193,59,214,193,48,7,20,59,85,194,210,3.52,10.39,14.96,34.15,36.97,326,162,71,8,1,57.39,28.52,12.5,1.41,0.18
Bagmati,Kavrepalanchok,Dhulikhel,NP03,NP0324,NP0324303,4,1620,936,623,54,7,79,221,1288,22,10,78,1501,3,0,1,35,0,2,191,1416,3,3,5,1,0,1,86,20,35,94,1381,4,1121,454,0,17,24,2,0,1,1,67,1541,9,0,1,1,1,1615,5,0,0,0,218,1357,33,0,12,18,1602,460,1096,69,1017,1519,665,1246,122,563,118,538,518,129,5,4,31,104,792,689,0.25,1.91,6.42,48.89,42.53,1412,148,59,1,0,87.16,9.14,3.64,0.06,0
Bagmati,Kavrepalanchok,Dhulikhel,NP03,NP0324,NP0324303,5,757,458,295,3,1,67,84,584,12,10,57,673,1,0,0,19,0,7,105,649,1,1,1,0,0,0,70,12,6,15,647,7,521,136,0,5,6,87,0,1,1,22,733,0,0,1,1,0,751,3,0,0,3,465,270,21,0,1,1,756,321,544,42,519,725,260,503,49,307,63,289,221,36,0,3,31,77,301,345,0.4,4.1,10.17,39.76,45.57,591,123,30,13,0,78.07,16.25,3.96,1.72,0
Bagmati,Kavrepalanchok,Dhulikhel,NP03,NP0324,NP0324303,6,519,336,176,6,1,134,161,214,7,3,132,366,5,1,2,11,0,2,162,354,0,3,0,0,0,0,130,5,3,16,364,1,461,44,0,4,4,1,0,1,4,21,493,3,0,0,1,1,513,6,0,0,0,257,244,17,0,1,11,508,83,364,32,296,455,230,367,53,204,33,150,157,48,5,4,43,84,163,225,0.77,8.29,16.18,31.41,43.35,353,127,37,2,0,68.02,24.47,7.13,0.39,0
Bagmati,Kavrepalanchok,Dhulikhel,NP03,NP0324,NP0324303,7,664,414,244,6,0,131,73,440,17,3,124,519,1,0,0,18,1,1,167,494,1,0,1,1,0,0,115,20,10,21,497,1,642,20,1,0,0,0,0,0,1,24,636,4,0,0,0,0,662,2,0,0,0,378,278,6,1,1,7,657,318,517,105,344,606,281,489,116,254,131,261,274,104,11,1,27,77,229,330,0.15,4.07,11.6,34.49,49.7,495,147,20,2,0,74.55,22.14,3.01,0.3,0
Bagmati,Kavrepalanchok,Dhulikhel,NP03,NP0324,NP0324303,8,753,715,30,2,6,171,285,267,16,14,183,529,6,2,2,31,0,0,307,439,3,1,1,2,0,0,192,16,5,27,511,2,423,174,1,4,18,125,8,0,0,232,513,1,0,7,0,0,751,0,2,0,0,19,673,45,2,14,18,735,275,544,27,603,614,140,399,44,248,36,200,213,21,6,46,75,183,220,229,6.11,9.96,24.3,29.22,30.41,337,275,120,21,0,44.75,36.52,15.94,2.79,0
Bagmati,Kavrepalanchok,Dhulikhel,NP03,NP0324,NP0324303,9,746,703,37,1,5,267,242,167,51,19,281,388,1,0,2,70,1,3,404,320,0,20,1,1,0,0,328,3,3,1,408,3,155,219,2,186,73,106,0,3,2,273,464,1,0,8,0,0,742,3,1,0,0,4,482,246,0,14,23,723,320,515,6,562,591,140,329,31,248,28,164,168,15,5,63,152,211,159,161,8.45,20.38,28.28,21.31,21.58,153,299,239,55,0,20.51,40.08,32.04,7.37,0
Bagmati,Kavrepalanchok,Dhulikhel,NP03,NP0324,NP0324303,10,348,344,1,2,1,141,150,45,7,5,138,197,1,1,0,11,0,0,161,173,2,10,2,0,0,0,112,45,1,1,187,2,16,236,2,31,40,23,0,0,0,119,226,1,0,2,0,0,340,6,1,0,1,11,299,34,2,2,18,330,129,152,4,285,289,32,119,6,56,11,42,45,6,0,32,82,84,103,47,9.2,23.56,24.14,29.6,13.51,108,131,103,6,0,31.03,37.64,29.6,1.72,0
Bagmati,Kavrepalanchok,Dhulikhel,NP03,NP0324,NP0324303,11,883,866,14,2,1,466,339,64,9,5,461,396,5,0,1,20,0,0,527,329,3,9,9,6,0,0,393,54,1,2,380,53,457,194,7,18,25,179,0,0,3,454,405,0,0,17,7,0,867,10,3,0,3,26,793,32,2,30,48,835,361,537,18,660,601,90,408,18,173,22,159,114,5,2,101,210,279,197,96,11.44,23.78,31.6,22.31,10.87,159,352,357,13,2,18.01,39.86,40.43,1.47,0.23
Bagmati,Kavrepalanchok,Dhulikhel,NP03,NP0324,NP0324303,12,598,587,11,0,0,324,168,72,29,5,329,239,0,8,1,21,0,0,397,200,0,0,0,1,0,0,355,13,2,11,214,3,188,112,1,158,45,86,8,0,0,293,297,0,1,6,1,0,584,14,0,0,0,9,553,34,1,1,21,577,185,410,2,518,434,58,176,29,175,24,111,96,1,3,74,154,182,116,72,12.37,25.75,30.43,19.4,12.04,95,197,289,17,0,15.89,32.94,48.33,2.84,0
Bagmati,Kavrepalanchok,Panchkhal,NP03,NP0324,NP0324304,1,754,743,2,1,8,311,357,21,53,12,284,379,1,0,2,83,2,3,532,202,0,13,4,3,0,0,334,14,2,4,399,1,262,421,0,6,64,1,0,0,0,371,361,0,0,22,0,0,746,3,0,1,4,5,418,197,0,134,48,706,226,362,3,647,507,23,339,10,115,10,129,60,0,0,137,155,200,196,66,18.17,20.56,26.53,25.99,8.75,174,263,257,60,0,23.08,34.88,34.08,7.96,0
Bagmati,Kavrepalanchok,Panchkhal,NP03,NP0324,NP0324304,2,884,866,16,2,0,195,561,96,28,4,173,657,6,1,3,43,0,1,384,484,4,10,2,0,0,0,215,11,9,4,639,6,477,314,3,31,33,26,0,0,0,386,469,2,0,27,0,0,880,4,0,0,0,13,524,309,3,35,40,844,314,565,64,782,563,83,398,29,270,19,309,157,6,1,81,89,265,267,182,9.16,10.07,29.98,30.2,20.59,281,414,168,21,0,31.79,46.83,19,2.38,0
Bagmati,Kavrepalanchok,Panchkhal,NP03,NP0324,NP0324304,3,601,558,35,5,3,128,329,125,14,5,107,455,1,0,8,20,3,7,214,377,0,9,1,0,0,0,127,54,5,16,399,0,368,152,3,11,64,0,1,0,2,148,430,1,0,21,1,0,572,27,1,0,1,26,398,158,1,18,11,590,374,368,75,480,436,90,322,13,162,48,276,184,16,4,29,71,154,171,176,4.83,11.81,25.62,28.45,29.28,269,223,100,9,0,44.76,37.1,16.64,1.5,0
Bagmati,Kavrepalanchok,Panchkhal,NP03,NP0324,NP0324304,4,839,640,189,6,4,76,359,379,16,9,70,736,4,2,0,21,0,6,209,626,0,2,1,0,0,1,81,5,2,5,742,4,306,280,4,18,82,75,0,64,10,79,753,1,0,2,0,4,839,0,0,0,0,3,539,293,1,3,10,829,175,662,67,602,713,164,513,60,365,66,654,412,37,8,10,32,139,305,353,1.19,3.81,16.57,36.35,42.07,388,369,71,11,0,46.25,43.98,8.46,1.31,0
Bagmati,Kavrepalanchok,Panchkhal,NP03,NP0324,NP0324304,5,556,545,9,0,2,126,307,103,19,1,126,405,0,0,0,23,1,1,250,302,0,2,2,0,0,0,147,3,0,0,406,0,471,26,0,29,26,3,0,1,0,158,394,2,0,2,0,0,548,6,1,0,1,2,327,214,0,13,8,548,297,432,6,527,458,83,429,15,152,19,232,162,4,0,16,56,124,210,150,2.88,10.07,22.3,37.77,26.98,226,218,98,14,0,40.65,39.21,17.63,2.52,0
Bagmati,Kavrepalanchok,Panchkhal,NP03,NP0324,NP0324304,6,1001,958,33,7,3,244,548,184,20,5,233,726,3,2,11,20,2,4,487,484,4,23,3,0,0,0,229,20,3,21,728,0,400,200,1,335,64,0,0,1,0,331,647,4,0,18,1,0,992,7,2,0,0,9,600,370,7,15,22,979,257,713,99,873,803,147,633,36,318,21,501,294,7,1,39,75,297,330,260,3.9,7.49,29.67,32.97,25.97,289,494,204,14,0,28.87,49.35,20.38,1.4,0
Bagmati,Kavrepalanchok,Panchkhal,NP03,NP0324,NP0324304,7,509,462,45,0,2,105,289,111,1,3,78,404,0,0,12,10,3,2,139,344,8,16,0,2,0,0,87,3,1,8,408,2,173,198,0,74,47,5,0,12,0,155,352,2,0,0,0,0,507,2,0,0,0,59,197,243,2,8,11,498,163,399,14,468,426,70,382,41,189,15,303,156,14,2,16,33,114,194,152,3.14,6.48,22.4,38.11,29.86,182,239,76,12,0,35.76,46.95,14.93,2.36,0
Bagmati,Kavrepalanchok,Panchkhal,NP03,NP0324,NP0324304,8,533,522,11,0,0,105,362,40,25,1,82,417,8,6,1,15,2,2,328,195,1,6,2,1,0,0,97,5,0,2,429,0,379,42,0,46,46,9,11,0,0,316,215,0,0,1,1,0,531,2,0,0,0,4,392,117,1,19,9,524,182,340,6,474,339,30,228,10,119,20,220,121,1,1,34,57,194,171,77,6.38,10.69,36.4,32.08,14.45,130,291,99,13,0,24.39,54.6,18.57,2.44,0
Bagmati,Kavrepalanchok,Panchkhal,NP03,NP0324,NP0324304,9,594,580,12,1,1,293,274,24,3,0,195,394,2,0,0,3,0,0,258,329,0,5,1,0,0,1,142,33,3,4,412,0,455,113,1,0,15,5,0,5,0,415,178,1,0,0,0,0,573,17,3,0,1,4,441,144,0,5,18,576,347,421,111,522,287,28,148,13,61,9,88,39,1,0,59,120,205,177,33,9.93,20.2,34.51,29.8,5.56,93,333,167,1,0,15.66,56.06,28.11,0.17,0
Bagmati,Kavrepalanchok,Panchkhal,NP03,NP0324,NP0324304,10,425,415,6,1,3,163,189,56,16,1,166,234,0,10,2,6,6,1,231,175,2,17,0,0,0,0,176,4,20,1,224,0,42,153,1,9,19,194,1,0,6,115,247,2,0,61,0,0,423,2,0,0,0,1,375,41,1,7,28,397,73,235,2,381,277,33,66,8,82,12,129,80,8,0,41,102,128,109,45,9.65,24,30.12,25.65,10.59,84,193,138,10,0,19.76,45.41,32.47,2.35,0
Bagmati,Kavrepalanchok,Panchkhal,NP03,NP0324,NP0324304,11,516,504,11,1,0,290,197,23,4,2,278,230,1,0,0,7,0,0,385,127,0,3,1,0,0,0,263,17,2,4,230,0,129,358,0,13,13,1,0,1,1,405,106,1,0,4,0,0,508,8,0,0,0,8,348,156,0,4,20,496,330,358,5,451,338,11,194,6,37,14,108,51,0,0,74,130,183,110,19,14.34,25.19,35.47,21.32,3.68,36,229,249,2,0,6.98,44.38,48.26,0.39,0
Bagmati,Kavrepalanchok,Panchkhal,NP03,NP0324,NP0324304,12,1497,1453,32,4,8,454,702,266,64,11,324,969,7,5,117,75,0,0,797,647,1,47,5,0,0,0,506,24,2,9,950,6,533,295,0,173,117,355,12,0,12,574,863,7,3,49,1,0,1473,13,9,0,2,10,983,416,1,87,81,1416,232,814,16,1176,942,91,260,16,264,41,538,252,6,3,170,256,528,408,135,11.36,17.1,35.27,27.25,9.02,310,725,344,116,2,20.71,48.43,22.98,7.75,0.13
Bagmati,Kavrepalanchok,Panchkhal,NP03,NP0324,NP0324304,13,424,418,4,2,0,244,162,3,12,3,239,173,1,1,2,8,0,0,363,53,1,5,1,1,0,0,233,8,2,2,178,1,36,317,1,5,16,0,49,0,0,324,100,0,0,0,0,0,418,5,1,0,0,5,204,212,0,3,56,368,137,199,1,302,162,2,66,2,40,1,90,28,0,0,130,94,136,62,2,30.66,22.17,32.08,14.62,0.47,41,141,233,9,0,9.67,33.25,54.95,2.12,0
Bagmati,Kavrepalanchok,Temal,NP03,NP0324,NP0324405,1,543,537,6,0,0,387,135,18,3,0,434,96,2,1,0,10,0,0,448,86,0,5,3,1,0,0,423,18,1,4,94,3,262,192,0,48,39,2,0,0,0,445,91,6,0,1,0,0,542,1,0,0,0,24,351,161,2,5,73,470,163,186,1,416,143,5,95,2,21,2,32,29,0,0,227,148,131,31,6,41.8,27.26,24.13,5.71,1.1,17,140,378,8,0,3.13,25.78,69.61,1.47,0
Bagmati,Kavrepalanchok,Temal,NP03,NP0324,NP0324405,2,527,524,3,0,0,467,36,23,0,1,463,62,0,0,2,0,0,0,454,52,0,19,2,0,0,0,446,8,0,0,73,0,457,63,0,0,5,1,1,0,0,469,58,0,0,0,0,0,514,13,0,0,0,23,498,3,0,3,30,497,130,158,4,486,231,3,123,2,23,0,19,15,0,1,162,281,59,23,2,30.74,53.32,11.2,4.36,0.38,29,69,429,0,0,5.5,13.09,81.4,0,0
Bagmati,Kavrepalanchok,Temal,NP03,NP0324,NP0324405,3,260,256,1,2,1,239,17,3,0,1,237,21,0,0,0,2,0,0,229,16,0,15,0,0,0,0,234,0,0,0,26,0,141,104,0,0,0,10,4,0,1,230,28,2,0,0,0,0,258,2,0,0,0,7,241,2,0,10,39,221,38,89,0,168,109,2,71,0,20,6,51,23,0,1,118,75,53,12,2,45.38,28.85,20.38,4.62,0.77,6,42,208,3,1,2.31,16.15,80,1.15,0.38
Bagmati,Kavrepalanchok,Temal,NP03,NP0324,NP0324405,4,479,474,3,1,1,395,57,19,8,0,362,108,1,1,0,7,0,0,396,40,5,38,0,0,0,0,411,18,0,3,47,0,282,177,0,3,7,8,0,0,2,442,36,1,0,0,0,0,474,4,1,0,0,10,450,2,1,16,25,454,101,229,3,419,196,1,111,4,23,0,36,24,0,0,147,180,125,24,3,30.69,37.58,26.1,5.01,0.63,8,114,351,6,0,1.67,23.8,73.28,1.25,0
Bagmati,Kavrepalanchok,Temal,NP03,NP0324,NP0324405,5,669,661,8,0,0,605,43,15,6,0,610,52,1,0,0,6,0,0,564,47,3,48,7,0,0,0,576,1,3,0,87,2,513,128,1,0,4,19,4,0,0,496,151,4,0,18,0,0,666,3,0,0,0,33,464,141,0,31,22,647,218,376,2,551,263,12,168,9,42,4,70,23,0,1,206,279,145,29,10,30.79,41.7,21.67,4.33,1.49,17,152,487,13,0,2.54,22.72,72.8,1.94,0
Bagmati,Kavrepalanchok,Temal,NP03,NP0324,NP0324405,6,589,585,4,0,0,470,100,17,2,0,459,128,0,1,0,1,0,0,469,99,1,20,0,0,0,0,460,26,0,2,87,14,126,253,6,3,10,181,10,0,0,383,146,0,0,60,0,0,588,1,0,0,0,28,554,3,3,1,47,542,46,282,1,498,210,13,140,2,23,1,40,14,1,2,168,215,175,20,11,28.52,36.5,29.71,3.4,1.87,26,203,357,3,0,4.41,34.47,60.61,0.51,0
Bagmati,Kavrepalanchok,Temal,NP03,NP0324,NP0324405,7,543,537,2,0,4,509,34,0,0,0,513,29,0,0,0,1,0,0,482,30,4,26,1,0,0,0,445,52,2,10,32,2,198,254,1,1,78,1,7,0,3,448,93,0,0,2,0,0,532,11,0,0,0,11,526,3,0,3,40,503,162,206,3,488,212,4,70,0,32,0,31,3,0,0,210,242,76,14,1,38.67,44.57,14,2.58,0.18,8,106,429,0,0,1.47,19.52,79.01,0,0
Bagmati,Kavrepalanchok,Temal,NP03,NP0324,NP0324405,8,723,722,1,0,0,676,31,15,1,0,650,71,1,1,0,0,0,0,597,33,3,86,3,0,0,1,605,16,2,8,81,11,287,293,0,4,66,55,18,0,0,584,130,4,0,3,2,0,715,7,0,0,1,10,653,7,0,53,28,695,243,343,9,631,422,8,104,6,45,4,65,18,0,0,215,322,157,26,3,29.74,44.54,21.72,3.6,0.41,12,172,521,17,1,1.66,23.79,72.06,2.35,0.14
Bagmati,Kavrepalanchok,Temal,NP03,NP0324,NP0324405,9,536,531,5,0,0,344,154,10,5,23,344,158,2,1,0,1,0,30,484,36,6,6,1,0,0,3,371,3,4,1,146,11,25,293,0,94,2,56,0,0,66,373,154,0,0,7,1,1,528,8,0,0,0,3,532,1,0,0,12,524,140,255,1,497,271,8,158,2,23,4,66,9,0,0,127,168,162,77,2,23.69,31.34,30.22,14.37,0.37,50,105,358,23,0,9.33,19.59,66.79,4.29,0
Bagmati,Kavrepalanchok,Namobuddha,NP03,NP0324,NP0324306,1,436,427,7,1,1,275,141,16,3,1,266,156,1,3,0,10,0,0,295,137,0,2,1,1,0,0,264,8,2,0,158,4,165,151,0,23,5,90,2,0,0,266,163,0,0,7,0,0,434,1,1,0,0,15,352,47,17,5,8,428,163,267,0,384,289,19,31,11,106,1,20,38,0,0,87,129,120,76,24,19.95,29.59,27.52,17.43,5.5,66,146,208,16,0,15.14,33.49,47.71,3.67,0
Bagmati,Kavrepalanchok,Namobuddha,NP03,NP0324,NP0324306,2,1006,887,108,3,8,388,411,151,33,23,363,557,6,2,3,75,0,0,526,461,2,14,1,1,0,1,417,16,1,13,555,4,619,292,0,34,59,2,0,0,0,475,514,5,0,11,0,1,997,6,1,0,2,12,580,380,10,24,29,977,256,561,21,806,700,79,303,22,229,25,263,130,8,1,144,193,297,254,118,14.31,19.18,29.52,25.25,11.73,255,382,342,27,0,25.35,37.97,34,2.68,0
Bagmati,Kavrepalanchok,Namobuddha,NP03,NP0324,NP0324306,3,571,561,9,1,0,293,207,48,6,17,316,231,1,0,0,19,0,4,387,181,0,2,0,0,0,1,281,3,1,0,279,7,110,50,5,2,230,173,0,0,1,351,158,2,0,60,0,0,569,2,0,0,0,2,29,530,1,9,46,525,143,356,9,484,399,38,27,5,107,0,143,42,1,0,134,178,157,82,20,23.47,31.17,27.5,14.36,3.5,42,146,314,69,0,7.36,25.57,54.99,12.08,0
Bagmati,Kavrepalanchok,Namobuddha,NP03,NP0324,NP0324306,4,621,574,39,8,0,249,270,75,4,23,241,338,3,1,0,37,0,1,367,244,0,8,0,2,0,0,270,11,0,49,281,10,573,30,0,2,14,1,1,0,0,320,287,0,0,14,0,0,612,7,2,0,0,24,574,9,2,12,11,610,290,424,4,565,478,29,60,11,137,3,77,40,2,1,58,143,188,192,40,9.34,23.03,30.27,30.92,6.44,205,203,192,21,0,33.01,32.69,30.92,3.38,0
Bagmati,Kavrepalanchok,Namobuddha,NP03,NP0324,NP0324306,5,915,895,17,2,1,643,239,10,18,5,630,261,1,1,0,21,0,1,632,219,1,60,2,0,0,1,640,14,5,26,227,3,241,534,1,7,6,125,1,0,0,736,174,0,0,5,0,0,908,4,1,0,2,12,583,302,8,10,20,895,349,466,2,833,513,19,29,11,117,11,110,57,0,0,261,334,219,81,20,28.52,36.5,23.93,8.85,2.19,59,247,563,46,0,6.45,26.99,61.53,5.03,0
Bagmati,Kavrepalanchok,Namobuddha,NP03,NP0324,NP0324306,6,360,356,2,2,0,242,112,1,5,0,241,113,1,1,0,3,1,0,259,84,0,16,1,0,0,0,250,5,0,0,104,1,134,133,3,34,2,1,53,0,0,224,136,0,0,0,0,0,357,2,0,0,1,15,216,126,0,3,52,308,63,177,8,280,168,18,24,9,51,2,62,50,0,0,106,102,84,48,20,29.44,28.33,23.33,13.33,5.56,42,100,198,20,0,11.67,27.78,55,5.56,0
Bagmati,Kavrepalanchok,Namobuddha,NP03,NP0324,NP0324306,7,1008,811,191,1,5,478,266,213,32,19,469,470,4,2,4,57,0,2,577,410,0,13,8,0,0,0,449,15,1,8,529,6,439,341,3,71,57,89,5,1,2,394,597,0,0,7,9,1,993,10,5,0,0,2,913,74,3,16,41,967,416,616,33,687,775,104,304,23,243,32,279,204,12,3,119,242,238,241,168,11.81,24.01,23.61,23.91,16.67,322,284,385,17,0,31.94,28.17,38.19,1.69,0
Bagmati,Kavrepalanchok,Namobuddha,NP03,NP0324,NP0324306,8,557,555,2,0,0,360,187,2,7,1,357,186,4,0,0,10,0,0,407,145,3,1,0,1,0,0,369,8,2,0,178,0,419,56,1,0,33,48,0,0,0,427,121,2,0,3,4,0,549,7,1,0,0,12,345,186,10,4,13,544,304,248,5,517,334,10,28,2,32,2,19,14,0,0,155,185,161,54,2,27.83,33.21,28.9,9.69,0.36,39,175,328,15,0,7,31.42,58.89,2.69,0
Bagmati,Kavrepalanchok,Namobuddha,NP03,NP0324,NP0324306,9,530,504,21,5,0,366,142,13,3,6,358,159,2,0,0,10,0,1,391,124,0,14,1,0,0,0,363,4,18,4,135,6,194,303,1,29,1,2,0,0,0,423,107,0,0,0,0,0,520,7,2,0,1,8,474,47,0,1,43,487,93,241,4,419,296,2,140,2,53,0,11,27,0,0,144,166,145,62,13,27.17,31.32,27.36,11.7,2.45,49,144,334,3,0,9.25,27.17,63.02,0.57,0
Bagmati,Kavrepalanchok,Namobuddha,NP03,NP0324,NP0324306,10,484,477,7,0,0,280,192,8,2,2,278,202,1,1,0,2,0,0,326,155,0,2,1,0,0,0,270,26,8,7,170,3,227,211,0,26,8,11,1,0,0,327,154,0,0,3,0,0,479,4,1,0,0,7,368,105,0,4,8,476,320,348,14,455,358,7,15,6,76,5,20,27,0,0,66,167,140,99,12,13.64,34.5,28.93,20.45,2.48,91,144,247,2,0,18.8,29.75,51.03,0.41,0
Bagmati,Kavrepalanchok,Namobuddha,NP03,NP0324,NP0324306,11,660,656,2,2,0,395,189,25,50,1,391,225,3,5,0,36,0,0,502,143,0,12,2,1,0,0,424,4,1,4,182,45,31,309,2,63,128,63,63,0,1,538,117,0,0,4,0,1,653,4,0,0,3,3,429,189,7,32,41,619,136,288,5,556,343,6,7,9,82,3,19,37,1,0,223,199,178,51,9,33.79,30.15,26.97,7.73,1.36,28,183,384,65,0,4.24,27.73,58.18,9.85,0
Bagmati,Kavrepalanchok,Panauti,NP03,NP0324,NP0324305,1,1034,1027,7,0,0,680,206,119,29,0,664,333,3,1,1,23,8,1,720,299,0,11,3,1,0,0,571,79,2,2,380,0,585,400,0,12,25,3,9,0,0,630,401,0,0,2,0,1,1022,10,1,0,1,13,851,147,2,21,25,1009,405,762,38,918,811,83,389,20,228,8,135,50,0,2,120,257,392,180,85,11.61,24.85,37.91,17.41,8.22,187,346,482,19,0,18.09,33.46,46.62,1.84,0
Bagmati,Kavrepalanchok,Panauti,NP03,NP0324,NP0324305,2,751,734,15,1,1,485,259,5,1,1,478,270,1,0,0,2,0,0,488,261,0,1,1,0,0,0,476,12,1,0,257,5,676,67,0,0,7,1,0,0,0,453,296,1,0,1,0,0,741,10,0,0,0,47,695,4,4,1,21,730,182,575,10,603,595,122,229,22,190,17,60,77,10,1,55,307,150,108,131,7.32,40.88,19.97,14.38,17.44,222,107,422,0,0,29.56,14.25,56.19,0,0
Bagmati,Kavrepalanchok,Panauti,NP03,NP0324,NP0324305,3,933,906,22,1,4,381,336,195,15,6,444,459,5,3,2,20,0,0,508,390,5,12,18,0,0,0,455,33,4,11,420,10,596,234,0,19,24,59,1,0,0,420,509,1,0,2,1,0,913,17,1,1,1,8,798,102,2,23,24,909,196,716,30,801,781,208,372,35,251,62,169,134,10,3,66,188,280,219,180,7.07,20.15,30.01,23.47,19.29,284,298,336,15,0,30.44,31.94,36.01,1.61,0
Bagmati,Kavrepalanchok,Panauti,NP03,NP0324,NP0324305,4,1954,1452,494,4,4,362,374,1160,38,20,339,1544,6,6,0,51,1,7,469,1458,1,10,14,1,0,1,389,61,1,26,1469,8,275,1164,2,149,275,76,0,10,3,349,1592,7,1,2,2,1,1924,28,0,0,2,433,1308,117,86,10,41,1913,577,1402,133,1605,1725,553,1246,131,673,174,561,632,67,6,57,135,365,692,705,2.92,6.91,18.68,35.41,36.08,1124,536,284,9,1,57.52,27.43,14.53,0.46,0.05
Bagmati,Kavrepalanchok,Panauti,NP03,NP0324,NP0324305,5,1483,1128,294,4,57,286,440,697,23,37,256,1149,0,1,21,46,1,9,444,1003,8,20,8,0,0,0,301,57,2,38,1075,10,250,812,20,149,85,129,2,26,10,211,1261,10,0,0,1,0,1467,14,1,0,1,23,1369,83,1,7,11,1472,389,1082,62,1063,1291,348,905,96,543,118,535,564,94,5,29,120,275,519,540,1.96,8.09,18.54,35,36.41,805,474,183,21,0,54.28,31.96,12.34,1.42,0
Bagmati,Kavrepalanchok,Panauti,NP03,NP0324,NP0324305,6,859,652,205,1,1,193,219,415,23,9,206,621,3,1,0,24,0,4,274,563,0,19,3,0,0,0,229,10,2,26,590,2,174,199,1,258,142,52,0,31,2,118,736,1,0,4,0,0,858,1,0,0,0,217,601,34,0,7,8,851,330,694,65,801,793,230,614,43,326,39,339,328,61,7,8,78,169,260,344,0.93,9.08,19.67,30.27,40.05,413,261,178,7,0,48.08,30.38,20.72,0.81,0
Bagmati,Kavrepalanchok,Panauti,NP03,NP0324,NP0324305,7,1100,864,231,3,2,452,375,263,7,3,445,640,4,0,3,8,0,0,459,601,5,19,15,1,0,0,398,59,6,27,608,2,710,334,2,29,16,4,0,5,0,206,888,2,1,2,1,0,1092,8,0,0,0,924,164,11,0,1,18,1082,396,888,132,992,888,366,689,83,420,171,553,489,129,15,22,116,254,305,403,2,10.55,23.09,27.73,36.64,566,417,117,0,0,51.45,37.91,10.64,0,0
Bagmati,Kavrepalanchok,Panauti,NP03,NP0324,NP0324305,8,972,886,80,5,1,281,394,276,9,12,281,663,4,0,4,20,0,0,362,593,0,5,10,2,0,0,281,16,11,15,641,8,172,324,8,291,45,129,0,2,1,260,706,2,0,3,1,0,962,10,0,0,0,51,772,144,1,4,38,934,303,738,56,799,783,291,480,48,331,115,256,263,19,7,54,128,204,285,301,5.56,13.17,20.99,29.32,30.97,345,382,228,16,1,35.49,39.3,23.46,1.65,0.1
Bagmati,Kavrepalanchok,Panauti,NP03,NP0324,NP0324305,9,1113,1007,89,9,8,329,336,403,37,8,331,732,4,4,1,36,0,5,468,588,0,51,6,0,0,0,357,18,1,24,711,2,348,302,2,269,100,66,23,3,0,230,873,3,0,6,1,0,1107,6,0,0,0,70,898,143,0,2,11,1102,387,874,35,877,947,254,655,49,479,195,402,450,41,3,38,139,222,325,389,3.41,12.49,19.95,29.2,34.95,417,412,261,23,0,37.47,37.02,23.45,2.07,0
Bagmati,Kavrepalanchok,Panauti,NP03,NP0324,NP0324305,10,1093,962,114,11,6,513,297,252,12,19,490,562,6,0,0,32,3,0,562,496,1,28,4,1,0,1,520,21,8,17,522,5,604,255,5,24,134,66,0,0,5,264,828,0,0,0,0,1,1079,11,1,0,2,160,712,208,1,12,20,1073,281,891,112,840,893,263,467,54,404,92,308,351,44,2,72,180,276,285,280,6.59,16.47,25.25,26.08,25.62,373,418,275,24,3,34.13,38.24,25.16,2.2,0.27
Bagmati,Kavrepalanchok,Panauti,NP03,NP0324,NP0324305,11,717,706,7,1,3,476,140,83,10,8,462,224,5,2,10,13,0,1,505,188,0,14,8,0,0,2,470,29,3,2,209,4,175,483,0,2,43,5,8,1,0,410,304,0,0,1,1,1,711,5,1,0,0,7,658,50,0,2,14,703,342,524,51,625,521,95,197,5,114,6,129,109,3,0,108,204,205,133,67,15.06,28.45,28.59,18.55,9.34,150,209,348,10,0,20.92,29.15,48.54,1.39,0
Bagmati,Kavrepalanchok,Panauti,NP03,NP0324,NP0324305,12,797,780,10,2,5,622,152,10,12,1,614,170,0,1,0,12,0,0,644,146,0,6,1,0,0,0,599,6,2,3,185,2,509,157,1,5,9,112,3,1,0,544,251,1,0,1,0,0,789,2,0,0,6,23,742,24,2,6,24,773,281,580,2,696,589,59,167,11,179,21,61,82,3,0,108,341,188,106,54,13.55,42.79,23.59,13.3,6.78,87,193,513,4,0,10.92,24.22,64.37,0.5,0
Bagmati,Kavrepalanchok,Bethanchowk,NP03,NP0324,NP0324403,1,279,267,9,0,3,247,25,2,3,2,242,32,0,0,0,5,0,0,261,18,0,0,0,0,0,0,249,4,0,0,19,7,22,252,0,0,3,0,2,0,0,223,41,0,0,15,0,0,270,8,0,0,1,1,228,48,0,2,17,262,45,138,7,255,154,16,54,6,61,1,3,13,0,0,92,106,56,15,10,32.97,37.99,20.07,5.38,3.58,7,58,211,3,0,2.51,20.79,75.63,1.08,0
Bagmati,Kavrepalanchok,Bethanchowk,NP03,NP0324,NP0324403,2,703,673,29,1,0,540,72,86,4,1,539,159,3,0,0,2,0,0,555,141,3,2,2,0,0,0,499,18,4,4,175,3,204,477,2,0,14,4,2,0,0,381,319,2,0,0,0,1,692,10,1,0,0,35,658,4,1,5,4,699,366,363,26,619,577,67,220,7,123,46,23,10,0,1,47,261,257,115,23,6.69,37.13,36.56,16.36,3.27,115,240,346,2,0,16.36,34.14,49.22,0.28,0
Bagmati,Kavrepalanchok,Bethanchowk,NP03,NP0324,NP0324403,3,521,505,15,1,0,449,68,3,1,0,468,51,0,0,0,2,0,0,446,37,1,14,23,0,0,0,432,3,1,1,84,0,293,227,0,0,0,1,0,0,0,389,132,0,0,0,0,0,517,2,2,0,0,8,489,16,0,8,8,513,430,432,34,487,446,45,270,10,86,13,39,17,1,3,30,165,265,46,15,5.76,31.67,50.86,8.83,2.88,29,127,363,2,0,5.57,24.38,69.67,0.38,0
Bagmati,Kavrepalanchok,Bethanchowk,NP03,NP0324,NP0324403,4,914,906,7,0,1,736,106,42,19,11,738,143,6,0,0,26,1,0,757,139,0,16,2,0,0,0,698,25,1,3,185,2,478,396,0,1,9,30,0,0,0,695,214,3,1,1,0,0,897,16,1,0,0,17,890,3,1,3,58,856,385,601,12,770,482,43,72,21,157,11,49,45,0,0,175,414,215,86,24,19.15,45.3,23.52,9.41,2.63,85,187,635,7,0,9.3,20.46,69.47,0.77,0
Bagmati,Kavrepalanchok,Bethanchowk,NP03,NP0324,NP0324403,5,651,643,4,3,1,629,19,1,2,0,626,22,2,1,0,0,0,0,638,12,1,0,0,0,0,0,628,1,1,0,20,1,639,12,0,0,0,0,0,0,0,641,8,0,0,2,0,0,651,0,0,0,0,19,628,3,0,1,53,598,139,332,7,524,302,7,7,1,52,1,7,25,0,0,227,352,63,6,3,34.87,54.07,9.68,0.92,0.46,6,18,627,0,0,0.92,2.76,96.31,0,0
Bagmati,Kavrepalanchok,Bethanchowk,NP03,NP0324,NP0324403,6,793,782,11,0,0,756,26,5,3,3,754,31,1,2,0,5,0,0,779,9,1,3,1,0,0,0,757,2,1,1,31,1,202,582,0,3,4,0,1,0,1,765,28,0,0,0,0,0,790,3,0,0,0,28,683,66,1,15,92,701,361,305,2,610,191,10,3,0,23,2,6,22,1,0,435,297,50,9,2,54.85,37.45,6.31,1.13,0.25,7,49,731,6,0,0.88,6.18,92.18,0.76,0
Bagmati,Kavrepalanchok,Roshi,NP03,NP0324,NP0324404,1,513,513,0,0,0,463,50,0,0,0,463,50,0,0,0,0,0,0,476,20,0,16,1,0,0,0,444,4,0,4,59,2,198,311,1,0,1,2,0,0,0,428,85,0,0,0,0,0,509,3,0,0,1,14,493,2,2,2,62,451,47,207,4,411,122,1,0,0,16,0,1,0,0,0,235,199,50,29,0,45.81,38.79,9.75,5.65,0,32,75,406,0,0,6.24,14.62,79.14,0,0
Bagmati,Kavrepalanchok,Roshi,NP03,NP0324,NP0324404,2,386,377,9,0,0,286,90,6,3,1,305,77,2,1,0,1,0,0,333,48,0,5,0,0,0,0,292,6,0,0,84,4,228,132,2,1,9,3,10,1,0,222,163,0,0,1,0,0,382,4,0,0,0,34,337,15,0,0,38,348,100,223,13,321,231,18,115,6,27,1,9,9,0,2,53,139,149,41,4,13.73,36.01,38.6,10.62,1.04,44,139,199,4,0,11.4,36.01,51.55,1.04,0
Bagmati,Kavrepalanchok,Roshi,NP03,NP0324,NP0324404,3,526,516,7,1,2,418,88,5,14,1,414,98,2,2,0,10,0,0,431,81,3,10,0,1,0,0,416,21,0,1,88,0,263,247,0,1,11,1,3,0,0,441,68,1,0,15,1,0,524,2,0,0,0,13,175,313,5,20,47,479,207,309,1,393,302,4,199,1,30,8,114,7,0,0,190,198,75,58,5,36.12,37.64,14.26,11.03,0.95,19,92,403,12,0,3.61,17.49,76.62,2.28,0
Bagmati,Kavrepalanchok,Roshi,NP03,NP0324,NP0324404,4,397,390,5,2,0,376,16,1,2,2,373,20,1,0,0,1,2,0,389,7,0,0,0,1,0,0,354,10,0,0,31,2,48,305,0,0,8,35,1,0,0,379,17,0,0,1,0,0,389,7,1,0,0,7,352,6,7,25,32,365,150,87,3,351,297,5,148,13,26,1,8,5,0,0,112,201,77,7,0,28.21,50.63,19.4,1.76,0,2,44,346,5,0,0.5,11.08,87.15,1.26,0
Bagmati,Kavrepalanchok,Roshi,NP03,NP0324,NP0324404,5,357,352,4,0,1,288,63,2,2,2,304,48,0,0,0,4,0,1,320,31,0,2,0,3,0,1,301,2,3,1,46,4,113,169,0,3,1,40,26,0,5,329,28,0,0,0,0,0,352,4,0,0,1,4,310,14,1,28,23,334,59,66,1,295,178,5,61,3,20,0,6,3,0,0,163,120,57,14,3,45.66,33.61,15.97,3.92,0.84,7,53,279,17,1,1.96,14.85,78.15,4.76,0.28
Bagmati,Kavrepalanchok,Roshi,NP03,NP0324,NP0324404,6,583,582,1,0,0,552,22,4,5,0,553,25,1,0,0,4,0,0,554,14,3,8,4,0,0,0,552,6,2,0,23,0,346,236,0,0,0,0,0,1,0,542,40,1,0,0,0,0,576,4,2,0,1,67,478,11,6,21,46,537,196,294,7,497,348,7,130,8,41,3,7,3,0,2,170,269,131,12,1,29.16,46.14,22.47,2.06,0.17,8,50,521,4,0,1.37,8.58,89.37,0.69,0
Bagmati,Kavrepalanchok,Roshi,NP03,NP0324,NP0324404,7,541,529,11,0,1,297,136,101,4,3,320,213,1,0,0,7,0,0,408,121,1,4,6,0,0,1,348,9,3,7,171,3,95,420,1,0,9,15,0,0,1,327,200,3,0,11,0,0,532,9,0,0,0,6,305,225,0,5,31,510,117,306,3,446,377,18,227,12,96,6,128,44,2,2,96,156,136,117,36,17.74,28.84,25.14,21.63,6.65,78,165,291,7,0,14.42,30.5,53.79,1.29,0
Bagmati,Kavrepalanchok,Roshi,NP03,NP0324,NP0324404,8,316,293,19,2,2,262,52,0,1,1,247,67,0,1,0,0,0,1,275,18,0,22,0,0,0,1,242,13,1,1,54,5,13,299,0,0,0,3,0,0,1,149,161,1,0,4,0,1,312,3,0,0,1,1,310,4,0,1,29,287,112,169,1,277,177,2,141,8,26,0,17,1,0,0,62,92,124,33,5,19.62,29.11,39.24,10.44,1.58,33,153,129,0,1,10.44,48.42,40.82,0,0.32
Bagmati,Kavrepalanchok,Roshi,NP03,NP0324,NP0324404,9,832,799,30,2,1,655,131,31,9,6,701,116,6,2,0,7,0,0,702,95,5,30,0,0,0,0,650,2,2,1,175,2,415,398,0,0,1,18,0,0,0,527,286,3,0,16,0,0,813,13,0,0,6,13,534,273,2,10,54,778,241,399,3,716,448,26,296,12,111,9,126,52,0,0,259,250,194,88,41,31.13,30.05,23.32,10.58,4.93,88,220,517,7,0,10.58,26.44,62.14,0.84,0
Bagmati,Kavrepalanchok,Roshi,NP03,NP0324,NP0324404,10,510,508,2,0,0,490,18,0,1,1,489,19,0,0,0,2,0,0,502,1,5,2,0,0,0,0,505,1,0,1,3,0,356,151,0,0,0,0,0,0,3,491,14,1,0,4,0,0,481,22,4,1,2,29,472,2,0,7,35,475,238,78,4,438,263,11,146,4,23,0,0,0,0,0,220,217,70,3,0,43.14,42.55,13.73,0.59,0,0,33,473,4,0,0,6.47,92.75,0.78,0
Bagmati,Kavrepalanchok,Roshi,NP03,NP0324,NP0324404,11,701,694,6,1,0,641,42,8,10,0,634,56,5,3,0,3,0,0,663,30,4,1,3,0,0,0,650,7,0,1,38,5,422,236,0,0,3,39,0,1,0,644,55,1,0,0,1,0,651,47,1,0,2,19,633,35,3,11,58,643,146,202,4,615,490,8,274,8,44,9,77,12,1,0,202,347,123,22,7,28.82,49.5,17.55,3.14,1,12,65,615,9,0,1.71,9.27,87.73,1.28,0
Bagmati,Kavrepalanchok,Roshi,NP03,NP0324,NP0324404,12,413,408,4,0,1,381,26,3,3,0,303,105,3,0,0,2,0,0,390,19,4,0,0,0,0,0,365,26,0,0,20,2,190,212,2,1,0,8,0,0,0,379,32,0,0,2,0,0,407,6,0,0,0,2,250,159,1,1,8,405,296,151,5,302,296,14,90,0,19,1,3,0,0,1,140,169,101,2,1,33.9,40.92,24.46,0.48,0.24,1,121,286,5,0,0.24,29.3,69.25,1.21,0
Bagmati,Kavrepalanchok,Mahabharat,NP03,NP0324,NP0324407,1,432,429,3,0,0,304,112,1,14,1,350,67,7,6,0,2,0,0,417,5,6,2,2,0,0,0,387,13,0,4,21,7,56,239,0,0,5,126,6,0,0,414,16,0,0,1,1,0,268,159,1,0,4,24,387,14,4,3,17,415,15,46,0,410,290,1,2,1,3,0,1,0,0,0,178,181,71,2,0,41.2,41.9,16.44,0.46,0,1,86,331,12,2,0.23,19.91,76.62,2.78,0.46
Bagmati,Kavrepalanchok,Mahabharat,NP03,NP0324,NP0324407,2,372,372,0,0,0,371,1,0,0,0,371,1,0,0,0,0,0,0,371,1,0,0,0,0,0,0,359,11,0,0,2,0,233,131,0,0,0,8,0,0,0,369,3,0,0,0,0,0,54,318,0,0,0,4,365,3,0,0,4,368,272,4,0,343,333,1,1,0,1,0,0,0,0,0,48,322,2,0,0,12.9,86.56,0.54,0,0,0,5,367,0,0,0,1.34,98.66,0,0
Bagmati,Kavrepalanchok,Mahabharat,NP03,NP0324,NP0324407,3,410,410,0,0,0,399,3,0,8,0,399,2,6,2,0,1,0,0,399,2,4,0,5,0,0,0,392,10,1,0,6,1,41,357,0,2,7,0,2,0,1,408,2,0,0,0,0,0,189,219,1,0,1,22,371,8,0,9,15,395,70,22,0,377,372,2,11,0,7,0,0,0,0,0,57,345,8,0,0,13.9,84.15,1.95,0,0,0,11,392,7,0,0,2.68,95.61,1.71,0
Bagmati,Kavrepalanchok,Mahabharat,NP03,NP0324,NP0324407,4,315,313,2,0,0,309,5,0,0,1,309,5,0,0,0,1,0,0,310,3,1,0,0,0,0,1,307,0,1,1,5,1,105,210,0,0,0,0,0,0,0,311,4,0,0,0,0,0,308,7,0,0,0,10,302,0,0,3,8,307,42,83,4,290,265,9,1,5,13,1,1,0,0,1,45,247,21,2,0,14.29,78.41,6.67,0.63,0,1,8,305,1,0,0.32,2.54,96.83,0.32,0
Bagmati,Kavrepalanchok,Mahabharat,NP03,NP0324,NP0324407,5,379,378,1,0,0,378,1,0,0,0,379,0,0,0,0,0,0,0,374,2,0,0,3,0,0,0,336,42,1,0,0,0,69,310,0,0,0,0,0,0,0,365,14,0,0,0,0,0,292,87,0,0,0,9,368,0,2,0,16,363,40,33,0,359,317,5,0,0,4,0,0,0,0,0,58,316,5,0,0,15.3,83.38,1.32,0,0,0,16,363,0,0,0,4.22,95.78,0,0
Bagmati,Kavrepalanchok,Mahabharat,NP03,NP0324,NP0324407,6,404,403,0,0,1,296,98,4,6,0,291,104,5,3,0,1,0,0,353,8,15,1,27,0,0,0,322,12,3,0,61,6,46,322,1,6,3,21,5,0,0,388,14,0,0,1,1,0,298,102,4,0,0,144,232,8,1,19,25,379,67,78,6,377,249,8,0,0,23,0,2,0,0,0,146,148,98,11,1,36.14,36.63,24.26,2.72,0.25,3,111,276,14,0,0.74,27.48,68.32,3.47,0
Bagmati,Kavrepalanchok,Mahabharat,NP03,NP0324,NP0324407,7,366,365,0,1,0,354,7,1,4,0,353,7,5,1,0,0,0,0,337,3,3,0,23,0,0,0,356,3,0,0,7,0,362,1,0,0,3,0,0,0,0,365,1,0,0,0,0,0,209,157,0,0,0,3,359,1,0,3,64,302,32,21,0,287,158,5,1,0,12,0,0,0,0,0,207,149,9,1,0,56.56,40.71,2.46,0.27,0,0,9,355,2,0,0,2.46,96.99,0.55,0
Bagmati,Kavrepalanchok,Mahabharat,NP03,NP0324,NP0324407,8,496,495,0,1,0,367,81,2,46,0,378,65,42,6,0,3,0,2,474,10,9,2,0,1,0,0,406,42,2,1,41,4,87,389,1,2,13,3,1,0,0,482,12,0,0,2,0,0,405,90,0,1,0,11,415,41,0,29,102,394,120,85,0,370,251,3,2,1,18,1,0,0,0,0,215,223,53,5,0,43.35,44.96,10.69,1.01,0,3,88,391,13,1,0.6,17.74,78.83,2.62,0.2
Bagmati,Kavrepalanchok,Khanikhola,NP03,NP0324,NP0324406,1,304,304,0,0,0,303,0,0,1,0,298,1,0,1,0,4,0,0,303,1,0,0,0,0,0,0,303,0,0,0,1,0,295,9,0,0,0,0,0,0,0,303,1,0,0,0,0,0,201,102,1,0,0,2,215,0,1,86,14,290,275,13,0,269,196,4,119,0,5,0,1,0,0,0,115,174,15,0,0,37.83,57.24,4.93,0,0,0,3,296,5,0,0,0.99,97.37,1.64,0
Bagmati,Kavrepalanchok,Khanikhola,NP03,NP0324,NP0324406,2,350,347,0,0,3,346,1,1,2,0,344,3,1,0,0,2,0,0,346,3,1,0,0,0,0,0,304,42,0,0,4,0,222,121,1,0,1,1,2,0,2,337,13,0,0,0,0,0,221,129,0,0,0,1,308,0,0,41,19,331,53,50,1,316,218,8,3,2,7,0,1,1,0,0,142,195,11,1,1,40.57,55.71,3.14,0.29,0.29,1,16,328,5,0,0.29,4.57,93.71,1.43,0
Bagmati,Kavrepalanchok,Khanikhola,NP03,NP0324,NP0324406,3,261,260,1,0,0,261,0,0,0,0,261,0,0,0,0,0,0,0,260,1,0,0,0,0,0,0,251,7,0,0,3,0,245,16,0,0,0,0,0,0,0,259,2,0,0,0,0,0,15,245,1,0,0,1,231,1,28,0,12,249,17,3,0,249,232,0,9,0,2,0,0,0,0,0,51,209,1,0,0,19.54,80.08,0.38,0,0,0,4,257,0,0,0,1.53,98.47,0,0
Bagmati,Kavrepalanchok,Khanikhola,NP03,NP0324,NP0324406,4,220,216,3,0,1,207,11,2,0,0,205,5,6,3,0,1,0,0,209,3,4,2,0,1,0,1,193,7,2,0,16,2,198,21,0,0,1,0,0,0,0,205,15,0,0,0,0,0,75,145,0,0,0,4,212,1,3,0,6,214,206,121,1,211,204,1,150,0,14,10,7,6,0,0,11,83,125,1,0,5,37.73,56.82,0.45,0,0,27,191,2,0,0,12.27,86.82,0.91,0
Bagmati,Kavrepalanchok,Khanikhola,NP03,NP0324,NP0324406,5,332,319,10,1,2,210,107,0,15,0,215,111,4,0,0,1,0,1,314,9,5,1,3,0,0,0,216,4,3,0,108,1,85,178,0,0,66,3,0,0,0,239,93,0,0,0,0,0,238,91,0,0,3,6,235,57,6,28,39,293,55,94,2,276,159,10,0,0,20,3,36,8,0,0,148,72,48,59,5,44.58,21.69,14.46,17.77,1.51,66,53,198,14,1,19.88,15.96,59.64,4.22,0.3
Bagmati,Kavrepalanchok,Khanikhola,NP03,NP0324,NP0324406,6,436,435,1,0,0,425,4,3,4,0,425,4,7,0,0,0,0,0,429,3,1,3,0,0,0,0,415,4,0,0,16,1,345,46,0,0,42,1,1,1,0,424,12,0,0,0,0,0,280,151,2,0,3,1,139,160,0,136,48,388,58,50,2,355,241,9,1,0,4,0,1,0,0,0,320,101,13,2,0,73.39,23.17,2.98,0.46,0,3,15,391,26,1,0.69,3.44,89.68,5.96,0.23
Bagmati,Kavrepalanchok,Khanikhola,NP03,NP0324,NP0324406,7,495,485,4,3,3,485,4,3,3,0,485,5,1,2,0,1,0,1,485,2,1,0,6,0,0,1,465,9,1,0,19,1,326,162,0,0,5,0,0,0,2,470,23,0,0,0,1,1,204,280,1,0,10,6,392,7,0,90,42,453,89,33,0,429,301,9,19,1,13,2,9,5,0,0,239,239,13,4,0,48.28,48.28,2.63,0.81,0,0,31,455,8,1,0,6.26,91.92,1.62,0.2
Bagmati,Ramechhap,Umakunda,NP03,NP0321,NP0321404,1,532,492,38,2,0,488,10,3,28,3,492,5,19,4,1,10,0,1,512,7,1,0,0,12,0,0,452,11,2,6,59,2,379,146,0,0,4,0,0,2,1,504,26,1,0,1,0,0,456,57,1,0,18,20,495,9,0,8,26,506,263,219,1,452,325,12,6,6,41,3,0,3,0,0,155,305,68,4,0,29.14,57.33,12.78,0.75,0,1,69,454,6,2,0.19,12.97,85.34,1.13,0.38
Bagmati,Ramechhap,Umakunda,NP03,NP0321,NP0321404,2,865,783,70,4,8,760,60,24,12,9,749,75,31,0,0,10,0,0,823,30,4,0,5,2,0,1,572,21,14,0,257,1,428,432,0,0,1,2,0,0,2,696,169,0,0,0,0,0,863,2,0,0,0,29,804,20,2,10,70,795,583,523,20,642,251,19,41,2,77,2,5,2,1,0,205,446,175,26,13,23.7,51.56,20.23,3.01,1.5,22,346,492,4,1,2.54,40,56.88,0.46,0.12
Bagmati,Ramechhap,Umakunda,NP03,NP0321,NP0321404,3,609,600,7,0,2,553,51,2,3,0,575,27,5,1,1,0,0,0,524,8,1,4,72,0,0,0,453,11,5,0,137,3,241,366,0,0,1,1,0,0,0,593,13,3,0,0,0,0,607,1,0,0,1,30,489,87,0,3,58,551,265,292,5,511,165,17,6,4,25,2,2,2,3,2,236,296,70,4,3,38.75,48.6,11.49,0.66,0.49,1,145,459,4,0,0.16,23.81,75.37,0.66,0
Bagmati,Ramechhap,Umakunda,NP03,NP0321,NP0321404,4,697,691,6,0,0,552,122,14,9,0,554,134,7,1,1,0,0,0,454,56,3,0,184,0,0,0,451,21,4,0,218,3,229,456,0,0,12,0,0,0,0,620,76,0,0,1,0,0,668,27,1,0,1,20,670,4,0,3,94,603,332,265,2,556,404,28,12,0,82,23,19,8,0,0,190,294,175,30,8,27.26,42.18,25.11,4.3,1.15,15,226,453,3,0,2.15,32.42,64.99,0.43,0
Bagmati,Ramechhap,Umakunda,NP03,NP0321,NP0321404,5,534,514,5,3,12,524,5,3,2,0,518,8,6,2,0,0,0,0,287,7,1,1,232,4,0,2,421,9,1,0,99,4,214,241,0,5,12,46,16,0,0,522,12,0,0,0,0,0,521,9,0,0,4,8,444,75,0,7,61,473,132,159,2,404,303,7,2,0,22,0,0,0,0,0,229,248,52,5,0,42.88,46.44,9.74,0.94,0,3,60,433,38,0,0.56,11.24,81.09,7.12,0
Bagmati,Ramechhap,Umakunda,NP03,NP0321,NP0321404,6,350,348,2,0,0,350,0,0,0,0,349,0,0,0,1,0,0,0,256,0,0,0,94,0,0,0,192,1,1,1,154,1,268,62,0,2,11,7,0,0,0,349,1,0,0,0,0,0,350,0,0,0,0,6,209,131,1,3,54,296,144,81,2,279,23,3,2,0,5,0,0,0,0,1,175,166,9,0,0,50,47.43,2.57,0,0,0,135,212,3,0,0,38.57,60.57,0.86,0
Bagmati,Ramechhap,Umakunda,NP03,NP0321,NP0321404,7,526,525,0,1,0,518,5,2,1,0,521,5,0,0,0,0,0,0,517,9,0,0,0,0,0,0,151,5,2,1,366,1,204,315,0,0,5,1,1,0,0,513,11,2,0,0,0,0,520,6,0,0,0,4,327,191,0,4,32,494,335,199,17,465,247,17,1,2,15,2,4,1,0,0,90,358,72,5,1,17.11,68.06,13.69,0.95,0.19,0,230,295,1,0,0,43.73,56.08,0.19,0
Bagmati,Ramechhap,Gokulganga,NP03,NP0321,NP0321403,1,595,573,21,0,1,408,150,29,5,3,418,148,18,0,0,8,0,3,520,37,1,0,31,4,0,2,268,27,4,5,286,5,272,311,0,0,9,1,0,0,2,485,100,2,0,1,4,3,589,1,0,0,5,13,451,129,0,2,28,567,361,338,7,459,354,36,122,6,107,1,6,24,4,0,80,236,204,53,22,13.45,39.66,34.29,8.91,3.7,41,260,289,3,2,6.89,43.7,48.57,0.5,0.34
Bagmati,Ramechhap,Gokulganga,NP03,NP0321,NP0321403,2,615,604,8,2,1,332,201,72,9,1,385,216,12,2,0,0,0,0,495,98,1,1,19,1,0,0,113,9,7,3,480,3,87,524,0,0,1,1,0,1,1,482,129,1,1,2,0,0,602,10,0,0,3,13,450,136,4,12,18,597,148,391,5,518,391,33,49,4,61,8,3,0,0,0,43,216,251,79,26,6.99,35.12,40.81,12.85,4.23,77,360,176,1,1,12.52,58.54,28.62,0.16,0.16
Bagmati,Ramechhap,Gokulganga,NP03,NP0321,NP0321403,3,1001,977,19,2,3,518,418,33,32,0,472,483,23,1,6,16,0,0,837,91,3,2,63,3,0,2,334,11,8,3,634,11,555,355,0,1,11,75,3,0,1,879,50,2,0,69,1,0,985,10,2,1,3,37,644,296,6,18,80,921,367,452,7,854,626,32,164,7,63,57,65,21,2,2,176,246,467,98,14,17.58,24.58,46.65,9.79,1.4,33,579,365,24,0,3.3,57.84,36.46,2.4,0
Bagmati,Ramechhap,Gokulganga,NP03,NP0321,NP0321403,4,993,984,8,0,1,722,234,32,5,0,681,305,4,1,0,2,0,0,852,99,1,0,38,2,0,1,650,23,6,9,304,1,259,697,0,0,6,29,1,0,1,936,51,6,0,0,0,0,986,2,4,0,1,25,693,257,2,16,52,941,304,352,13,870,446,155,91,6,38,3,6,29,2,0,289,369,282,42,11,29.1,37.16,28.4,4.23,1.11,19,364,605,5,0,1.91,36.66,60.93,0.5,0
Bagmati,Ramechhap,Gokulganga,NP03,NP0321,NP0321403,5,924,909,15,0,0,693,197,18,16,0,805,102,12,1,0,4,0,0,776,46,3,0,98,0,0,1,653,25,10,1,233,2,312,557,0,0,21,30,3,1,0,864,54,1,0,3,2,0,897,14,11,1,1,44,522,354,1,3,54,870,359,317,4,792,495,15,115,5,44,57,13,9,1,1,360,324,201,30,9,38.96,35.06,21.75,3.25,0.97,21,174,713,16,0,2.27,18.83,77.16,1.73,0
Bagmati,Ramechhap,Gokulganga,NP03,NP0321,NP0321403,6,555,543,9,1,2,280,267,1,6,1,272,274,3,5,1,0,0,0,512,17,3,5,18,0,0,0,351,5,1,3,194,1,221,319,0,0,3,6,5,0,1,536,19,0,0,0,0,0,549,2,1,0,3,4,540,3,0,8,64,491,184,150,6,441,290,10,178,2,36,5,9,14,0,1,121,164,215,49,6,21.8,29.55,38.74,8.83,1.08,9,319,219,7,1,1.62,57.48,39.46,1.26,0.18
Bagmati,Ramechhap,Likhu Tamakoshi,NP03,NP0321,NP0321406,1,658,655,2,0,1,621,32,1,3,1,620,34,2,1,0,0,0,1,635,9,0,0,14,0,0,0,609,5,0,4,39,1,209,264,0,0,2,42,141,0,0,648,7,2,0,1,0,0,653,3,1,0,1,15,472,169,1,1,46,612,369,150,2,583,305,12,0,0,15,18,0,0,0,0,387,230,39,2,0,58.81,34.95,5.93,0.3,0,1,43,603,11,0,0.15,6.53,91.64,1.67,0
Bagmati,Ramechhap,Likhu Tamakoshi,NP03,NP0321,NP0321406,2,665,653,11,0,1,546,71,33,15,0,543,105,5,2,0,10,0,0,599,56,0,0,10,0,0,0,444,14,2,1,202,2,166,497,0,0,2,0,0,0,0,578,44,0,0,43,0,0,658,7,0,0,0,46,539,79,1,0,26,639,307,274,7,601,198,16,6,0,49,2,32,4,0,0,271,234,108,48,4,40.75,35.19,16.24,7.22,0.6,53,155,457,0,0,7.97,23.31,68.72,0,0
Bagmati,Ramechhap,Likhu Tamakoshi,NP03,NP0321,NP0321406,3,530,511,19,0,0,477,39,13,1,0,477,52,0,0,0,1,0,0,462,33,3,0,31,1,0,0,393,63,1,0,70,3,223,244,0,8,41,13,1,0,0,484,42,0,0,4,0,0,511,18,1,0,0,23,503,2,0,2,22,508,271,101,2,476,295,5,16,3,10,6,4,4,0,0,192,276,43,15,4,36.23,52.08,8.11,2.83,0.75,22,68,440,0,0,4.15,12.83,83.02,0,0
Bagmati,Ramechhap,Likhu Tamakoshi,NP03,NP0321,NP0321406,4,647,638,8,0,1,578,58,5,5,1,576,64,2,5,0,0,0,0,554,20,5,1,66,1,0,0,451,21,5,2,167,1,141,422,0,1,60,22,1,0,0,624,21,1,0,0,0,1,633,11,2,0,1,10,490,145,0,2,45,602,236,198,5,580,245,8,3,1,33,4,9,6,0,0,279,270,89,9,0,43.12,41.73,13.76,1.39,0,1,154,484,8,0,0.15,23.8,74.81,1.24,0
Bagmati,Ramechhap,Likhu Tamakoshi,NP03,NP0321,NP0321406,5,893,879,13,1,0,674,176,37,6,0,646,240,0,2,1,4,0,0,722,52,2,4,113,0,0,0,651,15,3,0,222,2,24,835,0,8,14,10,2,0,0,847,46,0,0,0,0,0,873,16,4,0,0,7,871,12,0,3,124,769,214,154,2,738,327,16,157,3,25,1,3,4,1,0,359,297,206,22,9,40.2,33.26,23.07,2.46,1.01,31,247,604,11,0,3.47,27.66,67.64,1.23,0
Bagmati,Ramechhap,Likhu Tamakoshi,NP03,NP0321,NP0321406,6,997,981,14,1,1,690,203,87,15,2,665,311,9,7,0,5,0,0,687,215,2,81,12,0,0,0,593,14,0,7,374,9,146,685,0,0,31,29,103,0,3,819,176,1,0,1,0,0,992,4,1,0,0,22,966,9,0,0,97,900,406,431,38,839,480,48,59,11,103,21,191,146,1,2,340,292,168,139,58,34.1,29.29,16.85,13.94,5.82,127,239,621,10,0,12.74,23.97,62.29,1,0
Bagmati,Ramechhap,Likhu Tamakoshi,NP03,NP0321,NP0321406,7,906,901,5,0,0,643,186,68,9,0,711,183,3,3,2,4,0,0,611,98,4,170,19,4,0,0,421,19,37,22,397,10,426,412,0,2,27,39,0,0,0,842,60,0,0,0,4,0,872,30,3,0,1,48,526,311,1,20,43,863,411,268,3,818,383,16,44,6,34,87,38,33,1,0,266,403,190,42,5,29.36,44.48,20.97,4.64,0.55,23,360,512,11,0,2.54,39.74,56.51,1.21,0
Bagmati,Ramechhap,Ramechhap,NP03,NP0321,NP0321302,1,614,612,1,0,1,462,148,3,0,1,598,14,1,0,1,0,0,0,554,12,3,0,45,0,0,0,528,1,0,0,82,3,280,143,0,0,65,122,4,0,0,602,11,0,0,0,1,0,594,12,1,0,7,22,574,4,0,14,24,590,285,324,3,529,304,17,10,4,44,1,7,4,0,0,169,345,92,5,3,27.52,56.19,14.98,0.81,0.49,2,63,531,16,2,0.33,10.26,86.48,2.61,0.33
Bagmati,Ramechhap,Ramechhap,NP03,NP0321,NP0321302,2,755,753,1,0,1,658,86,8,3,0,729,23,1,2,0,0,0,0,722,23,4,1,2,3,0,0,629,5,0,0,121,0,462,280,0,1,11,1,0,0,0,735,20,0,0,0,0,0,750,3,2,0,0,30,694,28,1,2,40,715,277,385,12,692,351,10,3,2,39,0,13,14,1,0,217,419,105,12,2,28.74,55.5,13.91,1.59,0.26,8,123,620,4,0,1.06,16.29,82.12,0.53,0
Bagmati,Ramechhap,Ramechhap,NP03,NP0321,NP0321302,3,523,482,40,1,0,400,48,49,25,1,401,93,2,22,1,2,1,1,457,51,1,3,9,2,0,0,379,4,0,1,114,25,349,77,0,24,41,28,4,0,0,435,88,0,0,0,0,0,519,4,0,0,0,8,500,5,5,5,16,507,128,300,2,502,285,20,58,1,40,3,143,75,3,1,153,214,88,37,31,29.25,40.92,16.83,7.07,5.93,47,92,380,4,0,8.99,17.59,72.66,0.76,0
Bagmati,Ramechhap,Ramechhap,NP03,NP0321,NP0321302,4,908,906,2,0,0,832,68,7,1,0,871,37,0,0,0,0,0,0,768,18,20,11,90,1,0,0,776,8,1,1,117,5,521,365,0,0,4,5,13,0,0,860,48,0,0,0,0,0,906,2,0,0,0,11,726,162,0,9,116,792,216,253,10,702,390,15,5,4,30,2,49,12,0,1,447,369,78,13,1,49.23,40.64,8.59,1.43,0.11,6,130,765,7,0,0.66,14.32,84.25,0.77,0
Bagmati,Ramechhap,Ramechhap,NP03,NP0321,NP0321302,5,892,874,9,6,3,802,70,10,10,0,803,83,4,2,0,0,0,0,769,28,60,0,33,2,0,0,691,6,4,4,185,2,529,291,0,0,13,3,52,1,3,809,81,1,0,1,0,0,886,3,0,0,3,34,827,14,0,17,89,803,318,240,4,740,381,26,7,7,63,2,13,17,0,1,380,361,116,29,6,42.6,40.47,13,3.25,0.67,29,192,652,16,3,3.25,21.52,73.09,1.79,0.34
Bagmati,Ramechhap,Ramechhap,NP03,NP0321,NP0321302,6,786,782,0,2,2,654,114,15,2,1,654,127,1,1,0,3,0,0,742,23,3,1,17,0,0,0,538,6,6,0,234,2,249,478,0,0,21,28,9,0,1,751,33,0,0,2,0,0,778,2,1,1,4,12,698,51,1,24,28,758,348,340,3,699,460,31,201,5,41,29,29,8,0,0,203,316,232,33,2,25.83,40.2,29.52,4.2,0.25,10,270,480,26,0,1.27,34.35,61.07,3.31,0
Bagmati,Ramechhap,Ramechhap,NP03,NP0321,NP0321302,7,832,819,10,1,2,672,143,13,4,0,609,218,3,2,0,0,0,0,728,80,11,0,13,0,0,0,580,14,4,2,230,2,734,58,0,3,23,14,0,0,0,770,47,0,0,15,0,0,832,0,0,0,0,16,653,127,2,34,38,794,291,375,3,725,437,161,40,1,55,7,10,10,1,0,208,337,240,42,5,25,40.5,28.85,5.05,0.6,17,312,495,8,0,2.04,37.5,59.5,0.96,0
Bagmati,Ramechhap,Ramechhap,NP03,NP0321,NP0321302,8,967,823,99,18,27,515,293,145,13,1,595,346,9,5,0,8,4,0,705,230,3,9,19,0,0,1,444,9,4,0,501,9,771,138,0,1,47,8,2,0,0,623,340,0,1,2,1,0,939,11,8,1,8,10,824,77,1,55,53,914,457,522,59,773,612,138,200,12,217,26,92,115,14,6,166,271,246,173,111,17.17,28.02,25.44,17.89,11.48,208,334,408,17,0,21.51,34.54,42.19,1.76,0
Bagmati,Ramechhap,Ramechhap,NP03,NP0321,NP0321302,9,350,347,2,0,1,271,71,6,2,0,215,131,1,1,0,1,1,0,253,42,12,12,30,1,0,0,138,0,0,1,211,0,265,25,0,0,1,58,0,0,1,302,48,0,0,0,0,0,346,1,1,0,2,3,340,2,0,5,32,318,181,163,3,271,130,3,22,3,18,1,30,7,0,0,69,139,117,23,2,19.71,39.71,33.43,6.57,0.57,18,175,152,5,0,5.14,50,43.43,1.43,0
Bagmati,Ramechhap,Manthali,NP03,NP0321,NP0321301,1,2313,1454,814,32,13,373,941,975,16,8,337,1949,4,3,1,17,0,2,626,1594,2,66,23,2,0,0,232,58,12,20,1977,14,1670,611,0,6,18,0,2,1,5,254,2052,4,0,2,0,1,2294,18,1,0,0,73,2184,46,0,10,24,2289,782,1606,373,2057,1870,619,880,75,687,142,1858,1010,58,20,40,123,369,967,814,1.73,5.32,15.95,41.81,35.19,1703,472,136,2,0,73.63,20.41,5.88,0.09,0
Bagmati,Ramechhap,Manthali,NP03,NP0321,NP0321301,2,632,628,3,1,0,471,148,11,2,0,491,136,1,3,0,1,0,0,444,32,4,98,54,0,0,0,405,21,1,2,200,3,79,493,0,0,24,36,0,0,0,601,29,0,0,0,2,0,627,2,3,0,0,8,594,4,0,26,30,602,287,303,2,535,290,26,12,2,48,5,127,60,0,0,160,268,161,36,7,25.32,42.41,25.47,5.7,1.11,12,214,397,9,0,1.9,33.86,62.82,1.42,0
Bagmati,Ramechhap,Manthali,NP03,NP0321,NP0321301,3,547,544,0,1,2,535,10,1,0,1,525,20,0,0,1,0,0,1,486,5,1,21,33,0,0,1,488,3,0,1,53,2,112,402,0,0,8,24,0,0,1,544,2,0,0,0,0,1,541,4,1,0,1,18,416,105,0,8,50,497,284,168,1,444,123,2,1,4,17,0,3,1,0,0,327,187,32,1,0,59.78,34.19,5.85,0.18,0,0,49,494,3,1,0,8.96,90.31,0.55,0.18
Bagmati,Ramechhap,Manthali,NP03,NP0321,NP0321301,4,786,780,5,1,0,703,80,3,0,0,722,64,0,0,0,0,0,0,746,31,1,1,7,0,0,0,594,2,5,2,180,3,150,555,0,1,17,59,4,0,0,739,45,1,0,1,0,0,781,4,0,0,1,37,735,4,0,10,45,741,387,455,4,686,381,17,23,4,63,4,19,23,1,1,199,418,139,21,9,25.32,53.18,17.68,2.67,1.15,12,177,594,3,0,1.53,22.52,75.57,0.38,0
Bagmati,Ramechhap,Manthali,NP03,NP0321,NP0321301,5,534,532,2,0,0,481,50,3,0,0,423,105,5,0,1,0,0,0,507,19,1,1,6,0,0,0,198,3,0,1,320,12,193,318,0,8,3,12,0,0,0,492,41,0,0,1,0,0,530,0,4,0,0,16,462,47,2,7,53,481,264,267,8,448,220,5,6,4,48,10,94,10,0,0,99,250,168,16,1,18.54,46.82,31.46,3,0.19,8,305,218,3,0,1.5,57.12,40.82,0.56,0
Bagmati,Ramechhap,Manthali,NP03,NP0321,NP0321301,6,781,774,6,0,1,687,45,26,19,4,654,103,2,12,1,9,0,0,648,54,5,27,47,0,0,0,365,39,1,3,367,6,345,202,0,47,84,86,17,0,0,644,134,0,0,2,1,0,763,11,1,0,6,17,730,3,2,29,81,700,288,282,8,611,303,11,61,7,57,25,103,34,0,0,197,402,134,34,14,25.22,51.47,17.16,4.35,1.79,49,290,415,27,0,6.27,37.13,53.14,3.46,0
Bagmati,Ramechhap,Manthali,NP03,NP0321,NP0321301,7,876,865,10,0,1,753,111,3,7,2,742,123,1,1,0,9,0,0,789,26,11,40,10,0,0,0,542,21,0,4,309,0,257,220,0,37,157,97,108,0,0,750,123,0,0,3,0,0,855,7,7,1,6,27,649,184,0,16,69,807,320,287,2,703,271,13,15,0,64,15,284,56,0,0,374,327,144,24,7,42.69,37.33,16.44,2.74,0.8,23,188,613,51,1,2.63,21.46,69.98,5.82,0.11
Bagmati,Ramechhap,Manthali,NP03,NP0321,NP0321301,8,724,716,8,0,0,603,77,35,9,0,612,103,0,4,0,5,0,0,584,84,3,44,9,0,0,0,481,9,0,2,227,5,232,388,0,40,53,7,3,0,1,597,123,2,1,1,0,0,720,4,0,0,0,15,690,8,0,11,63,661,300,360,4,612,312,28,23,13,67,15,156,76,0,2,222,286,146,48,22,30.66,39.5,20.17,6.63,3.04,53,201,468,2,0,7.32,27.76,64.64,0.28,0
Bagmati,Ramechhap,Manthali,NP03,NP0321,NP0321301,9,643,637,3,2,1,616,19,8,0,0,586,56,1,0,0,0,0,0,573,24,23,1,20,2,0,0,398,29,3,12,194,7,271,300,0,37,23,12,0,0,0,623,18,0,0,2,0,0,634,8,1,0,0,28,431,161,1,22,46,597,365,275,8,550,213,12,30,2,28,2,19,3,0,0,260,260,114,7,2,40.44,40.44,17.73,1.09,0.31,3,175,449,16,0,0.47,27.22,69.83,2.49,0
Bagmati,Ramechhap,Manthali,NP03,NP0321,NP0321301,10,505,499,5,1,0,469,28,6,2,0,470,34,0,1,0,0,0,0,464,15,7,12,5,2,0,0,438,18,0,0,41,8,50,420,0,0,1,34,0,0,0,488,17,0,0,0,0,0,491,12,2,0,0,4,408,92,0,1,45,460,257,240,2,442,124,7,2,5,21,1,15,14,0,0,242,212,41,9,1,47.92,41.98,8.12,1.78,0.2,8,40,449,8,0,1.58,7.92,88.91,1.58,0
Bagmati,Ramechhap,Manthali,NP03,NP0321,NP0321301,11,687,687,0,0,0,498,176,11,2,0,565,119,0,2,0,1,0,0,607,54,3,15,8,0,0,0,301,18,8,2,354,4,87,566,0,6,27,0,1,0,0,646,40,0,0,1,0,0,682,3,2,0,0,16,492,174,1,4,23,664,411,308,4,624,270,8,3,1,21,17,39,19,0,1,147,344,182,9,5,21.4,50.07,26.49,1.31,0.73,8,341,332,6,0,1.16,49.64,48.33,0.87,0
Bagmati,Ramechhap,Manthali,NP03,NP0321,NP0321301,12,593,591,2,0,0,546,42,5,0,0,546,46,0,0,1,0,0,0,461,20,0,5,107,0,0,0,245,14,1,5,323,5,138,394,0,0,35,26,0,0,0,549,44,0,0,0,0,0,590,3,0,0,0,28,524,36,0,5,41,552,323,317,6,476,167,9,3,0,13,1,8,6,0,0,120,346,116,10,1,20.24,58.35,19.56,1.69,0.17,6,235,351,1,0,1.01,39.63,59.19,0.17,0
Bagmati,Ramechhap,Manthali,NP03,NP0321,NP0321301,13,709,683,25,0,1,562,68,64,13,2,535,154,9,4,0,7,0,0,593,112,0,2,2,0,0,0,488,10,0,0,209,2,159,360,0,44,104,42,0,0,0,590,119,0,0,0,0,0,706,3,0,0,0,42,658,6,1,2,39,670,349,327,23,610,298,19,61,11,82,12,105,109,5,0,247,258,102,56,46,34.84,36.39,14.39,7.9,6.49,51,175,480,3,0,7.19,24.68,67.7,0.42,0
Bagmati,Ramechhap,Manthali,NP03,NP0321,NP0321301,14,661,651,10,0,0,383,267,5,5,1,371,277,2,4,0,7,0,0,593,44,3,7,13,1,0,0,391,16,1,4,247,2,63,578,0,10,8,2,0,0,0,615,46,0,0,0,0,0,658,2,1,0,0,9,530,107,0,15,55,606,246,217,3,552,283,15,5,1,38,0,2,1,0,2,217,175,229,38,2,32.83,26.48,34.64,5.75,0.3,35,257,365,4,0,5.3,38.88,55.22,0.61,0
Bagmati,Ramechhap,Khandadevi,NP03,NP0321,NP0321405,1,706,669,35,2,0,535,133,26,11,1,520,174,3,0,0,9,0,0,607,40,5,42,12,0,0,0,521,16,6,1,161,1,236,450,0,0,3,8,9,0,0,631,75,0,0,0,0,0,678,24,2,0,2,4,664,36,0,2,82,624,328,161,2,595,208,12,0,2,67,3,66,24,0,0,308,220,138,37,3,43.63,31.16,19.55,5.24,0.42,25,190,483,7,1,3.54,26.91,68.41,0.99,0.14
Bagmati,Ramechhap,Khandadevi,NP03,NP0321,NP0321405,2,452,447,3,2,0,446,5,0,0,1,446,5,0,0,0,1,0,0,420,5,10,17,0,0,0,0,417,7,1,1,25,1,428,21,0,0,3,0,0,0,0,440,12,0,0,0,0,0,444,7,1,0,0,33,363,46,0,10,69,383,283,82,1,278,126,7,0,3,12,0,4,6,0,0,287,145,18,1,1,63.5,32.08,3.98,0.22,0.22,1,31,417,3,0,0.22,6.86,92.26,0.66,0
Bagmati,Ramechhap,Khandadevi,NP03,NP0321,NP0321405,3,718,690,23,5,0,439,253,24,2,0,568,131,1,3,0,15,0,0,555,66,31,62,3,0,0,1,479,11,5,3,217,3,538,78,0,16,54,20,12,0,0,604,111,0,0,1,2,0,704,13,0,0,1,16,657,14,0,31,53,665,288,209,2,590,288,17,18,4,58,13,127,44,1,1,217,278,167,44,12,30.22,38.72,23.26,6.13,1.67,35,227,437,19,0,4.87,31.62,60.86,2.65,0
Bagmati,Ramechhap,Khandadevi,NP03,NP0321,NP0321405,4,718,715,2,1,0,679,23,5,11,0,675,30,1,11,1,0,0,0,629,43,4,4,38,0,0,0,304,114,0,6,293,1,533,152,0,28,5,0,0,0,0,674,42,1,0,1,0,0,713,3,1,0,1,8,680,24,1,5,47,671,343,320,12,652,363,10,88,1,99,75,200,50,0,1,163,341,193,15,6,22.7,47.49,26.88,2.09,0.84,7,286,424,1,0,0.97,39.83,59.05,0.14,0
Bagmati,Ramechhap,Khandadevi,NP03,NP0321,NP0321405,5,549,530,16,2,1,494,41,10,3,1,505,40,0,3,0,1,0,0,475,14,18,41,1,0,0,0,422,4,1,1,121,0,313,154,0,40,39,3,0,0,0,483,65,0,0,0,0,1,541,5,2,0,1,25,509,4,0,11,35,514,250,271,1,466,289,31,7,2,63,9,38,27,0,0,153,260,118,15,3,27.87,47.36,21.49,2.73,0.55,9,163,362,14,1,1.64,29.69,65.94,2.55,0.18
Bagmati,Ramechhap,Khandadevi,NP03,NP0321,NP0321405,6,447,438,5,3,1,217,219,8,1,2,404,39,1,0,0,2,0,1,395,34,11,5,0,1,0,1,284,21,4,1,134,3,28,159,0,14,19,226,0,0,1,405,39,1,0,1,0,1,428,15,3,0,1,6,439,0,0,2,16,431,185,171,1,416,108,8,8,7,46,1,7,1,1,0,88,245,107,6,1,19.69,54.81,23.94,1.34,0.22,4,61,377,4,1,0.89,13.65,84.34,0.89,0.22
Bagmati,Ramechhap,Khandadevi,NP03,NP0321,NP0321405,7,913,904,6,1,2,878,18,9,7,1,860,45,1,2,0,5,0,0,856,23,9,15,9,1,0,0,779,69,5,5,54,1,525,322,0,2,6,53,2,1,2,836,77,0,0,0,0,0,895,14,2,0,2,131,518,260,0,4,202,711,178,149,5,659,160,10,0,1,16,7,9,0,0,1,638,226,41,8,0,69.88,24.75,4.49,0.88,0,10,94,770,39,0,1.1,10.3,84.34,4.27,0
Bagmati,Ramechhap,Khandadevi,NP03,NP0321,NP0321405,8,555,552,3,0,0,540,3,10,1,1,538,14,0,1,1,1,0,0,539,13,2,1,0,0,0,0,537,4,0,0,13,1,492,48,0,0,15,0,0,0,0,552,3,0,0,0,0,0,550,5,0,0,0,57,485,3,0,10,49,506,389,109,0,466,270,5,0,0,25,0,1,2,0,0,255,270,30,0,0,45.95,48.65,5.41,0,0,1,18,533,3,0,0.18,3.24,96.04,0.54,0
Bagmati,Ramechhap,Khandadevi,NP03,NP0321,NP0321405,9,443,435,8,0,0,389,48,5,0,1,385,56,1,0,0,0,0,1,419,15,7,1,1,0,0,0,354,2,2,1,84,0,152,274,0,5,9,2,0,1,0,405,38,0,0,0,0,0,437,3,0,0,3,20,90,326,1,6,71,372,174,102,1,312,137,4,0,1,19,0,0,2,0,0,279,101,55,8,0,62.98,22.8,12.42,1.81,0,3,67,365,8,0,0.68,15.12,82.39,1.81,0
Bagmati,Ramechhap,Doramba,NP03,NP0321,NP0321402,1,1154,1142,12,0,0,928,185,30,8,3,889,252,3,1,1,8,0,0,1077,71,2,1,2,0,0,1,930,13,6,4,201,0,302,818,0,0,5,29,0,0,0,1095,56,0,0,2,1,0,1134,18,2,0,0,15,792,327,2,18,219,935,307,220,4,840,384,135,103,1,26,0,0,1,0,0,589,299,219,44,3,51.04,25.91,18.98,3.81,0.26,23,253,870,8,0,1.99,21.92,75.39,0.69,0
Bagmati,Ramechhap,Doramba,NP03,NP0321,NP0321402,2,791,791,0,0,0,706,56,13,10,6,709,65,2,4,0,10,0,1,749,29,2,7,3,0,0,1,641,78,2,4,63,3,443,321,0,2,9,9,0,0,7,738,48,3,0,2,0,0,782,5,1,0,3,21,196,562,0,12,116,675,481,196,0,640,290,15,64,3,33,3,2,10,0,1,489,216,68,15,3,61.82,27.31,8.6,1.9,0.38,6,66,695,24,0,0.76,8.34,87.86,3.03,0
Bagmati,Ramechhap,Doramba,NP03,NP0321,NP0321402,3,485,484,1,0,0,444,22,15,3,1,447,34,0,0,0,4,0,0,453,22,0,1,9,0,0,0,371,3,2,0,109,0,178,286,0,1,20,0,0,0,0,478,7,0,0,0,0,0,484,1,0,0,0,7,151,317,6,4,89,396,204,163,17,357,201,4,10,0,8,1,1,0,0,0,234,201,43,7,0,48.25,41.44,8.87,1.44,0,4,35,442,4,0,0.82,7.22,91.13,0.82,0
Bagmati,Ramechhap,Doramba,NP03,NP0321,NP0321402,4,791,790,1,0,0,742,38,6,5,0,737,47,4,0,0,3,0,0,729,26,1,0,28,7,0,0,708,34,2,1,46,0,276,506,0,2,0,3,4,0,0,777,14,0,0,0,0,0,780,11,0,0,0,38,722,11,0,20,112,679,104,172,3,609,290,6,1,4,9,1,1,0,0,0,442,291,54,4,0,55.88,36.79,6.83,0.51,0,2,68,717,4,0,0.25,8.6,90.64,0.51,0
Bagmati,Ramechhap,Doramba,NP03,NP0321,NP0321402,5,580,575,4,0,1,532,38,8,1,1,530,47,2,0,0,1,0,0,513,23,2,16,26,0,0,0,413,4,9,0,152,2,43,529,0,5,3,0,0,0,0,557,22,0,0,1,0,0,580,0,0,0,0,14,292,246,11,17,126,454,101,97,0,421,93,3,7,2,9,0,1,0,0,0,349,170,54,6,1,60.17,29.31,9.31,1.03,0.17,11,90,476,3,0,1.9,15.52,82.07,0.52,0
Bagmati,Ramechhap,Doramba,NP03,NP0321,NP0321402,6,854,851,3,0,0,807,25,17,4,1,780,68,0,3,2,1,0,0,746,31,4,29,43,0,0,1,692,16,5,2,137,2,136,648,0,0,40,30,0,0,0,823,31,0,0,0,0,0,845,7,0,1,1,42,727,26,16,43,179,675,335,207,1,621,373,13,166,5,35,5,3,7,0,0,379,308,154,13,0,44.38,36.07,18.03,1.52,0,11,135,688,20,0,1.29,15.81,80.56,2.34,0
Bagmati,Ramechhap,Doramba,NP03,NP0321,NP0321402,7,407,405,1,1,0,315,78,10,0,4,314,86,3,0,0,2,0,2,334,44,3,0,25,0,0,1,189,11,1,1,202,3,6,399,0,0,1,1,0,0,0,391,16,0,0,0,0,0,404,2,0,0,1,4,218,179,1,5,35,372,78,81,0,338,245,8,2,3,13,1,3,0,0,0,103,204,88,12,0,25.31,50.12,21.62,2.95,0,4,174,224,4,1,0.98,42.75,55.04,0.98,0.25
Bagmati,Ramechhap,Sunapati,NP03,NP0321,NP0321401,1,749,746,1,0,2,714,26,8,1,0,715,30,3,1,0,0,0,0,601,14,8,125,1,0,0,0,644,10,1,5,88,1,572,165,0,0,0,9,2,0,1,736,13,0,0,0,0,0,749,0,0,0,0,47,531,138,4,29,68,681,344,255,0,636,209,9,2,1,18,6,11,3,0,1,387,305,53,4,0,51.67,40.72,7.08,0.53,0,2,94,650,2,1,0.27,12.55,86.78,0.27,0.13
Bagmati,Ramechhap,Sunapati,NP03,NP0321,NP0321401,2,767,743,23,1,0,655,84,23,4,1,660,90,2,0,1,6,1,7,681,36,9,36,3,0,0,2,536,5,5,8,209,4,215,426,0,0,2,119,1,0,4,721,44,1,0,0,0,1,724,37,4,0,2,54,341,353,5,14,67,700,327,196,1,594,332,13,5,1,60,2,5,12,0,0,365,272,109,19,2,47.59,35.46,14.21,2.48,0.26,18,115,552,82,0,2.35,14.99,71.97,10.69,0
Bagmati,Ramechhap,Sunapati,NP03,NP0321,NP0321401,3,761,753,7,1,0,605,89,56,9,2,629,117,2,0,1,8,3,1,628,67,17,43,5,1,0,0,558,22,3,2,168,8,397,280,0,2,21,54,7,0,0,710,40,0,0,1,9,1,754,4,0,0,3,9,540,190,1,21,54,707,235,194,5,672,460,24,146,8,177,69,96,18,1,1,286,228,189,48,10,37.58,29.96,24.84,6.31,1.31,23,138,567,31,2,3.02,18.13,74.51,4.07,0.26
Bagmati,Ramechhap,Sunapati,NP03,NP0321,NP0321401,4,1131,1111,13,5,2,836,207,67,15,6,837,268,4,7,0,10,0,5,785,138,10,187,6,2,0,3,707,26,2,17,359,20,644,312,0,1,5,160,9,0,0,1004,115,0,0,3,9,0,1106,10,11,0,4,47,712,336,0,36,83,1048,430,514,9,964,571,47,40,7,119,9,165,49,1,0,359,423,266,71,12,31.74,37.4,23.52,6.28,1.06,36,298,725,70,2,3.18,26.35,64.1,6.19,0.18
Bagmati,Ramechhap,Sunapati,NP03,NP0321,NP0321401,5,785,779,5,0,1,591,173,20,0,1,627,155,0,0,1,2,0,0,672,44,25,34,10,0,0,0,585,12,2,6,179,1,704,60,0,0,3,3,5,0,10,750,31,4,0,0,0,0,775,9,0,0,1,38,712,14,1,20,49,736,341,339,7,691,476,31,34,10,98,9,103,22,0,0,186,348,208,42,1,23.69,44.33,26.5,5.35,0.13,12,199,569,5,0,1.53,25.35,72.48,0.64,0
Bagmati,Sindhuli,Dudhouli,NP03,NP0320,NP0320302,1,1042,1031,7,1,3,157,296,188,392,9,216,579,48,178,2,0,0,19,179,228,21,613,0,0,0,1,370,5,9,29,629,0,534,52,95,88,268,0,3,0,2,656,354,2,0,30,0,0,1018,12,4,0,8,10,490,496,3,43,65,977,189,492,1,804,620,52,110,9,113,189,581,133,0,0,248,209,311,209,65,23.8,20.06,29.85,20.06,6.24,131,407,300,201,3,12.57,39.06,28.79,19.29,0.29
Bagmati,Sindhuli,Dudhouli,NP03,NP0320,NP0320302,2,915,900,12,3,0,230,175,168,339,3,245,349,22,291,3,1,0,4,84,182,18,628,2,1,0,0,393,6,1,10,498,7,440,307,8,39,31,90,0,0,0,561,336,1,0,16,0,1,881,30,1,0,3,2,193,708,9,3,40,875,188,468,5,781,394,41,55,12,115,101,484,151,4,0,295,189,251,144,36,32.24,20.66,27.43,15.74,3.93,99,242,431,142,1,10.82,26.45,47.1,15.52,0.11
Bagmati,Sindhuli,Dudhouli,NP03,NP0320,NP0320302,3,881,876,5,0,0,107,234,53,486,1,122,465,77,213,0,0,2,2,107,77,18,672,2,4,0,1,336,5,2,11,526,1,37,40,2,177,620,4,0,0,1,645,230,2,0,3,1,0,876,0,1,0,4,9,783,66,0,23,56,825,212,388,5,736,436,43,93,22,98,86,419,83,2,1,192,194,377,99,19,21.79,22.02,42.79,11.24,2.16,6,343,377,151,4,0.68,38.93,42.79,17.14,0.45
Bagmati,Sindhuli,Dudhouli,NP03,NP0320,NP0320302,4,1126,1052,65,5,4,50,238,224,607,7,50,570,33,468,0,2,1,2,131,242,7,741,4,1,0,0,411,12,6,21,669,7,111,243,133,110,526,2,1,0,0,760,361,1,0,3,1,0,1115,8,1,0,2,5,563,511,2,45,58,1068,121,598,0,738,790,77,179,12,172,140,742,228,7,5,197,288,379,198,64,17.5,25.58,33.66,17.58,5.68,59,436,333,297,1,5.24,38.72,29.57,26.38,0.09
Bagmati,Sindhuli,Dudhouli,NP03,NP0320,NP0320302,5,978,958,18,0,2,109,172,145,545,7,118,451,71,316,18,2,0,2,222,161,10,582,2,0,0,1,414,2,7,5,545,5,195,217,255,96,198,3,3,2,9,766,205,3,0,4,0,0,967,6,3,0,2,8,506,409,14,41,43,935,77,510,6,771,561,54,143,9,187,78,608,128,3,2,199,256,348,141,34,20.35,26.18,35.58,14.42,3.48,46,345,402,182,3,4.7,35.28,41.1,18.61,0.31
Bagmati,Sindhuli,Dudhouli,NP03,NP0320,NP0320302,6,1244,1237,4,0,3,145,134,108,854,3,339,361,54,446,1,0,0,43,89,81,14,1013,45,0,0,2,683,8,4,10,538,1,154,308,7,220,552,2,1,0,0,1060,182,1,0,1,0,0,1236,1,2,0,5,7,876,318,3,40,122,1122,101,609,2,867,713,29,92,8,192,125,692,131,2,0,371,410,334,104,25,29.82,32.96,26.85,8.36,2.01,18,251,632,340,3,1.45,20.18,50.8,27.33,0.24
Bagmati,Sindhuli,Dudhouli,NP03,NP0320,NP0320302,7,1063,1047,10,1,5,90,216,121,634,2,319,452,121,171,0,0,0,0,281,151,13,613,1,1,0,3,596,5,3,17,439,3,204,428,91,16,147,164,12,1,0,771,272,1,0,18,1,0,1054,5,3,1,0,15,817,178,7,46,93,970,127,568,3,782,660,41,181,10,132,288,683,218,4,0,261,256,339,145,62,24.55,24.08,31.89,13.64,5.83,69,350,441,202,1,6.49,32.93,41.49,19,0.09
Bagmati,Sindhuli,Dudhouli,NP03,NP0320,NP0320302,8,810,775,31,2,2,224,262,126,197,1,219,484,15,91,0,0,0,1,217,204,18,366,3,1,0,1,280,12,11,21,484,2,17,119,82,265,286,0,23,15,3,441,354,2,3,9,0,1,802,0,2,0,6,1,641,143,3,22,52,758,114,434,12,629,466,48,180,2,155,156,534,213,1,1,146,140,248,186,90,18.02,17.28,30.62,22.96,11.11,86,373,278,62,11,10.62,46.05,34.32,7.65,1.36
Bagmati,Sindhuli,Dudhouli,NP03,NP0320,NP0320302,9,1575,1448,109,7,11,91,571,410,497,6,96,1004,54,415,2,2,0,2,367,535,24,640,8,1,0,0,447,21,7,27,1067,6,112,112,667,119,450,18,1,94,2,783,677,3,0,111,0,1,1547,17,3,1,7,41,1223,188,5,118,66,1509,413,644,11,1143,1092,111,302,29,337,380,1012,380,16,6,189,255,549,409,173,12,16.19,34.86,25.97,10.98,334,634,435,168,4,21.21,40.25,27.62,10.67,0.25
Bagmati,Sindhuli,Dudhouli,NP03,NP0320,NP0320302,10,1487,1460,17,3,7,134,304,248,793,8,270,629,45,439,12,1,0,91,259,335,14,864,3,2,0,10,599,31,6,27,819,5,69,426,333,241,400,8,3,3,4,991,479,3,1,12,0,1,1461,12,3,0,11,9,1013,384,11,70,156,1331,114,763,8,950,954,65,124,6,237,212,956,292,1,0,287,376,516,233,75,19.3,25.29,34.7,15.67,5.04,90,529,588,273,7,6.05,35.57,39.54,18.36,0.47
Bagmati,Sindhuli,Dudhouli,NP03,NP0320,NP0320302,11,1712,1700,4,0,8,341,441,127,798,5,321,667,98,607,4,2,0,13,450,155,44,1056,3,3,0,1,912,12,2,5,771,10,235,216,158,65,884,152,0,0,2,1363,324,2,0,22,1,0,1697,5,1,0,9,12,662,881,13,144,109,1603,106,895,3,1381,1047,36,114,0,280,159,915,228,0,1,496,520,464,185,47,28.97,30.37,27.1,10.81,2.75,12,459,684,535,22,0.7,26.81,39.95,31.25,1.29
Bagmati,Sindhuli,Dudhouli,NP03,NP0320,NP0320302,12,986,978,6,0,2,379,46,14,544,3,609,84,14,265,2,1,0,11,773,8,123,49,30,1,0,2,878,24,2,6,73,3,155,661,4,2,70,91,3,0,0,910,73,1,1,1,0,0,296,645,19,1,25,0,530,406,9,41,136,850,437,81,40,814,212,9,1,0,26,0,1,0,0,0,728,178,69,11,0,73.83,18.05,7,1.12,0,3,88,614,264,17,0.3,8.92,62.27,26.77,1.72
Bagmati,Sindhuli,Dudhouli,NP03,NP0320,NP0320302,13,1171,1162,7,0,2,487,237,13,430,4,618,256,82,204,0,3,0,8,807,22,92,229,19,1,0,1,795,40,11,7,313,5,85,782,2,17,66,216,1,0,2,1112,56,1,0,2,0,0,388,707,38,0,38,8,631,471,4,57,144,1027,398,47,1,917,513,18,55,0,35,7,13,7,0,1,646,276,238,11,0,55.17,23.57,20.32,0.94,0,3,219,668,259,22,0.26,18.7,57.05,22.12,1.88
Bagmati,Sindhuli,Dudhouli,NP03,NP0320,NP0320302,14,1120,1115,4,1,0,351,81,35,646,7,507,242,117,246,1,4,0,3,665,17,84,337,9,7,0,1,838,23,1,2,241,15,123,604,85,6,100,192,10,0,0,1055,65,0,0,0,0,0,666,420,12,0,22,10,31,1064,3,12,154,966,135,196,1,863,411,11,11,3,41,76,187,58,0,0,771,167,146,32,4,68.84,14.91,13.04,2.86,0.36,1,143,612,339,25,0.09,12.77,54.64,30.27,2.23
Bagmati,Sindhuli,Phikkal,NP03,NP0320,NP0320407,1,707,706,1,0,0,628,75,3,1,0,630,73,0,1,2,1,0,0,588,12,86,0,20,0,0,1,617,10,1,0,77,2,534,163,0,4,5,0,0,0,1,684,22,0,0,0,0,1,202,482,5,0,18,9,673,19,2,4,62,645,368,52,4,600,405,10,3,5,42,2,1,0,0,0,293,332,72,9,1,41.44,46.96,10.18,1.27,0.14,2,113,527,65,0,0.28,15.98,74.54,9.19,0
Bagmati,Sindhuli,Phikkal,NP03,NP0320,NP0320407,2,477,463,12,0,2,289,145,9,32,2,388,77,1,10,0,1,0,0,381,21,35,2,38,0,0,0,385,4,0,0,86,2,409,38,0,2,20,0,8,0,0,447,29,0,0,0,0,1,455,17,0,0,5,12,444,5,0,16,11,466,241,113,5,447,229,25,72,2,64,2,16,1,0,1,158,183,111,23,2,33.12,38.36,23.27,4.82,0.42,6,97,360,13,1,1.26,20.34,75.47,2.73,0.21
Bagmati,Sindhuli,Phikkal,NP03,NP0320,NP0320407,3,572,566,6,0,0,546,26,0,0,0,544,26,0,2,0,0,0,0,508,9,38,1,16,0,0,0,491,11,13,2,53,2,475,94,0,0,3,0,0,0,0,562,8,0,0,0,2,0,351,199,20,0,2,34,517,20,0,1,36,536,369,123,1,492,107,11,2,3,16,2,7,1,0,0,326,207,36,3,0,56.99,36.19,6.29,0.52,0,4,72,473,23,0,0.7,12.59,82.69,4.02,0
Bagmati,Sindhuli,Phikkal,NP03,NP0320,NP0320407,4,600,561,36,2,1,537,50,5,6,2,530,60,3,0,1,6,0,0,501,36,19,1,43,0,0,0,458,20,2,2,117,1,268,324,0,0,6,1,1,0,0,505,94,0,0,0,1,0,444,143,2,0,11,6,389,198,0,7,38,562,230,108,0,538,216,30,49,0,61,6,78,42,0,0,328,169,50,36,17,54.67,28.17,8.33,6,2.83,39,72,478,11,0,6.5,12,79.67,1.83,0
Bagmati,Sindhuli,Phikkal,NP03,NP0320,NP0320407,5,468,454,9,1,4,421,26,15,4,2,417,45,1,4,0,1,0,0,406,23,9,2,27,1,0,0,328,3,0,0,137,0,188,278,0,1,1,0,0,0,0,410,58,0,0,0,0,0,119,343,1,0,5,4,450,5,2,7,28,440,261,37,3,429,297,5,8,8,35,3,17,12,0,0,117,280,52,14,5,25,59.83,11.11,2.99,1.07,12,146,303,6,1,2.56,31.2,64.74,1.28,0.21
Bagmati,Sindhuli,Phikkal,NP03,NP0320,NP0320407,6,612,604,6,2,0,524,73,3,11,1,524,74,1,12,0,1,0,0,539,29,30,0,14,0,0,0,494,10,1,0,107,0,434,137,1,3,25,4,8,0,0,555,53,0,0,4,0,0,342,266,1,0,3,5,502,95,1,9,84,528,232,71,5,477,281,9,56,3,41,0,12,9,0,0,340,159,88,19,6,55.56,25.98,14.38,3.1,0.98,10,107,470,24,1,1.63,17.48,76.8,3.92,0.16
Bagmati,Sindhuli,Tinpatan,NP03,NP0320,NP0320406,1,837,827,9,0,1,345,279,16,195,2,412,317,43,64,0,0,0,1,278,57,43,459,0,0,0,0,541,16,0,6,271,3,50,522,20,29,102,106,7,1,0,751,83,0,0,3,0,0,806,25,2,0,4,7,411,399,4,16,45,792,335,298,1,710,489,11,115,2,40,17,260,124,0,0,326,178,228,87,18,38.95,21.27,27.24,10.39,2.15,20,226,483,106,2,2.39,27,57.71,12.66,0.24
Bagmati,Sindhuli,Tinpatan,NP03,NP0320,NP0320406,2,866,861,5,0,0,107,226,138,391,4,197,557,50,58,0,1,0,3,261,172,6,422,1,2,0,2,305,7,0,14,536,4,315,471,47,14,16,0,3,0,0,501,339,0,0,26,0,0,864,2,0,0,0,2,653,203,2,6,36,830,525,503,13,768,614,53,371,3,129,45,487,140,1,0,78,165,317,229,77,9.01,19.05,36.61,26.44,8.89,147,387,313,19,0,16.97,44.69,36.14,2.19,0
Bagmati,Sindhuli,Tinpatan,NP03,NP0320,NP0320406,3,533,530,2,1,0,265,142,3,123,0,328,141,33,30,0,0,0,1,189,14,29,220,81,0,0,0,359,5,0,2,165,2,326,83,0,19,22,51,32,0,0,520,13,0,0,0,0,0,509,20,2,0,2,4,465,60,1,3,35,498,221,142,0,482,270,12,34,2,35,3,61,8,0,0,202,174,132,18,7,37.9,32.65,24.77,3.38,1.31,3,133,354,42,1,0.56,24.95,66.42,7.88,0.19
Bagmati,Sindhuli,Tinpatan,NP03,NP0320,NP0320406,4,711,708,3,0,0,322,222,2,165,0,440,246,1,23,0,0,0,1,542,47,25,87,10,0,0,0,463,5,1,5,234,3,264,301,0,10,57,77,0,1,1,649,62,0,0,0,0,0,696,15,0,0,0,6,690,12,0,3,24,687,287,223,1,659,467,30,118,0,74,4,41,4,0,0,207,224,205,64,11,29.11,31.5,28.83,9,1.55,27,236,415,33,0,3.8,33.19,58.37,4.64,0
Bagmati,Sindhuli,Tinpatan,NP03,NP0320,NP0320406,5,861,853,6,2,0,208,334,47,268,4,278,374,125,80,0,1,0,3,368,48,19,422,4,0,0,0,395,9,0,4,453,0,33,548,3,2,39,229,7,0,0,784,77,0,0,0,0,0,834,23,1,0,3,2,799,48,6,6,25,836,232,427,9,774,513,25,147,6,74,89,228,52,0,0,161,238,365,77,20,18.7,27.64,42.39,8.94,2.32,15,372,375,95,4,1.74,43.21,43.55,11.03,0.46
Bagmati,Sindhuli,Tinpatan,NP03,NP0320,NP0320406,6,816,815,1,0,0,423,73,15,305,0,694,99,5,18,0,0,0,0,547,29,95,59,86,0,0,0,679,9,5,3,120,0,401,388,0,10,2,14,1,0,0,800,16,0,0,0,0,0,787,27,1,0,1,10,737,56,1,12,83,733,461,171,2,697,475,13,187,1,50,1,3,5,0,0,305,352,143,15,1,37.38,43.14,17.52,1.84,0.12,12,127,600,77,0,1.47,15.56,73.53,9.44,0
Bagmati,Sindhuli,Tinpatan,NP03,NP0320,NP0320406,7,392,392,0,0,0,385,4,2,1,0,385,6,1,0,0,0,0,0,352,3,26,6,5,0,0,0,376,6,0,0,9,1,24,358,0,0,8,1,1,0,0,389,3,0,0,0,0,0,368,14,3,0,7,13,209,167,0,3,24,368,132,66,3,349,155,8,1,3,48,3,1,1,0,0,217,157,17,1,0,55.36,40.05,4.34,0.26,0,0,11,355,26,0,0,2.81,90.56,6.63,0
Bagmati,Sindhuli,Tinpatan,NP03,NP0320,NP0320406,8,619,618,1,0,0,437,178,0,3,1,406,205,1,6,1,0,0,0,537,26,19,23,14,0,0,0,472,9,8,7,122,1,248,282,0,1,5,83,0,0,0,593,25,0,0,1,0,0,598,15,3,0,3,12,255,343,4,5,53,566,473,213,14,450,327,25,57,0,110,1,4,1,2,0,225,200,159,25,10,36.35,32.31,25.69,4.04,1.62,10,110,465,32,2,1.62,17.77,75.12,5.17,0.32
Bagmati,Sindhuli,Tinpatan,NP03,NP0320,NP0320406,9,810,803,4,3,0,534,116,5,153,2,480,169,75,86,0,0,0,0,382,27,76,314,10,1,0,0,636,10,7,6,149,2,280,380,1,4,33,98,4,0,10,765,42,0,0,2,0,1,582,214,2,0,12,5,708,55,2,40,121,689,345,161,0,651,393,11,65,5,58,3,13,6,0,0,359,274,146,25,6,44.32,33.83,18.02,3.09,0.74,15,159,506,119,11,1.85,19.63,62.47,14.69,1.36
Bagmati,Sindhuli,Tinpatan,NP03,NP0320,NP0320406,10,543,540,2,0,1,128,89,28,298,0,236,267,30,9,0,1,0,0,270,32,15,226,0,0,0,0,261,6,3,4,268,1,96,295,1,19,19,113,0,0,0,509,33,0,0,1,0,0,518,22,2,0,1,6,341,196,0,0,19,524,186,175,5,521,281,10,99,4,42,5,46,27,0,0,161,158,162,49,13,29.65,29.1,29.83,9.02,2.39,11,230,259,42,1,2.03,42.36,47.7,7.73,0.18
Bagmati,Sindhuli,Tinpatan,NP03,NP0320,NP0320406,11,930,860,60,9,1,282,258,105,279,6,349,539,12,17,0,3,0,10,443,128,29,326,2,2,0,0,380,14,3,10,513,10,153,627,0,23,39,85,3,0,0,596,332,1,0,0,1,0,895,30,3,0,2,8,811,106,2,3,21,909,314,367,6,847,651,81,314,16,211,15,283,76,7,2,154,189,329,167,91,16.56,20.32,35.38,17.96,9.78,119,420,342,47,2,12.8,45.16,36.77,5.05,0.22
Bagmati,Sindhuli,Golanjor,NP03,NP0320,NP0320405,1,618,609,9,0,0,527,87,3,0,1,523,89,3,0,1,2,0,0,556,32,26,4,0,0,0,0,500,32,1,7,78,0,123,484,3,0,1,0,7,0,0,596,21,1,0,0,0,0,283,331,3,1,0,18,483,115,2,0,31,587,328,46,5,558,171,5,5,0,10,1,8,1,0,0,370,164,79,3,2,59.87,26.54,12.78,0.49,0.32,10,91,489,28,0,1.62,14.72,79.13,4.53,0
Bagmati,Sindhuli,Golanjor,NP03,NP0320,NP0320405,2,424,423,1,0,0,416,5,0,2,1,400,18,3,2,0,1,0,0,342,6,47,26,2,1,0,0,378,24,4,4,12,2,74,336,3,0,11,0,0,0,0,395,28,0,0,1,0,0,371,51,0,0,2,13,404,3,0,4,12,412,360,11,0,330,287,1,0,0,6,1,0,0,0,0,162,244,18,0,0,38.21,57.55,4.25,0,0,0,36,381,7,0,0,8.49,89.86,1.65,0
Bagmati,Sindhuli,Golanjor,NP03,NP0320,NP0320405,3,567,531,35,0,1,387,148,8,21,3,379,161,19,7,0,1,0,0,467,77,14,5,4,0,0,0,330,6,5,2,221,3,288,228,2,5,7,25,12,0,0,426,97,1,0,43,0,0,565,1,0,0,1,7,535,19,0,6,46,521,212,240,6,463,343,45,61,5,57,19,171,29,0,0,145,206,104,82,30,25.57,36.33,18.34,14.46,5.29,76,158,323,10,0,13.4,27.87,56.97,1.76,0
Bagmati,Sindhuli,Golanjor,NP03,NP0320,NP0320405,4,908,902,6,0,0,749,146,2,9,2,748,147,4,7,0,0,0,2,713,49,110,20,15,0,0,1,752,11,3,2,136,4,781,113,0,5,2,6,1,0,0,849,55,0,0,2,1,1,873,32,0,0,3,36,844,4,1,23,57,851,333,103,1,812,392,6,6,8,30,1,3,0,0,0,440,319,122,25,2,48.46,35.13,13.44,2.75,0.22,32,144,709,22,1,3.52,15.86,78.08,2.42,0.11
Bagmati,Sindhuli,Golanjor,NP03,NP0320,NP0320405,5,598,560,32,0,6,241,329,12,11,5,236,341,8,4,0,9,0,0,501,73,11,1,12,0,0,0,227,26,5,0,334,6,175,251,1,1,4,163,1,1,1,502,92,2,0,1,0,1,564,28,4,0,2,7,336,241,11,3,9,589,351,225,7,535,278,26,49,4,105,7,12,34,0,0,112,152,272,43,19,18.73,25.42,45.48,7.19,3.18,45,211,312,30,0,7.53,35.28,52.17,5.02,0
Bagmati,Sindhuli,Golanjor,NP03,NP0320,NP0320405,6,718,708,6,0,4,542,140,23,13,0,539,166,1,9,0,3,0,0,589,38,57,30,4,0,0,0,471,11,4,6,224,2,173,431,1,34,57,7,14,1,0,639,74,1,3,1,0,0,696,18,2,0,2,21,667,10,0,20,47,671,255,279,4,618,307,21,51,1,64,7,142,62,1,0,253,245,152,45,23,35.24,34.12,21.17,6.27,3.2,23,217,459,15,4,3.2,30.22,63.93,2.09,0.56
Bagmati,Sindhuli,Golanjor,NP03,NP0320,NP0320405,7,694,531,157,3,3,183,300,192,12,7,173,501,3,5,0,12,0,0,327,336,8,20,3,0,0,0,164,7,4,3,511,5,164,515,0,2,1,0,3,9,0,272,421,1,0,0,0,0,689,5,0,0,0,6,593,91,0,4,28,666,278,422,15,533,377,80,183,15,161,17,349,171,12,6,67,85,182,230,130,9.65,12.25,26.22,33.14,18.73,333,223,133,5,0,47.98,32.13,19.16,0.72,0
Bagmati,Sindhuli,Kamalamai,NP03,NP0320,NP0320301,1,1104,1089,11,1,3,432,359,54,254,5,323,415,323,38,0,3,1,1,482,130,3,482,1,4,0,2,600,16,8,8,463,9,283,518,1,46,150,77,4,0,25,842,256,2,0,3,0,1,993,110,0,0,1,10,804,269,0,21,60,1044,501,424,7,1004,699,29,67,3,77,15,268,105,1,0,288,332,313,139,32,26.09,30.07,28.35,12.59,2.9,93,349,574,88,0,8.42,31.61,51.99,7.97,0
Bagmati,Sindhuli,Kamalamai,NP03,NP0320,NP0320301,2,929,915,14,0,0,601,241,45,40,2,533,315,16,44,2,12,0,7,559,97,15,87,170,0,0,1,537,23,1,9,350,9,729,164,1,1,19,12,3,0,0,744,184,0,0,1,0,0,912,10,5,0,2,32,790,90,0,17,50,879,691,299,6,821,606,23,83,3,53,5,86,53,1,1,226,342,225,105,31,24.33,36.81,24.22,11.3,3.34,94,292,519,24,0,10.12,31.43,55.87,2.58,0
Bagmati,Sindhuli,Kamalamai,NP03,NP0320,NP0320301,3,384,379,4,0,1,352,28,4,0,0,371,12,0,0,0,1,0,0,359,4,0,20,1,0,0,0,358,1,2,3,20,0,374,9,0,1,0,0,0,0,0,374,10,0,0,0,0,0,381,3,0,0,0,48,333,2,1,0,14,370,324,151,6,356,221,7,119,0,24,0,0,6,2,0,117,167,91,8,1,30.47,43.49,23.7,2.08,0.26,2,38,344,0,0,0.52,9.9,89.58,0,0
Bagmati,Sindhuli,Kamalamai,NP03,NP0320,NP0320301,4,2346,2069,269,8,0,264,1037,792,246,7,298,1892,75,66,1,12,0,2,835,1154,21,312,22,2,0,0,378,45,8,34,1875,6,533,886,167,289,216,84,9,159,3,620,1697,11,0,17,1,0,2273,25,4,2,42,19,1986,297,9,35,87,2259,1056,1191,69,1641,1776,324,917,51,480,168,1249,590,32,5,203,180,495,960,508,8.65,7.67,21.1,40.92,21.65,1034,916,329,59,8,44.08,39.05,14.02,2.51,0.34
Bagmati,Sindhuli,Kamalamai,NP03,NP0320,NP0320301,5,2102,1793,282,16,11,198,1004,614,281,5,187,1700,108,84,4,17,0,2,733,934,2,420,13,0,0,0,278,29,23,166,1601,5,370,786,34,535,233,44,2,96,2,560,1532,2,2,5,0,1,2083,16,1,0,2,6,1791,273,9,23,24,2078,1173,1326,74,1627,1836,324,1023,83,551,222,1269,686,27,1,105,137,474,791,595,5,6.52,22.55,37.63,28.31,870,892,278,62,0,41.39,42.44,13.23,2.95,0
Bagmati,Sindhuli,Kamalamai,NP03,NP0320,NP0320301,6,3440,2123,1247,59,11,128,1560,1463,277,12,103,3159,108,52,3,13,2,0,612,2338,15,449,18,7,0,1,140,112,20,54,3101,13,2396,464,70,116,223,18,2,148,3,236,3188,11,0,5,0,0,3421,11,5,1,2,39,3150,238,2,11,48,3392,1610,2210,364,2497,3100,969,2220,241,1091,319,2525,1358,151,22,40,59,445,1526,1370,1.16,1.72,12.94,44.36,39.83,2276,1011,134,17,2,66.16,29.39,3.9,0.49,0.06
Bagmati,Sindhuli,Kamalamai,NP03,NP0320,NP0320301,7,1735,1433,280,5,17,308,650,460,313,4,234,1206,223,56,3,10,0,3,586,652,7,486,4,0,0,0,467,24,18,30,1189,7,1087,306,3,97,175,60,5,1,1,630,1088,8,0,9,0,0,1719,10,0,0,6,22,1364,327,3,19,43,1692,575,901,31,1383,1238,229,643,53,319,59,892,420,22,4,236,215,379,557,348,13.6,12.39,21.84,32.1,20.06,646,594,436,59,0,37.23,34.24,25.13,3.4,0
Bagmati,Sindhuli,Kamalamai,NP03,NP0320,NP0320301,8,927,908,16,0,3,222,336,95,271,3,219,512,155,37,0,1,0,3,362,207,3,354,0,0,0,1,398,7,0,10,510,2,146,148,8,50,396,165,13,1,0,713,212,0,0,0,2,0,892,29,0,0,6,4,808,100,1,14,25,902,234,434,7,768,514,38,238,8,103,27,372,147,6,3,269,127,290,175,66,29.02,13.7,31.28,18.88,7.12,35,420,351,121,0,3.78,45.31,37.86,13.05,0
Bagmati,Sindhuli,Kamalamai,NP03,NP0320,NP0320301,9,1228,1137,85,2,4,95,266,375,487,5,85,898,140,102,1,1,0,1,107,391,0,727,2,1,0,0,224,6,0,14,980,4,1095,99,7,8,16,2,0,0,1,486,736,0,0,6,0,0,1206,17,2,0,3,15,1094,87,2,30,28,1200,487,702,40,921,967,129,556,43,243,116,909,457,25,2,59,163,350,407,249,4.8,13.27,28.5,33.14,20.28,362,586,262,17,1,29.48,47.72,21.34,1.38,0.08
Bagmati,Sindhuli,Kamalamai,NP03,NP0320,NP0320301,10,821,810,9,0,2,103,155,112,449,2,109,309,303,96,2,1,0,1,141,145,8,525,0,1,0,1,329,8,9,6,465,4,208,79,9,336,91,91,5,0,2,532,272,2,2,12,1,0,806,7,1,0,7,3,594,210,1,13,38,783,307,369,7,653,400,41,157,4,68,22,349,113,1,1,184,229,246,114,48,22.41,27.89,29.96,13.89,5.85,52,282,336,148,3,6.33,34.35,40.93,18.03,0.37
Bagmati,Sindhuli,Kamalamai,NP03,NP0320,NP0320301,11,935,928,6,0,1,337,358,8,225,7,302,382,147,100,0,3,0,1,506,64,22,341,1,1,0,0,508,23,5,11,379,9,88,524,0,43,31,246,3,0,0,798,77,1,1,57,1,0,919,12,1,0,3,21,828,80,1,5,44,891,329,324,0,655,573,21,25,1,41,54,168,46,0,3,271,262,294,96,12,28.98,28.02,31.44,10.27,1.28,44,326,477,88,0,4.71,34.87,51.02,9.41,0
Bagmati,Sindhuli,Kamalamai,NP03,NP0320,NP0320301,12,884,879,4,1,0,311,203,3,364,3,355,187,257,69,1,6,0,9,658,12,42,149,22,0,0,1,430,4,3,1,443,3,330,389,0,18,37,108,0,0,2,858,21,1,0,2,2,0,801,63,2,0,18,5,821,30,10,18,93,791,254,182,2,732,407,3,13,2,20,3,42,11,0,0,282,368,213,19,2,31.9,41.63,24.1,2.15,0.23,9,304,491,79,1,1.02,34.39,55.54,8.94,0.11
Bagmati,Sindhuli,Kamalamai,NP03,NP0320,NP0320301,13,556,550,3,0,3,78,87,40,342,9,93,214,115,117,1,0,0,16,49,59,1,443,1,0,0,3,289,24,6,2,230,5,105,217,7,5,11,183,28,0,0,482,70,0,0,4,0,0,549,3,0,1,3,2,273,271,0,10,63,493,203,249,3,398,245,21,59,6,41,13,298,108,2,1,216,129,128,62,21,38.85,23.2,23.02,11.15,3.78,13,134,203,206,0,2.34,24.1,36.51,37.05,0
Bagmati,Sindhuli,Kamalamai,NP03,NP0320,NP0320301,14,744,731,9,3,1,6,37,123,576,2,28,293,115,306,1,0,0,1,59,136,6,542,0,0,0,1,291,0,0,2,447,4,232,250,6,20,201,33,1,0,1,622,117,0,0,3,0,2,737,1,3,0,3,9,548,178,1,8,37,707,115,405,4,514,495,18,66,2,86,86,442,102,2,1,154,234,252,80,24,20.7,31.45,33.87,10.75,3.23,33,213,337,157,4,4.44,28.63,45.3,21.1,0.54
Bagmati,Sindhuli,Sunkoshi,NP03,NP0320,NP0320404,1,702,657,34,8,3,487,120,57,27,11,485,180,4,3,0,28,0,2,563,119,3,16,1,0,0,0,455,14,1,0,231,1,49,549,2,3,52,30,14,2,1,397,289,0,0,4,10,2,662,39,0,0,1,15,666,4,1,16,47,655,262,252,0,594,376,23,97,7,125,23,208,96,2,0,188,203,176,102,33,26.78,28.92,25.07,14.53,4.7,97,214,384,7,0,13.82,30.48,54.7,1,0
Bagmati,Sindhuli,Sunkoshi,NP03,NP0320,NP0320404,2,442,437,4,0,1,305,107,26,2,2,304,131,4,0,0,1,0,2,379,47,7,7,1,0,0,1,371,7,1,1,62,0,141,260,1,3,20,0,15,0,2,371,69,1,0,1,0,0,381,59,1,0,1,2,434,3,0,3,52,390,138,101,3,369,171,9,33,2,26,5,35,13,0,1,160,182,70,22,8,36.2,41.18,15.84,4.98,1.81,8,161,268,4,1,1.81,36.43,60.63,0.9,0.23
Bagmati,Sindhuli,Sunkoshi,NP03,NP0320,NP0320404,3,718,644,70,2,2,458,174,75,10,1,464,243,3,5,0,3,0,0,448,190,7,70,2,1,0,0,427,28,4,7,249,3,300,389,2,0,2,21,4,0,0,486,221,0,0,11,0,0,540,177,0,0,1,33,675,6,0,4,55,663,336,244,11,639,458,38,67,11,93,14,129,67,4,0,162,257,144,107,48,22.56,35.79,20.06,14.9,6.69,164,149,398,7,0,22.84,20.75,55.43,0.97,0
Bagmati,Sindhuli,Sunkoshi,NP03,NP0320,NP0320404,4,536,535,1,0,0,510,21,3,2,0,512,21,1,0,0,2,0,0,494,18,11,11,2,0,0,0,472,4,1,2,55,2,520,10,0,0,0,0,5,1,0,502,34,0,0,0,0,0,134,396,1,0,5,3,521,4,0,8,66,470,260,67,3,435,266,4,94,3,27,1,10,0,0,0,240,226,60,9,1,44.78,42.16,11.19,1.68,0.19,3,80,440,13,0,0.56,14.93,82.09,2.43,0
Bagmati,Sindhuli,Sunkoshi,NP03,NP0320,NP0320404,5,1152,1069,44,2,37,882,183,78,8,1,999,144,0,3,0,5,0,1,1006,122,8,5,11,0,0,0,906,51,28,3,160,4,375,721,2,3,6,41,3,0,1,845,306,0,0,0,1,0,617,534,0,0,1,9,1080,41,0,22,101,1051,541,308,4,985,614,18,67,4,77,15,130,33,1,1,308,596,142,86,20,26.74,51.74,12.33,7.47,1.74,115,207,817,13,0,9.98,17.97,70.92,1.13,0
Bagmati,Sindhuli,Sunkoshi,NP03,NP0320,NP0320404,6,913,868,44,1,0,650,231,10,7,15,525,360,4,4,1,19,0,0,851,36,0,26,0,0,0,0,542,8,2,3,355,3,305,604,0,0,0,0,4,0,0,803,107,2,0,1,0,0,901,11,0,0,1,30,870,10,2,1,49,864,446,343,44,808,447,22,100,5,80,7,137,59,0,0,218,290,324,67,14,23.88,31.76,35.49,7.34,1.53,37,374,501,1,0,4.05,40.96,54.87,0.11,0
Bagmati,Sindhuli,Sunkoshi,NP03,NP0320,NP0320404,7,524,517,7,0,0,504,16,1,3,0,486,35,1,2,0,0,0,0,466,5,6,30,17,0,0,0,476,2,0,0,46,0,214,303,1,1,2,0,3,0,0,493,29,0,0,2,0,0,518,4,2,0,0,3,510,8,2,1,21,503,223,254,3,481,292,16,41,4,36,6,7,0,1,1,158,270,91,3,2,30.15,51.53,17.37,0.57,0.38,1,78,443,2,0,0.19,14.89,84.54,0.38,0
Bagmati,Sindhuli,Ghyanglekha,NP03,NP0320,NP0320403,1,444,442,2,0,0,354,63,8,15,4,352,67,8,16,0,1,0,0,407,30,3,2,2,0,0,0,361,5,1,8,69,0,159,260,2,2,8,12,0,1,0,420,21,0,0,3,0,0,420,15,5,3,1,2,364,74,0,4,35,409,328,116,0,249,267,14,142,2,17,1,7,6,0,3,164,159,90,27,4,36.94,35.81,20.27,6.08,0.9,14,68,349,13,0,3.15,15.32,78.6,2.93,0
Bagmati,Sindhuli,Ghyanglekha,NP03,NP0320,NP0320403,2,686,653,26,7,0,551,69,35,31,0,568,92,10,15,1,0,0,0,634,49,1,2,0,0,0,0,522,16,2,4,142,0,371,313,1,0,1,0,0,0,0,584,101,1,0,0,0,0,510,151,8,0,17,2,257,390,34,3,36,650,339,192,3,592,477,27,286,6,23,3,35,10,0,0,279,221,119,55,12,40.67,32.22,17.35,8.02,1.75,47,97,538,4,0,6.85,14.14,78.43,0.58,0
Bagmati,Sindhuli,Ghyanglekha,NP03,NP0320,NP0320403,3,505,504,1,0,0,411,33,11,50,0,426,65,2,7,0,5,0,0,487,15,3,0,0,0,0,0,424,9,0,1,71,0,368,117,0,0,6,12,1,0,1,489,16,0,0,0,0,0,258,237,4,0,6,13,405,81,0,6,61,444,145,10,17,419,251,4,6,2,9,0,1,3,0,1,252,195,54,3,1,49.9,38.61,10.69,0.59,0.2,3,74,414,13,1,0.59,14.65,81.98,2.57,0.2
Bagmati,Sindhuli,Ghyanglekha,NP03,NP0320,NP0320403,4,705,697,3,2,3,594,22,2,84,3,651,27,5,11,0,10,1,0,694,8,2,0,0,0,0,1,653,1,1,2,46,2,406,284,0,1,10,2,2,0,0,636,67,0,0,2,0,0,253,449,3,0,0,6,615,70,0,14,126,579,103,17,0,560,309,2,43,0,13,1,0,0,0,0,377,282,37,9,0,53.48,40,5.25,1.28,0,4,93,596,11,1,0.57,13.19,84.54,1.56,0.14
Bagmati,Sindhuli,Ghyanglekha,NP03,NP0320,NP0320403,5,528,494,20,0,14,456,16,4,49,3,491,23,2,6,0,4,0,2,510,8,8,0,1,0,0,1,469,8,4,0,44,3,258,188,0,0,78,3,1,0,0,488,36,0,0,4,0,0,388,136,0,0,4,17,352,142,0,17,28,500,35,58,2,466,198,6,7,0,9,0,2,0,0,0,309,185,29,5,0,58.52,35.04,5.49,0.95,0,2,43,461,21,1,0.38,8.14,87.31,3.98,0.19
Bagmati,Sindhuli,Marin,NP03,NP0320,NP0320402,1,531,529,0,0,2,456,19,2,53,1,470,21,24,11,0,4,0,1,511,5,6,9,0,0,0,0,510,4,2,0,12,3,238,166,15,0,99,10,2,1,0,516,12,2,0,1,0,0,159,368,0,0,4,0,204,308,0,19,128,403,44,6,0,363,203,3,0,0,7,0,1,1,0,0,444,74,12,1,0,83.62,13.94,2.26,0.19,0,0,17,472,42,0,0,3.2,88.89,7.91,0
Bagmati,Sindhuli,Marin,NP03,NP0320,NP0320402,2,807,800,4,2,1,396,90,13,300,8,597,108,61,34,0,1,0,6,481,32,63,229,0,1,0,1,641,9,4,9,140,4,230,377,14,24,56,96,9,0,1,777,30,0,0,0,0,0,231,562,7,0,7,1,552,214,2,38,129,678,217,38,0,607,342,11,3,1,33,83,23,0,0,0,520,185,89,12,1,64.44,22.92,11.03,1.49,0.12,14,87,583,114,9,1.73,10.78,72.24,14.13,1.12
Bagmati,Sindhuli,Marin,NP03,NP0320,NP0320402,3,1005,991,13,1,0,145,132,34,693,1,67,349,431,149,2,4,0,3,176,57,39,731,0,1,0,1,696,4,0,2,302,1,10,173,14,128,618,49,13,0,0,890,114,0,0,1,0,0,848,113,16,0,28,1,800,24,2,178,128,877,93,166,1,828,404,16,54,3,78,11,258,46,0,0,525,215,188,58,19,52.24,21.39,18.71,5.77,1.89,22,165,398,382,38,2.19,16.42,39.6,38.01,3.78
Bagmati,Sindhuli,Marin,NP03,NP0320,NP0320402,4,946,930,11,0,5,96,276,60,508,6,14,384,331,213,0,2,0,2,133,124,35,653,1,0,0,0,511,9,1,11,412,2,85,263,36,50,488,3,21,0,0,763,159,0,0,24,0,0,817,112,3,0,14,5,611,238,2,90,135,811,114,210,1,707,558,17,67,3,98,37,188,22,1,0,390,185,235,116,20,41.23,19.56,24.84,12.26,2.11,73,244,280,324,25,7.72,25.79,29.6,34.25,2.64
Bagmati,Sindhuli,Marin,NP03,NP0320,NP0320402,5,651,648,2,0,1,17,156,22,452,4,36,308,181,106,0,0,0,20,125,82,11,431,1,0,0,1,337,3,3,13,292,3,51,142,149,21,233,2,53,0,0,526,116,5,0,3,0,1,592,54,2,0,3,1,392,160,14,84,55,596,129,160,5,525,383,12,27,0,57,19,180,49,0,0,243,147,181,63,17,37.33,22.58,27.8,9.68,2.61,39,183,233,192,4,5.99,28.11,35.79,29.49,0.61
Bagmati,Sindhuli,Marin,NP03,NP0320,NP0320402,6,989,906,80,0,3,201,195,347,243,3,257,629,60,39,2,2,0,0,388,386,12,187,16,0,0,0,342,19,10,8,606,4,76,431,262,40,13,148,16,3,0,532,447,7,0,3,0,0,775,207,0,1,6,3,597,367,7,15,37,952,479,125,3,783,716,48,122,11,103,52,305,123,0,0,235,132,282,291,49,23.76,13.35,28.51,29.42,4.95,280,314,281,111,3,28.31,31.75,28.41,11.22,0.3
Bagmati,Sindhuli,Marin,NP03,NP0320,NP0320402,7,1115,1009,93,4,9,206,485,79,337,8,340,620,72,41,1,4,0,37,329,305,21,458,0,1,0,1,465,12,6,4,623,5,141,493,77,95,170,113,20,6,0,623,460,6,0,24,1,1,1075,23,6,0,11,11,935,102,3,64,105,1010,195,504,4,682,708,106,232,16,144,60,485,126,2,4,222,216,337,241,99,19.91,19.37,30.22,21.61,8.88,211,389,422,91,2,18.92,34.89,37.85,8.16,0.18
Bagmati,Sindhuli,Hariharpurgaghi,NP03,NP0320,NP0320401,1,838,837,0,0,1,696,94,2,45,1,686,88,36,9,0,17,0,2,748,12,18,59,0,1,0,0,727,19,0,3,89,0,452,360,1,2,21,2,0,0,0,814,23,0,0,1,0,0,316,512,1,0,9,6,375,389,2,66,236,602,15,48,2,569,434,2,0,0,13,0,7,1,0,1,565,176,83,14,0,67.42,21,9.9,1.67,0,12,91,692,42,1,1.43,10.86,82.58,5.01,0.12
Bagmati,Sindhuli,Hariharpurgaghi,NP03,NP0320,NP0320401,2,857,819,34,1,3,237,275,72,267,6,104,353,183,211,0,0,0,6,222,106,83,443,1,1,0,1,446,5,3,6,395,2,14,225,5,27,337,248,0,0,1,661,194,0,0,0,0,2,327,503,5,0,22,1,345,418,5,88,50,807,116,152,5,716,414,42,17,3,85,34,143,18,0,0,392,165,188,95,17,45.74,19.25,21.94,11.09,1.98,33,211,235,342,36,3.85,24.62,27.42,39.91,4.2
Bagmati,Sindhuli,Hariharpurgaghi,NP03,NP0320,NP0320401,3,770,769,1,0,0,200,144,29,393,4,297,176,94,197,1,4,0,1,443,34,57,230,0,6,0,0,556,11,27,15,161,0,132,533,4,2,87,5,6,0,1,687,83,0,0,0,0,0,20,745,0,0,5,3,558,92,8,109,63,707,245,45,1,665,291,5,6,1,41,6,2,1,0,0,418,178,141,32,1,54.29,23.12,18.31,4.16,0.13,18,151,489,105,7,2.34,19.61,63.51,13.64,0.91
Bagmati,Sindhuli,Hariharpurgaghi,NP03,NP0320,NP0320401,4,522,513,8,1,0,124,114,26,252,6,159,207,75,79,0,0,0,2,142,43,16,320,1,0,0,0,287,3,0,3,227,2,21,189,92,44,170,6,0,0,0,409,107,4,0,2,0,0,302,216,3,0,1,0,152,361,0,9,70,452,102,101,7,362,249,9,75,0,44,34,42,21,0,1,188,144,141,46,3,36.02,27.59,27.01,8.81,0.57,15,145,205,146,11,2.87,27.78,39.27,27.97,2.11
Bagmati,Sindhuli,Hariharpurgaghi,NP03,NP0320,NP0320401,5,600,591,5,4,0,116,57,14,407,6,324,119,75,63,0,0,1,18,249,19,54,278,0,0,0,0,468,3,0,8,118,3,26,411,0,2,146,7,6,0,2,566,33,0,0,1,0,0,328,260,1,1,10,8,328,206,1,57,114,486,59,71,1,432,305,12,18,2,26,16,69,15,0,0,329,166,80,24,1,54.83,27.67,13.33,4,0.17,7,73,386,124,10,1.17,12.17,64.33,20.67,1.67
Bagmati,Sindhuli,Hariharpurgaghi,NP03,NP0320,NP0320401,6,485,483,1,1,0,60,45,10,368,2,38,74,300,70,1,0,0,2,192,5,43,245,0,0,0,0,316,3,0,1,164,1,44,227,3,0,210,1,0,0,0,479,6,0,0,0,0,0,35,443,2,0,5,2,398,24,0,61,62,423,394,3,0,417,227,5,197,3,8,11,8,0,0,0,195,197,88,4,1,40.21,40.62,18.14,0.82,0.21,1,61,252,155,16,0.21,12.58,51.96,31.96,3.3
Bagmati,Sindhuli,Hariharpurgaghi,NP03,NP0320,NP0320401,7,676,668,3,2,3,16,14,22,622,2,15,106,404,132,3,1,0,15,248,4,70,351,1,1,0,1,483,9,2,1,180,1,37,209,55,6,319,22,28,0,0,572,96,4,0,2,0,2,10,621,21,0,24,3,491,56,15,111,58,618,420,28,2,587,371,14,163,2,38,3,4,0,0,0,327,220,109,17,3,48.37,32.54,16.12,2.51,0.44,5,69,273,281,48,0.74,10.21,40.38,41.57,7.1
Bagmati,Sindhuli,Hariharpurgaghi,NP03,NP0320,NP0320401,8,544,529,12,0,3,14,156,17,350,7,20,228,208,66,3,4,0,15,226,25,20,273,0,0,0,0,223,2,1,0,315,3,99,158,117,49,73,42,5,0,1,440,101,0,0,0,3,0,61,465,6,0,12,1,469,27,7,40,25,519,307,45,2,472,326,14,213,0,50,7,6,3,0,0,126,149,210,52,7,23.16,27.39,38.6,9.56,1.29,6,198,221,111,8,1.1,36.4,40.63,20.4,1.47
Bagmati,Makwanpur,Indrasarowar,NP03,NP0331,NP0331405,1,730,680,25,21,4,596,113,12,3,6,580,133,1,0,1,15,0,0,606,93,0,2,27,2,0,0,513,23,4,2,159,29,55,644,0,0,4,4,21,0,2,465,264,0,0,1,0,0,727,3,0,0,0,24,483,217,0,6,31,699,135,407,3,661,346,28,64,9,75,1,12,31,8,0,171,342,153,45,19,23.42,46.85,20.96,6.16,2.6,36,213,472,9,0,4.93,29.18,64.66,1.23,0
Bagmati,Makwanpur,Indrasarowar,NP03,NP0331,NP0331405,2,721,713,6,0,2,646,51,7,4,13,615,74,2,0,0,30,0,0,701,17,2,1,0,0,0,0,598,12,2,1,105,3,104,590,1,6,17,0,0,2,1,618,103,0,0,0,0,0,707,4,8,0,2,15,439,257,0,10,44,677,207,296,3,642,267,10,35,12,77,6,2,23,0,1,347,248,84,25,17,48.13,34.4,11.65,3.47,2.36,26,110,572,13,0,3.61,15.26,79.33,1.8,0
Bagmati,Makwanpur,Indrasarowar,NP03,NP0331,NP0331405,3,813,770,34,3,6,668,130,6,4,5,672,133,0,0,0,8,0,0,695,110,2,2,4,0,0,0,660,19,9,2,121,2,447,295,4,1,30,25,11,0,0,594,218,0,0,0,1,0,794,10,8,0,1,39,609,132,0,33,96,717,216,379,6,629,354,22,32,4,78,2,21,8,2,0,312,306,104,77,14,38.38,37.64,12.79,9.47,1.72,92,136,559,26,0,11.32,16.73,68.76,3.2,0
Bagmati,Makwanpur,Indrasarowar,NP03,NP0331,NP0331405,4,518,507,8,1,2,307,148,17,3,43,248,168,8,0,0,92,0,2,374,94,2,40,7,1,0,0,348,1,1,0,167,1,306,122,1,31,25,1,31,0,1,353,165,0,0,0,0,0,513,1,1,0,3,2,461,21,0,34,14,504,111,261,1,465,268,22,111,13,160,9,13,54,1,0,124,150,133,75,36,23.94,28.96,25.68,14.48,6.95,79,129,243,63,4,15.25,24.9,46.91,12.16,0.77
Bagmati,Makwanpur,Indrasarowar,NP03,NP0331,NP0331405,5,621,616,4,1,0,353,201,41,6,20,337,250,2,2,0,30,0,0,452,137,1,7,21,2,0,1,351,48,1,3,218,0,431,160,1,6,21,1,1,0,0,489,130,1,0,1,0,0,614,7,0,0,0,14,593,5,0,9,10,611,384,223,0,442,551,2,122,1,39,9,7,0,0,2,47,269,222,81,2,7.57,43.32,35.75,13.04,0.32,72,224,310,15,0,11.59,36.07,49.92,2.42,0
Bagmati,Makwanpur,Thaha,NP03,NP0331,NP0331301,1,785,755,26,3,1,497,118,144,23,3,448,307,1,1,0,28,0,0,353,261,2,147,22,0,0,0,468,10,2,3,300,2,200,168,1,0,2,407,7,0,0,389,389,1,0,6,0,0,763,14,5,0,3,7,647,110,2,19,14,771,226,515,4,657,638,92,109,22,203,14,26,52,4,1,135,223,237,133,57,17.2,28.41,30.19,16.94,7.26,105,256,381,39,4,13.38,32.61,48.54,4.97,0.51
Bagmati,Makwanpur,Thaha,NP03,NP0331,NP0331301,2,1015,942,71,1,1,656,280,56,12,11,659,325,3,0,2,26,0,0,767,233,0,2,6,7,0,0,584,88,4,7,320,12,230,672,30,6,44,24,8,0,1,448,554,8,0,2,3,0,974,38,0,0,3,47,910,50,0,8,24,991,462,676,7,870,713,71,147,13,156,69,67,42,1,3,111,331,330,201,42,10.94,32.61,32.51,19.8,4.14,209,383,414,8,1,20.59,37.73,40.79,0.79,0.1
Bagmati,Makwanpur,Thaha,NP03,NP0331,NP0331301,3,1096,851,244,1,0,533,388,158,15,2,497,581,5,1,0,12,0,0,603,466,3,2,20,2,0,0,478,52,17,1,541,7,623,441,4,0,8,20,0,0,0,252,837,6,0,0,1,0,1078,16,1,0,1,13,561,513,3,6,33,1063,397,785,28,899,904,159,260,22,205,27,47,94,3,3,62,229,376,319,110,5.66,20.89,34.31,29.11,10.04,238,584,268,6,0,21.72,53.28,24.45,0.55,0
Bagmati,Makwanpur,Thaha,NP03,NP0331,NP0331301,4,783,753,26,2,2,375,341,19,13,35,359,367,18,1,0,37,0,1,565,209,6,0,3,0,0,0,381,58,19,12,304,9,324,301,1,0,11,137,9,0,0,408,374,0,0,0,1,0,774,1,4,0,4,46,473,244,3,17,20,763,275,488,10,684,584,57,75,8,126,8,7,37,2,0,155,178,241,169,40,19.8,22.73,30.78,21.58,5.11,138,294,305,44,2,17.62,37.55,38.95,5.62,0.26
Bagmati,Makwanpur,Thaha,NP03,NP0331,NP0331301,5,639,639,0,0,0,391,180,17,51,0,384,197,36,1,0,21,0,0,573,60,1,2,3,0,0,0,427,19,0,0,193,0,55,571,0,2,6,4,1,0,0,541,98,0,0,0,0,0,630,2,5,0,2,14,470,115,2,38,37,602,118,270,7,579,416,20,8,6,66,5,0,6,1,0,194,213,151,70,11,30.36,33.33,23.63,10.95,1.72,56,171,395,17,0,8.76,26.76,61.82,2.66,0
Bagmati,Makwanpur,Thaha,NP03,NP0331,NP0331301,6,1070,983,79,6,2,483,399,160,27,1,467,570,9,1,5,17,0,1,531,501,1,20,16,1,0,0,476,22,3,2,564,3,422,547,4,3,17,68,5,4,0,492,578,0,0,0,0,0,1034,36,0,0,0,16,928,112,4,10,25,1045,302,799,16,934,646,92,198,20,253,39,126,93,7,3,99,271,301,296,103,9.25,25.33,28.13,27.66,9.63,352,347,354,16,1,32.9,32.43,33.08,1.5,0.09
Bagmati,Makwanpur,Thaha,NP03,NP0331,NP0331301,7,934,905,27,1,1,699,191,35,2,7,676,230,2,0,1,25,0,0,827,78,0,0,29,0,0,0,700,17,2,1,211,3,531,361,1,0,9,29,3,0,0,734,197,0,0,1,2,0,909,23,2,0,0,30,856,39,0,9,32,902,338,417,4,769,573,18,125,6,139,6,10,10,0,0,213,392,230,73,26,22.81,41.97,24.63,7.82,2.78,72,247,608,7,0,7.71,26.45,65.1,0.75,0
Bagmati,Makwanpur,Thaha,NP03,NP0331,NP0331301,8,731,722,7,1,1,436,247,32,13,3,430,284,0,1,1,15,0,0,672,54,0,2,3,0,0,0,482,17,14,2,215,1,58,577,1,34,10,48,2,0,1,686,42,0,1,0,2,0,719,11,1,0,0,13,695,16,0,7,28,703,466,418,3,666,473,2,15,5,44,1,3,6,1,0,120,314,256,38,3,16.42,42.95,35.02,5.2,0.41,20,275,425,10,1,2.74,37.62,58.14,1.37,0.14
Bagmati,Makwanpur,Thaha,NP03,NP0331,NP0331301,9,663,579,82,1,1,456,87,79,10,31,441,168,2,0,0,50,0,2,526,120,0,5,9,2,0,1,474,25,4,5,153,2,61,561,2,0,7,32,0,0,0,452,178,1,0,30,2,0,650,12,0,0,1,17,624,18,0,4,26,637,237,385,4,530,437,39,162,3,142,6,17,22,3,1,100,245,205,83,30,15.08,36.95,30.92,12.52,4.52,90,156,394,23,0,13.57,23.53,59.43,3.47,0
Bagmati,Makwanpur,Thaha,NP03,NP0331,NP0331301,10,511,489,16,5,1,270,153,71,8,9,267,228,3,0,2,5,0,6,302,172,0,19,18,0,0,0,269,9,2,3,226,2,413,91,1,0,5,1,0,0,0,368,142,0,0,1,0,0,509,1,0,0,1,8,488,9,0,6,9,502,198,373,2,439,306,26,41,8,104,3,18,15,0,1,44,166,199,83,19,8.61,32.49,38.94,16.24,3.72,93,173,242,3,0,18.2,33.86,47.36,0.59,0
Bagmati,Makwanpur,Thaha,NP03,NP0331,NP0331301,11,816,795,19,1,1,570,125,33,83,5,549,174,1,0,2,89,1,0,755,49,0,1,10,1,0,0,608,28,0,1,173,6,101,382,2,1,30,287,13,0,0,700,115,0,0,1,0,0,793,13,8,0,2,5,366,425,0,20,14,802,298,291,0,756,685,14,81,16,76,1,6,6,0,2,313,314,135,50,4,38.36,38.48,16.54,6.13,0.49,9,154,542,109,2,1.1,18.87,66.42,13.36,0.25
Bagmati,Makwanpur,Thaha,NP03,NP0331,NP0331301,12,706,696,8,0,2,432,205,20,22,27,385,260,10,1,3,44,0,3,618,74,4,1,2,3,0,4,470,27,4,1,201,3,219,393,3,0,7,83,0,0,1,625,78,2,0,0,1,0,694,8,2,0,2,20,569,110,1,6,31,675,128,180,8,623,409,118,5,1,31,4,11,3,0,0,185,256,223,40,2,26.2,36.26,31.59,5.67,0.28,26,250,401,29,0,3.68,35.41,56.8,4.11,0
Bagmati,Makwanpur,Kailash,NP03,NP0331,NP0331403,1,370,370,0,0,0,361,6,0,3,0,361,6,1,1,0,1,0,0,360,2,5,3,0,0,0,0,349,3,5,0,13,0,194,176,0,0,0,0,0,0,0,319,49,1,0,1,0,0,367,3,0,0,0,16,10,344,0,0,73,297,180,62,1,274,170,3,1,1,5,2,1,0,1,1,266,91,12,1,0,71.89,24.59,3.24,0.27,0,0,19,346,5,0,0,5.14,93.51,1.35,0
Bagmati,Makwanpur,Kailash,NP03,NP0331,NP0331403,2,410,408,0,0,2,349,8,0,52,1,353,10,39,0,0,8,0,0,387,1,21,0,1,0,0,0,392,4,0,0,14,0,341,66,1,0,2,0,0,0,0,405,5,0,0,0,0,0,367,42,1,0,0,32,6,326,0,46,55,355,25,12,0,349,166,2,7,2,5,0,0,1,0,0,357,44,7,2,0,87.07,10.73,1.71,0.49,0,0,6,375,29,0,0,1.46,91.46,7.07,0
Bagmati,Makwanpur,Kailash,NP03,NP0331,NP0331403,3,400,388,9,3,0,310,52,4,34,0,282,76,35,7,0,0,0,0,322,23,45,5,5,0,0,0,247,54,17,7,70,5,119,210,0,9,13,49,0,0,0,307,90,0,0,3,0,0,116,236,5,0,43,5,245,37,7,106,48,352,212,5,1,333,288,13,148,9,100,71,22,0,0,0,117,162,100,20,1,29.25,40.5,25,5,0.25,3,91,250,51,5,0.75,22.75,62.5,12.75,1.25
Bagmati,Makwanpur,Kailash,NP03,NP0331,NP0331403,4,440,439,1,0,0,395,14,1,30,0,397,18,17,1,0,1,0,6,392,0,48,0,0,0,0,0,418,7,2,0,13,0,223,144,1,28,12,21,10,1,0,432,7,0,0,0,1,0,117,294,9,0,20,5,122,64,2,247,58,382,61,6,1,369,68,1,1,0,2,2,2,0,0,0,389,41,9,1,0,88.41,9.32,2.05,0.23,0,0,15,330,82,13,0,3.41,75,18.64,2.95
Bagmati,Makwanpur,Kailash,NP03,NP0331,NP0331403,5,518,518,0,0,0,496,14,0,7,1,493,14,9,0,0,2,0,0,514,2,0,2,0,0,0,0,499,7,0,0,10,2,226,107,0,0,0,184,1,0,0,516,2,0,0,0,0,0,492,26,0,0,0,26,184,308,0,0,35,483,163,100,0,456,314,3,0,3,21,1,1,1,0,0,324,174,19,1,0,62.55,33.59,3.67,0.19,0,0,6,344,168,0,0,1.16,66.41,32.43,0
Bagmati,Makwanpur,Kailash,NP03,NP0331,NP0331403,6,471,455,14,0,2,371,65,6,25,4,326,107,1,1,0,36,0,0,449,11,1,0,10,0,0,0,370,7,0,0,91,3,194,268,1,0,2,4,0,0,2,383,88,0,0,0,0,0,466,5,0,0,0,3,161,276,8,23,25,446,123,148,1,411,268,7,4,3,21,3,11,6,0,0,197,165,91,16,2,41.83,35.03,19.32,3.4,0.42,8,95,346,22,0,1.7,20.17,73.46,4.67,0
Bagmati,Makwanpur,Kailash,NP03,NP0331,NP0331403,7,420,419,0,1,0,413,6,1,0,0,412,8,0,0,0,0,0,0,364,4,52,0,0,0,0,0,409,4,0,1,6,0,182,230,1,0,0,2,1,4,0,412,8,0,0,0,0,0,12,404,3,0,1,7,11,354,6,42,210,210,105,19,0,201,71,3,0,0,0,0,0,0,0,0,395,18,6,1,0,94.05,4.29,1.43,0.24,0,0,8,359,52,1,0,1.9,85.48,12.38,0.24
Bagmati,Makwanpur,Kailash,NP03,NP0331,NP0331403,8,297,297,0,0,0,248,35,0,13,1,235,37,21,1,0,3,0,0,242,17,35,2,1,0,0,0,259,3,0,0,32,3,15,262,0,0,1,17,0,0,2,266,31,0,0,0,0,0,40,226,16,0,15,0,155,50,3,89,66,231,25,5,0,214,148,2,2,0,15,0,1,1,0,0,181,79,32,4,1,60.94,26.6,10.77,1.35,0.34,4,42,190,58,3,1.35,14.14,63.97,19.53,1.01
Bagmati,Makwanpur,Kailash,NP03,NP0331,NP0331403,9,515,483,29,1,2,410,85,3,16,1,336,122,35,11,0,9,0,2,475,6,30,3,0,1,0,0,385,10,1,0,119,0,26,441,1,1,16,28,1,0,1,408,105,0,0,2,0,0,503,10,1,0,1,4,345,139,8,19,30,485,182,192,2,437,316,15,143,2,20,3,75,18,0,0,183,167,104,58,3,35.53,32.43,20.19,11.26,0.58,36,114,331,29,5,6.99,22.14,64.27,5.63,0.97
Bagmati,Makwanpur,Kailash,NP03,NP0331,NP0331403,10,550,537,11,1,1,363,165,1,16,5,327,169,36,3,1,13,0,1,462,19,52,11,4,1,0,1,360,22,1,2,165,0,39,402,4,5,6,93,0,0,1,466,82,0,0,2,0,0,498,23,27,1,1,7,218,302,0,23,69,481,130,198,3,449,240,16,107,3,19,4,52,26,1,2,251,121,110,61,7,45.64,22,20,11.09,1.27,4,168,305,58,15,0.73,30.55,55.45,10.55,2.73
Bagmati,Makwanpur,Raksirang,NP03,NP0331,NP0331402,1,469,467,1,1,0,354,39,2,74,0,281,42,140,2,0,4,0,0,405,22,39,0,2,0,0,1,344,87,2,0,36,0,129,319,0,4,17,0,0,0,0,442,26,1,0,0,0,0,448,15,6,0,0,6,130,224,0,109,39,430,374,74,0,421,309,0,0,0,26,3,20,5,0,0,300,122,40,7,0,63.97,26.01,8.53,1.49,0,1,40,377,51,0,0.21,8.53,80.38,10.87,0
Bagmati,Makwanpur,Raksirang,NP03,NP0331,NP0331402,2,461,450,11,0,0,191,34,2,234,0,248,37,167,0,0,1,0,8,364,8,80,8,0,0,0,1,385,45,2,1,28,0,44,346,5,1,64,1,0,0,0,392,68,1,0,0,0,0,357,102,0,0,2,8,316,50,1,86,12,449,444,86,0,419,180,6,111,4,7,3,2,1,0,0,235,157,55,12,2,50.98,34.06,11.93,2.6,0.43,7,64,301,86,3,1.52,13.88,65.29,18.66,0.65
Bagmati,Makwanpur,Raksirang,NP03,NP0331,NP0331402,3,811,810,0,1,0,395,286,3,122,5,335,293,169,4,1,9,0,0,715,15,64,10,7,0,0,0,465,35,8,1,302,0,168,631,3,4,4,0,0,1,0,664,147,0,0,0,0,0,797,4,2,0,8,8,304,439,2,58,38,773,708,385,6,714,550,18,208,13,55,32,183,42,0,1,260,202,198,128,23,32.06,24.91,24.41,15.78,2.84,91,222,431,67,0,11.22,27.37,53.14,8.26,0
Bagmati,Makwanpur,Raksirang,NP03,NP0331,NP0331402,4,541,539,0,0,2,372,26,2,141,0,446,35,43,7,0,8,0,2,367,0,168,5,0,1,0,0,484,9,1,1,46,0,145,388,1,0,5,2,0,0,0,513,28,0,0,0,0,0,172,356,4,1,8,4,402,55,0,80,81,460,290,21,0,427,258,7,2,0,8,1,2,2,0,0,325,181,24,10,1,60.07,33.46,4.44,1.85,0.18,2,50,327,157,5,0.37,9.24,60.44,29.02,0.92
Bagmati,Makwanpur,Raksirang,NP03,NP0331,NP0331402,5,538,535,2,1,0,378,116,2,41,1,374,117,41,1,0,5,0,0,480,23,29,3,3,0,0,0,421,11,3,3,100,0,261,258,0,1,18,0,0,0,0,485,53,0,0,0,0,0,500,13,2,0,23,14,206,209,0,109,32,506,491,106,0,479,277,5,54,3,10,1,11,1,0,1,279,140,87,29,3,51.86,26.02,16.17,5.39,0.56,33,90,365,45,5,6.13,16.73,67.84,8.36,0.93
Bagmati,Makwanpur,Raksirang,NP03,NP0331,NP0331402,6,562,562,0,0,0,420,33,7,102,0,401,43,73,28,1,15,0,1,419,10,66,2,65,0,0,0,373,29,5,0,154,1,67,332,10,25,69,59,0,0,0,486,75,1,0,0,0,0,207,276,13,0,66,0,308,155,5,94,108,454,346,16,0,445,264,1,32,1,21,0,3,2,0,0,284,220,48,9,1,50.53,39.15,8.54,1.6,0.18,2,150,263,116,31,0.36,26.69,46.8,20.64,5.52
Bagmati,Makwanpur,Raksirang,NP03,NP0331,NP0331402,7,551,551,0,0,0,389,6,2,151,3,380,7,157,1,0,2,0,4,387,2,147,13,1,0,0,1,544,3,0,0,4,0,8,515,1,1,20,6,0,0,0,550,1,0,0,0,0,0,114,403,4,0,30,5,12,209,0,325,122,429,406,1,0,295,115,0,23,1,1,0,0,0,0,0,517,28,6,0,0,93.83,5.08,1.09,0,0,0,8,346,175,22,0,1.45,62.79,31.76,3.99
Bagmati,Makwanpur,Raksirang,NP03,NP0331,NP0331402,8,483,481,1,0,1,446,15,0,20,2,389,15,78,1,0,0,0,0,450,0,28,2,3,0,0,0,463,3,1,1,15,0,89,371,2,0,21,0,0,0,0,477,5,0,0,0,0,1,203,249,5,0,26,2,98,218,2,163,87,396,382,11,0,364,222,1,2,0,8,0,3,1,1,0,397,70,15,1,0,82.19,14.49,3.11,0.21,0,0,14,425,40,4,0,2.9,87.99,8.28,0.83
Bagmati,Makwanpur,Raksirang,NP03,NP0331,NP0331402,9,628,623,4,0,1,535,21,3,66,3,522,23,56,23,1,3,0,0,525,10,79,12,1,1,0,0,535,51,6,4,31,1,143,453,3,5,15,0,7,2,0,596,24,4,0,4,0,0,199,404,6,0,19,151,182,221,13,61,61,567,468,10,0,552,372,2,72,0,1,0,0,0,0,0,365,235,28,0,0,58.12,37.42,4.46,0,0,0,55,487,76,10,0,8.76,77.55,12.1,1.59
Bagmati,Makwanpur,Manahari,NP03,NP0331,NP0331401,1,882,876,6,0,0,63,294,99,418,8,57,524,286,5,3,6,0,1,801,38,8,33,1,1,0,0,353,14,12,8,490,5,31,789,1,1,27,23,0,0,10,364,504,0,0,14,0,0,872,6,3,0,1,7,667,173,1,34,45,837,613,489,2,634,616,35,469,4,125,38,391,191,0,0,110,135,276,262,99,12.47,15.31,31.29,29.71,11.22,214,335,303,30,0,24.26,37.98,34.35,3.4,0
Bagmati,Makwanpur,Manahari,NP03,NP0331,NP0331401,2,698,691,5,0,2,4,73,17,603,1,39,133,479,38,0,6,0,3,639,6,44,9,0,0,0,0,426,6,2,2,261,1,120,453,0,20,97,8,0,0,0,607,86,0,0,5,0,0,689,3,6,0,0,3,430,163,1,101,51,647,641,202,0,605,421,17,342,2,25,10,183,63,0,0,217,239,171,59,12,31.09,34.24,24.5,8.45,1.72,33,121,452,78,14,4.73,17.34,64.76,11.17,2.01
Bagmati,Makwanpur,Manahari,NP03,NP0331,NP0331401,3,1323,1252,55,5,11,232,698,202,189,2,106,1091,103,6,0,15,0,2,1113,194,4,9,3,0,0,0,211,12,10,11,1069,10,271,596,167,30,32,198,28,0,1,609,702,3,0,9,0,0,1283,26,12,0,2,10,961,324,4,24,30,1293,904,828,8,1120,1058,71,348,25,197,44,876,391,3,1,89,134,455,448,197,6.73,10.13,34.39,33.86,14.89,358,673,259,30,3,27.06,50.87,19.58,2.27,0.23
Bagmati,Makwanpur,Manahari,NP03,NP0331,NP0331401,4,698,670,19,6,3,223,179,27,267,2,87,286,302,16,1,3,0,3,587,17,26,68,0,0,0,0,385,15,5,5,288,0,62,346,41,41,184,21,1,0,2,560,127,2,0,9,0,0,686,6,2,0,4,4,343,269,61,21,47,651,548,288,1,607,397,16,58,5,78,81,279,83,0,0,230,174,201,68,25,32.95,24.93,28.8,9.74,3.58,27,221,353,95,2,3.87,31.66,50.57,13.61,0.29
Bagmati,Makwanpur,Manahari,NP03,NP0331,NP0331401,5,936,900,17,16,3,66,424,55,389,2,33,681,207,8,3,4,0,0,835,81,11,7,1,1,0,0,259,13,3,0,661,0,140,722,38,0,11,24,1,0,0,415,517,0,1,1,1,1,907,16,5,0,8,5,763,117,0,51,58,878,263,501,3,723,706,35,194,10,104,98,354,154,2,1,95,158,311,296,76,10.15,16.88,33.23,31.62,8.12,283,398,224,31,0,30.24,42.52,23.93,3.31,0
Bagmati,Makwanpur,Manahari,NP03,NP0331,NP0331401,6,1847,1791,45,6,5,468,996,119,212,52,241,1217,343,2,17,20,0,7,1501,233,91,11,10,0,0,1,522,20,24,6,1259,16,81,334,1188,115,110,14,2,2,1,836,1001,9,0,1,0,0,1600,197,17,0,33,6,916,754,10,161,95,1752,628,915,6,1434,1372,59,451,12,192,393,1119,420,4,0,422,144,410,678,193,22.85,7.8,22.2,36.71,10.45,247,994,341,249,16,13.37,53.82,18.46,13.48,0.87
Bagmati,Makwanpur,Manahari,NP03,NP0331,NP0331401,7,2135,1912,213,5,5,141,1262,492,232,8,79,1835,130,5,2,15,0,69,1275,815,24,5,14,1,0,1,183,28,9,16,1889,10,694,981,352,35,17,36,0,0,20,427,1690,6,0,12,0,0,2101,28,6,0,0,26,1493,551,20,45,37,2098,1049,1403,37,1782,1891,281,1004,60,396,395,1656,822,43,10,64,91,500,955,525,3,4.26,23.42,44.73,24.59,971,950,177,36,1,45.48,44.5,8.29,1.69,0.05
Bagmati,Makwanpur,Manahari,NP03,NP0331,NP0331401,8,864,775,84,3,2,250,371,133,105,5,75,696,77,3,0,8,0,5,573,275,8,3,4,1,0,0,106,19,5,23,702,9,123,155,381,181,18,2,0,1,3,198,654,11,0,1,0,0,850,1,5,0,8,4,247,525,14,74,27,837,120,526,26,673,635,87,272,26,176,185,617,377,24,4,51,103,257,302,151,5.9,11.92,29.75,34.95,17.48,134,569,140,21,0,15.51,65.86,16.2,2.43,0
Bagmati,Makwanpur,Manahari,NP03,NP0331,NP0331401,9,1341,1258,80,2,1,153,766,290,132,0,125,1103,91,9,0,13,0,0,866,442,9,8,12,4,0,0,223,35,8,6,1066,3,452,825,3,8,49,0,4,0,0,472,865,0,0,4,0,0,1327,12,0,0,2,200,893,195,5,48,34,1307,666,815,16,1035,1031,104,650,40,218,184,890,465,18,8,60,121,358,500,302,4.47,9.02,26.7,37.29,22.52,644,509,170,17,1,48.02,37.96,12.68,1.27,0.07
Bagmati,Makwanpur,Hetauda,NP03,NP0331,NP0331201,1,1839,1420,375,38,6,263,1393,127,48,8,197,1558,57,3,1,19,0,4,776,1043,12,3,3,2,0,0,225,32,19,20,1531,12,1224,311,32,0,263,6,2,0,1,286,1544,1,0,8,0,0,1809,26,3,0,1,37,1496,248,2,56,30,1809,350,1342,125,1181,1596,356,1031,92,664,267,1405,850,131,15,103,103,250,608,775,5.6,5.6,13.59,33.06,42.14,1102,507,192,36,2,59.92,27.57,10.44,1.96,0.11
Bagmati,Makwanpur,Hetauda,NP03,NP0331,NP0331201,2,2291,1304,910,67,10,339,1324,622,4,2,137,2142,9,0,2,0,0,1,396,1808,7,2,43,33,0,2,74,71,4,105,2030,7,2046,165,6,1,43,8,0,20,2,118,2157,11,0,4,1,0,2269,22,0,0,0,193,1864,231,1,2,13,2278,845,1613,389,1215,2160,874,1786,155,1176,553,1901,1312,435,85,3,22,236,742,1288,0.13,0.96,10.3,32.39,56.22,1784,429,78,0,0,77.87,18.73,3.4,0,0
Bagmati,Makwanpur,Hetauda,NP03,NP0331,NP0331201,3,1951,1798,142,2,9,243,1180,454,73,1,126,1768,40,11,1,4,0,1,1014,888,14,22,12,1,0,0,129,20,20,40,1739,3,524,836,135,178,116,153,4,0,5,363,1582,2,0,4,0,0,1931,17,3,0,0,8,984,943,1,15,38,1913,653,1473,47,1598,1638,298,928,89,461,213,1559,975,82,16,57,87,382,840,585,2.92,4.46,19.58,43.05,29.98,713,1038,169,31,0,36.55,53.2,8.66,1.59,0
Bagmati,Makwanpur,Hetauda,NP03,NP0331,NP0331201,4,4630,2702,1862,42,24,330,2384,1902,9,5,138,4457,22,1,1,10,0,1,592,3975,14,14,29,3,0,3,160,58,29,278,4092,13,4365,190,37,2,22,2,1,11,0,213,4392,16,0,9,0,0,4599,30,1,0,0,56,4360,202,9,3,47,4583,1409,3329,682,2336,4384,2146,3703,459,2393,1017,3999,2970,1157,187,5,56,322,1276,2971,0.11,1.21,6.95,27.56,64.17,4073,494,60,3,0,87.97,10.67,1.3,0.06,0
Bagmati,Makwanpur,Hetauda,NP03,NP0331,NP0331201,5,4202,3208,921,23,50,174,2223,1739,13,53,101,4025,11,4,1,7,0,53,594,3562,13,10,22,0,0,1,175,56,154,211,3597,9,3775,324,61,14,15,2,0,9,2,348,3835,9,0,9,0,1,4188,13,1,0,0,51,3768,375,1,7,21,4181,1841,3309,513,2752,3956,1982,3239,346,2347,1127,3626,2909,784,128,4,43,319,1046,2790,0.1,1.02,7.59,24.89,66.4,3483,597,118,4,0,82.89,14.21,2.81,0.1,0
Bagmati,Makwanpur,Hetauda,NP03,NP0331,NP0331201,6,1685,1502,164,10,9,210,1047,401,25,2,96,1559,22,1,2,4,0,1,716,881,3,51,33,1,0,0,124,47,5,54,1452,3,913,570,16,74,99,10,0,0,3,205,1460,1,1,17,1,0,1676,7,2,0,0,7,1356,317,0,5,6,1679,633,1325,102,1321,1513,489,1044,72,943,780,1456,959,128,7,8,34,235,591,817,0.47,2.02,13.95,35.07,48.49,978,611,90,6,0,58.04,36.26,5.34,0.36,0
Bagmati,Makwanpur,Hetauda,NP03,NP0331,NP0331201,7,1438,1349,85,1,3,182,856,385,11,4,88,1315,19,5,7,2,1,1,660,702,2,41,29,4,0,0,175,39,10,45,1164,5,900,369,29,36,90,0,0,0,14,236,1113,7,0,82,0,0,1429,8,0,0,1,6,1261,157,2,12,25,1413,783,1139,73,1076,1318,392,1052,101,862,572,1217,836,103,11,5,27,169,493,744,0.35,1.88,11.75,34.28,51.74,803,544,89,2,0,55.84,37.83,6.19,0.14,0
Bagmati,Makwanpur,Hetauda,NP03,NP0331,NP0331201,8,3289,2485,763,25,16,309,2023,913,17,27,44,3007,36,8,21,30,0,143,1443,1681,5,135,21,3,0,1,143,41,38,87,2968,12,2595,635,15,9,14,18,0,2,1,328,2876,46,0,38,1,0,3255,31,2,0,1,106,2296,817,62,8,24,3265,1599,2501,120,1969,3036,825,2226,222,1441,788,2760,1961,276,34,10,77,450,1116,1636,0.3,2.34,13.68,33.93,49.74,1946,1141,193,9,0,59.17,34.69,5.87,0.27,0
Bagmati,Makwanpur,Hetauda,NP03,NP0331,NP0331201,9,2892,2237,631,15,9,473,1775,574,18,52,184,2592,23,9,13,15,1,55,995,1796,5,45,39,11,0,1,284,44,17,27,2503,17,2494,274,48,3,66,3,0,0,4,454,2350,70,0,17,0,1,2870,18,2,0,2,21,2507,358,1,5,21,2871,1174,2113,166,2047,2680,1143,1924,124,1264,489,2280,1646,279,30,7,106,407,918,1454,0.24,3.67,14.07,31.74,50.28,1873,788,225,5,1,64.76,27.25,7.78,0.17,0.03
Bagmati,Makwanpur,Hetauda,NP03,NP0331,NP0331201,10,1799,1277,437,59,26,70,908,780,34,7,48,1680,49,2,3,9,1,7,368,1370,3,14,36,4,0,4,93,52,17,63,1569,5,1582,138,18,2,40,0,0,17,2,316,1474,6,0,1,1,1,1727,71,0,0,1,85,1643,53,8,10,14,1785,583,1372,221,1074,1613,560,1138,160,826,384,1628,1107,378,38,5,37,203,566,988,0.28,2.06,11.28,31.46,54.92,1340,378,78,2,1,74.49,21.01,4.34,0.11,0.06
Bagmati,Makwanpur,Hetauda,NP03,NP0331,NP0331201,11,3423,2920,462,13,28,631,2073,653,51,15,102,3067,34,9,3,36,2,170,2047,1329,9,21,16,1,0,0,122,18,211,42,3017,13,1577,103,1705,1,18,13,1,5,0,301,3065,8,0,49,0,0,3398,14,3,0,8,92,3122,182,8,19,27,3396,1017,2514,123,2270,3034,733,2192,168,1222,657,3016,1999,256,38,31,87,485,1236,1584,0.91,2.54,14.17,36.11,46.28,1539,1610,253,21,0,44.96,47.03,7.39,0.61,0
Bagmati,Makwanpur,Hetauda,NP03,NP0331,NP0331201,12,2950,2849,66,6,29,788,1709,299,141,13,165,2603,131,20,8,15,1,7,2116,703,9,89,25,7,0,1,375,44,11,8,2493,19,1451,961,46,6,162,302,0,0,22,608,2261,5,0,53,23,0,2898,40,4,0,8,246,1934,686,16,68,69,2881,1087,1949,16,2197,2447,294,1202,77,846,591,2136,1251,37,5,96,200,756,1116,782,3.25,6.78,25.63,37.83,26.51,1183,1406,330,28,3,40.1,47.66,11.19,0.95,0.1
Bagmati,Makwanpur,Hetauda,NP03,NP0331,NP0331201,13,1854,1796,45,3,10,776,782,150,139,7,72,1579,176,6,5,12,0,4,1146,511,4,184,9,0,0,0,243,11,2,5,1590,3,1547,286,1,4,12,3,0,0,1,532,1295,1,0,25,1,0,1839,11,3,0,1,36,1572,201,10,35,18,1836,1178,1468,27,1442,1665,288,1358,44,704,315,1540,898,29,6,39,100,402,669,644,2.1,5.39,21.68,36.08,34.74,719,920,200,15,0,38.78,49.62,10.79,0.81,0
Bagmati,Makwanpur,Hetauda,NP03,NP0331,NP0331201,14,1790,1721,58,5,6,827,804,96,59,4,98,1566,85,8,2,9,17,5,1317,396,3,63,10,0,0,1,136,17,6,7,1610,14,1216,527,1,4,16,5,1,0,20,390,1395,2,0,3,0,0,1739,39,9,0,3,149,1308,290,8,35,63,1727,577,1324,8,1380,1513,162,630,52,564,273,1412,843,24,3,39,102,502,734,413,2.18,5.7,28.04,41.01,23.07,692,950,137,10,1,38.66,53.07,7.65,0.56,0.06
Bagmati,Makwanpur,Hetauda,NP03,NP0331,NP0331201,15,2483,2327,134,11,11,897,1104,153,320,9,113,1952,365,6,5,9,0,33,1634,560,9,249,31,0,0,0,410,52,12,15,1988,6,1431,848,8,12,144,30,1,3,6,826,1648,0,0,8,1,0,2416,49,9,0,9,38,1736,587,8,114,49,2434,1290,1633,22,1897,2015,248,1544,75,924,336,1868,1069,34,15,197,188,551,867,680,7.93,7.57,22.19,34.92,27.39,724,1294,346,118,1,29.16,52.11,13.93,4.75,0.04
Bagmati,Makwanpur,Hetauda,NP03,NP0331,NP0331201,16,1666,1601,41,11,13,437,703,197,325,4,108,1262,274,10,2,10,0,0,1117,433,38,57,17,4,0,0,450,52,11,22,1127,4,334,1029,5,4,201,27,64,0,2,679,969,3,1,13,1,0,1619,40,6,0,1,6,541,994,9,116,47,1619,663,1125,59,1407,1386,300,768,51,750,601,1079,564,44,3,207,122,378,612,347,12.42,7.32,22.69,36.73,20.83,352,853,280,164,17,21.13,51.2,16.81,9.84,1.02
Bagmati,Makwanpur,Hetauda,NP03,NP0331,NP0331201,17,1882,1771,102,4,5,263,1246,241,129,3,99,1673,90,3,0,11,1,5,1306,538,13,17,4,1,0,3,168,11,16,2,1682,3,324,1319,15,49,115,39,11,0,10,339,1498,0,0,41,1,3,1861,16,3,0,2,10,1042,795,2,33,30,1852,577,1424,13,1632,1547,326,809,77,845,583,1443,993,73,3,59,83,356,707,677,3.13,4.41,18.92,37.57,35.97,696,1014,145,22,5,36.98,53.88,7.7,1.17,0.27
Bagmati,Makwanpur,Hetauda,NP03,NP0331,NP0331201,18,1921,1826,84,4,7,368,1098,212,225,18,266,1468,114,24,17,11,19,2,1390,465,28,35,3,0,0,0,356,32,5,3,1513,12,361,1389,9,9,85,59,7,0,2,595,1304,2,0,17,2,1,1897,12,10,0,2,264,665,956,2,34,49,1872,721,1334,11,1621,1484,212,530,30,532,268,1250,726,24,1,117,210,540,688,366,6.09,10.93,28.11,35.81,19.05,581,973,303,50,14,30.24,50.65,15.77,2.6,0.73
Bagmati,Makwanpur,Hetauda,NP03,NP0331,NP0331201,19,2581,2438,129,11,3,828,1185,381,182,5,481,1874,166,23,6,18,0,13,1649,844,31,13,43,0,0,1,631,88,15,9,1831,7,873,1339,83,52,166,33,24,2,9,985,1588,0,0,7,1,0,2514,46,12,2,7,53,1922,486,12,108,87,2494,477,1425,17,1885,1974,227,1293,73,452,174,1636,910,42,11,379,234,506,897,565,14.68,9.07,19.6,34.75,21.89,1030,893,588,68,2,39.91,34.6,22.78,2.63,0.08
Bagmati,Makwanpur,Bhimphedi,NP03,NP0331,NP0331404,1,845,805,10,25,5,678,93,8,66,0,464,298,45,13,0,25,0,0,781,26,27,2,9,0,0,0,305,20,2,0,518,0,303,531,1,0,9,0,1,0,0,628,209,8,0,0,0,0,821,18,5,0,1,9,671,77,8,80,34,811,300,421,16,594,597,32,100,2,102,58,298,171,3,0,153,272,274,97,49,18.11,32.19,32.43,11.48,5.8,66,442,305,32,0,7.81,52.31,36.09,3.79,0
Bagmati,Makwanpur,Bhimphedi,NP03,NP0331,NP0331404,2,635,608,21,2,4,472,111,7,36,9,338,202,55,2,1,35,0,2,585,14,27,7,1,0,0,1,277,10,2,7,335,4,45,571,0,0,0,12,4,0,3,449,161,0,0,25,0,0,619,5,9,0,2,3,476,113,13,30,34,601,227,360,2,511,379,30,37,4,68,5,147,103,5,1,136,190,202,88,19,21.42,29.92,31.81,13.86,2.99,41,293,269,30,2,6.46,46.14,42.36,4.72,0.31
Bagmati,Makwanpur,Bhimphedi,NP03,NP0331,NP0331404,3,501,500,1,0,0,439,52,4,5,1,392,100,3,0,0,6,0,0,483,11,3,3,0,1,0,0,273,3,0,0,225,0,316,169,0,0,7,0,0,0,9,412,89,0,0,0,0,0,496,2,3,0,0,10,234,226,0,31,19,482,80,287,1,429,359,3,7,17,24,2,74,53,0,1,118,207,139,34,3,23.55,41.32,27.74,6.79,0.6,9,180,296,16,0,1.8,35.93,59.08,3.19,0
Bagmati,Makwanpur,Bhimphedi,NP03,NP0331,NP0331404,4,469,431,7,26,5,356,97,1,12,3,235,212,13,1,0,7,0,1,400,57,1,5,5,0,0,1,201,4,0,1,261,2,381,27,1,0,52,3,0,2,3,372,81,11,2,2,0,1,463,5,0,1,0,88,355,6,3,17,41,428,95,314,18,380,302,21,47,16,76,31,105,62,17,0,56,153,166,70,24,11.94,32.62,35.39,14.93,5.12,38,246,178,6,1,8.1,52.45,37.95,1.28,0.21
Bagmati,Makwanpur,Bhimphedi,NP03,NP0331,NP0331404,5,568,553,11,2,2,447,112,1,5,3,323,233,8,2,0,2,0,0,517,45,1,0,3,2,0,0,293,10,1,0,262,2,327,234,0,0,4,2,0,0,1,336,230,0,0,2,0,0,563,2,2,0,1,8,534,16,1,9,15,553,196,382,7,479,387,34,32,6,69,6,67,70,2,1,61,198,198,84,27,10.74,34.86,34.86,14.79,4.75,71,286,206,5,0,12.5,50.35,36.27,0.88,0
Bagmati,Makwanpur,Bhimphedi,NP03,NP0331,NP0331404,6,717,613,56,42,6,483,129,77,26,2,405,268,10,0,1,33,0,0,597,113,3,0,4,0,0,0,290,13,1,0,409,4,524,192,0,0,0,0,1,0,0,276,439,0,0,1,0,1,709,6,1,0,1,11,653,13,0,40,15,702,152,436,28,560,543,67,177,25,154,30,177,229,14,1,87,164,196,158,112,12.13,22.87,27.34,22.04,15.62,169,326,214,8,0,23.57,45.47,29.85,1.12,0
Bagmati,Makwanpur,Bhimphedi,NP03,NP0331,NP0331404,7,293,291,1,1,0,284,8,1,0,0,278,15,0,0,0,0,0,0,287,5,1,0,0,0,0,0,255,3,0,0,35,0,76,215,0,0,0,1,0,0,1,284,8,1,0,0,0,0,289,3,1,0,0,9,275,6,0,3,42,251,80,114,2,236,111,2,3,0,17,1,0,0,0,0,139,115,38,1,0,47.44,39.25,12.97,0.34,0,2,39,251,1,0,0.68,13.31,85.67,0.34,0
Bagmati,Makwanpur,Bhimphedi,NP03,NP0331,NP0331404,8,463,451,5,5,2,430,30,0,3,0,401,44,1,0,0,17,0,0,443,13,7,0,0,0,0,0,380,25,1,0,57,0,46,399,0,0,0,12,5,0,1,439,23,0,0,1,0,0,458,5,0,0,0,4,433,2,1,23,37,426,189,153,1,408,142,7,2,5,25,2,7,9,0,0,235,160,60,6,2,50.76,34.56,12.96,1.3,0.43,4,64,386,9,0,0.86,13.82,83.37,1.94,0
Bagmati,Makwanpur,Bhimphedi,NP03,NP0331,NP0331404,9,594,536,49,4,5,290,187,5,109,3,254,220,49,13,0,58,0,0,560,16,11,1,5,1,0,0,338,10,3,1,241,1,282,303,2,0,3,0,4,0,0,522,70,1,0,0,1,0,539,48,3,0,4,8,556,13,1,16,34,560,127,259,2,482,417,4,12,1,53,3,14,13,0,0,113,215,219,40,7,19.02,36.2,36.87,6.73,1.18,34,230,309,20,1,5.72,38.72,52.02,3.37,0.17
Bagmati,Makwanpur,Makawanpurgadhi,NP03,NP0331,NP0331406,1,607,602,3,0,2,491,70,6,37,3,486,74,36,6,0,4,0,1,559,8,35,4,0,1,0,0,524,5,4,2,68,4,127,313,2,13,123,5,23,1,0,588,12,0,0,7,0,0,437,155,9,1,5,3,268,238,17,81,163,444,92,104,0,396,116,6,1,0,14,6,15,8,0,0,450,86,60,9,2,74.14,14.17,9.88,1.48,0.33,3,53,458,86,7,0.49,8.73,75.45,14.17,1.15
Bagmati,Makwanpur,Makawanpurgadhi,NP03,NP0331,NP0331406,2,959,934,20,2,3,519,416,5,14,5,412,478,33,11,0,22,0,3,864,77,9,3,5,0,0,1,468,15,1,2,463,10,457,319,34,8,81,26,32,0,2,688,269,0,0,2,0,0,947,6,6,0,0,3,811,84,2,59,21,938,225,497,6,839,740,52,128,9,211,31,315,205,4,2,165,231,286,206,71,17.21,24.09,29.82,21.48,7.4,167,355,405,29,3,17.41,37.02,42.23,3.02,0.31
Bagmati,Makwanpur,Makawanpurgadhi,NP03,NP0331,NP0331406,3,594,566,27,1,0,132,438,10,3,11,132,432,24,0,2,3,0,1,510,76,0,1,7,0,0,0,152,2,0,2,433,5,479,32,5,1,49,27,1,0,0,298,282,2,0,10,2,0,593,1,0,0,0,0,560,25,2,7,4,590,224,410,2,552,437,81,156,2,166,18,285,190,4,0,42,70,180,174,128,7.07,11.78,30.3,29.29,21.55,233,225,130,5,1,39.23,37.88,21.89,0.84,0.17
Bagmati,Makwanpur,Makawanpurgadhi,NP03,NP0331,NP0331406,4,633,599,29,0,5,169,357,5,99,3,168,304,65,1,0,14,0,81,565,56,6,2,2,2,0,0,230,11,4,4,382,2,148,240,1,0,145,99,0,0,0,354,277,1,0,1,0,0,623,6,4,0,0,5,531,66,2,29,19,614,297,404,8,568,447,49,90,5,133,49,335,134,8,7,104,106,185,178,60,16.43,16.75,29.23,28.12,9.48,140,207,225,59,2,22.12,32.7,35.55,9.32,0.32
Bagmati,Makwanpur,Makawanpurgadhi,NP03,NP0331,NP0331406,5,809,752,50,5,2,497,280,18,13,1,360,399,42,2,0,5,0,1,641,110,42,1,15,0,0,0,347,30,23,3,402,4,404,299,46,3,25,28,4,0,0,499,303,4,0,1,1,1,790,14,2,0,3,148,588,56,1,16,13,796,285,419,4,731,589,141,166,2,161,72,274,157,0,0,132,176,256,166,79,16.32,21.76,31.64,20.52,9.77,170,299,317,23,0,21.01,36.96,39.18,2.84,0
Bagmati,Makwanpur,Makawanpurgadhi,NP03,NP0331,NP0331406,6,594,555,26,1,12,311,141,97,40,5,301,240,10,24,0,7,0,12,552,35,0,5,1,1,0,0,313,9,7,0,264,1,228,162,155,4,41,3,1,0,0,401,189,2,0,2,0,0,578,8,7,1,0,3,442,108,0,41,8,586,204,286,6,507,412,26,63,7,89,31,191,108,1,0,118,178,136,121,41,19.87,29.97,22.9,20.37,6.9,94,179,299,22,0,15.82,30.13,50.34,3.7,0
Bagmati,Makwanpur,Makawanpurgadhi,NP03,NP0331,NP0331406,7,666,648,13,4,1,475,104,12,58,17,479,142,3,3,5,18,0,16,612,23,24,1,2,0,0,4,489,1,0,2,169,5,545,90,0,3,27,0,0,0,1,624,41,0,0,0,0,1,647,8,9,0,2,7,415,206,4,34,26,640,276,216,2,608,341,5,2,1,49,3,40,17,0,0,300,209,124,30,3,45.05,31.38,18.62,4.5,0.45,14,142,469,37,4,2.1,21.32,70.42,5.56,0.6
Bagmati,Makwanpur,Makawanpurgadhi,NP03,NP0331,NP0331406,8,423,419,4,0,0,389,21,1,9,3,377,34,5,1,0,6,0,0,409,4,9,0,0,1,0,0,368,2,0,0,52,1,279,142,0,0,1,1,0,0,0,416,7,0,0,0,0,0,421,1,1,0,0,24,363,5,0,31,11,412,147,210,0,401,199,5,0,0,18,2,2,5,1,0,143,222,54,4,0,33.81,52.48,12.77,0.95,0,3,64,343,13,0,0.71,15.13,81.09,3.07,0
Bagmati,Makwanpur,Bakaiya,NP03,NP0331,NP0331407,1,832,826,2,0,4,245,110,1,475,1,238,111,468,9,0,4,0,2,457,9,43,322,0,0,0,1,701,5,1,2,123,0,214,438,0,36,102,41,1,0,0,811,19,0,0,1,1,0,329,465,11,0,27,202,92,100,67,371,239,593,56,24,0,551,124,7,21,0,11,106,51,4,0,0,657,80,87,8,0,78.97,9.62,10.46,0.96,0,2,97,387,320,26,0.24,11.66,46.51,38.46,3.13
Bagmati,Makwanpur,Bakaiya,NP03,NP0331,NP0331407,2,437,429,3,2,3,338,83,1,15,0,198,81,156,0,0,1,0,1,270,6,66,95,0,0,0,0,342,6,10,5,73,1,140,130,0,61,82,2,1,0,21,376,60,0,1,0,0,0,210,196,20,1,10,8,44,178,9,198,57,380,77,23,3,359,65,5,0,0,13,7,44,8,0,0,306,62,56,13,0,70.02,14.19,12.81,2.97,0,9,57,208,147,16,2.06,13.04,47.6,33.64,3.66
Bagmati,Makwanpur,Bakaiya,NP03,NP0331,NP0331407,3,761,722,35,1,3,161,349,177,73,1,142,538,69,8,0,3,0,1,461,223,4,72,0,1,0,0,205,7,6,3,539,1,99,403,194,11,51,1,2,0,0,376,384,1,0,0,0,0,756,2,3,0,0,4,286,442,2,27,35,726,345,430,16,663,480,39,101,7,149,76,491,206,3,1,105,89,263,233,71,13.8,11.7,34.56,30.62,9.33,97,445,202,16,1,12.75,58.48,26.54,2.1,0.13
Bagmati,Makwanpur,Bakaiya,NP03,NP0331,NP0331407,4,1209,1161,44,0,4,450,444,146,168,1,371,730,88,15,0,3,1,1,933,222,18,31,3,1,0,1,429,15,3,5,753,4,163,514,382,9,126,7,8,0,0,770,434,2,0,3,0,0,1201,7,0,1,0,17,502,636,8,46,35,1174,515,745,18,1072,939,79,463,21,246,123,722,307,5,0,189,224,335,308,153,15.63,18.53,27.71,25.48,12.66,137,593,445,33,1,11.33,49.05,36.81,2.73,0.08
Bagmati,Makwanpur,Bakaiya,NP03,NP0331,NP0331407,5,894,883,9,1,1,229,368,163,128,6,192,562,132,4,0,2,0,2,641,187,19,42,3,1,0,1,269,6,2,8,599,10,143,213,7,131,254,54,91,0,1,538,340,2,0,4,2,8,884,7,3,0,0,9,437,369,10,69,66,828,183,487,14,755,432,78,173,11,182,40,549,227,0,0,163,159,285,191,96,18.23,17.79,31.88,21.36,10.74,64,451,322,56,1,7.16,50.45,36.02,6.26,0.11
Bagmati,Makwanpur,Bakaiya,NP03,NP0331,NP0331407,6,830,816,13,0,1,283,180,41,324,2,292,244,261,21,0,4,0,8,577,49,116,84,1,1,0,2,584,20,2,0,222,2,301,79,15,24,199,202,10,0,0,716,112,0,0,1,0,1,582,193,32,0,23,8,223,324,22,253,89,741,146,130,3,680,471,110,21,3,68,75,228,53,0,0,411,189,166,53,11,49.52,22.77,20,6.39,1.33,5,179,328,254,64,0.6,21.57,39.52,30.6,7.71
Bagmati,Makwanpur,Bakaiya,NP03,NP0331,NP0331407,7,1363,1342,17,0,4,84,397,211,659,12,70,692,569,20,7,2,0,3,859,212,86,182,22,1,0,1,547,17,16,21,756,6,316,137,136,65,600,98,7,1,3,1095,247,9,2,8,2,0,1297,52,12,0,2,24,290,813,4,232,138,1225,483,599,18,1097,737,31,462,3,176,36,502,164,0,1,388,276,416,219,64,28.47,20.25,30.52,16.07,4.7,43,498,446,343,33,3.15,36.54,32.72,25.17,2.42
Bagmati,Makwanpur,Bakaiya,NP03,NP0331,NP0331407,8,694,684,10,0,0,437,178,16,62,1,351,253,61,9,2,9,0,9,605,62,7,18,2,0,0,0,412,11,3,6,261,1,146,342,21,12,55,42,74,0,2,610,79,2,0,2,0,1,674,16,3,0,1,170,118,355,10,41,22,672,231,278,3,597,448,13,123,8,48,145,181,46,0,0,190,268,166,56,14,27.38,38.62,23.92,8.07,2.02,22,174,432,66,0,3.17,25.07,62.25,9.51,0
Bagmati,Makwanpur,Bakaiya,NP03,NP0331,NP0331407,9,650,633,14,2,1,468,110,38,33,1,368,218,39,2,0,18,0,5,541,30,15,62,2,0,0,0,421,10,4,0,213,2,39,583,1,1,23,1,0,0,2,589,58,0,0,3,0,0,643,3,2,0,2,8,276,318,0,48,19,631,115,301,2,582,361,21,186,2,57,19,190,31,0,0,237,143,202,61,7,36.46,22,31.08,9.38,1.08,18,214,382,35,1,2.77,32.92,58.77,5.38,0.15
Bagmati,Makwanpur,Bakaiya,NP03,NP0331,NP0331407,10,512,501,7,0,4,396,79,7,28,2,355,122,17,0,0,18,0,0,494,10,6,0,1,1,0,0,385,6,0,0,118,3,458,18,0,1,24,10,1,0,0,476,33,0,0,3,0,0,339,165,5,0,3,3,144,325,0,40,37,475,214,77,1,453,321,8,174,1,50,9,4,3,0,0,214,169,94,32,3,41.8,33.01,18.36,6.25,0.59,8,105,356,42,1,1.56,20.51,69.53,8.2,0.2
Bagmati,Makwanpur,Bakaiya,NP03,NP0331,NP0331407,11,395,391,3,0,1,208,40,2,144,1,333,46,14,0,0,1,0,1,370,9,14,1,0,0,0,1,341,11,0,0,43,0,32,329,2,6,11,5,9,0,1,359,34,1,0,0,1,0,291,92,11,1,0,9,73,279,1,33,50,345,130,65,0,324,105,2,20,0,9,2,30,2,0,0,276,74,36,9,0,69.87,18.73,9.11,2.28,0,3,40,318,34,0,0.76,10.13,80.51,8.61,0
Bagmati,Makwanpur,Bakaiya,NP03,NP0331,NP0331407,12,336,326,9,0,1,284,38,5,8,1,271,55,2,0,1,7,0,0,303,14,18,0,1,0,0,0,266,9,1,0,60,0,26,305,0,1,3,1,0,0,0,311,25,0,0,0,0,0,301,32,3,0,0,6,10,300,0,20,39,297,164,64,2,269,135,4,29,1,22,1,7,3,0,0,210,70,42,14,0,62.5,20.83,12.5,4.17,0,1,53,257,25,0,0.3,15.77,76.49,7.44,0
Bagmati,Makwanpur,Bagmati,NP03,NP0331,NP0331408,1,749,742,7,0,0,165,243,47,294,0,97,321,190,139,2,0,0,0,396,51,98,200,1,3,0,0,359,8,1,2,379,0,5,25,187,47,454,19,12,0,0,666,79,3,0,1,0,0,700,32,0,0,17,6,395,165,2,181,34,715,80,202,0,639,270,17,18,2,57,65,262,36,0,0,303,147,252,42,5,40.45,19.63,33.64,5.61,0.67,10,244,243,211,41,1.34,32.58,32.44,28.17,5.47
Bagmati,Makwanpur,Bagmati,NP03,NP0331,NP0331408,2,902,889,8,2,3,162,271,54,411,4,102,350,338,104,6,0,0,2,407,68,97,329,1,0,0,0,427,12,4,16,442,1,103,287,6,29,294,176,6,0,1,731,162,1,0,8,0,0,717,169,3,0,13,6,516,158,1,221,108,794,107,213,0,647,463,12,32,2,73,117,297,25,0,0,368,183,253,88,10,40.8,20.29,28.05,9.76,1.11,52,270,288,237,55,5.76,29.93,31.93,26.27,6.1
Bagmati,Makwanpur,Bagmati,NP03,NP0331,NP0331408,3,388,384,3,0,1,236,29,3,118,2,218,33,128,7,2,0,0,0,254,3,76,53,2,0,0,0,342,3,1,0,42,0,122,177,0,1,85,0,3,0,0,382,6,0,0,0,0,0,325,58,5,0,0,0,199,5,0,184,52,336,34,22,1,300,173,5,0,0,15,0,9,5,0,0,258,99,24,7,0,66.49,25.52,6.19,1.8,0,1,38,222,113,14,0.26,9.79,57.22,29.12,3.61
Bagmati,Makwanpur,Bagmati,NP03,NP0331,NP0331408,4,750,728,22,0,0,286,348,33,74,9,192,357,145,56,0,0,0,0,406,92,66,183,3,0,0,0,308,16,6,11,409,0,83,459,60,27,118,3,0,0,0,562,182,0,0,6,0,0,739,7,0,0,4,5,316,277,8,144,43,707,205,154,3,677,357,7,35,4,77,10,260,50,0,0,249,137,237,108,19,33.2,18.27,31.6,14.4,2.53,113,248,304,78,7,15.07,33.07,40.53,10.4,0.93
Bagmati,Makwanpur,Bagmati,NP03,NP0331,NP0331408,5,734,713,18,2,1,371,330,9,20,4,366,329,24,5,1,2,0,7,538,82,38,69,5,2,0,0,377,27,16,12,296,6,422,260,0,5,33,14,0,0,0,576,150,0,0,7,1,0,721,11,0,1,1,11,524,97,7,95,69,665,149,187,7,629,390,32,46,3,61,19,208,47,0,0,214,195,192,111,22,29.16,26.57,26.16,15.12,3,108,242,335,49,0,14.71,32.97,45.64,6.68,0
Bagmati,Makwanpur,Bagmati,NP03,NP0331,NP0331408,6,778,757,21,0,0,536,212,3,24,3,471,243,49,6,0,1,0,8,548,93,14,123,0,0,0,0,474,22,6,8,267,1,38,537,42,13,148,0,0,0,0,564,199,0,0,15,0,0,772,1,3,0,2,7,643,5,49,74,86,692,89,291,12,606,335,28,87,6,83,27,325,112,2,1,288,192,162,86,50,37.02,24.68,20.82,11.05,6.43,72,224,448,31,3,9.25,28.79,57.58,3.98,0.39
Bagmati,Makwanpur,Bagmati,NP03,NP0331,NP0331408,7,716,709,6,1,0,233,205,68,209,1,280,317,104,10,1,4,0,0,435,73,24,181,3,0,0,0,355,9,2,2,345,3,50,327,4,1,94,238,0,2,0,565,144,0,0,4,3,0,706,6,2,0,2,3,218,367,5,123,59,657,90,282,0,548,431,14,73,0,45,23,358,39,0,0,247,170,210,76,13,34.5,23.74,29.33,10.61,1.82,19,226,350,119,2,2.65,31.56,48.88,16.62,0.28
Bagmati,Makwanpur,Bagmati,NP03,NP0331,NP0331408,8,828,800,28,0,0,313,224,53,236,2,361,359,83,4,17,3,0,1,584,103,21,118,1,1,0,0,434,25,3,4,360,2,96,437,30,32,157,44,31,1,0,555,271,0,0,2,0,0,815,10,2,1,0,11,406,314,5,92,65,763,116,409,7,692,500,34,73,12,93,33,335,65,0,0,220,221,242,119,26,26.57,26.69,29.23,14.37,3.14,67,294,367,94,6,8.09,35.51,44.32,11.35,0.72
Bagmati,Makwanpur,Bagmati,NP03,NP0331,NP0331408,9,615,608,5,1,1,237,20,2,354,2,527,26,59,1,0,0,0,2,602,4,8,1,0,0,0,0,532,1,2,8,72,0,145,405,3,11,33,6,12,0,0,587,26,1,0,1,0,0,505,69,40,0,1,3,21,570,3,18,65,550,59,66,0,547,151,7,0,0,18,1,3,0,0,0,492,93,29,1,0,80,15.12,4.72,0.16,0,1,38,511,65,0,0.16,6.18,83.09,10.57,0
Bagmati,Chitawan,Rapti,NP03,NP0335,NP0335304,1,1781,1673,93,7,8,358,723,376,322,2,146,1361,230,25,1,7,5,6,1311,405,50,8,6,1,0,0,319,15,25,2,1417,3,209,192,1329,2,34,3,1,0,11,632,1081,8,0,58,0,2,1622,132,6,0,21,6,854,841,14,66,49,1732,861,1002,31,1223,1438,231,743,30,389,910,1370,786,38,6,206,120,460,604,391,11.57,6.74,25.83,33.91,21.95,357,1068,253,88,15,20.04,59.97,14.21,4.94,0.84
Bagmati,Chitawan,Rapti,NP03,NP0335,NP0335304,2,1769,1705,45,3,16,591,828,277,67,6,397,1317,35,8,4,2,0,6,1372,366,8,3,20,0,0,0,310,25,7,8,1416,3,867,710,132,8,49,0,0,1,2,749,991,3,0,26,0,0,1762,4,1,0,2,81,1197,465,7,19,36,1733,255,1041,157,1224,1530,369,482,28,379,702,1412,833,84,7,41,152,568,658,350,2.32,8.59,32.11,37.2,19.79,558,927,272,12,0,31.54,52.4,15.38,0.68,0
Bagmati,Chitawan,Rapti,NP03,NP0335,NP0335304,3,559,529,21,0,9,80,128,113,224,14,69,326,132,22,3,5,0,2,413,99,31,5,0,3,0,8,177,6,6,3,364,3,112,254,155,3,14,5,8,4,4,252,296,2,0,8,0,1,446,89,3,0,21,2,253,230,0,74,30,529,125,288,6,372,374,57,164,9,109,202,339,201,22,1,122,72,143,131,91,21.82,12.88,25.58,23.43,16.28,120,215,147,64,13,21.47,38.46,26.3,11.45,2.33
Bagmati,Chitawan,Rapti,NP03,NP0335,NP0335304,4,1475,1350,119,4,2,307,619,418,119,12,213,1188,8,50,4,6,6,0,902,544,4,22,3,0,0,0,155,13,14,23,1262,8,374,309,784,0,2,4,1,0,1,165,1294,2,0,14,0,0,1455,9,6,2,3,3,361,1089,4,18,41,1434,373,958,69,1114,1224,216,727,26,390,991,1269,751,112,13,56,124,335,561,399,3.8,8.41,22.71,38.03,27.05,340,949,168,17,1,23.05,64.34,11.39,1.15,0.07
Bagmati,Chitawan,Rapti,NP03,NP0335,NP0335304,5,1358,1201,140,15,2,413,536,319,86,4,374,916,10,47,1,6,1,3,869,451,7,12,12,2,0,5,194,9,3,36,1113,3,867,217,264,3,5,0,0,0,2,183,1161,1,0,13,0,0,1344,8,4,0,2,7,975,344,7,25,33,1325,411,891,73,1014,1162,259,691,40,420,878,1168,654,151,12,41,141,310,424,442,3.02,10.38,22.83,31.22,32.55,596,605,140,17,0,43.89,44.55,10.31,1.25,0
Bagmati,Chitawan,Rapti,NP03,NP0335,NP0335304,6,1482,1391,71,12,8,128,834,298,206,16,132,1188,31,58,4,12,0,57,927,485,48,8,13,0,0,1,170,11,17,37,1243,4,316,308,845,0,9,1,0,1,2,397,1030,17,0,38,0,0,1459,14,3,1,5,15,937,455,36,39,20,1462,554,1044,67,1067,1287,255,816,43,543,1164,1321,699,75,4,65,84,302,540,491,4.39,5.67,20.38,36.44,33.13,481,778,161,54,8,32.46,52.5,10.86,3.64,0.54
Bagmati,Chitawan,Rapti,NP03,NP0335,NP0335304,7,1616,1504,88,14,10,524,591,483,17,1,389,1206,13,2,1,0,1,4,926,650,7,11,17,4,0,1,364,28,3,29,1191,1,1441,73,53,2,33,10,0,0,4,444,1078,8,3,81,1,1,1608,6,1,0,1,15,922,658,5,16,29,1587,237,986,18,1032,1408,642,815,36,495,788,1206,836,126,16,30,185,399,458,544,1.86,11.45,24.69,28.34,33.66,598,768,244,6,0,37,47.52,15.1,0.37,0
Bagmati,Chitawan,Rapti,NP03,NP0335,NP0335304,8,1628,1448,133,38,9,495,661,464,7,1,470,1151,2,2,0,2,1,0,940,662,4,3,19,0,0,0,191,9,9,50,1361,8,1345,198,25,21,21,16,0,0,2,197,1416,0,1,14,0,0,1622,3,3,0,0,8,985,619,9,7,20,1608,305,1113,51,977,1430,334,1011,60,693,1070,1514,1086,182,23,42,143,266,475,702,2.58,8.78,16.34,29.18,43.12,823,594,203,8,0,50.55,36.49,12.47,0.49,0
Bagmati,Chitawan,Rapti,NP03,NP0335,NP0335304,9,1051,989,56,5,1,374,593,70,14,0,315,719,15,0,2,0,0,0,828,177,5,6,35,0,0,0,180,23,2,5,816,25,782,163,1,2,45,56,0,0,2,319,704,1,0,11,16,0,1029,19,1,0,2,22,850,174,1,4,29,1022,201,739,4,703,873,61,466,23,365,563,912,635,7,2,32,107,272,360,280,3.04,10.18,25.88,34.25,26.64,427,428,189,7,0,40.63,40.72,17.98,0.67,0
Bagmati,Chitawan,Rapti,NP03,NP0335,NP0335304,10,713,709,1,1,2,460,137,9,103,4,271,174,227,33,0,7,0,1,642,18,48,2,1,1,0,1,510,21,4,0,178,0,36,663,1,2,7,2,2,0,0,563,148,1,0,1,0,0,572,106,1,0,34,1,139,499,4,70,97,616,180,122,1,516,340,8,204,5,86,43,124,47,0,0,350,168,103,64,28,49.09,23.56,14.45,8.98,3.93,53,129,456,71,4,7.43,18.09,63.96,9.96,0.56
Bagmati,Chitawan,Rapti,NP03,NP0335,NP0335304,11,635,620,13,2,0,311,91,5,225,3,352,115,141,21,0,1,0,5,580,4,41,5,3,2,0,0,467,18,4,1,143,2,328,266,7,4,28,1,1,0,0,527,105,0,0,3,0,0,459,119,2,1,54,3,59,473,4,96,76,559,145,65,2,515,242,11,23,3,42,23,69,23,0,0,398,123,87,22,5,62.68,19.37,13.7,3.46,0.79,6,113,428,75,13,0.94,17.8,67.4,11.81,2.05
Bagmati,Chitawan,Rapti,NP03,NP0335,NP0335304,12,557,555,2,0,0,416,56,1,84,0,349,53,136,18,0,1,0,0,390,10,123,4,29,1,0,0,462,15,2,0,78,0,82,447,3,0,22,1,1,1,0,523,32,2,0,0,0,0,160,346,7,0,44,0,6,374,1,176,155,402,61,16,0,386,116,1,11,0,7,1,9,0,0,0,443,71,39,4,0,79.53,12.75,7,0.72,0,1,45,348,149,14,0.18,8.08,62.48,26.75,2.51
Bagmati,Chitawan,Rapti,NP03,NP0335,NP0335304,13,591,588,3,0,0,564,15,1,11,0,557,14,17,3,0,0,0,0,559,4,26,0,2,0,0,0,547,20,2,3,19,0,103,459,2,2,22,0,3,0,0,563,24,2,0,2,0,0,39,498,28,0,26,23,12,542,0,14,139,452,68,2,0,438,215,2,0,1,7,0,0,0,0,0,529,52,8,2,0,89.51,8.8,1.35,0.34,0,1,13,534,42,1,0.17,2.2,90.36,7.11,0.17
Bagmati,Chitawan,Kalika,NP03,NP0335,NP0335301,1,949,866,77,2,4,379,463,88,11,8,323,609,7,0,0,4,0,6,714,221,2,1,1,6,0,4,70,3,8,9,856,3,686,225,1,30,4,0,0,1,2,43,901,1,1,3,0,0,944,3,0,0,2,0,512,436,0,1,9,940,352,730,4,793,861,133,556,20,448,772,889,551,37,9,11,56,201,375,306,1.16,5.9,21.18,39.52,32.24,365,521,58,5,0,38.46,54.9,6.11,0.53,0
Bagmati,Chitawan,Kalika,NP03,NP0335,NP0335301,2,1228,1187,38,1,2,212,613,300,100,3,149,1009,18,36,6,5,1,4,757,448,1,2,19,1,0,0,147,18,63,26,966,8,949,238,3,1,34,1,0,2,0,397,800,2,0,29,0,0,1217,11,0,0,0,45,432,733,4,14,38,1190,470,913,16,827,1077,277,675,38,517,1037,1103,662,140,7,35,81,264,428,420,2.85,6.6,21.5,34.85,34.2,339,721,160,8,0,27.61,58.71,13.03,0.65,0
Bagmati,Chitawan,Kalika,NP03,NP0335,NP0335301,3,1573,1503,56,2,12,640,563,165,177,28,99,1226,32,150,49,15,0,2,1270,281,1,2,10,5,0,4,236,19,159,14,1145,0,1017,527,3,1,21,1,1,0,2,402,1154,4,0,13,0,0,1513,31,11,1,17,15,451,1056,3,48,38,1535,436,819,5,1007,1306,149,634,33,452,1256,1245,599,19,5,89,179,513,526,266,5.66,11.38,32.61,33.44,16.91,288,975,274,33,3,18.31,61.98,17.42,2.1,0.19
Bagmati,Chitawan,Kalika,NP03,NP0335,NP0335301,4,703,662,30,1,10,128,420,136,19,0,108,568,5,18,0,0,0,4,462,240,0,1,0,0,0,0,38,9,3,6,647,0,441,256,1,0,3,0,0,0,2,148,550,1,0,4,0,0,702,1,0,0,0,5,223,458,14,3,4,699,146,547,1,486,627,87,372,7,269,614,658,375,13,4,8,45,145,301,204,1.14,6.4,20.63,42.82,29.02,228,428,46,1,0,32.43,60.88,6.54,0.14,0
Bagmati,Chitawan,Kalika,NP03,NP0335,NP0335301,5,1261,1240,19,2,0,159,659,397,45,1,153,1077,12,15,0,4,0,0,773,471,10,4,3,0,0,0,105,8,1,24,1122,1,1115,54,66,5,20,0,0,0,1,310,943,3,0,5,0,0,1219,37,1,0,4,16,1104,122,1,18,18,1243,215,966,2,958,1132,251,749,49,591,1123,1155,633,33,5,28,46,194,467,526,2.22,3.65,15.38,37.03,41.71,779,385,86,11,0,61.78,30.53,6.82,0.87,0
Bagmati,Chitawan,Kalika,NP03,NP0335,NP0335301,6,1777,1554,209,9,5,418,892,459,7,1,342,1412,9,2,0,1,0,11,917,841,4,5,9,0,0,1,70,15,8,41,1639,4,1449,302,1,2,8,7,0,0,8,111,1614,3,0,49,0,0,1743,30,3,0,1,6,1007,762,1,1,27,1750,808,1344,63,1427,1611,511,1176,77,894,1389,1645,1131,181,13,15,91,250,592,829,0.84,5.12,14.07,33.31,46.65,904,763,108,2,0,50.87,42.94,6.08,0.11,0
Bagmati,Chitawan,Kalika,NP03,NP0335,NP0335301,7,1471,1359,96,3,13,404,684,323,32,28,229,1134,28,37,18,5,7,13,953,509,2,2,4,1,0,0,157,9,5,37,1253,10,984,350,78,10,16,29,2,0,2,279,1136,4,0,52,0,0,1457,4,3,0,7,35,678,713,30,15,20,1451,603,969,20,1059,1273,245,693,44,504,1135,1317,816,69,10,40,123,348,511,449,2.72,8.36,23.66,34.74,30.52,516,782,144,29,0,35.08,53.16,9.79,1.97,0
Bagmati,Chitawan,Kalika,NP03,NP0335,NP0335301,8,1518,1461,48,1,8,357,788,105,260,8,234,914,329,9,1,19,0,12,1280,183,42,5,1,4,0,3,513,11,25,11,940,18,288,555,193,177,136,146,17,1,5,755,726,8,12,16,0,1,1446,42,4,1,25,8,623,779,9,99,81,1437,401,782,10,1190,964,105,404,48,358,486,1053,503,11,3,288,199,419,401,211,18.97,13.11,27.6,26.42,13.9,190,717,470,126,15,12.52,47.23,30.96,8.3,0.99
Bagmati,Chitawan,Kalika,NP03,NP0335,NP0335301,9,925,872,47,4,2,438,300,124,63,0,348,510,56,3,0,7,0,1,683,195,24,5,12,3,0,3,378,7,6,10,522,2,253,418,203,1,13,12,21,0,4,535,374,0,0,16,0,0,655,243,9,1,17,8,153,653,6,105,100,825,350,356,3,705,578,72,180,25,224,79,376,249,15,0,320,97,187,186,135,34.59,10.49,20.22,20.11,14.59,124,384,347,66,4,13.41,41.51,37.51,7.14,0.43
Bagmati,Chitawan,Kalika,NP03,NP0335,NP0335301,10,505,486,18,0,1,262,48,12,173,10,269,60,150,17,3,3,0,3,364,13,89,9,29,0,0,1,391,3,7,1,95,8,107,76,0,0,25,275,22,0,0,428,75,0,0,2,0,0,239,159,4,0,103,1,102,311,8,83,171,334,81,69,0,268,187,4,25,0,37,2,57,29,0,0,368,53,50,26,8,72.87,10.5,9.9,5.15,1.58,19,43,133,251,59,3.76,8.51,26.34,49.7,11.68
Bagmati,Chitawan,Kalika,NP03,NP0335,NP0335301,11,348,348,0,0,0,324,7,0,17,0,318,8,22,0,0,0,0,0,271,0,19,0,58,0,0,0,340,1,1,0,6,0,245,15,0,0,29,58,1,0,0,348,0,0,0,0,0,0,277,70,1,0,0,1,1,300,3,43,52,296,233,18,0,292,176,3,1,0,18,0,4,3,0,0,311,27,10,0,0,89.37,7.76,2.87,0,0,0,3,261,84,0,0,0.86,75,24.14,0
Bagmati,Chitawan,Ichchha Kamana,NP03,NP0335,NP0335401,1,681,671,8,0,2,633,11,13,23,1,626,21,12,18,3,0,0,1,535,19,80,0,46,0,0,1,601,16,8,1,53,2,307,257,1,1,26,1,87,0,1,608,64,1,0,1,0,7,304,324,2,0,51,21,485,110,2,63,156,525,201,29,1,447,224,12,14,1,12,10,5,3,0,0,470,168,27,13,3,69.02,24.67,3.96,1.91,0.44,12,60,480,113,16,1.76,8.81,70.48,16.59,2.35
Bagmati,Chitawan,Ichchha Kamana,NP03,NP0335,NP0335401,2,682,678,3,0,1,629,49,0,4,0,558,113,5,4,0,1,1,0,566,44,40,1,31,0,0,0,582,29,12,3,56,0,258,399,5,0,19,0,1,0,0,611,65,1,0,5,0,0,289,383,0,0,10,30,589,38,0,25,54,628,201,17,1,599,422,177,14,2,12,10,0,0,0,0,229,312,136,5,0,33.58,45.75,19.94,0.73,0,1,194,447,39,1,0.15,28.45,65.54,5.72,0.15
Bagmati,Chitawan,Ichchha Kamana,NP03,NP0335,NP0335401,3,822,717,99,5,1,245,352,194,25,6,243,520,22,2,0,12,0,23,564,245,7,0,5,0,0,1,273,7,3,0,535,4,309,446,2,0,4,58,2,0,1,277,541,3,0,1,0,0,801,7,1,0,13,2,423,371,5,21,45,777,278,455,8,697,539,103,265,39,139,70,370,202,9,0,123,128,225,174,172,14.96,15.57,27.37,21.17,20.92,283,270,245,23,1,34.43,32.85,29.81,2.8,0.12
Bagmati,Chitawan,Ichchha Kamana,NP03,NP0335,NP0335401,4,1127,793,323,7,4,158,478,468,22,1,149,955,6,5,0,12,0,0,627,490,3,0,6,1,0,0,167,2,2,4,952,0,695,418,1,1,5,5,1,1,0,265,860,1,0,1,0,0,1113,6,2,0,6,10,1099,5,3,10,27,1100,236,645,42,801,953,161,502,49,257,83,770,456,27,5,42,99,160,467,359,3.73,8.78,14.2,41.44,31.85,813,157,152,5,0,72.14,13.93,13.49,0.44,0
Bagmati,Chitawan,Ichchha Kamana,NP03,NP0335,NP0335401,5,903,667,228,4,4,244,230,359,70,0,278,579,30,2,0,9,0,5,409,457,16,0,16,4,0,1,339,128,2,2,431,1,500,283,0,2,95,3,20,0,0,424,452,1,0,23,1,2,884,12,3,0,4,41,527,311,12,12,20,883,311,460,64,764,810,149,428,66,416,300,486,195,13,2,110,111,214,287,181,12.18,12.29,23.7,31.78,20.04,282,349,236,35,1,31.23,38.65,26.14,3.88,0.11
Bagmati,Chitawan,Ichchha Kamana,NP03,NP0335,NP0335401,6,671,663,4,4,0,520,119,3,29,0,523,110,24,5,0,9,0,0,600,22,45,0,3,1,0,0,509,18,4,3,137,0,126,515,1,0,7,21,1,0,0,570,99,0,0,0,2,0,550,107,13,1,0,17,66,517,30,41,32,639,433,114,1,549,353,12,29,15,30,12,41,23,0,0,421,120,82,38,10,62.74,17.88,12.22,5.66,1.49,13,118,470,68,2,1.94,17.59,70.04,10.13,0.3
Bagmati,Chitawan,Ichchha Kamana,NP03,NP0335,NP0335401,7,1299,1288,4,2,5,475,522,23,274,5,278,543,365,11,3,26,1,72,1176,49,60,3,9,0,0,2,564,35,18,7,666,9,108,1120,13,1,21,1,29,2,4,963,326,8,0,2,0,0,1088,131,39,1,40,15,564,525,16,179,59,1240,251,481,6,1036,853,24,197,7,264,294,535,148,0,0,341,275,450,189,44,26.25,21.17,34.64,14.55,3.39,86,536,542,123,12,6.62,41.26,41.72,9.47,0.92
Bagmati,Chitawan,Bharatpur,NP03,NP0335,NP0335101,1,2252,1413,747,66,26,298,716,1176,58,4,117,1909,21,20,1,14,1,169,933,1264,25,5,15,5,0,5,105,16,7,268,1849,7,1712,300,24,153,20,6,0,26,11,282,1951,7,3,5,0,4,2232,13,4,0,3,276,1371,562,21,22,38,2214,1442,1540,393,1364,2005,614,1467,249,1002,652,1924,1366,471,213,36,69,351,706,1090,1.6,3.06,15.59,31.35,48.4,1375,711,133,30,3,61.06,31.57,5.91,1.33,0.13
Bagmati,Chitawan,Bharatpur,NP03,NP0335,NP0335101,2,5252,2521,2661,30,40,236,2261,2711,25,19,141,5035,25,2,7,39,0,3,1670,3512,12,13,40,3,0,2,149,66,91,505,4403,38,4403,787,10,4,33,3,2,8,2,329,4855,63,0,4,0,1,5218,29,2,1,2,362,3829,1031,22,8,37,5215,2302,3858,773,3094,4893,1665,3812,434,2553,1934,4684,3388,931,300,14,49,473,1736,2980,0.27,0.93,9.01,33.05,56.74,4054,1085,104,9,0,77.19,20.66,1.98,0.17,0
Bagmati,Chitawan,Bharatpur,NP03,NP0335,NP0335101,3,4447,1683,2662,77,25,45,1446,2838,75,43,59,4229,48,8,3,97,0,3,1413,2986,10,8,24,5,0,1,176,38,41,322,3850,20,2780,419,1030,113,34,4,1,60,6,133,4289,20,1,0,0,4,4430,14,0,1,2,59,3774,578,25,11,51,4396,2677,2883,520,2826,4041,1313,2904,432,2002,1903,3760,2410,867,350,12,71,532,1564,2268,0.27,1.6,11.96,35.17,51,3490,787,153,16,1,78.48,17.7,3.44,0.36,0.02
Bagmati,Chitawan,Bharatpur,NP03,NP0335,NP0335101,4,5678,3401,2192,72,13,167,2969,2505,19,18,130,5480,20,4,3,10,9,22,2384,3239,11,14,28,1,0,1,125,45,89,461,4934,24,4374,800,199,202,83,2,1,0,17,240,5376,24,1,35,0,2,5605,64,7,0,2,80,4896,677,16,9,53,5625,1893,3777,796,3394,5233,1988,4227,448,2901,2918,4973,3625,1305,292,11,37,492,1754,3384,0.19,0.65,8.67,30.89,59.6,4353,1240,78,5,2,76.66,21.84,1.37,0.09,0.04
Bagmati,Chitawan,Bharatpur,NP03,NP0335,NP0335101,5,3435,2786,605,28,16,142,1732,1499,57,5,79,3258,14,43,13,24,2,2,1966,1415,8,24,17,4,0,1,159,30,23,352,2848,23,2539,644,129,76,40,2,0,2,3,136,3076,12,0,211,0,0,3413,18,2,0,2,75,2759,575,8,18,30,3405,986,2468,292,2112,3060,1211,2587,324,1856,2156,2839,2279,449,70,17,45,311,879,2183,0.49,1.31,9.05,25.59,63.55,2515,789,118,13,0,73.22,22.97,3.44,0.38,0
Bagmati,Chitawan,Bharatpur,NP03,NP0335,NP0335101,6,3464,2947,474,14,29,477,2029,912,36,10,287,3108,11,42,8,5,0,3,2184,1161,76,10,21,12,0,0,300,35,159,127,2816,27,841,54,2481,2,24,0,0,51,11,234,3143,28,2,56,0,1,3444,17,2,0,1,25,1881,1523,27,8,88,3376,1015,2203,99,2477,2925,768,2086,170,1559,2582,3093,2085,398,53,82,154,538,1146,1544,2.37,4.45,15.53,33.08,44.57,1100,2096,228,38,2,31.76,60.51,6.58,1.1,0.06
Bagmati,Chitawan,Bharatpur,NP03,NP0335,NP0335101,7,4620,3037,1407,159,17,71,1562,2966,15,6,102,4478,13,1,6,7,0,13,1628,2912,14,5,59,2,0,0,148,69,20,600,3761,22,3968,322,31,6,73,217,0,1,2,296,4280,15,0,29,0,0,4597,21,1,0,1,144,4191,278,2,5,22,4598,1717,3343,679,3089,4226,2125,3622,446,2917,2917,4064,3336,1124,211,6,17,310,1096,3191,0.13,0.37,6.71,23.72,69.07,3701,849,67,3,0,80.11,18.38,1.45,0.06,0
Bagmati,Chitawan,Bharatpur,NP03,NP0335,NP0335101,8,2854,2274,543,13,24,86,1701,1046,17,4,98,2719,15,7,10,3,0,2,1069,1717,15,14,37,1,0,1,166,30,38,407,2205,8,1719,431,628,8,54,9,0,2,3,306,2514,18,1,15,0,0,2779,74,0,0,1,62,2420,366,0,6,27,2827,729,2021,259,2069,2559,974,1942,201,1521,2141,2538,1904,553,75,22,40,275,820,1697,0.77,1.4,9.64,28.73,59.46,1900,845,97,12,0,66.57,29.61,3.4,0.42,0
Bagmati,Chitawan,Bharatpur,NP03,NP0335,NP0335101,9,4148,2514,1588,28,18,65,1419,2616,30,18,45,4043,7,7,5,28,0,13,1280,2823,21,4,18,1,0,1,78,34,42,407,3572,15,2773,507,842,15,7,0,0,1,3,162,3947,17,0,21,0,1,4139,8,1,0,0,27,4002,110,7,2,25,4123,1730,2806,446,2707,3970,1718,3653,365,2416,2580,3985,3074,1010,243,7,16,170,1066,2889,0.17,0.39,4.1,25.7,69.65,3539,540,57,12,0,85.32,13.02,1.37,0.29,0
Bagmati,Chitawan,Bharatpur,NP03,NP0335,NP0335101,10,6397,2936,3119,316,26,230,2440,3704,16,7,168,6190,21,1,3,12,1,1,1417,4924,5,9,31,8,0,3,129,63,63,618,5500,24,5767,526,31,10,26,7,2,27,1,217,6141,32,1,6,0,0,6341,53,2,0,1,139,5890,342,19,7,53,6344,3133,3669,1149,3858,5932,2861,5406,632,3200,2291,5612,3746,1459,436,2,32,377,2185,3801,0.03,0.5,5.89,34.16,59.42,5605,728,63,1,0,87.62,11.38,0.98,0.02,0
Bagmati,Chitawan,Bharatpur,NP03,NP0335,NP0335101,11,9651,6849,2712,47,43,461,4254,4866,57,13,226,9289,59,36,3,32,5,1,3086,6359,39,44,117,4,0,2,412,171,168,1021,7835,44,4344,980,4036,38,151,11,1,84,6,969,8490,159,6,24,1,2,9520,120,6,0,5,466,7772,1395,7,11,79,9572,4598,6547,824,6129,9056,3400,7285,637,4970,5575,8279,5722,1174,248,26,98,812,3446,5269,0.27,1.02,8.41,35.71,54.6,6611,2767,254,15,4,68.5,28.67,2.63,0.16,0.04
Bagmati,Chitawan,Bharatpur,NP03,NP0335,NP0335101,12,4318,2738,1543,22,15,85,1358,2844,15,16,62,4210,21,3,11,4,0,7,998,3281,7,6,26,0,0,0,93,35,13,535,3593,49,3340,361,566,2,22,23,0,2,2,245,4046,20,0,7,0,0,4305,13,0,0,0,49,3900,357,2,10,33,4285,2480,3169,588,3016,4090,1834,3587,434,2381,2295,3853,3032,928,266,3,25,264,1150,2876,0.07,0.58,6.11,26.63,66.6,3524,734,56,4,0,81.61,17,1.3,0.09,0
Bagmati,Chitawan,Bharatpur,NP03,NP0335,NP0335101,13,1767,1621,136,3,7,783,685,236,54,9,351,1228,19,72,48,2,0,47,1326,316,103,1,6,15,0,0,346,4,29,28,1353,7,120,55,1520,20,16,4,0,12,20,547,1099,16,0,105,0,0,1745,10,2,1,9,12,1134,576,41,4,42,1725,475,1016,11,1218,1425,259,898,29,749,1359,1616,1013,91,13,129,189,409,519,521,7.3,10.7,23.15,29.37,29.49,283,1048,343,91,2,16.02,59.31,19.41,5.15,0.11
Bagmati,Chitawan,Bharatpur,NP03,NP0335,NP0335101,14,2819,2523,252,15,29,392,1775,622,24,6,149,2613,9,40,2,2,1,3,2002,786,21,1,8,0,0,1,177,32,189,76,2322,23,362,748,1674,10,15,0,0,2,8,119,2639,15,0,45,0,1,2782,29,3,0,5,16,1524,1263,5,11,28,2791,1100,1894,33,2105,2441,639,1618,122,1176,2158,2397,1615,227,28,26,106,475,977,1235,0.92,3.76,16.85,34.66,43.81,969,1738,99,12,1,34.37,61.65,3.51,0.43,0.04
Bagmati,Chitawan,Bharatpur,NP03,NP0335,NP0335101,15,3929,3222,496,154,57,297,2548,1020,54,10,145,3689,23,42,0,12,0,18,2477,1401,15,6,29,0,0,1,186,39,57,153,3481,13,869,524,2219,234,53,17,0,1,12,286,3498,39,2,103,0,1,3905,19,3,0,2,24,2336,1523,29,17,66,3863,1126,2846,110,2774,3513,1128,2575,238,1890,2981,3632,2771,475,86,34,69,465,1322,2039,0.87,1.76,11.84,33.65,51.9,1370,2386,155,17,1,34.87,60.73,3.95,0.43,0.03
Bagmati,Chitawan,Bharatpur,NP03,NP0335,NP0335101,16,4470,3765,611,63,31,527,2783,1082,43,35,221,4026,21,23,53,40,1,85,3196,1202,26,6,21,7,0,12,284,33,35,89,3984,45,573,284,3278,88,201,21,0,24,1,572,3790,49,3,55,1,0,4433,27,7,0,3,42,3345,1064,8,11,38,4432,1137,2945,131,2901,3969,1002,2799,178,1768,3099,3843,2725,306,48,43,150,722,1585,1970,0.96,3.36,16.15,35.46,44.07,1327,2878,226,38,1,29.69,64.38,5.06,0.85,0.02
Bagmati,Chitawan,Bharatpur,NP03,NP0335,NP0335101,17,2168,1934,214,6,14,48,1670,382,47,21,43,2071,17,30,2,3,0,2,1474,637,28,3,21,2,0,3,87,11,35,80,1932,23,474,194,1447,8,16,4,0,20,5,324,1812,14,1,13,0,4,2139,17,5,0,7,23,1439,677,4,25,34,2134,451,1458,53,1242,1950,425,1326,54,928,1784,2011,1366,124,17,32,31,293,812,1000,1.48,1.43,13.51,37.45,46.13,745,1324,75,22,2,34.36,61.07,3.46,1.01,0.09
Bagmati,Chitawan,Bharatpur,NP03,NP0335,NP0335101,18,2688,2248,388,31,21,165,1925,583,10,5,71,2596,11,5,2,1,0,2,1827,828,9,3,20,1,0,0,93,27,15,15,2506,32,1313,375,961,5,25,1,1,3,4,214,2416,13,0,43,0,2,2638,47,2,0,1,65,2069,542,0,12,11,2677,1110,1603,57,1806,2396,370,1407,118,1000,1944,2273,1636,129,32,10,37,378,1205,1058,0.37,1.38,14.06,44.83,39.36,1360,1271,50,7,0,50.6,47.28,1.86,0.26,0
Bagmati,Chitawan,Bharatpur,NP03,NP0335,NP0335101,19,2170,1769,374,13,14,113,1140,882,21,14,43,2035,15,10,9,4,0,54,1033,1110,5,7,14,0,0,1,62,16,32,117,1937,6,185,71,1834,15,24,0,0,39,2,107,2023,33,2,5,0,0,2153,15,0,0,2,13,1996,155,2,4,21,2149,412,1586,114,1264,2001,543,1675,99,978,1617,2031,1522,205,43,6,27,177,657,1303,0.28,1.24,8.16,30.28,60.05,1195,919,51,5,0,55.07,42.35,2.35,0.23,0
Bagmati,Chitawan,Bharatpur,NP03,NP0335,NP0335101,20,2173,1766,377,7,23,198,1203,738,30,4,72,2073,12,14,1,0,1,0,1342,803,11,9,7,0,0,1,69,9,23,92,1978,2,719,269,1153,13,13,1,0,4,1,135,1992,12,0,34,0,0,2160,10,1,0,2,10,2073,86,0,4,17,2156,478,1705,22,1568,1964,376,1604,104,1172,1405,2008,1525,128,39,8,21,180,653,1311,0.37,0.97,8.28,30.05,60.33,1257,877,34,5,0,57.85,40.36,1.56,0.23,0
Bagmati,Chitawan,Bharatpur,NP03,NP0335,NP0335101,21,2451,2091,325,10,25,298,1635,512,6,0,200,2200,6,0,5,3,1,36,1713,700,7,5,25,0,0,1,129,20,37,20,2239,6,897,467,847,13,28,189,0,4,6,324,2052,13,0,62,0,0,2404,38,5,0,4,36,2017,372,8,18,29,2422,716,1673,53,1714,2106,442,1599,102,1060,1958,2272,1632,150,14,15,67,330,878,1161,0.61,2.73,13.46,35.82,47.37,1045,1301,100,5,0,42.64,53.08,4.08,0.2,0
Bagmati,Chitawan,Bharatpur,NP03,NP0335,NP0335101,22,1695,1517,152,6,20,148,942,503,35,67,112,1457,2,39,7,1,0,77,1134,528,22,3,7,1,0,0,131,8,11,29,1502,14,870,311,405,73,20,3,0,2,11,166,1484,6,2,37,0,0,1688,6,1,0,0,21,1216,434,4,20,24,1671,596,1245,50,868,1473,341,778,64,655,1413,1539,899,89,10,33,95,219,694,654,1.95,5.6,12.92,40.94,38.58,888,643,127,34,3,52.39,37.94,7.49,2.01,0.18
Bagmati,Chitawan,Bharatpur,NP03,NP0335,NP0335101,23,2010,1881,106,14,9,152,1461,345,48,4,123,1827,3,46,8,1,1,1,1448,459,57,4,41,0,0,1,195,29,44,15,1718,9,648,683,628,16,29,0,0,0,6,323,1656,19,1,11,0,0,1982,21,0,0,7,58,1737,194,3,18,23,1987,718,1454,79,1577,1696,232,1221,64,999,1420,1832,1001,84,9,52,56,257,751,894,2.59,2.79,12.79,37.36,44.48,1074,799,88,46,3,53.43,39.75,4.38,2.29,0.15
Bagmati,Chitawan,Bharatpur,NP03,NP0335,NP0335101,24,1371,1296,66,3,6,214,987,162,7,1,202,1136,6,9,17,0,0,1,1033,241,88,2,6,1,0,0,196,24,7,17,1119,8,669,629,0,51,8,0,0,2,12,179,1184,2,0,6,0,0,1351,4,1,0,15,2,1027,319,3,20,41,1330,524,880,5,944,1022,112,531,24,562,990,1219,588,33,8,67,84,262,546,412,4.89,6.13,19.11,39.82,30.05,775,431,141,17,7,56.53,31.44,10.28,1.24,0.51
Bagmati,Chitawan,Bharatpur,NP03,NP0335,NP0335101,25,2348,2157,161,12,18,204,1409,684,43,8,218,2073,8,42,5,1,0,1,1690,605,29,16,7,0,0,1,193,25,27,43,2055,5,1157,413,426,154,120,66,0,5,7,274,2024,19,0,31,0,0,2306,41,1,0,0,9,1683,639,3,14,5,2343,601,1628,34,1705,2126,499,1387,75,1153,1896,2153,1405,133,16,29,98,293,872,1056,1.24,4.17,12.48,37.14,44.97,1121,1054,160,13,0,47.74,44.89,6.81,0.55,0
Bagmati,Chitawan,Bharatpur,NP03,NP0335,NP0335101,26,2704,2294,333,15,62,290,1866,515,33,0,167,2444,26,21,1,43,1,1,2090,565,29,8,9,3,0,0,180,12,18,98,2390,6,489,205,1812,163,10,7,0,10,8,420,2232,11,0,41,0,0,2684,14,3,0,3,18,2082,586,4,14,46,2658,867,1923,78,1762,2370,551,1598,102,1119,2096,2434,1616,148,29,44,89,406,945,1220,1.63,3.29,15.01,34.95,45.12,691,1856,136,21,0,25.55,68.64,5.03,0.78,0
Bagmati,Chitawan,Bharatpur,NP03,NP0335,NP0335101,27,2231,2064,139,12,16,231,1596,295,88,21,254,1862,12,81,6,1,1,14,1666,489,50,8,13,0,0,5,276,18,20,20,1879,18,1318,431,409,19,37,12,0,0,5,644,1548,17,0,20,0,2,2194,31,1,0,5,110,1704,397,12,8,38,2193,701,1674,75,1857,1995,337,1340,55,987,1904,2043,1115,106,13,47,111,401,796,876,2.11,4.98,17.97,35.68,39.26,1030,952,218,30,1,46.17,42.67,9.77,1.34,0.04
Bagmati,Chitawan,Bharatpur,NP03,NP0335,NP0335101,28,1659,1582,66,2,9,213,1078,241,124,3,187,1195,6,265,5,0,0,1,1390,185,70,5,8,0,0,1,276,10,41,7,1319,6,485,139,1003,9,8,11,0,3,1,784,848,9,0,18,0,0,1648,7,3,0,1,21,1187,438,0,13,45,1614,995,889,7,1300,1342,141,552,26,494,1219,1354,491,23,2,114,151,536,534,324,6.87,9.1,32.31,32.19,19.53,353,940,304,61,1,21.28,56.66,18.32,3.68,0.06
Bagmati,Chitawan,Bharatpur,NP03,NP0335,NP0335101,29,1422,1265,128,8,21,567,517,225,101,12,301,876,159,17,3,61,1,4,1151,206,36,11,6,11,0,1,375,52,4,17,951,23,657,657,0,35,53,14,3,2,1,857,556,8,0,1,0,0,1397,13,6,0,6,10,956,351,71,34,135,1287,398,612,12,874,988,38,507,53,273,101,742,502,15,9,248,248,346,324,256,17.44,17.44,24.33,22.78,18,364,588,400,67,3,25.6,41.35,28.13,4.71,0.21
Bagmati,Chitawan,Ratnanagar,NP03,NP0335,NP0335302,1,1428,940,469,11,8,102,634,682,10,0,69,1344,4,7,2,0,0,2,267,1133,1,5,20,1,0,1,84,20,15,112,1192,5,1089,57,231,4,9,30,0,8,0,139,1281,7,0,0,1,0,1420,7,1,0,0,84,1115,224,3,2,27,1401,740,1097,272,993,1261,523,961,93,702,948,1305,934,286,73,11,34,152,383,848,0.77,2.38,10.64,26.82,59.38,1042,327,58,1,0,72.97,22.9,4.06,0.07,0
Bagmati,Chitawan,Ratnanagar,NP03,NP0335,NP0335302,2,1340,889,439,6,6,112,500,717,10,1,73,1250,1,13,0,3,0,0,266,1054,3,0,11,5,0,1,42,5,9,170,1110,4,1066,52,213,0,0,7,0,1,1,39,1297,3,0,0,0,1,1335,4,1,0,0,84,1221,33,0,2,20,1320,976,1038,248,932,1214,471,920,115,726,697,1245,943,372,62,3,24,98,369,846,0.22,1.79,7.31,27.54,63.13,1116,195,26,3,0,83.28,14.55,1.94,0.22,0
Bagmati,Chitawan,Ratnanagar,NP03,NP0335,NP0335302,3,1236,1020,203,7,6,98,463,668,7,0,110,1115,3,3,2,1,0,2,274,931,5,2,23,0,0,1,65,24,12,81,1051,3,949,98,173,1,13,0,0,1,1,89,1137,6,0,3,0,1,1234,1,0,0,1,12,1054,163,0,7,3,1233,582,1072,144,1035,1162,621,794,50,717,912,1170,935,262,82,9,17,84,303,823,0.73,1.38,6.8,24.51,66.59,933,261,37,5,0,75.49,21.12,2.99,0.4,0
Bagmati,Chitawan,Ratnanagar,NP03,NP0335,NP0335302,4,1101,855,214,6,26,162,470,416,51,2,141,907,5,41,0,4,1,2,401,659,5,22,4,10,0,0,103,14,9,31,943,1,545,67,386,0,6,94,3,0,0,110,977,11,0,3,0,0,1100,1,0,0,0,76,776,220,21,8,9,1092,427,863,49,825,980,177,559,58,395,863,1029,561,89,19,24,54,181,456,386,2.18,4.9,16.44,41.42,35.06,616,398,55,31,1,55.95,36.15,5,2.82,0.09
Bagmati,Chitawan,Ratnanagar,NP03,NP0335,NP0335302,5,955,896,47,8,4,110,636,153,51,5,84,799,10,51,5,3,0,3,535,394,8,7,8,1,0,2,127,44,31,35,709,9,213,131,580,1,29,0,0,0,1,155,708,27,1,64,0,0,950,4,0,0,1,5,139,807,1,3,14,941,420,715,22,872,857,138,465,25,451,769,808,392,41,10,13,48,217,454,223,1.36,5.03,22.72,47.54,23.35,120,703,119,13,0,12.57,73.61,12.46,1.36,0
Bagmati,Chitawan,Ratnanagar,NP03,NP0335,NP0335302,6,977,838,107,12,20,44,429,447,49,8,19,858,11,27,0,0,0,62,357,608,2,3,6,1,0,0,40,15,10,26,883,3,61,263,434,2,3,1,0,208,5,172,778,10,2,15,0,0,977,0,0,0,0,15,412,534,8,8,15,962,315,741,112,741,899,283,663,84,595,706,903,669,114,62,8,35,113,311,510,0.82,3.58,11.57,31.83,52.2,419,458,86,14,0,42.89,46.88,8.8,1.43,0
Bagmati,Chitawan,Ratnanagar,NP03,NP0335,NP0335302,7,863,783,44,10,26,131,564,103,57,8,96,674,4,60,0,1,6,22,441,409,7,4,2,0,0,0,106,10,55,30,660,2,130,229,456,0,4,0,1,41,2,228,570,9,0,54,0,2,828,29,2,0,4,11,315,514,1,22,25,838,166,597,36,634,730,171,417,44,377,723,771,418,39,8,24,70,197,301,271,2.78,8.11,22.83,34.88,31.4,193,532,110,28,0,22.36,61.65,12.75,3.24,0
Bagmati,Chitawan,Ratnanagar,NP03,NP0335,NP0335302,8,1110,993,86,8,23,118,411,514,67,0,57,998,6,41,1,6,0,1,454,643,4,5,4,0,0,0,66,10,26,48,959,1,372,229,498,1,4,1,0,5,0,120,944,6,0,40,0,0,1105,5,0,0,0,7,620,480,0,3,6,1104,161,866,42,663,1011,256,709,32,528,918,1037,648,64,23,11,37,149,419,494,0.99,3.33,13.42,37.75,44.5,542,498,57,13,0,48.83,44.86,5.14,1.17,0
Bagmati,Chitawan,Ratnanagar,NP03,NP0335,NP0335302,9,1458,1325,125,0,8,400,570,446,32,10,271,1095,3,26,3,0,4,56,687,701,39,5,11,2,0,13,149,6,37,41,1212,13,654,190,581,2,4,11,0,2,14,187,1236,10,0,24,0,1,1449,3,2,0,4,9,769,631,7,42,19,1439,298,1021,64,985,1294,358,850,67,660,1074,1289,797,130,17,65,114,252,426,601,4.46,7.82,17.28,29.22,41.22,619,607,193,33,6,42.46,41.63,13.24,2.26,0.41
Bagmati,Chitawan,Ratnanagar,NP03,NP0335,NP0335302,10,2128,1478,626,6,18,170,700,1226,32,0,128,1953,6,32,1,8,0,0,617,1483,4,10,10,3,0,1,94,12,22,186,1808,6,1483,236,393,1,11,1,0,2,1,87,2016,10,0,15,0,0,2126,2,0,0,0,64,1880,180,4,0,5,2123,664,1654,255,1275,2001,751,1665,146,1043,1496,2010,1523,401,80,10,37,173,547,1361,0.47,1.74,8.13,25.7,63.96,1665,384,69,10,0,78.24,18.05,3.24,0.47,0
Bagmati,Chitawan,Ratnanagar,NP03,NP0335,NP0335302,11,1205,1111,89,1,4,555,465,168,17,0,494,688,7,9,1,4,0,2,832,346,23,0,3,1,0,0,218,46,7,49,884,1,743,232,212,11,4,2,0,1,0,317,860,4,0,24,0,0,1196,1,5,0,3,22,952,222,4,5,8,1197,337,729,9,945,1072,331,573,31,423,794,943,614,83,9,30,136,361,329,349,2.49,11.29,29.96,27.3,28.96,364,717,107,16,1,30.21,59.5,8.88,1.33,0.08
Bagmati,Chitawan,Ratnanagar,NP03,NP0335,NP0335302,12,1923,1765,147,6,5,645,874,393,11,0,518,1353,32,10,2,0,8,0,1061,830,21,2,8,0,0,1,563,80,17,81,1180,2,1203,535,143,3,39,0,0,0,0,525,1374,7,5,12,0,0,1888,32,2,0,1,29,1349,523,8,14,31,1892,629,1235,47,1309,1757,559,1022,73,835,1206,1361,938,136,14,25,181,535,581,601,1.3,9.41,27.82,30.21,31.25,695,925,292,11,0,36.14,48.1,15.18,0.57,0
Bagmati,Chitawan,Ratnanagar,NP03,NP0335,NP0335302,13,2223,1785,416,13,9,517,984,693,29,0,402,1747,7,62,1,2,1,1,1007,1191,10,3,10,2,0,0,182,38,44,117,1833,9,1551,537,112,6,14,1,0,1,1,129,2071,6,1,16,0,0,2171,46,1,0,5,38,1726,435,12,12,13,2210,1225,1392,114,1537,2008,495,1294,104,912,1367,1742,1313,308,35,18,106,406,747,946,0.81,4.77,18.26,33.6,42.56,1297,803,118,5,0,58.34,36.12,5.31,0.22,0
Bagmati,Chitawan,Ratnanagar,NP03,NP0335,NP0335302,14,1684,1465,200,6,13,458,727,495,3,1,384,1286,2,4,2,3,1,2,866,787,8,4,14,3,0,2,156,22,16,77,1407,6,1518,93,41,1,28,2,0,0,1,136,1495,3,0,49,0,1,1663,14,5,0,2,3,1231,439,1,10,20,1664,919,1226,71,947,1465,498,1181,58,825,1249,1538,1136,188,19,18,73,275,490,828,1.07,4.33,16.33,29.1,49.17,920,667,90,7,0,54.63,39.61,5.34,0.42,0
Bagmati,Chitawan,Ratnanagar,NP03,NP0335,NP0335302,15,1554,1411,135,2,6,335,831,385,3,0,230,1317,2,1,0,2,1,1,950,597,1,1,4,1,0,0,97,11,10,21,1406,9,1401,129,6,0,17,0,0,0,1,108,1425,5,0,16,0,0,1548,4,1,0,1,13,669,867,3,2,20,1534,866,1206,25,1286,1403,382,1096,67,776,1246,1410,1057,102,9,13,58,202,570,711,0.84,3.73,13,36.68,45.75,690,795,67,2,0,44.4,51.16,4.31,0.13,0
Bagmati,Chitawan,Ratnanagar,NP03,NP0335,NP0335302,16,1218,1113,93,8,4,472,709,35,1,1,282,929,5,0,0,2,0,0,710,482,4,3,17,1,0,1,240,22,8,18,927,3,1050,146,1,1,19,0,0,0,1,277,925,1,0,15,0,0,1217,0,0,0,1,7,679,528,1,3,16,1202,827,878,22,937,1123,381,741,50,519,920,981,783,85,13,9,91,270,380,468,0.74,7.47,22.17,31.2,38.42,368,689,159,2,0,30.21,56.57,13.05,0.16,0
Bagmati,Chitawan,Khairahani,NP03,NP0335,NP0335303,1,1617,1352,245,12,8,354,679,559,23,2,276,1309,10,16,3,1,0,2,722,849,4,2,36,3,0,1,100,16,58,33,1408,2,307,76,1202,0,24,1,0,0,7,171,1383,31,0,32,0,0,1583,26,6,0,2,17,1073,507,10,10,16,1601,431,1142,78,1156,1425,387,941,87,671,1102,1460,932,170,28,21,104,277,535,680,1.3,6.43,17.13,33.09,42.05,690,785,137,5,0,42.67,48.55,8.47,0.31,0
Bagmati,Chitawan,Khairahani,NP03,NP0335,NP0335303,2,1499,1230,228,27,14,379,844,251,14,11,340,1121,4,3,3,4,0,24,827,646,2,4,19,0,0,1,130,16,3,25,1319,6,1099,50,291,1,37,18,0,1,2,181,1294,4,3,13,3,1,1496,0,2,0,1,35,878,572,6,8,16,1483,434,1115,148,979,1360,351,926,49,745,1062,1338,837,107,16,7,81,294,504,613,0.47,5.4,19.61,33.62,40.89,656,686,154,2,1,43.76,45.76,10.27,0.13,0.07
Bagmati,Chitawan,Khairahani,NP03,NP0335,NP0335303,3,1122,1013,94,12,3,292,612,213,5,0,242,868,5,3,3,0,0,1,564,533,7,6,11,0,0,1,95,12,2,8,1001,4,801,219,80,6,10,1,0,1,4,163,929,0,0,29,0,1,1120,1,0,0,1,5,301,806,3,7,21,1101,298,743,15,708,981,216,550,26,444,850,1038,665,34,4,24,76,225,467,330,2.14,6.77,20.05,41.62,29.41,359,632,123,7,1,32,56.33,10.96,0.62,0.09
Bagmati,Chitawan,Khairahani,NP03,NP0335,NP0335303,4,1117,999,74,33,11,361,464,286,6,0,334,773,4,4,0,2,0,0,743,339,7,0,27,1,0,0,173,19,6,6,910,3,809,227,17,6,36,21,0,0,1,315,787,3,1,11,0,0,1078,32,4,0,3,29,522,544,4,18,22,1095,305,761,3,717,957,159,585,37,507,802,973,732,69,21,41,112,212,392,360,3.67,10.03,18.98,35.09,32.23,409,501,196,9,2,36.62,44.85,17.55,0.81,0.18
Bagmati,Chitawan,Khairahani,NP03,NP0335,NP0335303,5,724,655,53,11,5,60,363,243,55,3,40,626,3,26,1,5,0,23,301,408,4,4,1,6,0,0,54,6,2,4,656,2,324,147,245,0,6,0,0,0,2,63,609,4,0,48,0,0,717,6,0,0,1,121,192,289,112,10,19,705,163,514,27,568,630,147,400,12,354,587,648,405,68,12,13,40,116,259,296,1.8,5.52,16.02,35.77,40.88,350,309,53,11,1,48.34,42.68,7.32,1.52,0.14
Bagmati,Chitawan,Khairahani,NP03,NP0335,NP0335303,6,1471,1214,231,25,1,127,390,928,24,2,116,1306,9,33,1,6,0,0,446,1001,5,6,7,6,0,0,112,24,21,12,1290,12,904,289,247,0,31,0,0,0,0,129,1306,17,1,18,0,0,1422,47,1,0,1,46,827,597,1,0,25,1446,612,1043,130,1065,1347,429,829,70,729,1014,1168,836,155,30,10,59,195,543,664,0.68,4.01,13.26,36.91,45.14,919,453,94,5,0,62.47,30.8,6.39,0.34,0
Bagmati,Chitawan,Khairahani,NP03,NP0335,NP0335303,7,805,766,32,5,2,37,480,220,62,6,20,700,11,52,3,6,0,13,367,420,3,2,9,2,0,2,76,12,6,52,657,2,276,193,331,1,0,0,0,0,4,104,672,15,1,13,0,0,785,19,1,0,0,12,594,192,0,7,14,791,366,606,15,540,713,166,483,16,327,671,729,392,25,7,9,38,136,270,352,1.12,4.72,16.89,33.54,43.73,437,279,76,13,0,54.29,34.66,9.44,1.61,0
Bagmati,Chitawan,Khairahani,NP03,NP0335,NP0335303,8,1965,1340,601,8,16,57,789,1104,13,2,36,1894,12,7,12,4,0,0,314,1528,4,1,117,1,0,0,185,51,5,134,1582,8,1727,142,41,3,49,1,0,0,2,276,1675,7,1,6,0,0,1958,5,2,0,0,24,1810,127,1,3,24,1941,877,1458,215,1020,1811,814,1453,195,1073,974,1729,1382,479,122,4,40,187,500,1234,0.2,2.04,9.52,25.45,62.8,1513,375,77,0,0,77,19.08,3.92,0,0
Bagmati,Chitawan,Khairahani,NP03,NP0335,NP0335303,9,1377,1214,155,6,2,120,713,505,33,6,104,1221,5,31,10,4,0,2,622,741,7,3,3,1,0,0,80,5,5,30,1254,3,820,96,442,6,4,8,0,0,1,123,1237,5,0,12,0,0,1371,5,1,0,0,152,937,284,3,1,5,1372,329,943,34,865,1273,299,874,60,678,995,1272,826,121,31,4,41,170,490,672,0.29,2.98,12.35,35.58,48.8,852,456,66,3,0,61.87,33.12,4.79,0.22,0
Bagmati,Chitawan,Khairahani,NP03,NP0335,NP0335303,10,1770,1637,92,29,12,43,721,702,299,5,33,1458,18,177,2,6,0,76,1129,599,19,16,2,5,0,0,199,15,10,5,1534,7,398,321,1041,1,6,0,0,1,2,384,1361,4,0,18,0,3,1759,8,0,0,3,62,1509,164,16,19,20,1750,1088,1281,23,1448,1518,266,1239,48,684,1495,1583,820,67,5,44,94,321,567,744,2.49,5.31,18.14,32.03,42.03,782,738,197,53,0,44.18,41.69,11.13,2.99,0
Bagmati,Chitawan,Khairahani,NP03,NP0335,NP0335303,11,774,761,11,0,2,17,430,196,127,4,19,611,36,106,0,1,0,1,585,129,56,0,3,0,0,1,111,2,7,4,637,13,303,99,364,0,6,0,0,0,2,275,460,2,0,37,0,0,763,10,0,0,1,2,410,338,1,23,9,765,670,462,3,509,653,78,569,11,248,605,680,335,8,1,46,65,144,285,234,5.94,8.4,18.6,36.82,30.23,245,386,64,79,0,31.65,49.87,8.27,10.21,0
Bagmati,Chitawan,Khairahani,NP03,NP0335,NP0335303,12,993,940,41,5,7,58,539,290,98,8,36,831,30,68,0,5,0,23,689,280,19,4,1,0,0,0,81,5,1,5,900,1,335,54,596,0,4,0,0,0,4,124,748,3,0,117,0,1,967,14,3,0,9,5,931,39,8,10,34,959,520,619,23,726,771,143,750,19,411,781,856,472,36,4,28,36,174,329,426,2.82,3.63,17.52,33.13,42.9,462,428,74,25,4,46.53,43.1,7.45,2.52,0.4
Bagmati,Chitawan,Khairahani,NP03,NP0335,NP0335303,13,1161,1098,56,2,5,57,652,279,171,2,41,897,25,131,63,2,0,2,894,247,20,0,0,0,0,0,148,10,12,20,969,2,56,210,884,0,5,4,0,1,1,135,858,5,0,163,0,0,1147,14,0,0,0,4,342,808,0,7,18,1143,1025,822,7,927,975,130,694,13,464,933,1046,573,37,5,54,84,201,447,375,4.65,7.24,17.31,38.5,32.3,203,727,177,54,0,17.48,62.62,15.25,4.65,0
Bagmati,Chitawan,Madi,NP03,NP0335,NP0335305,1,1344,1310,25,3,6,227,445,268,398,6,152,761,68,355,1,1,0,6,636,375,78,247,7,1,0,0,579,24,13,21,694,13,186,259,734,10,102,30,4,4,15,748,537,5,1,52,0,1,1175,152,6,1,10,9,682,532,14,107,27,1317,692,673,2,1115,1026,130,355,10,397,871,936,375,23,3,251,253,322,335,183,18.68,18.82,23.96,24.93,13.62,202,523,400,187,32,15.03,38.91,29.76,13.91,2.38
Bagmati,Chitawan,Madi,NP03,NP0335,NP0335305,2,978,916,19,16,27,386,356,77,156,3,170,572,49,184,2,0,1,0,560,181,36,198,2,1,0,0,323,5,8,1,634,7,39,73,295,0,28,525,11,2,5,368,406,21,1,182,0,0,879,91,6,1,1,2,505,436,8,27,20,958,319,517,5,803,686,72,303,9,254,658,719,203,1,1,139,185,329,217,108,14.21,18.92,33.64,22.19,11.04,77,421,339,122,19,7.87,43.05,34.66,12.47,1.94
Bagmati,Chitawan,Madi,NP03,NP0335,NP0335305,3,1276,1166,97,12,1,64,271,481,460,0,79,766,59,363,1,2,1,5,536,415,38,284,2,1,0,0,473,5,26,13,758,1,303,275,684,0,10,0,0,4,0,322,901,11,0,41,1,0,1173,94,9,0,0,2,784,450,22,18,28,1248,610,514,30,939,1036,156,351,19,384,860,961,308,32,4,199,202,229,399,247,15.6,15.83,17.95,31.27,19.36,505,294,313,161,3,39.58,23.04,24.53,12.62,0.24
Bagmati,Chitawan,Madi,NP03,NP0335,NP0335305,4,796,778,16,1,1,169,260,141,225,1,106,433,81,166,2,1,0,7,504,167,28,86,10,1,0,0,389,12,8,11,373,3,406,53,260,21,33,18,5,0,0,424,275,10,3,83,1,0,722,70,3,0,1,9,466,278,17,26,8,788,200,318,8,661,692,232,195,8,195,354,406,157,3,1,91,177,249,179,100,11.43,22.24,31.28,22.49,12.56,113,337,268,70,8,14.2,42.34,33.67,8.79,1.01
Bagmati,Chitawan,Madi,NP03,NP0335,NP0335305,5,924,910,7,1,6,105,464,135,220,0,142,608,94,73,5,0,0,2,582,152,47,133,10,0,0,0,284,23,12,26,575,4,191,188,324,61,62,5,91,1,1,308,540,8,6,56,0,6,808,106,4,0,6,15,639,235,7,28,36,888,411,436,7,559,662,115,296,12,223,431,619,303,13,1,125,145,203,258,193,13.53,15.69,21.97,27.92,20.89,215,407,203,85,14,23.27,44.05,21.97,9.2,1.52
Bagmati,Chitawan,Madi,NP03,NP0335,NP0335305,6,1389,1255,70,6,58,470,596,149,166,8,422,801,67,69,9,1,0,20,990,238,72,83,0,4,0,2,447,9,3,3,909,18,28,506,580,102,153,11,5,0,4,456,834,8,0,90,0,1,1248,124,13,0,4,2,1132,210,5,40,43,1346,683,665,10,936,1079,135,651,10,341,531,1029,462,12,2,154,219,338,412,266,11.09,15.77,24.33,29.66,19.15,328,644,315,94,8,23.61,46.36,22.68,6.77,0.58
Bagmati,Chitawan,Madi,NP03,NP0335,NP0335305,7,1311,1189,35,1,86,392,304,278,331,6,299,786,167,53,3,0,0,3,1037,169,57,45,2,1,0,0,444,3,1,3,853,7,249,171,610,144,137,0,0,0,0,537,662,3,0,108,0,1,1181,108,1,0,21,5,1163,121,4,18,15,1296,534,649,3,846,988,110,498,15,324,410,952,422,8,2,147,208,389,347,220,11.21,15.87,29.67,26.47,16.78,198,709,305,89,10,15.1,54.08,23.26,6.79,0.76
Bagmati,Chitawan,Madi,NP03,NP0335,NP0335305,8,756,731,11,4,10,173,256,80,244,3,43,383,211,91,3,3,0,22,536,75,136,7,2,0,0,0,361,8,19,3,359,6,96,120,328,88,103,11,8,0,2,468,277,0,0,11,0,0,587,135,2,0,32,5,581,84,19,67,79,677,216,256,2,550,482,46,223,4,141,208,401,170,4,11,204,125,206,129,92,26.98,16.53,27.25,17.06,12.17,58,319,213,136,30,7.67,42.2,28.17,17.99,3.97
Bagmati,Chitawan,Madi,NP03,NP0335,NP0335305,9,1346,1316,26,2,2,111,256,31,936,12,75,355,750,140,2,3,3,18,872,68,393,10,0,0,0,3,928,17,21,3,375,2,117,535,474,95,41,23,59,0,2,1110,203,3,0,30,0,0,624,588,7,0,127,10,627,418,21,270,158,1188,338,290,5,904,754,40,196,6,127,275,386,171,1,0,668,256,247,125,50,49.63,19.02,18.35,9.29,3.71,55,286,443,438,124,4.09,21.25,32.91,32.54,9.21
Gandaki,Gorkha,Chumanubri,NP04,NP0436,NP0436401,1,207,201,3,2,1,200,3,4,0,0,199,8,0,0,0,0,0,0,114,6,1,0,84,2,0,0,32,142,2,0,31,0,113,83,0,0,2,9,0,0,0,186,8,0,1,1,11,0,193,10,0,0,4,12,47,76,13,59,77,130,5,36,6,103,52,3,4,0,0,0,1,1,2,0,146,47,9,5,0,70.53,22.71,4.35,2.42,0,0,25,173,9,0,0,12.08,83.57,4.35,0
Gandaki,Gorkha,Chumanubri,NP04,NP0436,NP0436401,2,220,216,3,1,0,215,4,1,0,0,182,4,33,0,0,0,0,1,171,3,0,0,15,31,0,0,14,203,0,1,2,0,99,41,0,13,38,11,18,0,0,216,3,1,0,0,0,0,203,17,0,0,0,0,79,26,4,111,91,129,2,14,4,100,66,1,5,0,0,0,0,0,1,0,174,40,5,0,1,79.09,18.18,2.27,0,0.45,0,7,157,56,0,0,3.18,71.36,25.45,0
Gandaki,Gorkha,Chumanubri,NP04,NP0436,NP0436401,3,709,663,24,3,19,526,126,23,31,3,505,132,57,13,0,2,0,0,448,53,30,0,176,2,0,0,77,470,18,5,132,7,576,112,0,0,1,19,0,0,1,562,145,0,0,1,0,1,640,66,0,1,2,156,151,285,93,24,272,437,2,173,7,414,128,8,16,0,1,0,0,45,0,0,405,155,96,45,8,57.12,21.86,13.54,6.35,1.13,50,224,414,21,0,7.05,31.59,58.39,2.96,0
Gandaki,Gorkha,Chumanubri,NP04,NP0436,NP0436401,4,192,191,0,0,1,191,1,0,0,0,191,1,0,0,0,0,0,0,177,1,0,0,0,14,0,0,17,174,0,0,1,0,94,24,0,0,0,73,0,0,1,192,0,0,0,0,0,0,192,0,0,0,0,2,36,114,4,36,86,106,4,12,2,45,79,1,2,0,1,0,0,2,0,0,155,34,3,0,0,80.73,17.71,1.56,0,0,0,2,161,29,0,0,1.04,83.85,15.1,0
Gandaki,Gorkha,Chumanubri,NP04,NP0436,NP0436401,5,203,195,8,0,0,192,2,1,8,0,192,5,6,0,0,0,0,0,197,1,0,0,1,4,0,0,93,95,13,1,1,0,149,54,0,0,0,0,0,0,0,185,18,0,0,0,0,0,176,20,0,0,7,32,10,136,8,17,148,55,19,16,5,19,26,1,1,0,0,0,0,0,0,0,163,38,1,0,1,80.3,18.72,0.49,0,0.49,1,13,187,2,0,0.49,6.4,92.12,0.99,0
Gandaki,Gorkha,Chumanubri,NP04,NP0436,NP0436401,6,257,257,0,0,0,255,2,0,0,0,255,0,0,2,0,0,0,0,131,1,4,0,62,59,0,0,15,240,1,1,0,0,187,68,0,0,0,0,1,0,1,256,1,0,0,0,0,0,103,152,1,0,1,3,111,142,0,1,87,170,3,21,1,170,20,0,9,0,0,0,1,0,0,0,236,18,3,0,0,91.83,7,1.17,0,0,0,1,249,7,0,0,0.39,96.89,2.72,0
Gandaki,Gorkha,Chumanubri,NP04,NP0436,NP0436401,7,280,274,0,3,3,279,0,1,0,0,278,2,0,0,0,0,0,0,183,0,0,0,97,0,0,0,275,1,0,0,3,1,182,75,0,0,5,1,13,2,2,269,10,1,0,0,0,0,237,41,0,0,2,9,231,7,0,33,58,222,23,135,7,161,138,1,29,0,0,0,0,5,3,0,105,146,27,2,0,37.5,52.14,9.64,0.71,0,0,12,248,19,1,0,4.29,88.57,6.79,0.36
Gandaki,Gorkha,Ajirkot,NP04,NP0436,NP0436402,1,415,412,3,0,0,333,64,16,2,0,340,69,4,0,0,2,0,0,404,9,1,0,1,0,0,0,228,3,0,0,183,1,232,172,0,0,0,4,1,0,6,398,15,1,0,1,0,0,403,8,0,0,4,7,378,26,0,4,38,377,98,136,0,357,249,2,3,0,5,0,0,3,0,0,99,206,101,8,1,23.86,49.64,24.34,1.93,0.24,6,167,238,4,0,1.45,40.24,57.35,0.96,0
Gandaki,Gorkha,Ajirkot,NP04,NP0436,NP0436402,2,516,513,2,1,0,317,197,0,2,0,395,117,2,0,1,1,0,0,498,11,0,0,7,0,0,0,335,23,3,0,155,0,83,429,0,0,4,0,0,0,0,498,18,0,0,0,0,0,513,3,0,0,0,13,377,123,0,3,27,489,205,334,4,441,354,15,5,3,23,4,1,6,1,0,84,234,183,15,0,16.28,45.35,35.47,2.91,0,5,172,339,0,0,0.97,33.33,65.7,0,0
Gandaki,Gorkha,Ajirkot,NP04,NP0436,NP0436402,3,917,847,64,0,6,588,222,83,24,0,437,416,10,1,0,52,0,1,789,108,1,2,17,0,0,0,174,36,38,3,651,15,101,794,0,1,9,8,0,0,4,695,203,1,0,17,1,0,886,25,3,0,3,13,620,282,1,1,30,887,338,545,17,846,444,27,52,6,27,3,16,31,2,0,96,344,353,106,18,10.47,37.51,38.5,11.56,1.96,119,485,309,4,0,12.98,52.89,33.7,0.44,0
Gandaki,Gorkha,Ajirkot,NP04,NP0436,NP0436402,4,864,847,13,2,2,435,370,38,20,1,377,446,13,0,1,24,0,3,733,121,0,1,8,1,0,0,95,14,2,0,750,3,152,707,0,0,5,0,0,0,0,641,218,1,0,4,0,0,813,42,1,0,8,16,655,189,3,1,85,779,207,364,4,690,425,10,24,0,61,3,53,52,0,0,58,305,357,124,20,6.71,35.3,41.32,14.35,2.31,136,581,139,8,0,15.74,67.25,16.09,0.93,0
Gandaki,Gorkha,Ajirkot,NP04,NP0436,NP0436402,5,910,881,28,0,1,382,471,20,36,1,330,517,11,3,2,46,0,1,840,57,1,0,9,2,0,1,180,16,5,4,700,5,150,625,0,0,17,114,3,0,1,758,147,0,0,5,0,0,845,54,6,1,4,25,448,370,53,14,57,853,206,285,3,797,242,8,14,4,15,2,4,19,2,1,115,272,467,50,6,12.64,29.89,51.32,5.49,0.66,51,546,282,28,3,5.6,60,30.99,3.08,0.33
Gandaki,Gorkha,Barpak Sulikot,NP04,NP0436,NP0436403,1,411,388,22,0,1,170,47,182,12,0,125,245,22,2,0,17,0,0,253,154,2,1,1,0,0,0,146,4,13,2,245,1,284,116,0,0,4,1,2,0,4,271,140,0,0,0,0,0,398,9,0,0,4,121,262,7,4,17,28,383,11,216,2,225,293,9,184,0,8,2,1,41,1,0,52,82,119,140,18,12.65,19.95,28.95,34.06,4.38,124,151,126,10,0,30.17,36.74,30.66,2.43,0
Gandaki,Gorkha,Barpak Sulikot,NP04,NP0436,NP0436403,2,922,897,2,0,23,467,176,161,116,2,469,314,29,1,2,105,1,1,687,227,0,2,4,2,0,0,550,37,7,6,318,4,697,215,0,1,4,3,0,1,1,638,280,1,0,3,0,0,919,3,0,0,0,528,97,171,118,8,93,829,57,439,15,712,535,32,207,29,15,15,24,89,1,3,263,258,193,178,30,28.52,27.98,20.93,19.31,3.25,204,192,494,32,0,22.13,20.82,53.58,3.47,0
Gandaki,Gorkha,Barpak Sulikot,NP04,NP0436,NP0436403,3,846,826,18,1,1,611,215,12,8,0,564,265,8,0,0,9,0,0,797,41,3,0,5,0,0,0,473,16,6,3,344,4,426,392,0,0,5,23,0,0,0,761,83,1,0,1,0,0,824,22,0,0,0,35,253,547,2,9,127,719,278,274,4,622,374,9,223,4,26,0,0,7,0,1,331,257,120,135,3,39.13,30.38,14.18,15.96,0.35,23,270,526,27,0,2.72,31.91,62.17,3.19,0
Gandaki,Gorkha,Barpak Sulikot,NP04,NP0436,NP0436403,4,1386,1351,34,0,1,608,590,163,23,2,647,705,20,3,0,11,0,0,1225,157,1,1,1,1,0,0,509,30,13,2,822,10,553,701,0,1,7,118,4,0,2,1262,103,0,0,16,5,0,1356,28,0,0,2,21,1173,177,5,10,204,1182,392,379,9,1094,353,18,3,4,24,2,4,25,0,0,289,448,587,61,1,20.85,32.32,42.35,4.4,0.07,27,837,504,18,0,1.95,60.39,36.36,1.3,0
Gandaki,Gorkha,Barpak Sulikot,NP04,NP0436,NP0436403,5,578,569,5,1,3,327,232,18,1,0,269,300,4,0,0,5,0,0,491,77,0,1,8,1,0,0,140,17,1,6,412,2,259,303,0,3,4,9,0,0,0,429,144,3,0,1,1,0,544,30,4,0,0,19,537,20,0,2,28,550,194,293,3,471,243,15,10,3,15,1,31,41,0,1,51,188,263,70,6,8.82,32.53,45.5,12.11,1.04,68,400,109,1,0,11.76,69.2,18.86,0.17,0
Gandaki,Gorkha,Barpak Sulikot,NP04,NP0436,NP0436403,6,1030,983,40,5,2,198,653,158,19,2,152,846,15,0,1,16,0,0,745,267,1,1,16,0,0,0,140,17,15,1,856,1,310,233,0,9,41,437,0,0,0,791,234,3,0,0,1,1,1002,19,3,0,6,5,921,77,2,25,77,953,198,466,3,789,535,31,38,0,25,8,14,13,0,0,108,111,636,164,11,10.49,10.78,61.75,15.92,1.07,159,633,204,32,2,15.44,61.46,19.81,3.11,0.19
Gandaki,Gorkha,Barpak Sulikot,NP04,NP0436,NP0436403,7,511,500,8,2,1,195,303,8,5,0,198,307,3,0,2,1,0,0,408,96,0,0,5,2,0,0,162,32,4,2,285,26,477,29,0,1,3,1,0,0,0,221,289,1,0,0,0,0,494,14,2,1,0,18,440,48,0,5,34,477,138,187,7,424,237,8,9,0,8,0,7,3,0,0,47,132,234,97,1,9.2,25.83,45.79,18.98,0.2,122,297,91,1,0,23.87,58.12,17.81,0.2,0
Gandaki,Gorkha,Barpak Sulikot,NP04,NP0436,NP0436403,8,599,587,7,0,5,134,399,65,1,0,197,394,3,1,0,4,0,0,504,89,2,0,4,0,0,0,107,3,2,1,486,0,453,73,0,0,2,71,0,0,0,472,125,2,0,0,0,0,594,2,2,0,1,4,562,28,5,0,38,561,262,318,3,500,320,8,143,0,32,0,3,23,0,0,61,83,291,151,13,10.18,13.86,48.58,25.21,2.17,101,376,120,2,0,16.86,62.77,20.03,0.33,0
Gandaki,Gorkha,Dharche,NP04,NP0436,NP0436404,1,234,231,3,0,0,230,4,0,0,0,194,27,12,0,1,0,0,0,209,2,0,0,21,2,0,0,162,19,2,0,51,0,50,120,0,0,0,64,0,0,0,226,7,0,0,0,1,0,229,4,0,0,1,55,19,140,1,19,88,146,2,57,0,133,45,0,0,1,2,0,0,13,0,0,159,58,15,2,0,67.95,24.79,6.41,0.85,0,0,23,169,42,0,0,9.83,72.22,17.95,0
Gandaki,Gorkha,Dharche,NP04,NP0436,NP0436404,2,724,718,4,2,0,309,388,5,21,1,399,295,19,2,0,9,0,0,688,31,0,1,2,1,0,1,474,77,0,1,167,5,303,229,0,0,2,187,0,0,3,706,13,1,0,0,4,0,627,97,0,0,0,15,511,181,0,17,145,579,47,182,3,521,239,12,61,1,1,0,1,0,0,0,236,234,240,14,0,32.6,32.32,33.15,1.93,0,2,269,438,15,0,0.28,37.15,60.5,2.07,0
Gandaki,Gorkha,Dharche,NP04,NP0436,NP0436404,3,527,513,9,4,1,432,92,1,2,0,447,68,4,1,0,6,1,0,460,17,4,0,41,5,0,0,440,16,2,1,67,1,308,219,0,0,0,0,0,0,0,479,48,0,0,0,0,0,450,73,1,0,3,44,89,378,0,16,109,418,34,159,11,348,151,13,7,0,3,0,0,1,0,0,327,132,52,16,0,62.05,25.05,9.87,3.04,0,19,62,440,6,0,3.61,11.76,83.49,1.14,0
Gandaki,Gorkha,Dharche,NP04,NP0436,NP0436404,4,596,591,5,0,0,538,45,8,4,1,494,39,43,1,0,19,0,0,521,10,1,4,1,59,0,0,521,6,1,3,64,1,191,387,0,0,0,17,0,0,1,568,28,0,0,0,0,0,586,8,0,0,2,58,368,42,84,44,66,530,68,149,3,485,334,8,8,4,15,1,0,2,0,0,264,265,54,11,2,44.3,44.46,9.06,1.85,0.34,8,70,490,28,0,1.34,11.74,82.21,4.7,0
Gandaki,Gorkha,Dharche,NP04,NP0436,NP0436404,5,665,642,17,2,4,381,210,62,12,0,438,204,8,1,0,14,0,0,597,67,0,0,1,0,0,0,517,26,5,0,117,0,164,495,0,1,2,1,1,0,1,541,123,0,0,0,0,1,568,96,0,0,1,29,607,26,0,3,97,568,51,189,5,512,115,5,23,2,19,3,8,17,0,0,201,340,75,36,13,30.23,51.13,11.28,5.41,1.95,51,235,373,5,1,7.67,35.34,56.09,0.75,0.15
Gandaki,Gorkha,Dharche,NP04,NP0436,NP0436404,6,543,530,12,0,1,488,49,2,3,1,483,52,3,0,0,4,0,1,523,7,0,0,12,0,0,1,424,9,2,2,105,1,487,41,0,1,7,6,0,0,1,541,1,0,0,0,0,1,531,10,0,0,2,120,419,2,0,2,87,456,91,125,1,383,287,4,0,1,4,0,0,2,0,0,191,283,69,0,0,35.17,52.12,12.71,0,0,0,118,422,2,1,0,21.73,77.72,0.37,0.18
Gandaki,Gorkha,Dharche,NP04,NP0436,NP0436404,7,519,515,4,0,0,460,34,10,15,0,387,55,72,1,0,4,0,0,506,12,0,0,1,0,0,0,399,13,1,4,101,1,36,333,0,0,2,148,0,0,0,487,32,0,0,0,0,0,492,26,0,0,1,33,469,14,0,3,151,368,29,92,7,332,231,4,172,0,0,0,0,2,0,0,232,172,104,11,0,44.7,33.14,20.04,2.12,0,6,122,387,4,0,1.16,23.51,74.57,0.77,0
Gandaki,Gorkha,Aarughat,NP04,NP0436,NP0436406,1,1086,1079,4,2,1,745,331,1,7,2,818,250,6,0,0,10,0,2,1048,28,0,1,7,2,0,0,621,13,7,14,423,8,494,490,0,1,6,93,0,0,2,1020,63,1,0,0,2,0,1040,38,0,0,8,99,424,545,3,15,175,911,165,171,6,716,504,5,18,2,6,0,2,14,0,0,371,431,261,22,1,34.16,39.69,24.03,2.03,0.09,9,370,639,68,0,0.83,34.07,58.84,6.26,0
Gandaki,Gorkha,Aarughat,NP04,NP0436,NP0436406,2,571,566,3,0,2,219,324,23,5,0,201,365,2,0,0,3,0,0,466,103,0,0,2,0,0,0,90,10,2,0,464,5,149,420,0,0,1,0,0,0,1,520,51,0,0,0,0,0,569,2,0,0,0,4,503,53,0,11,57,514,100,265,6,465,138,3,2,0,7,3,15,13,0,1,55,162,321,31,2,9.63,28.37,56.22,5.43,0.35,29,448,92,2,0,5.08,78.46,16.11,0.35,0
Gandaki,Gorkha,Aarughat,NP04,NP0436,NP0436406,3,531,505,25,1,0,214,249,47,17,4,235,260,11,0,0,24,0,1,467,54,2,0,6,2,0,0,170,16,4,0,337,4,85,441,0,0,3,0,1,0,1,404,126,0,0,1,0,0,518,7,0,0,6,3,75,443,0,10,32,499,172,202,1,454,226,13,12,8,32,25,51,42,0,0,122,134,207,59,9,22.98,25.24,38.98,11.11,1.69,47,248,214,22,0,8.85,46.7,40.3,4.14,0
Gandaki,Gorkha,Aarughat,NP04,NP0436,NP0436406,4,677,648,26,1,2,198,374,99,6,0,181,484,1,0,1,10,0,0,528,137,0,2,10,0,0,0,110,19,5,3,536,4,350,314,0,1,7,2,2,0,1,433,241,0,0,3,0,0,665,5,5,0,2,7,364,303,0,3,59,618,144,299,15,520,352,4,73,90,18,1,51,39,1,0,63,123,310,117,64,9.31,18.17,45.79,17.28,9.45,126,409,133,9,0,18.61,60.41,19.65,1.33,0
Gandaki,Gorkha,Aarughat,NP04,NP0436,NP0436406,5,550,542,2,0,6,204,312,17,17,0,210,318,4,1,1,16,0,0,475,61,0,0,12,2,0,0,161,26,2,0,356,5,373,142,0,0,32,0,3,0,0,418,123,1,0,8,0,0,528,17,2,0,3,33,233,284,0,0,48,502,161,333,9,385,209,2,7,0,11,3,63,14,0,0,65,154,268,59,4,11.82,28,48.73,10.73,0.73,61,300,184,5,0,11.09,54.55,33.45,0.91,0
Gandaki,Gorkha,Aarughat,NP04,NP0436,NP0436406,6,481,478,1,0,2,296,181,2,2,0,267,205,0,1,0,8,0,0,417,48,2,1,12,1,0,0,187,18,4,1,271,0,154,307,0,1,17,2,0,0,0,358,116,2,0,5,0,0,447,24,5,0,5,38,398,34,1,10,54,427,158,200,13,392,242,6,1,0,22,2,16,1,1,0,66,185,163,65,2,13.72,38.46,33.89,13.51,0.42,83,195,197,5,1,17.26,40.54,40.96,1.04,0.21
Gandaki,Gorkha,Aarughat,NP04,NP0436,NP0436406,7,551,546,1,0,4,396,124,28,3,0,138,409,1,0,0,3,0,0,511,32,4,0,4,0,0,0,43,4,0,0,503,1,91,31,0,0,44,378,7,0,0,441,103,0,0,1,6,0,533,11,6,0,1,27,431,86,1,6,55,496,98,269,0,428,299,5,112,1,13,1,20,9,0,0,25,164,304,57,1,4.54,29.76,55.17,10.34,0.18,14,256,270,11,0,2.54,46.46,49,2,0
Gandaki,Gorkha,Aarughat,NP04,NP0436,NP0436406,8,522,511,10,0,1,248,238,36,0,0,91,421,5,0,0,5,0,0,475,44,0,0,2,1,0,0,40,4,5,2,464,7,292,153,0,0,3,73,0,0,1,408,105,3,0,5,1,0,496,20,3,0,3,3,350,161,0,8,8,514,144,277,4,439,263,30,5,3,50,3,106,46,0,0,26,95,321,66,14,4.98,18.2,61.49,12.64,2.68,42,395,79,5,1,8.05,75.67,15.13,0.96,0.19
Gandaki,Gorkha,Aarughat,NP04,NP0436,NP0436406,9,847,556,282,8,1,60,507,214,52,14,38,675,5,2,1,124,2,0,282,553,3,0,5,4,0,0,48,19,3,2,770,5,547,286,0,0,3,9,0,0,2,98,746,2,0,1,0,0,833,14,0,0,0,6,426,402,5,8,19,828,70,572,87,531,639,124,246,29,181,35,613,394,11,0,18,56,208,364,201,2.13,6.61,24.56,42.98,23.73,506,207,119,15,0,59.74,24.44,14.05,1.77,0
Gandaki,Gorkha,Aarughat,NP04,NP0436,NP0436406,10,360,356,2,2,0,128,198,26,8,0,117,228,2,0,0,13,0,0,263,96,0,0,1,0,0,0,30,3,1,0,325,1,326,31,0,0,2,1,0,0,0,270,85,1,0,3,0,1,359,0,1,0,0,0,77,280,1,2,15,345,92,267,0,310,10,10,4,1,26,5,125,86,0,1,27,81,195,53,4,7.5,22.5,54.17,14.72,1.11,44,208,104,4,0,12.22,57.78,28.89,1.11,0
Gandaki,Gorkha,Bhimsenthapa,NP04,NP0436,NP0436407,1,1019,982,28,7,2,283,665,66,2,3,165,833,3,0,9,8,0,1,706,292,0,2,19,0,0,0,113,12,1,1,890,2,553,70,0,1,4,391,0,0,0,798,217,2,0,2,0,0,1003,13,3,0,0,6,935,72,0,6,28,991,413,539,10,938,435,52,188,8,73,19,203,145,1,1,51,154,585,169,60,5,15.11,57.41,16.58,5.89,56,796,158,8,1,5.5,78.12,15.51,0.79,0.1
Gandaki,Gorkha,Bhimsenthapa,NP04,NP0436,NP0436407,2,480,476,4,0,0,135,308,36,1,0,109,369,2,0,0,0,0,0,325,148,1,0,6,0,0,0,70,7,2,0,399,2,421,41,0,0,18,0,0,0,0,396,83,0,0,1,0,0,472,8,0,0,0,14,452,14,0,0,1,479,336,316,4,470,135,0,42,6,40,8,17,1,0,5,15,90,292,82,1,3.13,18.75,60.83,17.08,0.21,68,352,60,0,0,14.17,73.33,12.5,0,0
Gandaki,Gorkha,Bhimsenthapa,NP04,NP0436,NP0436407,3,505,491,10,1,3,95,358,45,4,3,180,305,0,4,0,16,0,0,445,51,0,2,7,0,0,0,64,7,1,0,433,0,287,191,0,0,4,22,0,0,1,385,118,1,0,1,0,0,499,5,1,0,0,11,438,51,0,5,35,470,294,283,2,453,249,14,4,2,29,8,41,17,0,1,33,96,280,84,12,6.53,19.01,55.45,16.63,2.38,92,334,69,10,0,18.22,66.14,13.66,1.98,0
Gandaki,Gorkha,Bhimsenthapa,NP04,NP0436,NP0436407,4,850,842,6,1,1,569,222,33,26,0,461,344,5,1,4,35,0,0,765,81,1,1,1,1,0,0,363,12,5,0,464,6,294,331,0,39,29,128,29,0,0,692,151,0,0,2,5,0,836,5,7,0,2,5,747,90,0,8,43,807,471,466,4,696,359,21,44,4,48,16,170,44,1,0,165,291,308,68,18,19.41,34.24,36.24,8,2.12,47,341,438,23,1,5.53,40.12,51.53,2.71,0.12
Gandaki,Gorkha,Bhimsenthapa,NP04,NP0436,NP0436407,5,448,447,1,0,0,151,248,44,3,2,150,291,0,0,2,5,0,0,314,122,0,0,11,1,0,0,163,5,1,0,277,2,214,194,0,0,4,36,0,0,0,294,153,0,0,0,1,0,423,25,0,0,0,6,436,5,0,1,7,441,190,296,6,391,262,16,169,3,32,1,116,90,1,1,25,99,152,138,34,5.58,22.1,33.93,30.8,7.59,114,212,118,3,1,25.45,47.32,26.34,0.67,0.22
Gandaki,Gorkha,Bhimsenthapa,NP04,NP0436,NP0436407,6,783,776,6,0,1,520,187,66,5,5,467,307,3,0,1,4,0,1,621,147,3,0,11,0,0,1,318,16,3,1,437,8,559,198,0,0,22,1,1,0,2,615,162,0,0,6,0,0,768,15,0,0,0,210,534,31,5,3,66,717,426,465,22,660,280,17,142,1,29,7,69,43,4,0,107,268,306,90,12,13.67,34.23,39.08,11.49,1.53,89,375,316,2,1,11.37,47.89,40.36,0.26,0.13
Gandaki,Gorkha,Bhimsenthapa,NP04,NP0436,NP0436407,7,507,501,5,0,1,424,42,30,11,0,415,78,8,6,0,0,0,0,452,40,1,0,14,0,0,0,295,14,3,0,194,1,237,145,0,2,1,122,0,0,0,378,111,0,0,18,0,0,492,11,2,0,2,0,227,280,0,0,15,492,339,335,2,444,306,26,185,8,57,20,223,71,1,1,122,189,121,61,14,24.06,37.28,23.87,12.03,2.76,13,133,342,19,0,2.56,26.23,67.46,3.75,0
Gandaki,Gorkha,Bhimsenthapa,NP04,NP0436,NP0436407,8,647,643,4,0,0,367,234,44,1,1,367,277,2,0,1,0,0,0,499,118,5,0,24,1,0,0,349,8,1,2,276,11,361,166,0,1,9,110,0,0,0,487,146,0,0,14,0,0,625,15,3,0,4,52,476,118,0,1,21,626,282,418,3,539,318,11,186,2,47,4,257,84,1,0,131,192,165,131,28,20.25,29.68,25.5,20.25,4.33,60,257,320,9,1,9.27,39.72,49.46,1.39,0.15
Gandaki,Gorkha,Siranchowk,NP04,NP0436,NP0436405,1,523,513,8,0,2,429,87,4,2,1,416,104,1,0,0,1,0,1,464,23,0,0,35,0,0,1,364,0,2,0,154,3,490,0,0,0,1,32,0,0,0,500,23,0,0,0,0,0,523,0,0,0,0,0,30,493,0,0,29,494,153,136,2,441,196,4,3,1,7,0,0,2,0,1,319,107,89,7,1,60.99,20.46,17.02,1.34,0.19,4,99,403,16,1,0.76,18.93,77.06,3.06,0.19
Gandaki,Gorkha,Siranchowk,NP04,NP0436,NP0436405,2,663,650,10,2,1,498,159,4,1,1,487,172,0,1,1,2,0,0,563,58,3,1,38,0,0,0,309,14,3,1,322,14,178,377,0,0,13,91,2,0,2,566,90,1,0,3,3,0,658,3,0,0,2,31,596,28,0,8,34,629,312,369,10,555,302,4,2,3,20,0,23,23,5,0,113,334,164,42,10,17.04,50.38,24.74,6.33,1.51,46,268,340,9,0,6.94,40.42,51.28,1.36,0
Gandaki,Gorkha,Siranchowk,NP04,NP0436,NP0436405,3,822,811,10,0,1,217,566,26,9,4,193,610,6,0,0,13,0,0,716,95,1,1,7,2,0,0,123,9,7,3,665,15,430,187,0,2,6,192,5,0,0,581,219,0,6,16,0,0,803,10,6,0,3,15,715,86,2,4,29,793,432,476,5,626,423,10,36,6,45,8,93,70,1,0,59,123,452,174,14,7.18,14.96,54.99,21.17,1.7,131,533,145,12,1,15.94,64.84,17.64,1.46,0.12
Gandaki,Gorkha,Siranchowk,NP04,NP0436,NP0436405,4,773,751,17,1,4,143,529,81,19,1,122,628,5,10,0,7,1,0,495,266,2,0,10,0,0,0,92,3,8,4,660,6,192,272,0,1,17,291,0,0,0,484,254,1,0,32,2,0,763,6,1,0,3,4,717,48,0,4,34,739,228,403,5,646,470,29,65,11,49,4,307,120,1,1,58,80,395,197,43,7.5,10.35,51.1,25.49,5.56,158,480,121,14,0,20.44,62.1,15.65,1.81,0
Gandaki,Gorkha,Siranchowk,NP04,NP0436,NP0436405,5,790,760,30,0,0,255,514,18,3,0,170,612,4,0,0,4,0,0,581,205,0,0,4,0,0,0,156,13,4,0,616,1,300,462,0,0,4,24,0,0,0,597,190,1,0,2,0,0,779,6,1,0,4,2,712,67,1,8,63,727,215,299,4,585,278,23,40,2,31,2,37,9,0,0,91,124,432,128,15,11.52,15.7,54.68,16.2,1.9,168,460,157,5,0,21.27,58.23,19.87,0.63,0
Gandaki,Gorkha,Siranchowk,NP04,NP0436,NP0436405,6,874,819,49,1,5,251,501,108,14,0,227,618,12,9,0,8,0,0,580,234,8,13,38,0,0,1,166,12,3,1,688,4,538,283,0,1,4,4,44,0,0,517,340,2,1,13,1,0,837,14,10,1,12,7,710,135,8,14,46,828,339,433,3,689,515,43,212,5,84,6,356,155,1,0,78,135,351,229,81,8.92,15.45,40.16,26.2,9.27,255,423,184,12,0,29.18,48.4,21.05,1.37,0
Gandaki,Gorkha,Siranchowk,NP04,NP0436,NP0436405,7,705,677,20,1,7,355,334,1,15,0,361,317,9,0,2,13,2,1,578,92,2,0,32,1,0,0,408,47,2,0,245,3,541,150,0,1,4,8,1,0,0,574,126,1,0,2,1,1,670,25,2,0,8,21,672,8,0,4,40,665,226,371,34,628,346,42,157,179,19,143,114,29,40,19,127,157,251,127,43,18.01,22.27,35.6,18.01,6.1,64,321,313,6,1,9.08,45.53,44.4,0.85,0.14
Gandaki,Gorkha,Siranchowk,NP04,NP0436,NP0436405,8,808,786,19,2,1,397,313,72,24,2,393,383,17,1,0,14,0,0,616,154,4,1,31,2,0,0,369,28,3,0,405,3,503,240,0,13,20,29,0,0,3,630,177,0,0,0,1,0,793,11,4,0,0,34,408,356,5,5,50,758,146,335,7,703,200,16,14,6,27,1,59,14,0,0,265,150,308,82,3,32.8,18.56,38.12,10.15,0.37,87,319,388,13,1,10.77,39.48,48.02,1.61,0.12
Gandaki,Gorkha,Palungtar,NP04,NP0436,NP0436301,1,950,919,18,3,10,270,574,80,25,1,143,772,11,9,0,15,0,0,813,115,8,2,12,0,0,0,152,10,7,3,768,10,120,312,0,29,99,372,18,0,0,729,176,2,0,38,5,0,922,10,8,0,10,4,287,625,3,31,55,895,359,511,6,787,509,13,52,7,64,9,304,120,0,1,91,188,530,121,20,9.58,19.79,55.79,12.74,2.11,45,507,338,53,7,4.74,53.37,35.58,5.58,0.74
Gandaki,Gorkha,Palungtar,NP04,NP0436,NP0436301,2,1160,1149,11,0,0,520,577,50,12,1,404,733,5,4,0,13,0,1,1040,71,2,0,47,0,0,0,281,19,4,4,846,6,477,605,0,1,14,53,7,0,3,961,169,1,0,27,2,0,1132,12,9,4,3,14,255,879,4,8,43,1117,562,602,8,967,614,17,60,3,52,2,76,86,0,0,157,268,600,120,15,13.53,23.1,51.72,10.34,1.29,53,678,396,33,0,4.57,58.45,34.14,2.84,0
Gandaki,Gorkha,Palungtar,NP04,NP0436,NP0436301,3,832,822,6,2,2,601,196,27,5,3,451,360,2,1,1,11,0,6,730,41,4,0,57,0,0,0,341,6,13,2,459,11,348,145,0,0,15,321,1,0,2,680,128,7,0,16,1,0,819,9,3,0,1,11,579,229,4,9,35,797,386,470,3,677,381,24,154,6,45,15,207,150,0,0,197,207,308,97,23,23.68,24.88,37.02,11.66,2.76,43,337,328,123,1,5.17,40.5,39.42,14.78,0.12
Gandaki,Gorkha,Palungtar,NP04,NP0436,NP0436301,4,1303,1206,89,2,6,428,710,156,7,2,318,965,4,5,9,2,0,0,777,485,6,11,24,0,0,0,308,33,11,4,938,9,518,390,0,101,68,185,39,0,2,700,582,5,1,11,4,0,1274,18,5,0,6,14,423,845,3,18,70,1233,405,765,27,1013,657,98,289,17,117,24,376,244,2,0,195,161,499,322,126,14.97,12.36,38.3,24.71,9.67,250,616,392,43,2,19.19,47.28,30.08,3.3,0.15
Gandaki,Gorkha,Palungtar,NP04,NP0436,NP0436301,5,1415,1065,333,3,14,165,602,640,8,0,159,1244,3,5,0,4,0,0,450,942,4,2,16,1,0,0,87,20,5,31,1266,6,1050,188,0,90,13,73,0,0,1,157,1244,9,0,5,0,0,1403,10,1,0,1,5,1349,55,2,4,16,1399,461,816,50,794,1232,265,942,43,326,75,1182,669,39,5,17,57,224,588,529,1.2,4.03,15.83,41.55,37.39,996,356,60,3,0,70.39,25.16,4.24,0.21,0
Gandaki,Gorkha,Palungtar,NP04,NP0436,NP0436301,6,1248,1211,34,1,2,591,518,127,11,1,576,656,10,3,0,2,1,0,931,241,12,19,44,0,0,1,453,40,11,6,735,3,274,810,0,21,57,73,0,0,13,544,660,7,0,36,1,0,1214,29,3,1,1,19,852,365,2,10,46,1202,416,794,11,989,715,53,395,26,131,59,556,326,1,0,148,277,419,243,161,11.86,22.2,33.57,19.47,12.9,243,566,424,15,0,19.47,45.35,33.97,1.2,0
Gandaki,Gorkha,Palungtar,NP04,NP0436,NP0436301,7,1509,1475,26,3,5,491,872,136,7,3,478,1018,3,5,3,1,0,1,1172,276,15,10,34,1,0,1,356,38,19,12,1078,6,229,872,0,183,102,122,1,0,0,681,680,1,0,147,0,0,1416,77,5,0,11,71,1198,212,3,25,56,1453,380,871,18,1127,1101,153,824,45,122,44,788,342,4,1,93,180,513,539,184,6.16,11.93,34,35.72,12.19,401,751,335,22,0,26.57,49.77,22.2,1.46,0
Gandaki,Gorkha,Palungtar,NP04,NP0436,NP0436301,8,831,806,18,1,6,385,352,78,15,1,358,450,15,4,0,3,0,1,630,163,6,0,27,5,0,0,290,15,3,4,515,4,228,545,0,9,13,22,12,0,2,481,319,3,0,28,0,0,822,5,2,0,2,14,644,153,1,19,35,796,200,526,6,717,556,51,406,14,72,26,464,217,9,1,102,138,269,227,95,12.27,16.61,32.37,27.32,11.43,202,362,242,25,0,24.31,43.56,29.12,3.01,0
Gandaki,Gorkha,Palungtar,NP04,NP0436,NP0436301,9,1220,1198,16,1,5,247,848,101,24,0,238,951,21,2,0,7,0,1,992,199,4,1,24,0,0,0,237,21,4,5,950,3,514,457,0,20,89,137,0,1,2,630,582,4,0,4,0,0,1200,5,10,1,4,12,879,315,5,9,67,1153,702,752,10,788,820,35,359,5,78,17,559,239,2,0,93,125,469,429,104,7.62,10.25,38.44,35.16,8.52,346,627,228,18,1,28.36,51.39,18.69,1.48,0.08
Gandaki,Gorkha,Palungtar,NP04,NP0436,NP0436301,10,604,598,4,1,1,302,272,24,6,0,301,293,5,4,0,1,0,0,525,74,1,2,2,0,0,0,294,8,2,3,293,4,317,195,0,0,53,30,9,0,0,504,93,0,0,7,0,0,600,0,4,0,0,52,505,37,1,9,25,579,367,396,5,480,380,12,179,5,46,4,171,72,0,0,76,157,232,122,17,12.58,25.99,38.41,20.2,2.81,63,258,276,7,0,10.43,42.72,45.7,1.16,0
Gandaki,Gorkha,Gorkha,NP04,NP0436,NP0436302,1,529,513,3,0,13,283,198,39,8,1,253,263,2,3,0,8,0,0,459,66,1,0,3,0,0,0,227,5,0,3,291,3,44,215,0,2,6,248,14,0,0,500,27,0,0,0,2,0,525,3,1,0,0,2,436,87,1,3,27,502,214,334,2,457,180,6,23,0,42,2,67,43,0,0,134,131,214,47,3,25.33,24.76,40.45,8.88,0.57,8,246,234,40,1,1.51,46.5,44.23,7.56,0.19
Gandaki,Gorkha,Gorkha,NP04,NP0436,NP0436302,2,582,570,10,0,2,194,260,124,4,0,151,421,1,2,0,7,0,0,409,165,0,0,8,0,0,0,107,9,1,3,456,6,45,219,0,4,14,298,2,0,0,352,193,1,0,35,1,0,578,1,1,0,2,4,532,39,1,6,30,552,169,301,3,438,358,13,185,2,54,3,162,94,0,0,41,79,281,148,33,7.04,13.57,48.28,25.43,5.67,75,357,133,17,0,12.89,61.34,22.85,2.92,0
Gandaki,Gorkha,Gorkha,NP04,NP0436,NP0436302,3,965,955,5,2,3,96,735,129,5,0,95,863,3,0,1,3,0,0,783,175,1,5,1,0,0,0,85,11,10,2,847,10,43,390,0,21,24,487,0,0,0,780,185,0,0,0,0,0,957,6,1,0,1,11,596,357,0,1,55,910,591,650,3,667,510,21,196,6,90,12,247,204,1,1,52,117,501,230,65,5.39,12.12,51.92,23.83,6.74,86,565,274,40,0,8.91,58.55,28.39,4.15,0
Gandaki,Gorkha,Gorkha,NP04,NP0436,NP0436302,4,758,750,5,0,3,151,552,51,3,1,165,587,2,2,0,0,0,2,640,104,3,0,10,0,0,1,141,8,1,0,600,8,315,228,0,0,3,211,1,0,0,568,187,1,0,0,2,0,751,5,1,0,1,9,651,86,0,12,22,736,256,333,2,605,405,26,175,9,67,5,82,91,1,0,39,114,415,153,37,5.15,15.04,54.75,20.18,4.88,128,451,171,8,0,16.89,59.5,22.56,1.06,0
Gandaki,Gorkha,Gorkha,NP04,NP0436,NP0436302,5,823,766,38,11,8,223,281,313,3,3,146,665,1,2,2,5,0,2,446,358,1,0,17,1,0,0,129,20,3,9,611,51,111,245,0,30,16,419,1,0,1,421,370,2,1,10,8,11,759,60,1,1,2,85,646,85,4,3,31,792,239,471,34,603,585,102,285,16,140,17,201,219,2,0,54,98,288,241,142,6.56,11.91,34.99,29.28,17.25,136,471,195,21,0,16.52,57.23,23.69,2.55,0
Gandaki,Gorkha,Gorkha,NP04,NP0436,NP0436302,6,2258,1092,1079,81,6,100,761,1374,14,9,99,2120,11,1,4,19,1,3,317,1888,3,9,35,6,0,0,81,63,15,49,2018,32,400,243,0,25,30,1498,0,58,4,128,2105,5,0,1,17,2,2233,24,1,0,0,43,2070,140,3,2,29,2229,1049,1542,541,1722,2103,673,1831,385,585,257,1044,903,191,34,14,36,283,898,1027,0.62,1.59,12.53,39.77,45.48,573,1574,91,20,0,25.38,69.71,4.03,0.89,0
Gandaki,Gorkha,Gorkha,NP04,NP0436,NP0436302,7,1505,1004,486,10,5,256,446,795,3,5,253,1240,1,2,0,8,0,1,441,1031,2,1,29,1,0,0,128,11,6,32,1297,31,257,89,0,3,10,1143,0,1,2,319,1172,2,0,5,7,0,1483,21,1,0,0,22,1261,215,0,7,21,1484,712,1002,176,933,1366,247,1193,40,294,75,596,482,28,5,25,90,292,659,439,1.66,5.98,19.4,43.79,29.17,161,1134,188,22,0,10.7,75.35,12.49,1.46,0
Gandaki,Gorkha,Gorkha,NP04,NP0436,NP0436302,8,2084,1270,789,10,15,248,506,1314,15,1,147,1907,4,3,2,20,0,1,438,1612,4,3,25,1,0,1,145,21,10,59,1835,14,795,223,0,14,20,1018,2,11,1,305,1591,1,0,186,1,0,2069,15,0,0,0,37,1925,118,1,3,28,2056,757,1335,208,1359,1852,448,1696,101,542,65,994,874,54,7,34,73,276,846,855,1.63,3.5,13.24,40.6,41.03,750,1168,141,25,0,35.99,56.05,6.77,1.2,0
Gandaki,Gorkha,Gorkha,NP04,NP0436,NP0436302,9,1114,934,174,2,4,106,391,597,16,4,110,986,3,0,1,13,0,1,439,651,0,0,24,0,0,0,104,11,3,14,979,3,712,355,0,2,0,44,0,0,1,317,788,0,0,7,0,2,1107,2,0,0,5,43,926,136,0,9,14,1100,378,787,74,609,978,167,972,34,201,28,679,497,14,3,27,40,183,433,431,2.42,3.59,16.43,38.87,38.69,696,313,97,8,0,62.48,28.1,8.71,0.72,0
Gandaki,Gorkha,Gorkha,NP04,NP0436,NP0436302,10,1069,946,115,5,3,164,573,320,12,0,127,910,5,2,16,6,0,3,472,530,8,10,48,1,0,0,102,44,10,39,850,24,171,147,0,81,33,634,0,3,0,314,737,3,1,11,3,0,939,125,3,0,2,109,915,29,4,12,24,1045,595,790,95,921,923,265,601,81,206,88,635,400,19,3,22,50,262,377,358,2.06,4.68,24.51,35.27,33.49,141,777,130,21,0,13.19,72.68,12.16,1.96,0
Gandaki,Gorkha,Gorkha,NP04,NP0436,NP0436302,11,896,741,155,0,0,237,481,162,14,2,107,761,18,1,1,8,0,0,486,387,1,1,21,0,0,0,97,9,6,3,775,6,112,433,0,0,1,349,0,0,1,232,658,0,0,6,0,0,889,4,2,0,1,8,614,270,2,2,5,891,477,661,11,755,795,53,664,20,117,20,724,398,5,1,18,58,199,430,191,2.01,6.47,22.21,47.99,21.32,239,521,124,12,0,26.67,58.15,13.84,1.34,0
Gandaki,Gorkha,Gorkha,NP04,NP0436,NP0436302,12,831,760,64,2,5,213,426,188,4,0,141,686,1,1,0,2,0,0,464,327,0,0,40,0,0,0,77,3,1,2,747,1,91,264,0,10,57,403,6,0,0,266,525,1,0,36,3,0,819,7,2,2,1,7,790,22,1,11,24,807,421,489,11,598,687,126,566,34,154,31,617,388,7,0,23,49,215,292,252,2.77,5.9,25.87,35.14,30.32,165,566,90,10,0,19.86,68.11,10.83,1.2,0
Gandaki,Gorkha,Gorkha,NP04,NP0436,NP0436302,13,925,835,85,1,4,171,719,22,12,1,138,761,17,0,0,4,0,5,606,287,7,1,21,3,0,0,93,24,11,10,786,1,369,399,0,0,29,126,2,0,0,394,524,2,0,4,0,1,911,11,2,0,1,22,747,152,1,3,24,901,443,568,18,610,740,55,479,28,169,20,487,322,7,0,36,53,266,401,169,3.89,5.73,28.76,43.35,18.27,329,480,107,9,0,35.57,51.89,11.57,0.97,0
Gandaki,Gorkha,Gorkha,NP04,NP0436,NP0436302,14,649,634,5,2,8,278,297,61,13,0,284,312,14,1,1,4,0,33,502,100,3,3,41,0,0,0,184,6,3,4,440,12,20,588,0,4,6,28,3,0,0,313,288,3,0,45,0,0,637,8,2,0,2,2,346,292,0,9,23,626,363,385,1,499,392,28,202,6,81,13,335,196,2,0,68,139,209,184,49,10.48,21.42,32.2,28.35,7.55,118,316,187,28,0,18.18,48.69,28.81,4.31,0
Gandaki,Gorkha,Shahid Lakhan,NP04,NP0436,NP0436408,1,727,720,4,2,1,535,173,15,4,0,481,239,4,0,0,1,0,2,626,37,1,1,62,0,0,0,320,3,5,5,390,4,115,363,0,0,5,242,1,0,1,575,111,2,0,38,1,0,710,14,1,0,2,7,507,208,2,3,21,706,249,440,4,587,415,16,16,5,51,3,113,46,0,0,161,235,277,51,3,22.15,32.32,38.1,7.02,0.41,17,316,375,19,0,2.34,43.47,51.58,2.61,0
Gandaki,Gorkha,Shahid Lakhan,NP04,NP0436,NP0436408,2,675,607,61,4,3,239,200,230,5,1,246,420,5,0,0,3,0,1,391,279,1,0,4,0,0,0,232,13,2,2,425,1,397,88,0,0,0,187,2,0,1,318,353,4,0,0,0,0,668,6,1,0,0,121,478,73,2,1,15,660,456,479,30,561,536,60,455,20,47,3,172,179,7,0,47,110,175,198,145,6.96,16.3,25.93,29.33,21.48,200,247,220,8,0,29.63,36.59,32.59,1.19,0
Gandaki,Gorkha,Shahid Lakhan,NP04,NP0436,NP0436408,3,865,790,68,1,6,294,398,161,9,3,280,569,5,1,0,10,0,0,482,328,12,1,42,0,0,0,212,25,5,2,618,3,556,228,0,1,3,72,3,0,2,467,386,6,0,4,2,0,824,37,3,1,0,168,566,105,2,24,22,843,301,578,51,580,683,92,285,16,115,13,364,249,46,5,61,146,276,231,151,7.05,16.88,31.91,26.71,17.46,278,369,196,21,1,32.14,42.66,22.66,2.43,0.12
Gandaki,Gorkha,Shahid Lakhan,NP04,NP0436,NP0436408,4,739,709,25,2,3,482,184,57,15,1,421,286,12,8,1,10,0,1,601,54,3,0,80,0,0,1,308,9,0,1,418,3,482,236,0,0,7,12,1,0,1,533,200,1,0,4,0,1,712,18,2,0,7,5,714,12,2,6,23,716,151,411,5,580,542,38,89,12,63,9,178,92,0,2,86,248,257,114,34,11.64,33.56,34.78,15.43,4.6,93,346,295,4,1,12.58,46.82,39.92,0.54,0.14
Gandaki,Gorkha,Shahid Lakhan,NP04,NP0436,NP0436408,5,518,510,6,2,0,332,122,62,2,0,344,170,1,1,0,2,0,0,381,81,2,2,52,0,0,0,248,43,4,1,221,1,264,249,0,0,5,0,0,0,0,439,73,4,0,2,0,0,511,6,0,0,1,12,499,5,2,0,13,505,325,249,0,405,371,22,149,2,56,3,31,47,0,1,72,180,181,75,10,13.9,34.75,34.94,14.48,1.93,38,212,268,0,0,7.34,40.93,51.74,0,0
Gandaki,Gorkha,Shahid Lakhan,NP04,NP0436,NP0436408,6,961,928,30,1,2,607,230,117,6,1,543,398,0,2,4,13,0,1,715,203,0,0,42,0,0,1,459,24,11,5,455,7,464,311,0,3,8,167,6,0,2,658,265,1,0,34,1,2,952,5,2,1,1,13,823,115,3,7,22,939,431,409,5,846,515,37,249,7,61,7,94,99,1,0,238,241,280,154,48,24.77,25.08,29.14,16.02,4.99,147,348,444,22,0,15.3,36.21,46.2,2.29,0
Gandaki,Gorkha,Shahid Lakhan,NP04,NP0436,NP0436408,7,940,907,26,1,6,261,430,246,2,1,226,694,1,0,2,17,0,0,572,320,0,0,46,2,0,0,190,25,6,2,680,37,121,318,0,4,15,480,0,0,2,516,378,2,12,23,9,0,843,89,4,0,4,75,824,37,0,4,16,924,310,540,8,750,641,105,123,17,58,8,157,150,1,0,84,124,431,223,78,8.94,13.19,45.85,23.72,8.3,133,555,231,21,0,14.15,59.04,24.57,2.23,0
Gandaki,Gorkha,Shahid Lakhan,NP04,NP0436,NP0436408,8,668,658,9,0,1,321,245,95,7,0,297,363,1,0,3,4,0,0,504,144,0,1,19,0,0,0,154,5,2,1,498,8,33,376,0,1,39,218,0,0,1,398,158,1,8,97,5,1,647,14,6,0,1,3,507,143,5,10,23,645,233,370,4,588,302,21,45,5,45,4,129,72,0,1,90,158,294,101,25,13.47,23.65,44.01,15.12,3.74,68,373,190,36,1,10.18,55.84,28.44,5.39,0.15
Gandaki,Gorkha,Shahid Lakhan,NP04,NP0436,NP0436408,9,763,751,7,1,4,424,275,57,5,2,390,360,6,2,1,4,0,0,656,99,0,0,8,0,0,0,265,6,2,0,482,8,490,126,0,1,13,131,2,0,0,566,189,0,0,4,4,0,752,6,2,0,3,11,709,36,2,5,9,754,291,513,4,724,547,37,140,3,58,15,156,106,1,0,93,208,274,142,46,12.19,27.26,35.91,18.61,6.03,118,356,280,9,0,15.47,46.66,36.7,1.18,0
Gandaki,Gorkha,Gandaki,NP04,NP0436,NP0436409,1,620,597,22,1,0,227,263,101,28,1,224,366,15,8,1,5,0,1,449,147,7,1,14,2,0,0,169,19,2,2,412,16,177,75,0,1,17,350,0,0,0,402,203,0,0,11,3,1,561,44,7,0,8,39,539,30,2,10,43,577,162,304,4,548,250,38,93,6,56,8,107,92,0,1,120,96,263,96,45,19.35,15.48,42.42,15.48,7.26,62,322,217,15,4,10,51.94,35,2.42,0.65
Gandaki,Gorkha,Gandaki,NP04,NP0436,NP0436409,2,815,799,13,1,2,465,256,87,6,1,375,417,6,1,0,14,0,2,703,103,0,0,9,0,0,0,182,5,5,1,617,5,199,534,0,0,3,77,1,0,1,641,170,0,0,4,0,0,799,10,1,0,5,18,612,180,0,5,30,785,164,380,4,732,485,23,89,7,53,2,62,43,1,0,116,209,365,106,19,14.23,25.64,44.79,13.01,2.33,55,528,222,10,0,6.75,64.79,27.24,1.23,0
Gandaki,Gorkha,Gandaki,NP04,NP0436,NP0436409,3,529,521,8,0,0,294,169,63,3,0,280,247,1,1,0,0,0,0,443,85,0,0,1,0,0,0,172,0,0,0,353,4,75,234,0,0,1,219,0,0,0,427,90,1,0,10,1,0,528,0,0,1,0,6,456,67,0,0,9,520,187,333,5,493,398,17,110,2,61,2,121,69,1,0,70,143,205,92,19,13.23,27.03,38.75,17.39,3.59,15,290,224,0,0,2.84,54.82,42.34,0,0
Gandaki,Gorkha,Gandaki,NP04,NP0436,NP0436409,4,604,600,3,0,1,416,118,68,2,0,388,203,3,0,1,5,4,0,471,122,7,0,4,0,0,0,161,1,4,1,435,2,456,11,0,0,8,129,0,0,0,495,94,0,0,15,0,0,602,2,0,0,0,18,519,58,1,8,22,582,235,309,1,518,332,17,63,2,25,3,99,28,0,0,93,211,230,61,9,15.4,34.93,38.08,10.1,1.49,40,360,187,17,0,6.62,59.6,30.96,2.81,0
Gandaki,Gorkha,Gandaki,NP04,NP0436,NP0436409,5,767,752,7,3,5,553,136,70,8,0,521,240,3,0,0,3,0,0,604,145,0,1,16,0,0,1,382,15,3,1,365,1,407,171,0,1,47,141,0,0,0,664,96,3,0,3,1,0,762,5,0,0,0,66,680,18,0,3,21,746,151,411,6,672,399,11,46,8,31,6,149,43,0,1,142,294,277,43,11,18.51,38.33,36.11,5.61,1.43,24,360,378,5,0,3.13,46.94,49.28,0.65,0
Gandaki,Gorkha,Gandaki,NP04,NP0436,NP0436409,6,797,774,15,5,3,592,200,2,2,1,596,197,2,0,0,2,0,0,760,28,0,0,8,1,0,0,459,5,6,0,314,13,104,632,0,0,10,49,1,0,1,588,205,0,0,2,2,0,788,7,2,0,0,2,781,14,0,0,71,726,140,326,4,584,410,18,20,3,54,1,11,18,1,0,201,298,217,71,10,25.22,37.39,27.23,8.91,1.25,74,310,408,5,0,9.28,38.9,51.19,0.63,0
Gandaki,Gorkha,Gandaki,NP04,NP0436,NP0436409,7,674,660,8,2,4,246,384,40,4,0,216,456,2,0,0,0,0,0,436,225,1,1,11,0,0,0,147,21,11,3,490,2,18,641,0,0,12,0,0,0,3,304,367,0,0,3,0,0,660,12,1,0,1,7,655,8,3,1,27,647,158,433,5,616,475,45,281,6,102,2,394,110,1,0,70,93,163,240,108,10.39,13.8,24.18,35.61,16.02,301,232,141,0,0,44.66,34.42,20.92,0,0
Gandaki,Gorkha,Gandaki,NP04,NP0436,NP0436409,8,853,832,20,0,1,261,512,63,1,16,217,616,3,0,2,1,0,14,428,314,4,1,92,0,0,14,199,40,5,2,579,28,633,185,0,0,16,11,2,0,6,433,384,5,0,29,0,2,842,4,2,0,5,22,607,212,0,12,30,823,155,515,29,720,592,35,165,11,68,16,408,224,4,1,44,155,309,285,60,5.16,18.17,36.23,33.41,7.03,224,424,187,8,10,26.26,49.71,21.92,0.94,1.17
Gandaki,Manang,Narpa Bhumi,NP04,NP0438,NP0438402,1,27,26,1,0,0,27,0,0,0,0,27,0,0,0,0,0,0,0,8,0,0,0,0,0,19,0,1,26,0,0,0,0,4,23,0,0,0,0,0,0,0,26,0,0,0,0,0,1,26,1,0,0,0,0,27,0,0,0,2,25,9,10,0,22,15,1,1,0,0,0,0,0,0,1,16,10,1,0,0,59.26,37.04,3.7,0,0,0,0,27,0,0,0,0,100,0,0
Gandaki,Manang,Narpa Bhumi,NP04,NP0438,NP0438402,2,32,30,2,0,0,32,0,0,0,0,32,0,0,0,0,0,0,0,4,0,0,0,0,0,28,0,0,32,0,0,0,0,9,23,0,0,0,0,0,0,0,30,2,0,0,0,0,0,30,1,1,0,0,0,32,0,0,0,0,32,11,15,0,32,13,1,1,1,0,0,0,0,0,0,22,8,2,0,0,68.75,25,6.25,0,0,0,1,31,0,0,0,3.13,96.88,0,0
Gandaki,Manang,Narpa Bhumi,NP04,NP0438,NP0438402,3,28,25,3,0,0,28,0,0,0,0,28,0,0,0,0,0,0,0,2,0,0,0,0,0,26,0,4,24,0,0,0,0,4,24,0,0,0,0,0,0,0,28,0,0,0,0,0,0,28,0,0,0,0,0,28,0,0,0,2,26,19,20,0,21,6,1,0,0,0,0,0,0,0,0,21,7,0,0,0,75,25,0,0,0,0,0,28,0,0,0,0,100,0,0
Gandaki,Manang,Narpa Bhumi,NP04,NP0438,NP0438402,4,17,17,0,0,0,17,0,0,0,0,17,0,0,0,0,0,0,0,1,0,0,0,16,0,0,0,0,15,1,0,1,0,0,17,0,0,0,0,0,0,0,17,0,0,0,0,0,0,0,17,0,0,0,0,11,0,0,6,0,17,4,1,0,16,15,4,14,0,2,0,0,0,0,0,3,10,4,0,0,17.65,58.82,23.53,0,0,0,1,16,0,0,0,5.88,94.12,0,0
Gandaki,Manang,Narpa Bhumi,NP04,NP0438,NP0438402,5,22,19,0,2,1,20,1,0,1,0,20,1,0,0,0,0,1,0,5,0,0,0,2,3,12,0,5,14,0,0,3,0,4,3,0,0,0,15,0,0,0,19,2,0,0,0,1,0,2,20,0,0,0,0,21,0,0,1,5,17,2,4,1,15,15,1,4,0,2,0,0,0,0,0,14,6,1,1,0,63.64,27.27,4.55,4.55,0,0,4,4,14,0,0,18.18,18.18,63.64,0
Gandaki,Manang,Ngisyang,NP04,NP0438,NP0438401,1,107,74,26,4,3,80,9,0,18,0,60,16,31,0,0,0,0,0,74,0,0,0,2,30,1,0,2,103,0,0,1,1,90,17,0,0,0,0,0,0,0,79,16,0,0,12,0,0,106,0,1,0,0,0,101,1,0,5,7,100,15,73,0,71,83,9,42,2,33,2,0,34,10,0,23,35,23,22,4,21.5,32.71,21.5,20.56,3.74,0,35,70,2,0,0,32.71,65.42,1.87,0
Gandaki,Manang,Ngisyang,NP04,NP0438,NP0438401,2,30,13,0,2,15,30,0,0,0,0,25,0,5,0,0,0,0,0,11,0,0,0,0,0,19,0,0,30,0,0,0,0,14,16,0,0,0,0,0,0,0,27,3,0,0,0,0,0,29,0,1,0,0,0,30,0,0,0,7,23,14,13,0,21,18,1,2,0,2,1,0,0,0,0,15,11,4,0,0,50,36.67,13.33,0,0,0,3,26,1,0,0,10,86.67,3.33,0
Gandaki,Manang,Ngisyang,NP04,NP0438,NP0438401,3,53,26,1,5,21,51,1,1,0,0,49,2,0,0,0,0,2,0,17,1,0,0,0,0,34,1,0,51,0,0,2,0,51,2,0,0,0,0,0,0,0,38,15,0,0,0,0,0,53,0,0,0,0,0,52,1,0,0,4,49,34,33,1,44,40,7,11,0,12,5,0,8,1,0,14,24,10,4,1,26.42,45.28,18.87,7.55,1.89,2,9,42,0,0,3.77,16.98,79.25,0,0
Gandaki,Manang,Ngisyang,NP04,NP0438,NP0438401,4,82,59,19,3,1,78,1,0,3,0,68,5,9,0,0,0,0,0,39,1,0,0,0,0,42,0,3,76,0,0,3,0,70,11,0,0,1,0,0,0,0,23,58,1,0,0,0,0,81,1,0,0,0,0,76,6,0,0,1,81,16,62,0,40,68,19,38,3,30,2,1,46,17,0,9,17,27,27,2,10.98,20.73,32.93,32.93,2.44,1,29,51,1,0,1.22,35.37,62.2,1.22,0
Gandaki,Manang,Ngisyang,NP04,NP0438,NP0438401,5,74,71,2,1,0,71,1,1,0,1,69,3,1,0,0,0,0,1,26,3,0,0,0,1,43,1,1,65,0,0,7,1,15,58,0,0,0,1,0,0,0,67,7,0,0,0,0,0,74,0,0,0,0,0,72,2,0,0,4,70,12,49,1,57,60,4,14,0,19,0,2,18,4,0,23,26,18,5,2,31.08,35.14,24.32,6.76,2.7,0,12,60,2,0,0,16.22,81.08,2.7,0
Gandaki,Manang,Ngisyang,NP04,NP0438,NP0438401,6,56,45,10,1,0,56,0,0,0,0,51,5,0,0,0,0,0,0,11,0,0,0,0,0,45,0,1,55,0,0,0,0,31,25,0,0,0,0,0,0,0,26,30,0,0,0,0,0,54,2,0,0,0,0,50,1,0,5,3,53,7,35,0,26,39,0,6,0,5,0,0,8,1,0,16,28,10,2,0,28.57,50,17.86,3.57,0,0,9,44,3,0,0,16.07,78.57,5.36,0
Gandaki,Manang,Ngisyang,NP04,NP0438,NP0438401,7,28,27,0,1,0,25,3,0,0,0,25,3,0,0,0,0,0,0,6,2,0,0,0,0,20,0,4,21,0,0,3,0,4,23,0,0,1,0,0,0,0,7,3,0,0,18,0,0,28,0,0,0,0,0,27,0,0,1,3,25,6,18,1,18,18,3,2,0,6,2,0,3,0,0,7,12,6,2,1,25,42.86,21.43,7.14,3.57,2,5,20,1,0,7.14,17.86,71.43,3.57,0
Gandaki,Manang,Ngisyang,NP04,NP0438,NP0438401,8,73,50,14,9,0,73,0,0,0,0,73,0,0,0,0,0,0,0,16,0,0,0,0,0,57,0,0,71,1,0,1,0,11,60,0,0,0,2,0,0,0,48,25,0,0,0,0,0,73,0,0,0,0,0,73,0,0,0,0,73,24,50,2,55,56,4,45,0,9,2,0,24,0,0,12,33,25,3,0,16.44,45.21,34.25,4.11,0,0,11,62,0,0,0,15.07,84.93,0,0
Gandaki,Manang,Ngisyang,NP04,NP0438,NP0438401,9,58,47,2,2,7,55,3,0,0,0,54,4,0,0,0,0,0,0,12,0,0,0,0,0,46,0,4,52,0,1,1,0,56,1,0,0,0,0,1,0,0,27,30,0,0,0,0,1,58,0,0,0,0,0,58,0,0,0,8,50,3,46,1,45,0,5,4,1,9,1,0,0,0,0,27,24,5,2,0,46.55,41.38,8.62,3.45,0,0,11,46,1,0,0,18.97,79.31,1.72,0
Gandaki,Manang,Chame,NP04,NP0438,NP0438403,1,67,45,19,2,1,29,11,0,27,0,20,9,38,0,0,0,0,0,63,2,0,0,0,1,1,0,2,54,1,0,10,0,43,24,0,0,0,0,0,0,0,64,3,0,0,0,0,0,1,66,0,0,0,23,43,0,0,1,2,65,8,42,2,61,56,5,20,1,9,0,0,0,0,0,5,33,25,4,0,7.46,49.25,37.31,5.97,0,0,19,48,0,0,0,28.36,71.64,0,0
Gandaki,Manang,Chame,NP04,NP0438,NP0438403,2,28,23,5,0,0,15,8,2,3,0,16,5,7,0,0,0,0,0,19,2,0,0,0,1,6,0,5,22,0,0,1,0,13,15,0,0,0,0,0,0,0,20,8,0,0,0,0,0,1,27,0,0,0,1,27,0,0,0,0,28,12,21,1,28,25,1,2,2,1,0,0,0,0,0,2,12,14,0,0,7.14,42.86,50,0,0,0,10,18,0,0,0,35.71,64.29,0,0
Gandaki,Manang,Chame,NP04,NP0438,NP0438403,3,54,26,26,1,1,38,7,0,8,1,21,7,26,0,0,0,0,0,45,3,0,0,3,3,0,0,5,47,0,0,2,0,20,33,0,0,0,1,0,0,0,43,11,0,0,0,0,0,54,0,0,0,0,0,46,7,0,1,0,54,8,34,15,51,49,6,18,2,12,1,0,14,0,0,7,22,13,9,3,12.96,40.74,24.07,16.67,5.56,0,16,37,1,0,0,29.63,68.52,1.85,0
Gandaki,Manang,Chame,NP04,NP0438,NP0438403,4,204,49,87,68,0,142,17,1,44,0,116,24,63,0,0,1,0,0,185,11,2,0,4,2,0,0,5,179,3,0,15,2,154,50,0,0,0,0,0,0,0,123,81,0,0,0,0,0,202,2,0,0,0,1,198,3,0,2,2,202,2,101,37,42,185,69,105,13,50,2,0,67,0,0,13,68,71,31,21,6.37,33.33,34.8,15.2,10.29,8,79,117,0,0,3.92,38.73,57.35,0,0
Gandaki,Manang,Chame,NP04,NP0438,NP0438403,5,36,10,24,2,0,25,4,0,7,0,18,4,13,0,0,1,0,0,30,1,0,1,1,3,0,0,2,31,0,0,3,0,24,12,0,0,0,0,0,0,0,26,10,0,0,0,0,0,36,0,0,0,0,2,32,0,1,1,1,35,3,20,3,25,27,3,13,0,1,0,0,2,0,0,7,17,7,5,0,19.44,47.22,19.44,13.89,0,1,12,23,0,0,2.78,33.33,63.89,0,0
Gandaki,Manang,Nason,NP04,NP0438,NP0438404,1,68,49,16,1,2,51,10,0,6,1,40,19,7,1,0,0,0,1,57,8,1,0,0,1,0,1,19,9,0,1,38,1,66,1,0,0,0,1,0,0,0,34,34,0,0,0,0,0,68,0,0,0,0,2,65,0,0,1,2,66,6,34,2,60,59,9,20,0,12,1,4,14,3,0,6,17,29,8,8,8.82,25,42.65,11.76,11.76,9,34,23,2,0,13.24,50,33.82,2.94,0
Gandaki,Manang,Nason,NP04,NP0438,NP0438404,2,44,40,3,0,1,38,5,1,0,0,32,6,6,0,0,0,0,0,33,0,0,0,0,4,7,0,18,24,0,0,2,0,24,20,0,0,0,0,0,0,0,39,5,0,0,0,0,0,43,1,0,0,0,0,43,0,0,1,2,42,9,32,1,36,32,4,28,0,3,0,3,1,0,0,6,16,20,2,0,13.64,36.36,45.45,4.55,0,0,10,34,0,0,0,22.73,77.27,0,0
Gandaki,Manang,Nason,NP04,NP0438,NP0438404,3,68,48,15,3,2,62,3,0,2,1,13,42,10,0,0,3,0,0,61,5,0,0,0,2,0,0,2,37,0,0,28,1,66,2,0,0,0,0,0,0,0,18,50,0,0,0,0,0,68,0,0,0,0,1,62,1,3,1,3,65,7,34,0,40,60,7,31,3,8,1,0,26,4,0,5,10,31,16,6,7.35,14.71,45.59,23.53,8.82,5,50,11,2,0,7.35,73.53,16.18,2.94,0
Gandaki,Manang,Nason,NP04,NP0438,NP0438404,4,56,54,1,0,1,31,14,8,1,2,28,25,1,0,0,0,0,2,23,11,0,0,0,0,20,2,17,13,0,0,24,2,32,22,0,0,0,2,0,0,0,43,12,0,0,0,0,1,56,0,0,0,0,0,53,3,0,0,3,53,12,40,0,50,49,10,39,1,6,0,0,1,0,0,5,15,22,12,2,8.93,26.79,39.29,21.43,3.57,5,22,27,0,2,8.93,39.29,48.21,0,3.57
Gandaki,Manang,Nason,NP04,NP0438,NP0438404,5,35,7,19,3,6,20,11,1,3,0,7,24,3,0,0,1,0,0,32,3,0,0,0,0,0,0,0,26,1,0,8,0,31,4,0,0,0,0,0,0,0,17,18,0,0,0,0,0,32,3,0,0,0,0,31,0,4,0,1,34,1,17,0,27,24,7,12,0,0,0,1,3,0,0,6,5,15,8,1,17.14,14.29,42.86,22.86,2.86,4,22,9,0,0,11.43,62.86,25.71,0,0
Gandaki,Manang,Nason,NP04,NP0438,NP0438404,6,33,31,1,0,1,24,8,0,0,1,13,16,3,0,0,0,0,1,28,3,0,0,0,1,0,1,4,29,0,0,0,0,23,10,0,0,0,0,0,0,0,29,4,0,0,0,0,0,5,28,0,0,0,1,29,2,0,1,2,31,5,17,2,29,27,1,8,1,3,0,0,3,0,0,6,11,14,1,1,18.18,33.33,42.42,3.03,3.03,0,19,12,2,0,0,57.58,36.36,6.06,0
Gandaki,Manang,Nason,NP04,NP0438,NP0438404,7,41,38,1,0,2,38,3,0,0,0,15,22,3,1,0,0,0,0,35,4,0,0,0,2,0,0,4,33,0,0,4,0,31,8,0,0,0,2,0,0,0,39,2,0,0,0,0,0,5,36,0,0,0,0,40,0,0,1,1,40,10,24,4,39,36,2,22,1,5,1,0,4,0,0,4,14,17,6,0,9.76,34.15,41.46,14.63,0,0,21,20,0,0,0,51.22,48.78,0,0
Gandaki,Manang,Nason,NP04,NP0438,NP0438404,8,62,58,1,0,3,52,3,3,4,0,50,6,6,0,0,0,0,0,27,2,0,0,0,0,33,0,23,34,0,0,5,0,62,0,0,0,0,0,0,0,0,61,1,0,0,0,0,0,62,0,0,0,0,0,62,0,0,0,4,58,16,38,0,53,55,5,49,5,10,0,0,3,0,0,8,32,16,2,4,12.9,51.61,25.81,3.23,6.45,1,6,55,0,0,1.61,9.68,88.71,0,0
Gandaki,Manang,Nason,NP04,NP0438,NP0438404,9,64,39,21,3,1,57,6,0,0,1,32,18,12,0,1,1,0,0,54,6,1,0,0,1,1,1,4,41,1,0,17,1,22,41,0,0,0,0,0,0,1,40,24,0,0,0,0,0,61,3,0,0,0,0,64,0,0,0,5,59,15,31,1,40,48,6,33,1,11,1,2,21,2,0,8,18,22,13,3,12.5,28.13,34.38,20.31,4.69,4,36,23,0,1,6.25,56.25,35.94,0,1.56
Gandaki,Mustang,Lo Ghekar Damodarkunda,NP04,NP0445,NP0445402,1,158,136,9,12,1,158,0,0,0,0,157,0,0,0,0,0,1,0,7,0,0,0,0,0,151,0,152,2,0,0,4,0,108,39,0,0,0,9,0,0,2,3,51,0,0,104,0,0,99,59,0,0,0,0,79,41,3,35,3,155,2,82,0,124,138,4,124,6,29,1,0,8,0,0,23,73,59,3,0,14.56,46.2,37.34,1.9,0,0,7,130,21,0,0,4.43,82.28,13.29,0
Gandaki,Mustang,Lo Ghekar Damodarkunda,NP04,NP0445,NP0445402,2,105,96,2,3,4,105,0,0,0,0,105,0,0,0,0,0,0,0,2,0,0,0,0,0,103,0,100,5,0,0,0,0,3,94,0,0,0,0,8,0,0,1,12,0,0,92,0,0,1,104,0,0,0,0,20,44,0,41,7,98,5,33,1,84,80,2,66,1,28,1,0,0,0,0,30,50,25,0,0,28.57,47.62,23.81,0,0,0,1,60,44,0,0,0.95,57.14,41.9,0
Gandaki,Mustang,Lo Ghekar Damodarkunda,NP04,NP0445,NP0445402,3,64,60,1,3,0,64,0,0,0,0,63,1,0,0,0,0,0,0,1,1,0,0,1,0,61,0,62,0,0,0,1,1,51,11,0,0,0,2,0,0,0,47,11,0,0,6,0,0,60,4,0,0,0,0,52,1,0,11,1,63,2,25,0,53,50,0,45,4,6,0,1,3,0,0,16,38,9,1,0,25,59.38,14.06,1.56,0,0,2,54,8,0,0,3.13,84.38,12.5,0
Gandaki,Mustang,Lo Ghekar Damodarkunda,NP04,NP0445,NP0445402,4,61,61,0,0,0,60,1,0,0,0,59,2,0,0,0,0,0,0,0,0,0,0,0,1,60,0,60,0,0,0,1,0,22,39,0,0,0,0,0,0,0,39,22,0,0,0,0,0,11,50,0,0,0,0,12,45,1,3,1,60,9,14,0,58,54,0,51,3,20,1,0,0,0,0,28,21,12,0,0,45.9,34.43,19.67,0,0,0,2,26,33,0,0,3.28,42.62,54.1,0
Gandaki,Mustang,Lo Ghekar Damodarkunda,NP04,NP0445,NP0445402,5,48,45,0,2,1,48,0,0,0,0,48,0,0,0,0,0,0,0,0,0,0,0,0,1,47,0,47,0,1,0,0,0,0,27,0,18,3,0,0,0,0,34,11,0,0,3,0,0,0,48,0,0,0,0,11,0,0,37,4,44,0,7,0,15,36,2,19,0,8,0,0,0,0,0,32,11,5,0,0,66.67,22.92,10.42,0,0,0,0,12,36,0,0,0,25,75,0
Gandaki,Mustang,Gharpajhong,NP04,NP0445,NP0445404,1,65,30,24,11,0,55,8,2,0,0,55,10,0,0,0,0,0,0,13,3,0,0,0,0,49,0,25,31,0,0,9,0,55,9,0,0,0,1,0,0,0,39,26,0,0,0,0,0,65,0,0,0,0,1,62,0,2,0,0,65,12,46,4,39,58,8,48,0,14,0,1,9,0,0,8,24,21,9,3,12.31,36.92,32.31,13.85,4.62,5,9,51,0,0,7.69,13.85,78.46,0,0
Gandaki,Mustang,Gharpajhong,NP04,NP0445,NP0445404,2,193,111,56,18,8,163,25,5,0,0,152,40,0,0,0,0,1,0,39,22,0,0,0,0,132,0,53,91,5,0,42,2,150,37,0,0,3,0,2,0,1,55,137,0,0,1,0,0,181,11,0,1,0,5,182,3,3,0,1,192,26,140,61,117,134,17,99,6,15,1,1,5,1,0,24,61,71,26,11,12.44,31.61,36.79,13.47,5.7,23,39,131,0,0,11.92,20.21,67.88,0,0
Gandaki,Mustang,Gharpajhong,NP04,NP0445,NP0445404,3,296,147,111,31,7,247,35,13,1,0,235,61,0,0,0,0,0,0,55,39,2,0,0,0,200,0,85,126,1,0,81,3,210,78,0,0,0,7,1,0,0,20,274,2,0,0,0,0,290,0,1,0,5,0,260,25,10,1,2,294,63,190,87,233,253,63,174,27,104,15,0,113,48,1,34,64,80,57,61,11.49,21.62,27.03,19.26,20.61,33,81,174,8,0,11.15,27.36,58.78,2.7,0
Gandaki,Mustang,Gharpajhong,NP04,NP0445,NP0445404,4,415,115,225,71,4,313,72,30,0,0,295,120,0,0,0,0,0,0,48,82,2,1,0,7,275,0,91,196,0,1,125,2,380,34,0,0,1,0,0,0,0,4,410,0,0,0,0,1,414,0,0,0,1,4,408,3,0,0,4,411,82,275,74,226,372,87,280,32,101,12,2,133,45,0,17,95,140,101,62,4.1,22.89,33.73,24.34,14.94,82,81,252,0,0,19.76,19.52,60.72,0,0
Gandaki,Mustang,Gharpajhong,NP04,NP0445,NP0445404,5,158,101,55,2,0,149,9,0,0,0,151,7,0,0,0,0,0,0,14,6,0,0,0,0,138,0,51,95,0,0,12,0,129,29,0,0,0,0,0,0,0,22,136,0,0,0,0,0,147,11,0,0,0,3,151,0,0,4,1,157,15,126,27,129,125,20,68,5,28,6,0,28,4,0,16,61,60,15,6,10.13,38.61,37.97,9.49,3.8,3,18,136,1,0,1.9,11.39,86.08,0.63,0
Gandaki,Mustang,Varagung Muktichhetra,NP04,NP0445,NP0445403,1,191,124,48,5,14,156,30,2,2,1,158,27,1,1,0,0,3,1,11,30,0,0,0,3,146,1,141,15,5,0,27,3,80,104,0,0,0,0,7,0,0,102,89,0,0,0,0,0,190,1,0,0,0,4,172,1,1,13,2,189,89,136,6,122,158,12,102,6,35,1,0,29,13,1,46,59,54,16,16,24.08,30.89,28.27,8.38,8.38,21,19,134,17,0,10.99,9.95,70.16,8.9,0
Gandaki,Mustang,Varagung Muktichhetra,NP04,NP0445,NP0445403,2,64,44,1,0,19,60,2,2,0,0,61,3,0,0,0,0,0,0,5,2,0,0,0,0,57,0,58,2,0,1,2,1,64,0,0,0,0,0,0,0,0,43,21,0,0,0,0,0,64,0,0,0,0,1,59,1,3,0,4,60,52,29,0,57,41,2,37,3,6,0,0,9,0,0,25,21,13,4,1,39.06,32.81,20.31,6.25,1.56,1,4,58,1,0,1.56,6.25,90.63,1.56,0
Gandaki,Mustang,Varagung Muktichhetra,NP04,NP0445,NP0445403,3,151,110,27,2,12,137,6,8,0,0,137,13,0,0,1,0,0,0,4,9,0,0,0,0,138,0,129,2,0,0,20,0,35,65,0,0,0,51,0,0,0,72,78,0,0,0,1,0,149,2,0,0,0,0,89,42,1,19,6,145,64,97,0,116,99,4,42,11,10,2,0,29,3,0,74,36,26,6,9,49.01,23.84,17.22,3.97,5.96,9,11,74,57,0,5.96,7.28,49.01,37.75,0
Gandaki,Mustang,Varagung Muktichhetra,NP04,NP0445,NP0445403,4,202,83,96,18,5,161,41,0,0,0,156,46,0,0,0,0,0,0,8,34,0,1,0,14,145,0,110,53,0,2,36,1,137,65,0,0,0,0,0,0,0,4,198,0,0,0,0,0,195,7,0,0,0,0,202,0,0,0,4,198,183,120,24,148,169,20,74,3,48,2,0,51,4,0,20,77,56,27,22,9.9,38.12,27.72,13.37,10.89,33,16,153,0,0,16.34,7.92,75.74,0,0
Gandaki,Mustang,Varagung Muktichhetra,NP04,NP0445,NP0445403,5,115,92,21,0,2,110,1,4,0,0,109,6,0,0,0,0,0,0,2,5,0,0,0,0,108,0,108,0,0,0,5,2,47,68,0,0,0,0,0,0,0,12,103,0,0,0,0,0,102,13,0,0,0,0,108,0,0,7,12,103,5,73,5,99,74,3,50,3,26,0,0,30,0,0,27,34,46,4,4,23.48,29.57,40,3.48,3.48,4,2,103,6,0,3.48,1.74,89.57,5.22,0
Gandaki,Mustang,Lomanthang,NP04,NP0445,NP0445401,1,59,57,0,2,0,56,3,0,0,0,56,3,0,0,0,0,0,0,2,1,0,0,0,0,56,0,57,1,0,0,1,0,0,26,0,0,0,0,33,0,0,57,2,0,0,0,0,0,0,59,0,0,0,1,36,9,0,13,0,59,0,19,0,39,54,2,0,3,11,0,0,0,0,0,44,11,3,1,0,74.58,18.64,5.08,1.69,0,1,1,15,34,8,1.69,1.69,25.42,57.63,13.56
Gandaki,Mustang,Lomanthang,NP04,NP0445,NP0445401,2,92,92,0,0,0,92,0,0,0,0,92,0,0,0,0,0,0,0,1,0,0,0,0,0,91,0,91,0,0,1,0,0,0,0,0,0,0,32,60,0,0,92,0,0,0,0,0,0,0,92,0,0,0,0,17,75,0,0,10,82,4,2,0,32,72,0,0,0,1,0,0,0,0,0,91,1,0,0,0,98.91,1.09,0,0,0,0,0,1,91,0,0,0,1.09,98.91,0
Gandaki,Mustang,Lomanthang,NP04,NP0445,NP0445401,3,91,88,1,0,2,91,0,0,0,0,90,0,0,0,0,0,1,0,2,0,0,0,0,0,89,0,90,0,0,1,0,0,44,0,0,2,0,45,0,0,0,0,1,0,90,0,0,0,0,90,1,0,0,1,3,86,1,0,0,91,0,15,0,91,1,0,0,0,7,0,0,0,0,0,89,2,0,0,0,97.8,2.2,0,0,0,0,0,2,89,0,0,0,2.2,97.8,0
Gandaki,Mustang,Lomanthang,NP04,NP0445,NP0445401,4,99,98,1,0,0,99,0,0,0,0,97,1,0,0,0,1,0,0,0,1,0,0,0,9,89,0,98,1,0,0,0,0,2,86,0,0,0,9,1,1,0,98,1,0,0,0,0,0,0,99,0,0,0,0,11,88,0,0,9,90,3,12,0,28,86,0,1,0,27,0,0,0,0,0,89,10,0,0,0,89.9,10.1,0,0,0,0,1,6,92,0,0,1.01,6.06,92.93,0
Gandaki,Mustang,Lomanthang,NP04,NP0445,NP0445401,5,147,111,29,0,7,140,3,0,0,4,140,2,0,0,1,0,1,3,1,0,0,0,1,0,141,4,140,2,0,1,0,4,3,138,0,1,1,0,4,0,0,1,2,1,23,119,0,1,0,147,0,0,0,0,7,136,0,4,10,137,18,98,9,135,93,12,16,13,34,1,0,1,0,0,63,67,14,2,1,42.86,45.58,9.52,1.36,0.68,0,1,120,22,4,0,0.68,81.63,14.97,2.72
Gandaki,Mustang,Thasang,NP04,NP0445,NP0445405,1,181,75,96,6,4,152,15,11,2,1,148,29,3,0,0,0,0,1,22,20,1,0,1,12,118,7,78,79,2,3,16,3,128,50,0,1,0,0,0,0,2,103,78,0,0,0,0,0,177,3,0,0,1,16,153,3,6,3,3,178,35,109,7,125,131,16,85,6,43,2,1,42,10,1,42,58,54,19,8,23.2,32.04,29.83,10.5,4.42,15,18,142,6,0,8.29,9.94,78.45,3.31,0
Gandaki,Mustang,Thasang,NP04,NP0445,NP0445405,2,226,153,66,6,1,198,8,14,5,1,175,45,5,0,0,0,0,1,129,18,0,0,0,0,79,0,41,120,1,0,64,0,99,100,0,0,1,25,0,0,1,132,94,0,0,0,0,0,218,3,4,0,1,0,198,9,3,16,6,220,31,116,2,178,161,15,109,5,36,3,0,48,2,0,56,58,74,24,14,24.78,25.66,32.74,10.62,6.19,17,69,116,23,1,7.52,30.53,51.33,10.18,0.44
Gandaki,Mustang,Thasang,NP04,NP0445,NP0445405,3,171,113,45,13,0,122,29,18,2,0,41,126,4,0,0,0,0,0,95,15,0,0,48,0,13,0,12,119,0,1,39,0,160,10,0,1,0,0,0,0,0,64,105,1,0,0,1,0,168,1,0,0,2,1,165,4,0,1,4,167,162,90,4,150,142,37,127,6,44,7,1,54,14,1,10,24,65,44,28,5.85,14.04,38.01,25.73,16.37,26,101,44,0,0,15.2,59.06,25.73,0,0
Gandaki,Mustang,Thasang,NP04,NP0445,NP0445405,4,120,94,20,4,2,76,37,0,6,1,74,36,1,6,0,3,0,0,83,12,2,0,8,2,13,0,24,76,0,0,20,0,54,65,0,0,0,1,0,0,0,61,59,0,0,0,0,0,119,1,0,0,0,0,81,37,1,1,19,101,4,43,0,42,91,4,34,4,17,0,1,12,0,0,26,41,36,11,6,21.67,34.17,30,9.17,5,10,49,60,1,0,8.33,40.83,50,0.83,0
Gandaki,Mustang,Thasang,NP04,NP0445,NP0445405,5,134,112,14,8,0,113,18,0,3,0,104,24,5,0,0,0,1,0,72,7,0,0,0,1,54,0,17,99,0,1,13,4,74,43,0,0,0,16,0,0,1,104,30,0,0,0,0,0,132,2,0,0,0,3,119,3,5,4,10,124,14,83,2,92,110,8,79,5,23,1,0,12,2,0,20,51,53,6,4,14.93,38.06,39.55,4.48,2.99,3,32,93,6,0,2.24,23.88,69.4,4.48,0
Gandaki,Myagdi,Annapurna,NP04,NP0444,NP0444403,1,311,289,8,2,12,289,17,5,0,0,287,24,0,0,0,0,0,0,80,5,0,0,226,0,0,0,244,33,0,0,34,0,8,196,0,1,1,99,5,0,1,276,34,0,0,1,0,0,300,2,8,1,0,1,294,16,0,0,28,283,92,140,5,234,217,7,197,7,10,0,0,12,0,0,81,116,98,13,3,26.05,37.3,31.51,4.18,0.96,7,26,217,61,0,2.25,8.36,69.77,19.61,0
Gandaki,Myagdi,Annapurna,NP04,NP0444,NP0444403,2,237,150,64,8,15,152,66,16,1,2,149,83,1,0,1,3,0,0,124,27,1,2,83,0,0,0,117,7,0,19,93,1,62,170,0,0,1,4,0,0,0,122,114,1,0,0,0,0,227,2,6,2,0,1,198,38,0,0,18,219,37,102,4,180,176,13,168,9,22,1,8,58,1,1,38,45,73,48,33,16.03,18.99,30.8,20.25,13.92,50,74,108,5,0,21.1,31.22,45.57,2.11,0
Gandaki,Myagdi,Annapurna,NP04,NP0444,NP0444403,3,481,409,37,7,28,385,88,3,4,1,380,92,3,1,3,1,0,1,265,35,5,0,174,0,0,2,318,27,4,0,129,3,47,411,0,0,6,16,0,0,1,285,193,0,0,3,0,0,449,23,4,0,5,14,447,17,0,3,31,450,157,258,3,354,394,29,345,8,26,3,4,63,0,0,64,116,210,63,28,13.31,24.12,43.66,13.1,5.82,57,115,300,7,2,11.85,23.91,62.37,1.46,0.42
Gandaki,Myagdi,Annapurna,NP04,NP0444,NP0444403,4,500,451,38,3,8,377,55,60,3,5,372,117,3,1,0,7,0,0,171,42,1,1,285,0,0,0,328,8,0,0,163,1,131,302,0,0,1,65,0,0,1,282,218,0,0,0,0,0,468,2,29,0,1,0,436,24,0,40,55,445,132,217,0,333,348,17,150,6,19,1,9,76,3,0,132,141,117,85,25,26.4,28.2,23.4,17,5,81,98,258,63,0,16.2,19.6,51.6,12.6,0
Gandaki,Myagdi,Annapurna,NP04,NP0444,NP0444403,5,548,494,28,13,13,496,37,13,2,0,493,52,0,1,1,1,0,0,142,23,3,0,379,0,0,1,462,27,1,7,50,1,104,440,0,0,3,0,0,0,1,472,75,1,0,0,0,0,523,18,5,0,2,36,393,111,5,3,58,490,81,231,3,373,367,14,319,4,2,0,0,17,0,0,142,208,162,33,3,25.91,37.96,29.56,6.02,0.55,27,52,461,8,0,4.93,9.49,84.12,1.46,0
Gandaki,Myagdi,Annapurna,NP04,NP0444,NP0444403,6,693,596,87,6,4,536,128,26,3,0,539,146,6,0,1,1,0,0,376,84,1,0,230,2,0,0,459,48,7,10,166,3,294,393,0,0,3,3,0,0,0,535,150,0,0,8,0,0,686,3,4,0,0,15,585,92,0,1,48,645,154,372,42,533,522,41,412,7,40,1,9,20,0,0,117,190,267,91,28,16.88,27.42,38.53,13.13,4.04,94,117,478,4,0,13.56,16.88,68.98,0.58,0
Gandaki,Myagdi,Annapurna,NP04,NP0444,NP0444403,7,404,385,5,3,11,388,10,6,0,0,372,17,8,0,7,0,0,0,113,1,1,0,289,0,0,0,325,16,0,0,63,0,219,170,0,0,4,10,1,0,0,369,28,0,0,7,0,0,389,11,0,0,4,16,374,8,1,5,13,391,130,205,2,346,287,36,224,5,1,0,2,12,0,0,86,148,153,12,5,21.29,36.63,37.87,2.97,1.24,2,48,345,9,0,0.5,11.88,85.4,2.23,0
Gandaki,Myagdi,Annapurna,NP04,NP0444,NP0444403,8,426,399,0,9,18,422,2,0,1,1,400,10,14,0,0,1,0,1,96,1,5,0,322,2,0,0,392,16,0,0,18,0,22,394,0,0,1,9,0,0,0,389,37,0,0,0,0,0,401,14,7,0,4,17,377,23,0,9,10,416,179,214,0,309,290,22,260,4,8,1,4,6,0,0,104,134,184,4,0,24.41,31.46,43.19,0.94,0,1,24,393,7,1,0.23,5.63,92.25,1.64,0.23
Gandaki,Myagdi,Raghuganga,NP04,NP0444,NP0444402,1,392,353,21,0,18,333,47,6,6,0,324,59,7,1,0,1,0,0,161,9,2,0,218,2,0,0,301,18,1,0,72,0,21,359,0,0,1,10,0,0,1,336,56,0,0,0,0,0,384,1,4,0,3,2,366,15,2,7,15,377,88,191,4,305,281,15,105,7,8,0,7,24,0,0,83,172,102,26,9,21.17,43.88,26.02,6.63,2.3,22,57,303,10,0,5.61,14.54,77.3,2.55,0
Gandaki,Myagdi,Raghuganga,NP04,NP0444,NP0444402,2,921,877,25,6,13,857,45,17,2,0,824,83,1,1,12,0,0,0,224,27,0,1,669,0,0,0,747,24,3,2,133,12,361,446,0,0,9,105,0,0,0,805,81,1,0,29,5,0,874,39,4,1,3,29,849,23,2,18,106,815,493,449,6,540,637,78,435,12,45,5,11,33,1,0,214,334,325,43,5,23.24,36.26,35.29,4.67,0.54,16,102,745,58,0,1.74,11.07,80.89,6.3,0
Gandaki,Myagdi,Raghuganga,NP04,NP0444,NP0444402,3,1123,1034,55,9,25,1002,78,40,0,3,951,153,6,2,3,7,0,1,436,58,3,2,623,1,0,0,825,30,1,2,261,4,399,489,0,2,8,185,39,0,1,832,288,0,0,1,1,1,1096,19,7,0,1,22,1044,36,0,21,63,1060,248,665,27,832,890,88,712,55,70,53,84,102,1,0,182,311,466,125,39,16.21,27.69,41.5,11.13,3.47,71,181,745,126,0,6.32,16.12,66.34,11.22,0
Gandaki,Myagdi,Raghuganga,NP04,NP0444,NP0444402,4,274,251,1,0,22,264,7,1,2,0,265,6,1,1,0,1,0,0,41,1,3,0,229,0,0,0,262,3,0,0,9,0,7,152,0,3,2,108,1,0,1,270,3,0,0,1,0,0,267,1,4,0,2,6,251,17,0,0,21,253,68,76,3,240,124,3,2,3,1,1,0,1,0,0,149,111,14,0,0,54.38,40.51,5.11,0,0,0,9,170,94,1,0,3.28,62.04,34.31,0.36
Gandaki,Myagdi,Raghuganga,NP04,NP0444,NP0444402,5,338,317,7,5,9,314,16,6,1,1,313,24,0,0,0,1,0,0,40,11,1,0,286,0,0,0,281,10,0,0,46,1,115,64,0,0,0,158,1,0,0,302,36,0,0,0,0,0,333,1,1,0,3,4,314,10,0,10,36,302,84,140,4,237,249,18,208,6,14,13,1,19,1,0,92,121,103,19,3,27.22,35.8,30.47,5.62,0.89,7,27,173,130,1,2.07,7.99,51.18,38.46,0.3
Gandaki,Myagdi,Raghuganga,NP04,NP0444,NP0444402,6,536,523,0,0,13,531,4,0,1,0,529,4,2,0,1,0,0,0,30,2,0,0,504,0,0,0,518,3,3,1,11,0,12,357,0,0,1,166,0,0,0,528,8,0,0,0,0,0,531,5,0,0,0,11,340,183,0,2,8,528,325,97,3,463,360,9,206,1,4,1,0,1,0,0,192,310,33,1,0,35.82,57.84,6.16,0.19,0,1,4,376,155,0,0.19,0.75,70.15,28.92,0
Gandaki,Myagdi,Raghuganga,NP04,NP0444,NP0444402,7,357,333,5,3,16,346,8,1,0,2,307,43,2,0,2,3,0,0,42,5,0,0,310,0,0,0,271,22,0,0,61,3,12,112,0,0,2,229,2,0,0,342,14,0,0,0,1,0,336,17,0,0,4,2,328,13,0,14,32,325,64,163,7,302,251,6,9,1,4,0,1,7,0,0,140,171,42,3,1,39.22,47.9,11.76,0.84,0.28,3,24,164,166,0,0.84,6.72,45.94,46.5,0
Gandaki,Myagdi,Raghuganga,NP04,NP0444,NP0444402,8,212,202,3,2,5,205,7,0,0,0,207,3,0,0,0,2,0,0,16,0,1,0,195,0,0,0,198,1,1,1,11,0,8,200,0,0,0,4,0,0,0,207,5,0,0,0,0,0,210,0,0,0,2,1,104,107,0,0,29,183,53,29,0,174,113,1,35,4,1,0,0,0,0,0,128,64,20,0,0,60.38,30.19,9.43,0,0,0,8,199,5,0,0,3.77,93.87,2.36,0
Gandaki,Myagdi,Dhawalagiri,NP04,NP0444,NP0444401,1,199,194,1,2,2,194,0,0,5,0,194,0,5,0,0,0,0,0,2,1,3,1,192,0,0,0,199,0,0,0,0,0,7,192,0,0,0,0,0,0,0,199,0,0,0,0,0,0,198,1,0,0,0,0,186,11,0,2,31,168,18,51,1,142,110,6,3,0,0,0,0,0,0,0,88,106,5,0,0,44.22,53.27,2.51,0,0,0,0,196,3,0,0,0,98.49,1.51,0
Gandaki,Myagdi,Dhawalagiri,NP04,NP0444,NP0444401,2,343,323,10,1,9,339,2,0,2,0,340,1,2,0,0,0,0,0,25,2,2,0,313,1,0,0,341,1,0,0,1,0,6,324,0,0,7,0,6,0,0,338,4,0,0,1,0,0,3,259,0,0,81,7,275,46,3,12,33,310,69,46,1,285,197,5,1,2,1,0,0,0,0,0,174,165,3,1,0,50.73,48.1,0.87,0.29,0,1,0,301,40,1,0.29,0,87.76,11.66,0.29
Gandaki,Myagdi,Dhawalagiri,NP04,NP0444,NP0444401,3,621,588,25,2,6,591,18,5,6,1,575,33,8,0,1,4,0,0,64,6,0,0,550,0,0,1,542,21,1,3,53,1,220,399,0,0,0,2,0,0,0,533,87,0,0,0,1,0,583,33,1,1,3,5,394,214,3,5,128,493,142,136,4,388,369,12,169,1,12,1,1,4,0,0,258,254,93,13,3,41.55,40.9,14.98,2.09,0.48,5,50,560,6,0,0.81,8.05,90.18,0.97,0
Gandaki,Myagdi,Dhawalagiri,NP04,NP0444,NP0444401,4,524,511,4,1,8,515,4,0,4,1,499,14,9,1,1,0,0,0,60,3,21,0,439,0,0,1,486,10,1,0,23,4,67,305,0,0,3,137,10,0,2,500,24,0,0,0,0,0,431,82,1,2,8,15,312,168,4,25,55,469,219,80,2,374,381,6,77,1,1,0,0,3,0,0,275,221,27,1,0,52.48,42.18,5.15,0.19,0,1,13,350,155,5,0.19,2.48,66.79,29.58,0.95
Gandaki,Myagdi,Dhawalagiri,NP04,NP0444,NP0444401,5,237,230,6,1,0,234,3,0,0,0,232,4,0,0,0,0,1,0,5,0,0,1,230,1,0,0,226,2,0,0,9,0,24,213,0,0,0,0,0,0,0,227,9,1,0,0,0,0,236,1,0,0,0,12,224,0,0,1,75,162,18,7,0,157,127,1,2,1,2,0,0,1,0,0,106,126,3,2,0,44.73,53.16,1.27,0.84,0,0,6,231,0,0,0,2.53,97.47,0,0
Gandaki,Myagdi,Dhawalagiri,NP04,NP0444,NP0444401,6,339,322,10,3,4,321,9,0,7,2,318,12,4,3,0,2,0,0,31,3,0,3,302,0,0,0,316,7,0,1,15,0,67,219,0,1,4,42,1,5,0,326,12,0,0,0,0,1,275,22,0,0,42,9,143,166,1,20,13,326,44,32,0,282,240,3,2,0,1,0,0,0,0,0,212,113,13,1,0,62.54,33.33,3.83,0.29,0,1,13,274,51,0,0.29,3.83,80.83,15.04,0
Gandaki,Myagdi,Dhawalagiri,NP04,NP0444,NP0444401,7,913,836,56,4,17,861,38,12,2,0,838,61,3,4,5,2,0,0,215,24,8,0,665,0,0,1,746,28,4,0,120,15,730,159,0,0,1,19,1,0,3,806,107,0,0,0,0,0,860,43,1,0,9,28,515,360,1,9,81,832,249,279,14,697,627,36,186,13,34,5,9,10,0,0,313,437,129,32,2,34.28,47.86,14.13,3.5,0.22,10,93,785,24,1,1.1,10.19,85.98,2.63,0.11
Gandaki,Myagdi,Malika,NP04,NP0444,NP0444404,1,494,490,3,0,1,485,3,0,6,0,472,5,17,0,0,0,0,0,43,0,22,1,425,3,0,0,482,7,0,0,5,0,249,236,0,4,0,5,0,0,0,477,17,0,0,0,0,0,457,18,14,0,5,5,462,14,0,13,17,477,370,144,1,353,371,5,322,1,8,1,1,0,0,1,117,254,120,3,0,23.68,51.42,24.29,0.61,0,1,5,465,23,0,0.2,1.01,94.13,4.66,0
Gandaki,Myagdi,Malika,NP04,NP0444,NP0444404,2,874,836,30,0,8,857,14,1,2,0,851,20,2,0,1,0,0,0,14,1,3,1,855,0,0,0,837,4,2,3,26,2,248,452,0,0,17,151,1,5,0,829,43,0,0,1,0,1,767,75,4,1,27,9,461,315,15,74,80,794,134,115,3,631,621,5,409,5,16,1,1,1,0,0,285,503,80,6,0,32.61,57.55,9.15,0.69,0,0,17,682,175,0,0,1.95,78.03,20.02,0
Gandaki,Myagdi,Malika,NP04,NP0444,NP0444404,3,536,512,6,0,18,522,9,5,0,0,521,13,2,0,0,0,0,0,196,2,9,0,329,0,0,0,497,8,0,1,28,2,137,386,0,6,1,3,0,0,3,510,26,0,0,0,0,0,495,27,7,0,7,8,473,12,1,42,92,444,78,64,0,321,351,7,266,4,6,6,1,13,0,0,184,269,75,6,2,34.33,50.19,13.99,1.12,0.37,3,17,497,19,0,0.56,3.17,92.72,3.54,0
Gandaki,Myagdi,Malika,NP04,NP0444,NP0444404,4,476,449,8,1,18,473,2,1,0,0,460,14,1,0,1,0,0,0,88,1,12,0,375,0,0,0,432,4,4,0,35,1,166,294,0,0,2,4,6,1,3,442,33,1,0,0,0,0,467,5,2,0,2,3,1,457,4,11,22,454,116,131,3,413,263,23,237,4,23,2,6,13,0,0,217,202,42,14,1,45.59,42.44,8.82,2.94,0.21,0,22,425,29,0,0,4.62,89.29,6.09,0
Gandaki,Myagdi,Malika,NP04,NP0444,NP0444404,5,768,747,11,0,10,763,3,1,1,0,756,5,2,0,5,0,0,0,97,1,6,1,663,0,0,0,736,4,2,1,17,8,167,422,0,3,2,163,10,1,0,712,43,0,0,0,12,1,717,31,7,1,12,7,561,193,0,7,37,731,135,214,4,563,522,11,343,2,2,1,0,1,0,0,277,371,119,1,0,36.07,48.31,15.49,0.13,0,0,20,589,158,1,0,2.6,76.69,20.57,0.13
Gandaki,Myagdi,Malika,NP04,NP0444,NP0444404,6,1001,635,339,13,14,635,179,181,5,1,557,421,18,0,2,3,0,0,297,196,22,1,484,1,0,0,476,36,5,7,475,2,266,721,0,0,0,5,4,3,2,437,561,2,0,1,0,0,974,24,0,0,3,38,844,111,0,8,53,948,101,385,82,639,749,136,474,27,79,57,152,134,1,0,153,252,229,252,115,15.28,25.17,22.88,25.17,11.49,295,246,445,15,0,29.47,24.58,44.46,1.5,0
Gandaki,Myagdi,Malika,NP04,NP0444,NP0444404,7,441,345,42,40,14,395,44,0,2,0,394,45,2,0,0,0,0,0,60,6,2,0,373,0,0,0,353,19,1,0,68,0,7,433,0,0,1,0,0,0,0,357,31,0,0,53,0,0,439,2,0,0,0,0,6,425,5,5,20,421,25,129,3,247,358,11,340,1,12,1,0,11,0,0,72,296,43,29,1,16.33,67.12,9.75,6.58,0.23,3,48,388,2,0,0.68,10.88,87.98,0.45,0
Gandaki,Myagdi,Mangala,NP04,NP0444,NP0444405,1,842,816,11,6,9,797,33,8,4,0,794,40,5,1,2,0,0,0,110,9,9,0,713,1,0,0,734,29,5,0,74,0,93,735,0,0,0,7,4,2,1,764,69,9,0,0,0,0,826,10,3,0,3,11,682,142,2,5,104,738,215,335,3,634,581,27,302,13,33,2,1,11,1,1,252,355,214,20,1,29.93,42.16,25.42,2.38,0.12,10,54,765,11,2,1.19,6.41,90.86,1.31,0.24
Gandaki,Myagdi,Mangala,NP04,NP0444,NP0444405,2,1004,821,136,16,31,770,80,150,4,0,766,233,3,1,0,0,0,1,224,161,14,0,605,0,0,0,612,20,8,6,352,6,397,599,0,0,1,1,3,1,2,662,337,2,0,3,0,0,985,14,2,0,3,6,938,57,0,3,58,946,180,510,7,645,786,125,430,15,113,14,160,167,8,2,144,326,285,175,74,14.34,32.47,28.39,17.43,7.37,175,148,673,7,1,17.43,14.74,67.03,0.7,0.1
Gandaki,Myagdi,Mangala,NP04,NP0444,NP0444405,3,713,676,9,2,26,670,41,2,0,0,657,45,2,0,7,2,0,0,205,14,7,0,487,0,0,0,577,20,2,2,111,1,226,481,0,0,6,0,0,0,0,625,64,4,0,20,0,0,709,2,0,0,2,45,570,97,0,1,40,673,337,359,15,579,584,39,235,4,38,7,9,36,0,0,103,378,192,30,10,14.45,53.02,26.93,4.21,1.4,13,75,620,5,0,1.82,10.52,86.96,0.7,0
Gandaki,Myagdi,Mangala,NP04,NP0444,NP0444405,4,390,379,2,0,9,381,7,2,0,0,387,1,1,0,1,0,0,0,40,0,2,0,348,0,0,0,331,12,1,4,41,1,49,337,0,0,0,4,0,0,0,360,25,5,0,0,0,0,385,3,1,1,0,3,375,12,0,0,69,321,176,151,2,284,236,8,143,0,16,1,1,1,0,0,118,151,118,3,0,30.26,38.72,30.26,0.77,0,0,31,354,5,0,0,7.95,90.77,1.28,0
Gandaki,Myagdi,Mangala,NP04,NP0444,NP0444405,5,962,885,43,3,31,881,76,0,5,0,863,88,2,4,5,0,0,0,150,17,28,0,766,0,0,1,783,4,1,0,167,7,487,261,0,1,0,206,5,0,2,799,141,0,0,21,0,1,949,9,1,1,2,14,902,26,14,6,58,904,192,409,4,635,705,65,416,8,67,13,23,68,1,0,234,384,264,59,21,24.32,39.92,27.44,6.13,2.18,14,122,655,169,2,1.46,12.68,68.09,17.57,0.21
Gandaki,Myagdi,Beni,NP04,NP0444,NP0444301,1,655,630,13,2,10,598,34,22,1,0,572,79,0,0,0,3,0,1,359,46,2,0,248,0,0,0,501,6,7,2,138,1,167,311,0,0,0,176,0,0,1,453,195,1,0,6,0,0,644,10,0,0,1,8,158,469,3,17,36,619,238,289,6,441,495,51,263,24,123,10,97,88,3,0,181,254,140,57,23,27.63,38.78,21.37,8.7,3.51,16,94,480,65,0,2.44,14.35,73.28,9.92,0
Gandaki,Myagdi,Beni,NP04,NP0444,NP0444301,2,970,862,96,6,6,741,195,28,4,2,720,242,3,0,1,4,0,0,693,46,2,2,227,0,0,0,623,42,1,5,293,6,318,557,0,1,9,81,3,0,1,726,242,0,0,0,2,0,946,16,1,0,7,17,773,163,4,13,41,929,223,473,12,665,711,85,385,18,103,26,99,93,2,0,213,321,237,150,49,21.96,33.09,24.43,15.46,5.05,127,200,604,37,2,13.09,20.62,62.27,3.81,0.21
Gandaki,Myagdi,Beni,NP04,NP0444,NP0444301,3,711,667,14,5,25,665,45,0,1,0,660,49,0,0,2,0,0,0,275,4,7,0,425,0,0,0,599,13,2,0,97,0,37,649,0,0,5,15,5,0,0,671,37,1,0,2,0,0,702,5,3,0,1,10,560,134,1,6,23,688,251,270,3,554,568,45,181,5,53,5,30,36,1,0,177,354,144,28,8,24.89,49.79,20.25,3.94,1.13,13,60,620,18,0,1.83,8.44,87.2,2.53,0
Gandaki,Myagdi,Beni,NP04,NP0444,NP0444301,4,879,731,122,7,19,634,138,101,3,3,616,248,8,1,1,3,0,2,299,118,0,0,461,1,0,0,516,20,3,0,331,9,209,656,0,0,6,4,2,0,2,471,406,1,0,1,0,0,862,14,0,0,3,27,830,16,2,4,25,854,100,415,12,629,750,76,348,25,99,9,183,188,10,4,70,290,277,169,73,7.96,32.99,31.51,19.23,8.3,144,223,505,7,0,16.38,25.37,57.45,0.8,0
Gandaki,Myagdi,Beni,NP04,NP0444,NP0444301,5,868,849,10,0,9,823,40,3,2,0,787,75,2,1,3,0,0,0,307,25,3,0,532,1,0,0,650,3,1,2,206,6,190,669,0,0,4,5,0,0,0,748,117,0,0,2,0,1,857,5,5,0,1,5,490,352,5,16,61,807,129,444,1,613,631,51,173,5,77,6,9,53,1,0,244,399,159,55,11,28.11,45.97,18.32,6.34,1.27,20,100,744,4,0,2.3,11.52,85.71,0.46,0
Gandaki,Myagdi,Beni,NP04,NP0444,NP0444301,6,678,651,16,2,9,510,110,57,0,1,455,214,1,0,1,0,0,7,437,84,2,1,153,0,0,1,433,3,0,0,217,25,393,229,0,0,1,55,0,0,0,453,224,0,0,1,0,0,654,19,5,0,0,37,632,7,0,2,33,645,192,371,6,439,539,86,311,12,138,10,98,112,5,0,88,175,254,97,64,12.98,25.81,37.46,14.31,9.44,103,176,386,12,1,15.19,25.96,56.93,1.77,0.15
Gandaki,Myagdi,Beni,NP04,NP0444,NP0444301,7,1140,374,701,57,8,141,597,400,2,0,142,993,2,0,1,2,0,0,146,833,1,59,101,0,0,0,211,96,36,58,737,2,976,155,0,1,4,0,0,0,4,126,1013,1,0,0,0,0,1085,52,0,0,3,162,927,46,3,2,11,1129,204,644,190,744,1057,352,946,105,312,191,697,538,114,7,2,46,157,458,477,0.18,4.04,13.77,40.18,41.84,786,264,90,0,0,68.95,23.16,7.89,0,0
Gandaki,Myagdi,Beni,NP04,NP0444,NP0444301,8,1896,424,1423,44,5,68,321,1502,2,3,76,1792,3,0,2,3,0,20,199,1605,10,2,79,0,0,1,48,15,18,102,1706,7,1688,200,0,0,2,5,0,0,1,58,1825,8,0,0,0,5,1875,18,1,1,1,27,1795,71,2,1,15,1881,422,1013,240,926,1833,628,1638,82,508,194,1341,802,128,6,2,12,101,955,826,0.11,0.63,5.33,50.37,43.57,1665,185,45,0,1,87.82,9.76,2.37,0,0.05
Gandaki,Myagdi,Beni,NP04,NP0444,NP0444301,9,1108,999,97,2,10,886,83,132,5,2,882,210,12,1,1,0,0,2,377,155,100,0,474,2,0,0,685,14,12,1,388,8,752,328,0,0,3,24,1,0,0,799,306,2,0,1,0,0,1083,21,3,0,1,57,810,218,13,10,48,1060,208,489,24,769,901,108,529,35,128,24,140,149,7,2,169,417,325,130,67,15.25,37.64,29.33,11.73,6.05,127,221,741,19,0,11.46,19.95,66.88,1.71,0
Gandaki,Myagdi,Beni,NP04,NP0444,NP0444301,10,431,392,5,2,32,418,10,1,0,2,411,15,0,0,2,0,0,3,88,17,0,1,325,0,0,0,351,4,0,1,73,2,210,154,0,0,6,61,0,0,0,375,47,1,0,2,6,0,410,13,6,0,2,25,56,346,0,4,37,394,149,206,1,319,258,8,122,4,20,0,2,7,0,0,186,176,56,11,2,43.16,40.84,12.99,2.55,0.46,5,37,330,59,0,1.16,8.58,76.57,13.69,0
Gandaki,Kaski,Madi,NP04,NP0439,NP0439403,1,538,509,4,9,16,525,10,3,0,0,526,12,0,0,0,0,0,0,479,9,0,0,50,0,0,0,470,3,31,0,32,2,424,112,0,0,0,2,0,0,0,497,41,0,0,0,0,0,536,0,0,0,2,7,513,15,2,1,18,520,106,365,74,443,314,26,92,3,4,0,1,6,2,0,92,328,93,15,10,17.1,60.97,17.29,2.79,1.86,8,80,449,1,0,1.49,14.87,83.46,0.19,0
Gandaki,Kaski,Madi,NP04,NP0439,NP0439403,2,268,232,19,2,15,259,5,4,0,0,228,38,1,0,0,1,0,0,205,2,1,0,59,1,0,0,244,1,2,0,19,2,264,3,0,0,0,1,0,0,0,229,39,0,0,0,0,0,268,0,0,0,0,24,240,1,2,1,9,259,87,121,5,222,206,3,16,1,6,0,2,14,0,0,49,166,45,5,3,18.28,61.94,16.79,1.87,1.12,3,40,225,0,0,1.12,14.93,83.96,0,0
Gandaki,Kaski,Madi,NP04,NP0439,NP0439403,3,330,288,27,0,15,320,7,3,0,0,288,40,0,2,0,0,0,0,201,3,2,0,124,0,0,0,252,1,3,0,74,0,200,59,0,2,3,53,10,1,2,280,50,0,0,0,0,0,308,17,4,0,1,5,280,29,5,11,16,314,97,154,1,227,202,12,26,2,15,1,5,19,0,0,96,145,78,10,1,29.09,43.94,23.64,3.03,0.3,3,67,222,37,1,0.91,20.3,67.27,11.21,0.3
Gandaki,Kaski,Madi,NP04,NP0439,NP0439403,4,305,293,2,0,10,270,24,8,3,0,258,43,0,4,0,0,0,0,292,7,0,0,5,1,0,0,225,1,0,0,79,0,46,253,1,0,1,3,1,0,0,297,8,0,0,0,0,0,298,1,5,0,1,1,299,5,0,0,10,295,229,173,2,293,208,34,9,1,36,6,4,11,1,0,60,146,86,10,3,19.67,47.87,28.2,3.28,0.98,3,81,219,1,1,0.98,26.56,71.8,0.33,0.33
Gandaki,Kaski,Madi,NP04,NP0439,NP0439403,5,430,406,12,3,9,267,135,24,4,0,162,265,0,2,0,1,0,0,387,41,0,0,1,1,0,0,82,1,0,0,345,2,317,33,0,0,0,77,1,0,2,251,172,1,0,6,0,0,424,3,1,0,2,8,383,34,3,2,9,421,129,284,1,360,322,35,118,10,103,18,61,109,2,0,34,69,175,105,47,7.91,16.05,40.7,24.42,10.93,73,261,89,7,0,16.98,60.7,20.7,1.63,0
Gandaki,Kaski,Madi,NP04,NP0439,NP0439403,6,243,232,0,0,11,211,29,3,0,0,203,39,1,0,0,0,0,0,180,3,1,0,58,1,0,0,191,4,0,1,47,0,120,114,0,0,8,1,0,0,0,234,7,1,0,1,0,0,241,0,1,0,1,39,80,122,0,2,5,238,147,120,2,232,172,6,10,6,25,2,3,4,0,0,84,102,49,6,2,34.57,41.98,20.16,2.47,0.82,5,41,195,2,0,2.06,16.87,80.25,0.82,0
Gandaki,Kaski,Madi,NP04,NP0439,NP0439403,7,295,259,2,0,34,220,70,4,1,0,206,83,2,3,0,1,0,0,263,25,0,0,7,0,0,0,206,5,0,0,75,9,56,235,0,1,0,3,0,0,0,277,14,0,0,4,0,0,292,3,0,0,0,13,226,56,0,0,12,283,207,208,3,248,216,2,1,4,22,1,5,2,1,0,57,138,86,13,1,19.32,46.78,29.15,4.41,0.34,8,79,207,1,0,2.71,26.78,70.17,0.34,0
Gandaki,Kaski,Madi,NP04,NP0439,NP0439403,8,381,369,0,0,12,368,10,3,0,0,364,14,0,0,0,3,0,0,305,5,4,0,67,0,0,0,359,3,0,0,18,1,180,196,0,1,3,0,1,0,0,377,4,0,0,0,0,0,370,9,0,0,2,6,359,13,0,3,51,330,30,115,3,317,248,2,1,1,20,2,0,3,0,0,120,227,29,5,0,31.5,59.58,7.61,1.31,0,1,19,358,3,0,0.26,4.99,93.96,0.79,0
Gandaki,Kaski,Madi,NP04,NP0439,NP0439403,9,399,376,16,1,6,338,52,2,6,1,312,62,7,0,1,17,0,0,372,13,5,0,9,0,0,0,263,1,4,0,131,0,59,104,0,1,60,174,1,0,0,339,59,1,0,0,0,0,393,4,0,0,2,13,367,13,0,6,13,386,99,264,5,343,281,16,7,4,50,3,30,23,0,1,101,179,88,27,4,25.31,44.86,22.06,6.77,1,11,88,279,21,0,2.76,22.06,69.92,5.26,0
Gandaki,Kaski,Madi,NP04,NP0439,NP0439403,10,322,310,2,2,8,286,26,8,2,0,285,35,0,1,0,1,0,0,238,15,2,0,67,0,0,0,271,0,6,0,43,2,218,102,0,0,1,1,0,0,0,292,28,2,0,0,0,0,318,2,2,0,0,6,289,26,0,1,14,308,91,174,3,248,202,8,4,2,20,2,16,8,0,0,80,178,51,9,4,24.84,55.28,15.84,2.8,1.24,10,57,253,2,0,3.11,17.7,78.57,0.62,0
Gandaki,Kaski,Madi,NP04,NP0439,NP0439403,11,277,257,3,1,16,210,59,6,2,0,198,77,0,0,0,1,0,1,222,11,10,0,34,0,0,0,181,0,1,0,92,3,154,115,0,0,0,4,1,1,2,242,34,1,0,0,0,0,269,1,1,1,5,2,249,15,0,11,8,269,72,157,4,225,203,10,20,3,19,1,25,21,2,0,42,125,85,21,4,15.16,45.13,30.69,7.58,1.44,14,87,170,4,2,5.05,31.41,61.37,1.44,0.72
Gandaki,Kaski,Madi,NP04,NP0439,NP0439403,12,306,295,8,0,3,253,40,13,0,0,212,88,1,0,0,5,0,0,285,18,1,0,2,0,0,0,178,4,1,0,123,0,150,82,0,0,2,68,2,0,2,267,38,0,0,1,0,0,304,0,1,0,1,21,114,170,0,1,9,297,57,189,2,273,176,15,23,3,52,12,23,30,1,0,95,88,91,27,5,31.05,28.76,29.74,8.82,1.63,10,104,143,49,0,3.27,33.99,46.73,16.01,0
Gandaki,Kaski,Machhapuchchhre,NP04,NP0439,NP0439402,1,447,398,15,0,34,364,70,12,1,0,351,89,3,0,2,2,0,0,283,28,2,0,134,0,0,0,300,9,3,1,133,1,291,153,1,0,1,0,0,0,1,330,117,0,0,0,0,0,436,10,1,0,0,3,407,36,0,1,7,440,297,168,1,348,218,19,73,3,32,8,19,53,0,0,176,111,97,43,20,39.37,24.83,21.7,9.62,4.47,41,111,293,2,0,9.17,24.83,65.55,0.45,0
Gandaki,Kaski,Machhapuchchhre,NP04,NP0439,NP0439402,2,1024,804,174,3,43,452,411,149,12,0,369,627,0,8,0,3,1,16,502,230,7,1,282,1,0,1,303,8,9,29,666,9,865,142,1,0,4,0,10,0,2,457,562,0,0,5,0,0,1003,11,9,0,1,16,973,21,0,14,52,972,365,737,46,767,813,101,326,35,247,44,161,247,9,2,74,187,275,289,199,7.23,18.26,26.86,28.22,19.43,386,325,297,10,6,37.7,31.74,29,0.98,0.59
Gandaki,Kaski,Machhapuchchhre,NP04,NP0439,NP0439402,3,772,710,28,2,32,557,105,90,2,18,485,266,0,2,1,2,0,16,585,143,2,1,26,0,0,15,284,2,7,15,445,19,603,102,0,0,2,33,0,28,4,241,529,0,0,1,0,1,754,10,4,0,4,184,428,154,1,5,54,718,236,519,2,566,569,89,229,17,186,57,62,138,5,1,60,172,310,154,76,7.77,22.28,40.16,19.95,9.84,176,417,155,23,1,22.8,54.02,20.08,2.98,0.13
Gandaki,Kaski,Machhapuchchhre,NP04,NP0439,NP0439402,4,942,885,41,6,10,490,263,189,0,0,320,618,0,0,1,1,1,1,677,213,1,1,50,0,0,0,301,34,2,28,571,6,776,157,1,1,4,1,0,0,2,220,704,0,0,18,0,0,907,32,2,1,0,48,883,10,0,1,40,902,232,702,12,657,555,110,209,24,182,30,119,214,13,0,36,166,316,289,135,3.82,17.62,33.55,30.68,14.33,375,440,127,0,0,39.81,46.71,13.48,0,0
Gandaki,Kaski,Machhapuchchhre,NP04,NP0439,NP0439402,5,401,384,6,0,11,284,54,60,2,1,253,144,1,2,0,1,0,0,250,87,0,0,63,0,0,1,228,1,0,1,171,0,390,6,0,0,3,0,0,0,2,284,117,0,0,0,0,0,390,8,3,0,0,42,330,23,2,4,25,376,127,260,0,339,315,9,146,6,64,10,28,38,0,0,51,135,113,77,25,12.72,33.67,28.18,19.2,6.23,62,115,223,1,0,15.46,28.68,55.61,0.25,0
Gandaki,Kaski,Machhapuchchhre,NP04,NP0439,NP0439402,6,792,729,48,3,12,537,196,50,8,1,484,300,1,2,0,5,0,0,523,121,2,2,144,0,0,0,398,6,5,12,363,8,470,207,1,3,102,2,1,1,5,522,256,0,0,14,0,0,776,10,5,0,1,29,625,134,0,4,32,760,309,506,12,580,552,110,266,13,131,9,41,76,5,0,143,208,216,155,70,18.06,26.26,27.27,19.57,8.84,122,269,393,8,0,15.4,33.96,49.62,1.01,0
Gandaki,Kaski,Machhapuchchhre,NP04,NP0439,NP0439402,7,670,584,49,3,34,468,123,65,12,2,454,191,7,5,2,10,0,1,433,82,1,2,147,4,0,1,414,18,6,1,228,3,544,120,0,0,2,2,2,0,0,511,157,1,0,1,0,0,664,3,2,0,1,7,525,128,0,10,20,650,184,388,12,486,491,89,126,20,107,17,24,83,7,0,126,241,170,82,51,18.81,35.97,25.37,12.24,7.61,94,157,413,6,0,14.03,23.43,61.64,0.9,0
Gandaki,Kaski,Machhapuchchhre,NP04,NP0439,NP0439402,8,741,677,39,0,25,464,176,100,1,0,422,299,4,0,0,2,0,14,422,140,2,0,176,0,0,1,361,5,7,2,356,10,675,65,0,0,1,0,0,0,0,511,229,1,0,0,0,0,738,2,0,0,1,27,703,8,0,3,36,705,171,479,10,405,599,44,195,16,80,37,83,97,5,1,70,248,210,153,60,9.45,33.47,28.34,20.65,8.1,154,221,365,1,0,20.78,29.82,49.26,0.13,0
Gandaki,Kaski,Machhapuchchhre,NP04,NP0439,NP0439402,9,362,347,7,0,8,270,75,14,3,0,266,93,1,1,0,1,0,0,152,26,0,1,183,0,0,0,257,2,3,0,100,0,202,142,0,0,1,1,16,0,0,305,56,0,0,1,0,0,359,2,1,0,0,0,353,9,0,0,26,336,159,241,13,303,291,15,55,12,28,8,16,20,0,1,55,155,90,47,15,15.19,42.82,24.86,12.98,4.14,45,58,253,6,0,12.43,16.02,69.89,1.66,0
Gandaki,Kaski,Annapurna,NP04,NP0439,NP0439401,1,675,587,64,9,15,313,197,162,3,0,305,365,0,0,0,5,0,0,393,209,3,2,68,0,0,0,252,14,6,6,397,0,229,431,0,0,0,9,0,0,6,394,276,1,0,4,0,0,667,6,0,1,1,24,617,34,0,0,14,661,155,458,26,527,539,131,292,18,170,8,34,132,11,1,53,119,191,206,106,7.85,17.63,28.3,30.52,15.7,212,225,232,6,0,31.41,33.33,34.37,0.89,0
Gandaki,Kaski,Annapurna,NP04,NP0439,NP0439401,2,501,454,30,5,12,280,94,126,0,1,282,218,0,0,0,1,0,0,275,131,1,0,94,0,0,0,237,1,1,5,257,0,488,6,0,0,1,1,5,0,0,243,257,0,0,1,0,0,501,0,0,0,0,0,391,104,4,2,6,495,178,375,17,461,423,139,279,17,116,11,29,94,7,0,36,102,141,126,96,7.19,20.36,28.14,25.15,19.16,134,152,212,3,0,26.75,30.34,42.32,0.6,0
Gandaki,Kaski,Annapurna,NP04,NP0439,NP0439401,3,845,793,42,0,10,496,144,199,4,2,457,363,3,0,4,14,0,4,526,216,1,0,102,0,0,0,362,30,2,4,445,2,788,25,0,0,15,8,0,0,9,600,242,1,0,2,0,0,808,33,1,0,3,56,778,6,1,4,15,830,481,463,4,663,531,85,295,11,133,11,15,102,6,0,115,232,266,148,84,13.61,27.46,31.48,17.51,9.94,133,359,351,2,0,15.74,42.49,41.54,0.24,0
Gandaki,Kaski,Annapurna,NP04,NP0439,NP0439401,4,575,548,14,5,8,487,50,38,0,0,489,83,1,0,0,1,0,1,321,42,0,0,211,0,0,1,403,2,3,2,164,1,557,6,1,0,9,0,1,0,1,490,81,0,0,1,0,3,567,2,5,0,1,15,524,28,0,8,22,553,211,373,2,465,320,32,108,9,23,8,8,39,0,0,123,234,168,41,9,21.39,40.7,29.22,7.13,1.57,24,141,405,4,1,4.17,24.52,70.43,0.7,0.17
Gandaki,Kaski,Annapurna,NP04,NP0439,NP0439401,5,654,493,155,2,4,277,208,151,13,5,243,371,4,1,0,34,0,1,328,259,3,0,64,0,0,0,236,16,3,5,391,3,580,56,0,0,1,0,12,0,5,288,363,1,0,2,0,0,648,5,1,0,0,20,583,46,1,4,5,649,76,407,46,433,553,98,210,33,100,43,136,179,16,0,63,131,143,187,130,9.63,20.03,21.87,28.59,19.88,264,154,226,10,0,40.37,23.55,34.56,1.53,0
Gandaki,Kaski,Annapurna,NP04,NP0439,NP0439401,6,589,500,82,1,6,286,178,117,8,0,242,304,3,1,0,39,0,0,316,183,2,0,87,1,0,0,230,18,6,11,302,22,392,182,1,0,3,9,0,0,2,327,258,0,0,3,1,0,579,8,2,0,0,23,431,105,5,25,23,566,111,439,10,492,458,82,191,15,116,24,34,106,11,1,55,135,177,139,83,9.34,22.92,30.05,23.6,14.09,127,230,222,10,0,21.56,39.05,37.69,1.7,0
Gandaki,Kaski,Annapurna,NP04,NP0439,NP0439401,7,448,365,45,0,38,402,35,4,6,1,384,37,16,3,2,6,0,0,309,19,7,0,113,0,0,0,355,10,9,1,70,3,421,22,1,1,3,0,0,0,0,411,37,0,0,0,0,0,443,4,0,0,1,67,274,101,0,6,15,433,134,263,4,386,347,23,37,9,26,6,16,61,8,6,102,241,69,20,16,22.77,53.79,15.4,4.46,3.57,16,61,365,6,0,3.57,13.62,81.47,1.34,0
Gandaki,Kaski,Annapurna,NP04,NP0439,NP0439401,8,468,386,45,2,35,407,28,20,7,6,376,54,11,2,1,24,0,0,262,25,2,0,179,0,0,0,363,9,5,1,86,4,319,7,1,0,0,140,1,0,0,390,77,0,0,1,0,0,460,2,5,0,1,6,440,17,0,5,14,454,115,267,11,321,337,24,60,12,35,7,15,61,1,0,119,217,84,30,18,25.43,46.37,17.95,6.41,3.85,18,71,313,65,1,3.85,15.17,66.88,13.89,0.21
Gandaki,Kaski,Annapurna,NP04,NP0439,NP0439401,9,282,210,44,5,23,256,16,9,1,0,226,45,8,0,0,3,0,0,189,17,1,0,71,4,0,0,168,24,1,2,82,5,154,55,0,1,1,71,0,0,0,210,72,0,0,0,0,0,279,3,0,0,0,5,267,8,1,1,4,278,107,203,9,220,142,15,38,10,17,2,1,60,2,0,68,104,76,24,10,24.11,36.88,26.95,8.51,3.55,5,96,165,16,0,1.77,34.04,58.51,5.67,0
Gandaki,Kaski,Annapurna,NP04,NP0439,NP0439401,10,568,497,33,2,36,467,59,26,15,1,428,96,9,3,1,31,0,0,314,28,11,1,214,0,0,0,408,10,14,0,132,4,372,182,1,0,2,2,0,0,9,487,80,1,0,0,0,0,558,6,4,0,0,8,524,22,1,13,22,546,175,386,5,496,393,37,67,10,46,2,14,96,19,1,93,281,125,42,27,16.37,49.47,22.01,7.39,4.75,31,110,411,16,0,5.46,19.37,72.36,2.82,0
Gandaki,Kaski,Annapurna,NP04,NP0439,NP0439401,11,444,407,34,1,2,361,42,31,10,0,347,65,11,2,0,18,0,1,200,12,2,0,228,0,0,2,298,7,45,2,92,0,309,119,3,0,4,4,1,0,4,330,112,2,0,0,0,0,432,4,5,0,3,12,425,2,1,4,27,417,188,261,6,358,375,30,116,3,12,1,1,115,30,0,57,199,108,32,48,12.84,44.82,24.32,7.21,10.81,30,101,304,7,2,6.76,22.75,68.47,1.58,0.45
Gandaki,Kaski,Pokhara,NP04,NP0439,NP0439101,1,4274,1410,2722,105,37,120,1629,2520,1,4,368,3894,5,0,3,4,0,0,1212,3030,4,10,17,1,0,0,60,18,30,120,4016,30,3453,342,2,11,95,28,2,339,2,33,4222,17,0,2,0,0,4250,23,1,0,0,154,3914,201,1,4,42,4232,1185,2389,622,2061,3827,1334,3086,234,1639,489,2380,1668,436,19,0,26,519,1877,1852,0,0.61,12.14,43.92,43.33,3730,528,16,0,0,87.27,12.35,0.37,0,0
Gandaki,Kaski,Pokhara,NP04,NP0439,NP0439101,2,3075,997,2035,16,27,69,1317,1685,2,2,75,2994,2,0,2,0,0,2,650,2404,6,7,7,1,0,0,37,35,38,74,2873,18,2668,111,2,0,1,26,1,264,2,19,3051,4,0,0,0,1,3055,16,1,0,3,24,2778,261,1,11,48,3027,751,1925,424,1560,2751,1098,2179,229,1378,477,1858,1454,351,25,2,7,186,1357,1523,0.07,0.23,6.05,44.13,49.53,2697,363,14,1,0,87.71,11.8,0.46,0.03,0
Gandaki,Kaski,Pokhara,NP04,NP0439,NP0439101,3,2365,879,1439,24,23,110,1127,1117,3,8,64,2265,8,0,1,2,0,25,506,1851,3,1,2,2,0,0,25,28,14,239,2051,8,1919,103,1,0,2,64,0,271,5,24,2327,13,0,1,0,0,2358,6,0,0,1,8,2026,315,9,7,27,2338,634,1636,438,1114,2186,878,1670,214,1166,383,1611,1232,390,18,1,13,212,846,1293,0.04,0.55,8.96,35.77,54.67,1958,386,21,0,0,82.79,16.32,0.89,0,0
Gandaki,Kaski,Pokhara,NP04,NP0439,NP0439101,4,2597,726,1844,11,16,60,1443,1084,4,6,53,2528,4,1,0,11,0,0,743,1833,8,2,9,2,0,0,68,22,11,84,2404,8,1314,227,1,1,5,89,0,957,3,32,2553,9,0,1,0,2,2589,8,0,0,0,13,2420,154,3,7,20,2577,836,1826,494,1276,2442,855,1826,321,1304,608,1953,1382,476,27,2,13,164,1036,1382,0.08,0.5,6.31,39.89,53.22,2245,322,29,1,0,86.45,12.4,1.12,0.04,0
Gandaki,Kaski,Pokhara,NP04,NP0439,NP0439101,5,6232,2395,3757,47,33,89,2544,3580,9,10,102,6086,6,1,4,23,1,9,1559,4581,34,51,3,4,0,0,38,40,52,1235,4836,31,4285,179,1,2,4,405,5,1332,19,43,6170,17,0,1,1,0,6217,13,2,0,0,36,5962,220,12,2,67,6165,2348,4332,852,3734,5852,2578,4929,528,3236,1139,4628,3489,949,44,4,14,380,2121,3713,0.06,0.22,6.1,34.03,59.58,5415,776,39,2,0,86.89,12.45,0.63,0.03,0
Gandaki,Kaski,Pokhara,NP04,NP0439,NP0439101,6,3984,1568,2290,62,64,99,1855,1997,9,24,104,3829,7,4,1,5,0,34,1302,2667,6,1,3,4,0,1,36,35,72,742,3078,21,2065,358,4,11,15,715,1,805,10,40,3928,4,0,6,1,5,3974,9,0,0,1,13,3909,53,6,3,20,3964,1041,2849,932,2269,3789,1462,2986,456,2151,777,3092,2437,894,203,1,16,238,1310,2419,0.03,0.4,5.97,32.88,60.72,3030,894,57,2,1,76.05,22.44,1.43,0.05,0.03
Gandaki,Kaski,Pokhara,NP04,NP0439,NP0439101,7,4672,1899,2575,148,50,119,1916,2605,11,21,62,4557,4,0,3,23,0,23,1460,3183,5,14,8,1,0,1,57,27,12,668,3872,36,3894,214,2,7,4,75,0,457,19,55,4602,13,0,2,0,0,4662,8,0,1,1,59,4407,161,36,9,28,4644,1050,3227,735,2656,4375,1720,3415,495,2358,903,3599,2735,783,42,3,22,256,1641,2750,0.06,0.47,5.48,35.12,58.86,4217,422,26,7,0,90.26,9.03,0.56,0.15,0
Gandaki,Kaski,Pokhara,NP04,NP0439,NP0439101,8,7380,2455,4824,30,71,177,3336,3857,6,4,155,7185,6,1,9,16,3,5,1651,5641,17,25,36,9,0,1,92,108,62,996,6048,74,5176,348,4,5,20,10,2,1792,23,129,7227,15,0,6,1,2,7361,19,0,0,0,52,7049,252,10,17,85,7295,2236,5410,1614,4017,6932,2892,5799,891,3907,1386,5837,4396,1490,117,1,15,431,2314,4619,0.01,0.2,5.84,31.36,62.59,6675,655,48,2,0,90.45,8.88,0.65,0.03,0
Gandaki,Kaski,Pokhara,NP04,NP0439,NP0439101,9,4376,1771,2491,78,36,64,2405,1896,1,10,59,4289,8,1,0,13,1,5,1818,2524,7,1,19,3,0,4,35,61,40,403,3825,12,1745,483,2,0,7,98,1,2006,34,104,4230,22,0,4,12,4,4336,34,3,1,2,37,4031,245,53,10,52,4324,1812,3069,763,2555,3854,1283,3225,445,1931,782,3300,2266,567,57,3,24,451,1570,2328,0.07,0.55,10.31,35.88,53.2,3829,515,29,2,1,87.5,11.77,0.66,0.05,0.02
Gandaki,Kaski,Pokhara,NP04,NP0439,NP0439101,10,5128,2107,2692,226,103,111,1897,3105,3,12,102,4984,6,0,11,4,0,21,1431,3673,11,4,5,1,0,3,58,40,66,1130,3768,66,3946,388,5,2,2,10,3,735,37,43,5071,10,0,2,1,1,5124,4,0,0,0,165,4762,199,1,1,28,5100,1463,3845,1088,2379,4857,1726,4237,506,2677,938,4370,3565,837,54,0,9,251,1440,3428,0,0.18,4.89,28.08,66.85,4632,471,24,1,0,90.33,9.18,0.47,0.02,0
Gandaki,Kaski,Pokhara,NP04,NP0439,NP0439101,11,4808,2509,2068,183,48,359,2098,2336,9,6,270,4515,7,1,1,14,0,0,1347,3413,12,14,9,13,0,0,213,74,60,615,3806,40,3440,1090,4,3,6,97,1,164,3,145,4606,11,0,45,0,1,4782,20,4,0,2,61,4311,425,5,6,72,4736,2408,3763,1328,3144,4482,1919,3666,540,2763,918,3496,3052,748,46,15,74,355,1282,3082,0.31,1.54,7.38,26.66,64.1,3962,759,83,4,0,82.4,15.79,1.73,0.08,0
Gandaki,Kaski,Pokhara,NP04,NP0439,NP0439101,12,3493,1607,1718,63,105,39,2059,1382,8,5,47,3429,7,2,1,3,0,4,710,2757,11,6,5,2,0,2,16,33,31,923,2470,20,2976,309,1,4,4,19,0,166,14,35,3446,4,1,7,0,0,3490,3,0,0,0,29,3282,176,4,2,23,3470,1225,2790,1145,1843,3295,1464,2712,414,2035,843,2841,2407,760,45,1,6,171,855,2460,0.03,0.17,4.9,24.48,70.43,3154,320,19,0,0,90.29,9.16,0.54,0,0
Gandaki,Kaski,Pokhara,NP04,NP0439,NP0439101,13,5758,3791,1855,22,90,363,2201,3186,5,3,324,5389,7,3,1,3,0,31,1705,4023,13,8,6,2,0,1,283,32,73,1098,4238,34,4135,288,2,83,54,591,3,588,14,337,5376,7,0,34,2,2,5738,16,0,1,3,29,5099,612,12,6,98,5660,1821,4639,844,2937,5299,1694,4263,332,3137,1096,4470,3750,550,23,83,81,449,1534,3611,1.44,1.41,7.8,26.64,62.71,4205,1330,189,34,0,73.03,23.1,3.28,0.59,0
Gandaki,Kaski,Pokhara,NP04,NP0439,NP0439101,14,8428,5350,2892,61,125,105,4122,4177,14,10,111,8259,13,0,1,29,5,10,2611,5735,13,37,25,4,0,3,184,120,112,1684,6242,86,5180,483,13,17,56,86,5,2558,30,178,8205,23,0,17,1,4,8403,23,2,0,0,59,7775,554,20,20,134,8294,2756,6648,773,5067,7874,3233,6726,865,4823,1752,6762,5796,1172,86,7,26,480,2118,5797,0.08,0.31,5.7,25.13,68.78,7467,870,83,8,0,88.6,10.32,0.98,0.09,0
Gandaki,Kaski,Pokhara,NP04,NP0439,NP0439101,15,6536,3953,2356,161,66,119,3143,3262,10,2,84,6416,12,2,11,5,0,6,1851,4645,18,8,7,4,0,3,59,145,51,1079,5177,25,3365,908,8,13,13,225,10,1900,94,130,6362,27,0,16,1,0,6520,8,3,0,5,39,6368,96,26,7,67,6469,3067,5320,770,3830,6121,2400,5072,498,3699,1543,5562,4688,863,49,3,21,315,1664,4533,0.05,0.32,4.82,25.46,69.35,5776,731,28,1,0,88.37,11.18,0.43,0.02,0
Gandaki,Kaski,Pokhara,NP04,NP0439,NP0439101,16,6654,4082,2231,188,153,750,2844,3005,26,29,678,5854,24,2,11,19,1,65,2496,4060,20,10,64,2,0,2,583,88,95,1215,4619,54,4966,1024,1,8,8,125,3,513,6,695,5928,13,0,8,0,10,6600,49,4,0,1,39,6064,541,2,8,49,6605,2422,5052,1036,4071,6046,2405,4723,492,3120,981,3825,3630,936,89,106,273,693,1907,3675,1.59,4.1,10.41,28.66,55.23,5085,1099,461,9,0,76.42,16.52,6.93,0.14,0
Gandaki,Kaski,Pokhara,NP04,NP0439,NP0439101,17,12658,6918,5435,157,148,255,5395,6974,15,19,97,12451,32,3,8,9,1,57,2693,9825,32,35,52,16,0,5,114,201,191,2212,9780,160,7405,1471,127,132,28,981,60,2221,233,279,12309,46,1,20,2,1,12633,22,1,0,2,328,11785,524,5,16,106,12552,6727,9904,1767,6681,11931,5334,10331,1258,7367,2879,10181,8282,1990,130,9,24,639,3341,8645,0.07,0.19,5.05,26.39,68.3,10154,2409,86,7,2,80.22,19.03,0.68,0.06,0.02
Gandaki,Kaski,Pokhara,NP04,NP0439,NP0439101,18,3318,2506,742,18,52,622,1789,887,13,7,516,2750,3,1,2,27,0,19,1983,1310,5,1,18,1,0,0,421,49,61,143,2630,14,1427,1245,4,54,137,281,156,7,7,649,2651,6,0,8,3,1,3287,23,1,0,7,27,2796,470,7,18,57,3261,725,2365,102,2091,2982,764,2049,142,1402,287,1414,1481,203,28,86,189,483,1251,1309,2.59,5.7,14.56,37.7,39.45,1679,1230,375,31,3,50.6,37.07,11.3,0.93,0.09
Gandaki,Kaski,Pokhara,NP04,NP0439,NP0439101,19,3639,2895,715,5,24,717,1895,1016,9,2,562,3035,19,6,3,14,0,0,1535,1947,23,16,114,4,0,0,437,57,130,344,2642,29,2793,672,9,7,8,79,2,57,12,506,3084,16,0,29,1,3,3607,28,1,1,2,44,3026,555,9,5,95,3544,1025,2787,420,2543,3244,1124,2381,249,1736,411,1664,1657,282,51,72,215,520,1034,1798,1.98,5.91,14.29,28.41,49.41,2328,928,375,8,0,63.97,25.5,10.31,0.22,0
Gandaki,Kaski,Pokhara,NP04,NP0439,NP0439101,20,1059,916,103,0,40,544,247,261,7,0,524,528,5,1,0,1,0,0,690,295,2,4,65,3,0,0,472,31,13,9,527,7,383,621,2,1,2,36,14,0,0,354,702,2,0,1,0,0,1035,12,8,0,4,6,790,233,2,28,21,1038,738,773,17,728,887,238,725,38,436,68,263,271,44,1,77,161,288,257,276,7.27,15.2,27.2,24.27,26.06,370,290,390,9,0,34.94,27.38,36.83,0.85,0
Gandaki,Kaski,Pokhara,NP04,NP0439,NP0439101,21,2494,2354,90,11,39,1615,634,242,2,1,1508,979,4,1,0,1,0,1,2068,410,7,0,8,0,0,1,930,12,64,17,1426,45,1785,511,3,1,29,159,0,0,6,1543,929,4,0,18,0,0,2482,10,1,0,1,55,2114,317,3,5,76,2418,1724,1725,24,1998,1966,302,1196,60,724,96,625,699,28,8,255,505,827,522,385,10.22,20.25,33.16,20.93,15.44,436,1202,851,5,0,17.48,48.2,34.12,0.2,0
Gandaki,Kaski,Pokhara,NP04,NP0439,NP0439101,22,2088,1883,160,5,40,1043,729,310,5,1,900,1172,5,2,2,2,1,4,1419,489,20,1,159,0,0,0,743,21,17,20,1275,12,1627,388,0,16,11,13,32,0,1,826,1244,3,0,15,0,0,2067,13,5,0,3,22,1551,503,2,10,79,2009,708,1499,20,1567,1619,352,1011,64,640,94,573,662,29,3,160,367,572,506,483,7.66,17.58,27.39,24.23,23.13,577,933,561,16,1,27.63,44.68,26.87,0.77,0.05
Gandaki,Kaski,Pokhara,NP04,NP0439,NP0439101,23,1200,1096,73,3,28,670,231,294,3,2,582,611,1,2,0,2,0,2,890,153,6,2,149,0,0,0,486,10,12,24,666,2,650,406,1,0,2,139,0,0,2,787,410,1,0,1,1,0,1186,12,2,0,0,12,589,594,3,2,18,1182,687,796,8,1001,890,136,429,13,219,97,306,284,10,1,210,251,319,239,181,17.5,20.92,26.58,19.92,15.08,253,383,472,91,1,21.08,31.92,39.33,7.58,0.08
Gandaki,Kaski,Pokhara,NP04,NP0439,NP0439101,24,1618,1438,151,2,27,867,444,299,7,1,776,825,8,2,2,4,1,0,1041,367,1,3,205,1,0,0,707,8,51,24,824,4,1509,43,0,3,6,55,2,0,0,1062,554,0,0,2,0,0,1604,9,5,0,0,27,1342,243,1,5,48,1570,483,1091,14,1381,1130,188,697,45,420,66,333,324,19,0,225,301,463,376,253,13.91,18.6,28.62,23.24,15.64,408,503,679,28,0,25.22,31.09,41.97,1.73,0
Gandaki,Kaski,Pokhara,NP04,NP0439,NP0439101,25,4592,3215,1349,13,15,557,2558,1456,9,12,462,4096,11,0,0,14,0,9,2272,2253,17,16,25,4,0,5,179,58,134,327,3869,25,2730,1180,2,2,14,648,0,11,5,230,4346,8,0,6,0,2,4564,22,2,0,4,53,4204,324,2,9,93,4499,805,3323,331,2998,3968,1242,2850,330,1710,535,1859,2159,381,15,22,102,756,1647,2065,0.48,2.22,16.46,35.87,44.97,2952,1512,118,10,0,64.29,32.93,2.57,0.22,0
Gandaki,Kaski,Pokhara,NP04,NP0439,NP0439101,26,4575,2887,1615,21,52,543,2039,1927,9,57,518,3973,3,4,15,12,0,50,1697,2840,12,5,15,3,0,3,301,35,33,621,3565,20,3023,953,10,32,52,433,1,67,4,402,4123,15,1,32,1,1,4559,9,4,0,3,20,3911,587,48,9,70,4505,1284,3486,486,2767,4164,1415,3161,284,2253,777,3237,2639,437,24,65,157,532,1361,2460,1.42,3.43,11.63,29.75,53.77,3107,1110,349,8,1,67.91,24.26,7.63,0.17,0.02
Gandaki,Kaski,Pokhara,NP04,NP0439,NP0439101,27,4369,3053,1271,18,27,465,2049,1849,4,2,284,4006,2,1,1,3,1,71,1847,2506,6,5,5,0,0,0,229,50,26,581,3415,68,2607,1224,2,4,21,170,2,330,9,285,4043,7,0,31,2,1,4350,17,2,0,0,116,3905,322,20,6,41,4328,1667,3458,348,2772,4014,1397,3223,340,2252,905,3321,2570,444,22,37,94,437,1280,2521,0.85,2.15,10,29.3,57.7,3331,898,139,1,0,76.24,20.55,3.18,0.02,0
Gandaki,Kaski,Pokhara,NP04,NP0439,NP0439101,28,1200,1146,36,0,18,686,434,79,1,0,589,600,1,0,0,0,10,0,1038,157,4,0,1,0,0,0,478,3,15,3,698,3,403,611,1,1,38,143,3,0,0,833,352,3,0,12,0,0,1190,7,1,0,2,8,1077,108,1,6,29,1171,937,742,22,1042,830,127,606,23,261,24,166,194,5,0,151,225,403,279,142,12.58,18.75,33.58,23.25,11.83,176,595,422,7,0,14.67,49.58,35.17,0.58,0
Gandaki,Kaski,Pokhara,NP04,NP0439,NP0439101,29,4287,3012,1210,32,33,105,2798,1374,5,5,86,4128,4,3,11,6,0,49,1731,2531,8,2,12,3,0,0,58,37,71,633,3473,15,2325,1346,2,50,28,254,0,279,3,55,4180,21,0,30,0,1,4259,25,1,1,1,24,3902,353,3,5,27,4260,1823,3274,273,2463,3870,1124,3103,235,1845,719,3499,2337,439,26,1,23,344,1574,2345,0.02,0.54,8.02,36.72,54.7,3504,739,42,2,0,81.74,17.24,0.98,0.05,0
Gandaki,Kaski,Pokhara,NP04,NP0439,NP0439101,30,4307,2994,1269,28,16,187,2389,1702,3,26,92,4113,7,1,58,3,0,33,1179,3079,10,31,5,2,0,1,44,38,20,887,3292,26,2444,768,3,38,11,397,0,632,14,94,4157,10,0,45,0,1,4295,9,1,0,2,31,4150,120,2,4,30,4277,1415,3402,295,2556,4038,1637,3545,318,2209,1013,3722,2939,644,37,5,28,263,1153,2858,0.12,0.65,6.11,26.77,66.36,3497,748,59,3,0,81.19,17.37,1.37,0.07,0
Gandaki,Kaski,Pokhara,NP04,NP0439,NP0439101,31,2273,1933,308,12,20,583,933,751,5,1,499,1762,1,6,2,2,0,1,1199,1057,10,0,6,0,0,1,372,18,12,163,1696,12,1537,426,1,77,55,154,4,16,3,761,1490,2,0,19,1,0,2243,23,5,0,2,45,1747,466,3,12,27,2246,916,1729,70,1867,1774,525,1172,134,894,310,1370,1154,156,12,134,206,452,578,903,5.9,9.06,19.89,25.43,39.73,1115,762,356,40,0,49.05,33.52,15.66,1.76,0
Gandaki,Kaski,Pokhara,NP04,NP0439,NP0439101,32,3872,3270,495,39,68,270,2434,1162,3,3,130,3722,5,1,5,2,0,7,1856,1997,8,1,10,0,0,0,94,51,16,264,3409,38,2474,1257,8,3,15,35,3,74,3,293,3524,17,0,37,0,1,3860,3,3,1,5,124,3328,395,18,7,58,3814,1266,3053,277,2691,3490,917,2594,171,1647,527,3154,2263,273,16,10,42,433,1362,2025,0.26,1.08,11.18,35.18,52.3,2968,849,51,4,0,76.65,21.93,1.32,0.1,0
Gandaki,Kaski,Pokhara,NP04,NP0439,NP0439101,33,3150,2782,324,15,29,1162,1287,686,13,2,1099,2031,5,6,1,8,0,0,2156,919,17,2,56,0,0,0,784,20,4,127,2204,11,1869,695,0,8,65,493,2,14,4,892,2169,2,1,85,1,0,3116,14,10,0,10,26,2906,198,2,18,39,3111,1459,2316,14,2441,2681,879,1870,192,1230,518,2004,1520,206,17,145,324,671,847,1163,4.6,10.29,21.3,26.89,36.92,1342,1189,593,26,0,42.6,37.75,18.83,0.83,0
Gandaki,Kaski,Rupa,NP04,NP0439,NP0439404,1,517,502,12,0,3,335,174,4,3,1,268,244,1,1,0,3,0,0,478,25,6,0,6,0,0,2,216,0,8,0,292,1,360,50,3,48,4,49,3,0,0,428,89,0,0,0,0,0,516,1,0,0,0,5,327,180,2,3,9,508,349,347,4,484,419,31,140,3,71,23,247,122,2,1,67,113,231,74,32,12.96,21.86,44.68,14.31,6.19,23,284,201,9,0,4.45,54.93,38.88,1.74,0
Gandaki,Kaski,Rupa,NP04,NP0439,NP0439404,2,297,290,2,0,5,195,92,10,0,0,193,104,0,0,0,0,0,0,248,18,27,0,4,0,0,0,181,0,0,0,113,3,227,5,0,1,5,59,0,0,0,286,11,0,0,0,0,0,295,1,0,1,0,3,141,153,0,0,10,287,89,147,0,254,202,4,12,1,53,1,18,6,0,2,87,98,91,20,1,29.29,33,30.64,6.73,0.34,4,96,176,21,0,1.35,32.32,59.26,7.07,0
Gandaki,Kaski,Rupa,NP04,NP0439,NP0439404,3,392,380,7,0,5,243,91,55,3,0,202,187,0,1,0,2,0,0,303,77,9,0,2,1,0,0,193,2,4,0,192,1,112,212,1,4,8,32,22,1,0,292,95,1,0,4,0,0,391,0,1,0,0,2,284,104,0,2,17,375,62,210,6,296,274,7,43,4,24,3,122,72,0,0,82,100,124,70,16,20.92,25.51,31.63,17.86,4.08,53,141,186,12,0,13.52,35.97,47.45,3.06,0
Gandaki,Kaski,Rupa,NP04,NP0439,NP0439404,4,389,383,2,1,3,328,56,5,0,0,327,61,0,1,0,0,0,0,365,11,11,0,2,0,0,0,284,4,2,0,99,0,353,32,0,0,4,0,0,0,0,344,45,0,0,0,0,0,375,11,3,0,0,18,364,5,0,2,16,373,118,241,1,357,281,14,45,2,55,2,62,62,0,1,62,164,126,29,8,15.94,42.16,32.39,7.46,2.06,19,100,267,3,0,4.88,25.71,68.64,0.77,0
Gandaki,Kaski,Rupa,NP04,NP0439,NP0439404,5,603,557,27,5,14,401,123,76,3,0,360,240,0,2,0,1,0,0,506,92,2,0,3,0,0,0,267,4,2,3,325,2,397,179,0,1,6,15,3,0,2,373,227,1,0,1,1,0,599,2,2,0,0,5,562,33,1,2,9,594,262,416,3,498,441,95,152,3,166,24,173,181,1,0,51,164,194,114,80,8.46,27.2,32.17,18.91,13.27,112,266,222,3,0,18.57,44.11,36.82,0.5,0
Gandaki,Kaski,Rupa,NP04,NP0439,NP0439404,6,739,703,30,1,5,436,206,95,1,1,423,315,0,0,0,1,0,0,602,126,5,3,3,0,0,0,297,17,3,11,405,6,677,30,1,1,27,1,0,0,2,454,280,0,0,5,0,0,725,8,4,1,1,32,654,48,2,3,57,682,152,439,5,468,558,83,169,13,230,30,223,227,3,3,90,181,219,119,130,12.18,24.49,29.63,16.1,17.59,189,275,273,2,0,25.58,37.21,36.94,0.27,0
Gandaki,Kaski,Rupa,NP04,NP0439,NP0439404,7,726,689,29,1,7,543,171,11,0,1,531,192,1,1,0,0,0,1,654,59,8,3,2,0,0,0,456,5,5,0,258,2,106,538,1,72,4,2,0,0,3,579,146,1,0,0,0,0,719,5,2,0,0,48,356,315,3,4,27,699,462,461,8,649,478,26,84,11,98,0,144,53,2,0,174,246,192,92,22,23.97,33.88,26.45,12.67,3.03,50,223,445,8,0,6.89,30.72,61.29,1.1,0
Gandaki,Lamjung,Dordi,NP04,NP0437,NP0437403,1,513,497,7,0,9,356,113,40,4,0,327,176,5,1,0,4,0,0,455,10,2,0,46,0,0,0,252,1,1,1,256,2,306,116,0,3,6,77,5,0,0,427,76,1,0,8,1,0,511,1,1,0,0,47,395,68,1,2,19,494,312,292,3,422,233,5,63,1,17,2,22,55,0,0,127,160,157,55,14,24.76,31.19,30.6,10.72,2.73,36,189,273,15,0,7.02,36.84,53.22,2.92,0
Gandaki,Lamjung,Dordi,NP04,NP0437,NP0437403,2,419,400,16,2,1,246,162,3,6,2,250,158,2,2,0,7,0,0,278,132,0,0,6,3,0,0,203,16,5,1,191,3,246,160,0,0,0,13,0,0,0,232,185,0,0,1,0,1,415,3,1,0,0,18,395,6,0,0,7,412,359,261,11,367,292,28,104,8,36,3,104,117,4,1,66,130,78,80,65,15.75,31.03,18.62,19.09,15.51,135,92,190,2,0,32.22,21.96,45.35,0.48,0
Gandaki,Lamjung,Dordi,NP04,NP0437,NP0437403,3,427,419,8,0,0,297,127,1,2,0,296,128,2,0,0,1,0,0,379,32,1,0,15,0,0,0,326,14,2,0,85,0,272,138,0,0,17,0,0,0,0,344,83,0,0,0,0,0,420,6,1,0,0,17,399,11,0,0,39,388,242,183,6,372,131,7,18,1,4,0,5,15,0,0,126,164,102,34,1,29.51,38.41,23.89,7.96,0.23,39,124,264,0,0,9.13,29.04,61.83,0,0
Gandaki,Lamjung,Dordi,NP04,NP0437,NP0437403,4,636,588,40,2,6,474,93,57,12,0,398,216,0,2,0,20,0,0,521,112,0,3,0,0,0,0,332,3,2,1,295,3,201,426,0,0,1,7,0,0,1,396,236,2,0,2,0,0,635,1,0,0,0,11,618,1,0,6,45,591,532,215,6,544,415,31,166,8,47,19,111,82,3,0,129,197,182,89,39,20.28,30.97,28.62,13.99,6.13,122,206,308,0,0,19.18,32.39,48.43,0,0
Gandaki,Lamjung,Dordi,NP04,NP0437,NP0437403,5,583,566,17,0,0,455,120,0,8,0,440,132,1,2,0,8,0,0,540,42,0,0,1,0,0,0,401,4,5,0,172,1,218,74,0,2,0,287,0,0,2,538,43,0,0,1,1,0,582,1,0,0,0,33,546,2,1,1,60,523,499,107,1,451,283,6,74,1,3,0,3,0,0,0,285,143,131,23,1,48.89,24.53,22.47,3.95,0.17,10,136,428,9,0,1.72,23.33,73.41,1.54,0
Gandaki,Lamjung,Dordi,NP04,NP0437,NP0437403,6,640,612,21,3,4,509,84,34,13,0,460,145,4,13,5,12,1,0,584,41,7,0,7,1,0,0,351,18,0,1,270,0,157,439,0,1,8,35,0,0,0,523,115,1,0,1,0,0,628,7,3,0,2,7,629,2,0,2,73,567,256,172,1,532,366,6,168,3,21,1,31,33,0,0,181,235,148,55,21,28.28,36.72,23.13,8.59,3.28,41,230,366,3,0,6.41,35.94,57.19,0.47,0
Gandaki,Lamjung,Dordi,NP04,NP0437,NP0437403,7,306,297,7,2,0,260,42,1,2,1,262,39,3,0,0,2,0,0,298,8,0,0,0,0,0,0,242,2,4,0,56,2,248,0,0,0,0,58,0,0,0,273,13,3,0,17,0,0,304,2,0,0,0,10,295,1,0,0,79,227,133,34,2,172,155,2,12,2,6,0,0,2,0,0,139,115,37,15,0,45.42,37.58,12.09,4.9,0,8,58,237,3,0,2.61,18.95,77.45,0.98,0
Gandaki,Lamjung,Dordi,NP04,NP0437,NP0437403,8,680,631,46,2,1,381,285,4,8,2,340,316,10,3,0,11,0,0,602,74,4,0,0,0,0,0,348,8,3,0,320,1,400,193,0,0,2,65,0,0,20,450,228,0,0,2,0,0,675,5,0,0,0,38,635,6,1,0,52,628,581,345,5,583,510,14,184,7,15,4,25,29,0,0,110,184,188,179,19,16.18,27.06,27.65,26.32,2.79,166,178,330,6,0,24.41,26.18,48.53,0.88,0
Gandaki,Lamjung,Dordi,NP04,NP0437,NP0437403,9,320,311,6,0,3,304,13,1,1,1,299,19,0,0,0,2,0,0,310,4,2,0,3,1,0,0,281,1,0,0,37,1,217,98,0,0,4,0,0,1,0,260,60,0,0,0,0,0,319,0,1,0,0,7,205,99,0,9,9,311,205,149,0,296,166,4,48,1,5,0,1,2,0,0,119,139,54,8,0,37.19,43.44,16.88,2.5,0,8,57,253,2,0,2.5,17.81,79.06,0.63,0
Gandaki,Lamjung,Marshyangdi,NP04,NP0437,NP0437402,1,221,209,4,1,7,173,46,1,1,0,174,42,5,0,0,0,0,0,212,7,0,0,2,0,0,0,207,4,0,0,6,4,191,28,0,0,0,0,0,1,1,206,14,1,0,0,0,0,216,5,0,0,0,7,211,1,1,1,8,213,54,113,1,160,170,8,18,2,4,0,0,6,0,0,28,145,36,9,3,12.67,65.61,16.29,4.07,1.36,3,41,177,0,0,1.36,18.55,80.09,0,0
Gandaki,Lamjung,Marshyangdi,NP04,NP0437,NP0437402,2,377,362,14,0,1,353,15,8,1,0,334,31,7,0,0,5,0,0,362,9,3,0,3,0,0,0,335,1,3,1,37,0,356,11,0,0,1,6,3,0,0,348,26,0,0,1,0,2,374,1,1,0,1,107,259,2,5,4,14,363,157,227,1,320,277,18,119,1,23,2,3,9,0,0,68,152,138,18,1,18.04,40.32,36.6,4.77,0.27,4,63,307,2,1,1.06,16.71,81.43,0.53,0.27
Gandaki,Lamjung,Marshyangdi,NP04,NP0437,NP0437402,3,871,762,100,7,2,510,246,84,31,0,423,336,52,1,1,58,0,0,801,49,4,0,16,1,0,0,465,10,3,3,388,2,447,390,0,0,0,28,6,0,0,495,374,0,0,2,0,0,858,6,5,1,1,9,785,58,9,10,31,840,213,435,1,664,608,87,281,21,74,21,189,163,2,4,189,249,126,176,131,21.7,28.59,14.47,20.21,15.04,275,149,413,34,0,31.57,17.11,47.42,3.9,0
Gandaki,Lamjung,Marshyangdi,NP04,NP0437,NP0437402,4,542,517,14,1,10,461,28,52,1,0,363,107,22,2,0,48,0,0,476,29,2,0,33,2,0,0,350,25,0,0,167,0,506,27,0,0,5,2,0,0,2,463,79,0,0,0,0,0,541,0,1,0,0,11,523,5,0,3,13,529,280,392,9,476,440,95,85,8,48,110,106,110,1,1,67,224,165,62,24,12.36,41.33,30.44,11.44,4.43,28,150,359,5,0,5.17,27.68,66.24,0.92,0
Gandaki,Lamjung,Marshyangdi,NP04,NP0437,NP0437402,5,423,421,1,1,0,368,14,41,0,0,345,64,5,0,0,9,0,0,362,24,1,0,36,0,0,0,330,6,0,0,86,1,378,45,0,0,0,0,0,0,0,385,38,0,0,0,0,0,404,19,0,0,0,1,419,1,0,2,23,400,52,251,4,370,303,16,35,4,5,3,7,36,0,0,74,262,46,18,23,17.49,61.94,10.87,4.26,5.44,32,59,329,3,0,7.57,13.95,77.78,0.71,0
Gandaki,Lamjung,Marshyangdi,NP04,NP0437,NP0437402,6,463,457,3,3,0,359,95,6,0,3,345,113,2,0,0,1,2,0,434,26,0,0,1,1,0,1,332,6,2,0,115,8,250,152,0,0,4,57,0,0,0,371,91,0,0,1,0,0,425,38,0,0,0,31,431,1,0,0,24,439,183,333,0,375,339,82,27,2,22,0,16,42,0,0,57,189,160,50,7,12.31,40.82,34.56,10.8,1.51,37,115,311,0,0,7.99,24.84,67.17,0,0
Gandaki,Lamjung,Marshyangdi,NP04,NP0437,NP0437402,7,446,408,30,0,8,315,117,9,5,0,273,142,0,2,0,29,0,0,416,19,0,0,11,0,0,0,257,3,0,0,185,1,299,145,0,0,0,2,0,0,0,338,108,0,0,0,0,0,435,3,8,0,0,16,421,5,0,4,50,396,49,244,5,346,267,22,70,5,24,2,17,46,0,0,78,166,141,40,21,17.49,37.22,31.61,8.97,4.71,43,164,236,3,0,9.64,36.77,52.91,0.67,0
Gandaki,Lamjung,Marshyangdi,NP04,NP0437,NP0437402,8,378,369,6,0,3,253,109,0,13,3,230,126,0,3,0,18,0,1,345,31,0,0,2,0,0,0,184,9,2,1,179,3,344,33,0,0,1,0,0,0,0,248,130,0,0,0,0,0,376,2,0,0,0,5,366,3,0,4,14,364,58,187,0,302,303,40,91,0,22,0,60,69,0,0,35,135,109,79,20,9.26,35.71,28.84,20.9,5.29,66,131,175,6,0,17.46,34.66,46.3,1.59,0
Gandaki,Lamjung,Marshyangdi,NP04,NP0437,NP0437402,9,829,760,57,0,12,595,191,38,3,2,554,259,3,3,1,7,0,2,725,71,1,3,28,1,0,0,420,6,3,0,396,4,600,76,0,0,14,138,0,0,1,541,193,0,0,93,2,0,811,12,3,0,3,40,751,31,4,3,37,792,229,397,4,665,583,89,185,10,51,8,66,86,2,1,144,272,243,125,45,17.37,32.81,29.31,15.08,5.43,78,354,383,14,0,9.41,42.7,46.2,1.69,0
Gandaki,Lamjung,Kwhola Sothar,NP04,NP0437,NP0437401,1,213,189,24,0,0,190,22,0,1,0,180,29,0,0,0,4,0,0,203,3,0,0,7,0,0,0,175,1,0,0,37,0,5,201,0,0,0,1,6,0,0,193,20,0,0,0,0,0,209,4,0,0,0,0,212,0,0,1,5,208,110,133,1,189,115,0,0,1,8,0,0,11,0,0,48,120,33,12,0,22.54,56.34,15.49,5.63,0,7,34,172,0,0,3.29,15.96,80.75,0,0
Gandaki,Lamjung,Kwhola Sothar,NP04,NP0437,NP0437401,2,299,269,13,0,17,287,5,7,0,0,266,25,1,0,0,7,0,0,290,7,1,1,0,0,0,0,248,3,2,2,43,1,257,42,0,0,0,0,0,0,0,247,52,0,0,0,0,0,294,2,1,0,2,18,4,274,0,3,20,279,264,125,0,236,191,18,21,2,20,1,3,23,0,0,143,110,30,10,6,47.83,36.79,10.03,3.34,2.01,8,33,250,8,0,2.68,11.04,83.61,2.68,0
Gandaki,Lamjung,Kwhola Sothar,NP04,NP0437,NP0437401,3,270,261,1,0,8,253,14,2,1,0,215,53,1,0,0,1,0,0,268,0,0,0,1,0,0,1,253,0,0,0,16,1,108,162,0,0,0,0,0,0,0,257,12,0,0,0,0,1,269,1,0,0,0,10,11,246,2,1,13,257,155,146,0,228,209,33,64,6,13,2,3,18,0,0,92,120,47,8,3,34.07,44.44,17.41,2.96,1.11,1,20,247,2,0,0.37,7.41,91.48,0.74,0
Gandaki,Lamjung,Kwhola Sothar,NP04,NP0437,NP0437401,4,356,341,11,4,0,343,13,0,0,0,324,32,0,0,0,0,0,0,214,5,3,0,134,0,0,0,342,1,0,0,13,0,338,18,0,0,0,0,0,0,0,349,2,0,0,5,0,0,353,1,0,0,2,11,298,35,3,9,14,342,336,161,2,291,273,1,0,2,0,0,0,4,0,0,81,244,25,6,0,22.75,68.54,7.02,1.69,0,1,28,324,3,0,0.28,7.87,91.01,0.84,0
Gandaki,Lamjung,Kwhola Sothar,NP04,NP0437,NP0437401,5,236,229,0,3,4,229,6,0,1,0,231,3,0,1,1,0,0,0,175,2,1,0,57,0,0,1,213,18,1,0,3,1,95,141,0,0,0,0,0,0,0,221,15,0,0,0,0,0,236,0,0,0,0,7,227,1,0,1,24,212,187,103,0,196,170,2,2,1,0,0,1,0,0,0,50,176,7,2,1,21.19,74.58,2.97,0.85,0.42,1,15,219,1,0,0.42,6.36,92.8,0.42,0
Gandaki,Lamjung,Kwhola Sothar,NP04,NP0437,NP0437401,6,145,134,2,2,7,144,1,0,0,0,139,3,0,2,1,0,0,0,62,3,0,0,80,0,0,0,124,0,2,0,18,1,18,125,0,0,1,0,0,0,1,124,20,0,0,1,0,0,144,0,0,1,0,1,3,140,0,1,1,144,137,98,1,141,105,1,2,0,3,0,0,13,0,0,52,82,7,4,0,35.86,56.55,4.83,2.76,0,1,12,130,2,0,0.69,8.28,89.66,1.38,0
Gandaki,Lamjung,Kwhola Sothar,NP04,NP0437,NP0437401,7,205,200,2,1,2,203,1,0,1,0,202,2,1,0,0,0,0,0,200,2,1,0,2,0,0,0,202,2,0,0,1,0,188,16,0,0,0,0,0,0,1,200,4,0,0,1,0,0,204,0,0,0,1,9,38,132,26,0,2,203,200,31,3,196,32,3,0,0,0,0,0,1,0,0,169,33,3,0,0,82.44,16.1,1.46,0,0,0,4,199,2,0,0,1.95,97.07,0.98,0
Gandaki,Lamjung,Kwhola Sothar,NP04,NP0437,NP0437401,8,204,201,0,0,3,197,6,1,0,0,195,9,0,0,0,0,0,0,197,2,2,0,3,0,0,0,193,2,0,0,8,1,196,8,0,0,0,0,0,0,0,193,11,0,0,0,0,0,202,2,0,0,0,42,46,115,0,1,17,187,54,24,0,184,154,1,0,0,7,0,1,1,0,0,110,83,9,2,0,53.92,40.69,4.41,0.98,0,0,13,189,2,0,0,6.37,92.65,0.98,0
Gandaki,Lamjung,Kwhola Sothar,NP04,NP0437,NP0437401,9,348,306,8,1,33,336,10,1,1,0,327,14,0,1,0,6,0,0,341,3,2,0,2,0,0,0,324,1,1,0,22,0,343,3,0,0,0,2,0,0,0,278,70,0,0,0,0,0,341,4,2,0,1,27,6,314,0,1,27,321,297,123,5,318,242,4,11,1,27,2,3,4,0,2,187,130,22,7,2,53.74,37.36,6.32,2.01,0.57,2,23,315,8,0,0.57,6.61,90.52,2.3,0
Gandaki,Lamjung,Madhya Nepal,NP04,NP0437,NP0437301,1,520,508,9,0,3,509,11,0,0,0,492,26,0,0,0,0,0,2,482,21,6,0,11,0,0,0,264,12,2,2,240,0,422,38,0,0,59,0,0,1,0,447,65,3,0,5,0,0,512,7,1,0,0,29,455,33,0,3,60,460,220,279,6,419,319,33,121,11,79,65,108,105,0,0,128,179,149,51,13,24.62,34.42,28.65,9.81,2.5,11,233,271,5,0,2.12,44.81,52.12,0.96,0
Gandaki,Lamjung,Madhya Nepal,NP04,NP0437,NP0437301,2,633,556,72,2,3,348,154,108,23,0,333,293,3,3,1,0,0,0,413,192,7,1,20,0,0,0,296,19,0,3,309,6,378,240,0,4,3,8,0,0,0,357,275,0,0,1,0,0,629,3,1,0,0,11,618,2,0,2,1,632,228,407,2,471,501,78,231,15,92,16,348,225,2,0,68,193,113,118,141,10.74,30.49,17.85,18.64,22.27,215,147,267,4,0,33.97,23.22,42.18,0.63,0
Gandaki,Lamjung,Madhya Nepal,NP04,NP0437,NP0437301,3,419,374,41,0,4,248,37,134,0,0,221,196,1,0,1,0,0,0,250,137,12,0,19,1,0,0,191,9,2,0,215,2,396,14,0,6,3,0,0,0,0,151,257,1,0,10,0,0,412,1,6,0,0,7,329,81,0,2,3,416,342,285,2,404,350,46,171,8,64,26,231,127,2,3,55,86,111,83,84,13.13,20.53,26.49,19.81,20.05,137,143,130,9,0,32.7,34.13,31.03,2.15,0
Gandaki,Lamjung,Madhya Nepal,NP04,NP0437,NP0437301,4,1204,1022,155,5,22,394,366,429,11,4,395,790,5,8,2,0,0,4,557,592,9,1,41,0,0,4,392,17,37,14,739,5,708,392,0,6,21,72,2,0,3,458,738,1,0,6,0,1,1197,7,0,0,0,229,815,151,0,9,47,1157,177,757,29,807,858,159,597,62,275,123,818,530,17,3,91,197,223,379,314,7.56,16.36,18.52,31.48,26.08,550,340,305,6,3,45.68,28.24,25.33,0.5,0.25
Gandaki,Lamjung,Madhya Nepal,NP04,NP0437,NP0437301,5,270,258,3,0,9,215,33,14,8,0,212,49,7,0,1,1,0,0,226,17,14,0,13,0,0,0,174,9,0,0,86,1,16,209,0,0,4,40,0,0,1,209,52,3,0,6,0,0,269,0,0,0,1,3,260,1,0,6,3,267,187,118,1,210,190,12,63,0,28,8,80,61,0,0,72,86,70,31,11,26.67,31.85,25.93,11.48,4.07,18,87,155,10,0,6.67,32.22,57.41,3.7,0
Gandaki,Lamjung,Madhya Nepal,NP04,NP0437,NP0437301,6,1214,977,212,6,19,340,293,540,40,1,265,873,15,18,1,37,0,5,567,621,9,2,15,0,0,0,210,8,6,34,944,12,932,244,0,0,6,29,3,0,0,397,804,0,0,12,0,1,1199,8,2,0,5,2,978,225,3,6,15,1199,234,794,65,897,1071,233,890,38,236,145,820,517,20,4,40,139,259,382,394,3.29,11.45,21.33,31.47,32.45,600,408,178,26,2,49.42,33.61,14.66,2.14,0.16
Gandaki,Lamjung,Madhya Nepal,NP04,NP0437,NP0437301,7,904,770,114,6,14,441,270,173,9,11,425,439,7,3,1,26,0,3,632,258,0,2,9,2,0,1,392,16,5,7,480,4,644,217,0,0,15,28,0,0,0,441,432,6,0,25,0,0,877,19,7,0,1,20,207,656,14,7,23,881,633,601,32,835,708,270,450,21,245,61,376,285,1,2,132,189,172,234,177,14.6,20.91,19.03,25.88,19.58,178,301,397,27,1,19.69,33.3,43.92,2.99,0.11
Gandaki,Lamjung,Madhya Nepal,NP04,NP0437,NP0437301,8,496,469,6,0,21,470,21,3,0,2,397,74,12,4,0,6,1,2,484,7,5,0,0,0,0,0,400,2,0,0,94,0,434,53,0,0,7,0,1,0,1,351,144,0,0,1,0,0,488,1,2,3,2,0,195,297,1,3,38,458,451,194,2,426,324,16,72,4,30,2,62,54,0,0,188,178,96,26,8,37.9,35.89,19.35,5.24,1.61,5,137,346,7,1,1.01,27.62,69.76,1.41,0.2
Gandaki,Lamjung,Madhya Nepal,NP04,NP0437,NP0437301,9,382,373,4,0,5,343,33,6,0,0,341,41,0,0,0,0,0,0,354,14,14,0,0,0,0,0,219,3,1,1,145,13,51,324,0,0,1,6,0,0,0,347,35,0,0,0,0,0,379,2,1,0,0,8,5,366,1,2,36,346,164,190,1,277,266,3,41,0,13,0,33,24,0,0,138,169,65,9,1,36.13,44.24,17.02,2.36,0.26,2,64,299,17,0,0.52,16.75,78.27,4.45,0
Gandaki,Lamjung,Madhya Nepal,NP04,NP0437,NP0437301,10,385,380,4,1,0,370,12,3,0,0,336,49,0,0,0,0,0,0,378,6,1,0,0,0,0,0,269,15,2,4,94,1,222,159,0,1,3,0,0,0,0,361,22,1,0,1,0,0,383,2,0,0,0,27,2,351,3,2,18,367,329,270,3,298,245,12,47,7,22,0,14,21,0,0,124,194,46,18,3,32.21,50.39,11.95,4.68,0.78,3,61,320,1,0,0.78,15.84,83.12,0.26,0
Gandaki,Lamjung,Bensishahar,NP04,NP0437,NP0437302,1,729,614,98,5,12,441,116,165,6,1,361,347,2,2,0,17,0,0,548,165,0,0,16,0,0,0,266,2,2,3,454,2,534,5,0,0,5,183,0,0,2,247,480,1,0,1,0,0,720,4,1,0,4,15,508,199,3,4,28,701,136,420,15,598,439,77,240,20,117,15,290,244,4,1,127,150,168,138,146,17.42,20.58,23.05,18.93,20.03,212,217,274,24,2,29.08,29.77,37.59,3.29,0.27
Gandaki,Lamjung,Bensishahar,NP04,NP0437,NP0437302,2,1024,908,111,3,2,597,320,98,8,1,468,536,8,1,2,6,1,2,673,316,3,2,29,0,0,1,365,17,14,56,569,3,405,603,0,1,7,8,0,0,0,340,678,0,0,5,0,1,1017,4,2,0,1,7,673,333,1,10,16,1008,678,715,18,752,845,176,482,42,204,42,512,466,15,4,62,202,279,250,231,6.05,19.73,27.25,24.41,22.56,282,455,284,3,0,27.54,44.43,27.73,0.29,0
Gandaki,Lamjung,Bensishahar,NP04,NP0437,NP0437302,3,836,694,108,1,33,581,249,5,1,0,462,356,8,3,0,7,0,0,581,175,1,0,79,0,0,0,424,26,3,20,358,5,343,434,0,0,15,41,0,3,0,459,376,1,0,0,0,0,831,0,3,0,2,14,335,476,4,7,28,808,355,487,19,493,638,109,282,12,121,32,150,195,13,3,138,218,239,163,78,16.51,26.08,28.59,19.5,9.33,64,355,397,20,0,7.66,42.46,47.49,2.39,0
Gandaki,Lamjung,Bensishahar,NP04,NP0437,NP0437302,4,256,247,0,2,7,230,24,0,1,1,220,32,0,1,1,2,0,0,227,11,1,0,17,0,0,0,213,2,1,2,37,1,252,1,0,0,2,1,0,0,0,244,11,0,0,0,1,0,250,3,2,0,1,3,248,4,1,0,22,234,175,101,3,215,175,9,30,0,12,2,7,7,0,0,53,144,50,7,2,20.7,56.25,19.53,2.73,0.78,4,43,208,1,0,1.56,16.8,81.25,0.39,0
Gandaki,Lamjung,Bensishahar,NP04,NP0437,NP0437302,5,417,415,2,0,0,399,15,1,2,0,395,20,1,1,0,0,0,0,413,4,0,0,0,0,0,0,321,2,0,0,92,2,16,223,0,0,1,170,7,0,0,392,25,0,0,0,0,0,411,3,2,0,1,4,3,408,1,1,14,403,377,267,0,292,330,3,47,5,4,0,14,30,0,0,156,197,54,10,0,37.41,47.24,12.95,2.4,0,0,22,251,144,0,0,5.28,60.19,34.53,0
Gandaki,Lamjung,Bensishahar,NP04,NP0437,NP0437302,6,639,566,69,1,3,447,185,5,0,2,353,277,1,1,0,4,0,3,535,95,1,1,6,0,0,1,311,20,10,13,281,4,288,309,0,1,3,37,0,0,1,372,227,0,0,40,0,0,635,3,1,0,0,10,621,6,0,2,12,627,457,512,6,512,502,61,166,7,61,19,121,159,1,1,49,189,186,154,61,7.67,29.58,29.11,24.1,9.55,144,229,263,3,0,22.54,35.84,41.16,0.47,0
Gandaki,Lamjung,Bensishahar,NP04,NP0437,NP0437302,7,2277,1111,1124,18,24,121,883,1267,6,0,91,2166,3,0,1,14,0,2,452,1767,6,45,6,1,0,0,108,42,22,252,1840,13,1688,298,0,3,1,121,153,11,2,60,2164,44,0,9,0,0,2273,4,0,0,0,16,1892,366,0,3,25,2252,1279,1578,309,1585,2124,567,1761,131,579,180,1555,1201,184,26,15,47,205,915,1095,0.66,2.06,9,40.18,48.09,1743,445,76,13,0,76.55,19.54,3.34,0.57,0
Gandaki,Lamjung,Bensishahar,NP04,NP0437,NP0437302,8,2283,1025,1234,21,3,119,903,1255,6,0,63,2211,3,1,0,5,0,0,320,1956,2,1,4,0,0,0,59,34,15,265,1901,9,1780,246,0,0,84,101,1,66,5,49,2231,2,0,1,0,0,2277,4,1,1,0,12,2215,52,0,4,23,2260,1418,1502,305,1609,2055,608,1791,82,626,152,1643,1276,133,11,11,21,169,923,1159,0.48,0.92,7.4,40.43,50.77,1890,357,34,2,0,82.79,15.64,1.49,0.09,0
Gandaki,Lamjung,Bensishahar,NP04,NP0437,NP0437302,9,521,486,27,1,7,458,25,36,0,2,414,103,0,0,0,3,0,1,428,58,0,0,35,0,0,0,370,9,5,44,92,1,513,4,0,0,2,0,0,0,2,453,62,1,0,5,0,0,515,3,0,0,3,15,491,13,0,2,21,500,315,260,3,373,203,8,50,1,24,7,5,98,2,0,146,210,127,26,12,28.02,40.31,24.38,4.99,2.3,46,112,361,2,0,8.83,21.5,69.29,0.38,0
Gandaki,Lamjung,Bensishahar,NP04,NP0437,NP0437302,10,798,760,28,0,10,623,100,62,12,1,582,181,6,8,0,19,0,2,721,62,0,0,14,0,0,1,462,8,8,4,313,3,416,338,0,0,4,34,4,0,2,485,285,2,1,24,0,1,777,15,2,0,4,74,632,83,0,9,36,762,554,429,1,676,528,41,149,4,70,12,120,149,2,1,154,255,248,108,33,19.3,31.95,31.08,13.53,4.14,80,323,382,12,1,10.03,40.48,47.87,1.5,0.13
Gandaki,Lamjung,Bensishahar,NP04,NP0437,NP0437302,11,1258,1156,81,7,14,839,282,92,34,11,829,371,4,18,0,33,3,0,1117,130,2,1,7,1,0,0,706,18,3,2,526,3,980,176,0,7,21,57,17,0,0,690,498,6,0,61,1,2,1244,4,3,0,7,136,995,110,3,14,47,1211,805,721,8,1076,915,100,320,22,82,25,259,236,1,2,159,360,453,214,72,12.64,28.62,36.01,17.01,5.72,224,458,547,29,0,17.81,36.41,43.48,2.31,0
Gandaki,Lamjung,Sundarbazar,NP04,NP0437,NP0437303,1,454,437,10,3,4,261,171,16,6,0,235,214,1,2,0,2,0,0,366,85,3,0,0,0,0,0,210,7,0,2,233,2,228,4,0,0,6,215,1,0,0,358,83,0,0,12,1,0,445,7,0,0,2,22,424,4,0,4,20,434,196,292,2,401,315,10,175,3,27,4,46,57,4,0,61,126,161,86,20,13.44,27.75,35.46,18.94,4.41,28,207,211,8,0,6.17,45.59,46.48,1.76,0
Gandaki,Lamjung,Sundarbazar,NP04,NP0437,NP0437303,2,758,711,36,3,8,369,309,79,0,1,337,412,1,2,5,1,0,0,648,101,7,0,2,0,0,0,319,12,10,0,415,2,473,249,0,2,17,13,1,0,3,404,342,1,0,11,0,0,755,1,1,0,1,18,716,13,7,4,26,732,524,524,33,532,616,48,281,3,74,12,294,163,1,0,60,182,186,245,85,7.92,24.01,24.54,32.32,11.21,260,222,267,8,1,34.3,29.29,35.22,1.06,0.13
Gandaki,Lamjung,Sundarbazar,NP04,NP0437,NP0437303,3,473,448,23,1,1,346,86,41,0,0,311,161,1,0,0,0,0,0,431,36,5,0,1,0,0,0,279,3,3,2,184,2,150,246,0,0,1,72,4,0,0,298,151,0,0,17,0,7,472,1,0,0,0,17,444,11,0,1,14,459,248,278,6,356,354,49,268,2,52,7,37,50,0,0,50,123,193,81,26,10.57,26,40.8,17.12,5.5,50,209,210,4,0,10.57,44.19,44.4,0.85,0
Gandaki,Lamjung,Sundarbazar,NP04,NP0437,NP0437303,4,484,465,8,4,7,296,157,25,6,0,295,183,2,4,0,0,0,0,428,46,5,0,2,1,0,2,270,7,0,0,206,1,277,166,0,0,0,41,0,0,0,265,179,0,0,39,1,0,478,0,1,0,5,4,337,138,2,3,26,458,189,213,7,419,311,19,137,2,50,1,49,41,1,0,110,127,129,94,24,22.73,26.24,26.65,19.42,4.96,98,170,188,27,1,20.25,35.12,38.84,5.58,0.21
Gandaki,Lamjung,Sundarbazar,NP04,NP0437,NP0437303,5,472,435,34,0,3,302,83,74,11,2,197,262,2,6,0,4,0,1,372,99,1,0,0,0,0,0,192,0,0,0,280,0,433,23,0,1,1,14,0,0,0,236,219,9,0,8,0,0,464,2,4,0,2,6,430,32,0,4,13,459,180,188,2,331,383,57,219,9,73,5,162,116,2,0,47,133,104,110,78,9.96,28.18,22.03,23.31,16.53,140,164,159,9,0,29.66,34.75,33.69,1.91,0
Gandaki,Lamjung,Sundarbazar,NP04,NP0437,NP0437303,6,1169,873,294,2,0,157,456,494,57,5,203,956,3,5,0,0,0,2,462,705,1,0,1,0,0,0,96,13,5,19,1031,5,1113,45,0,3,1,2,2,2,1,165,1001,0,0,3,0,0,1161,4,2,0,2,78,1017,68,0,6,22,1147,206,833,47,866,1013,249,874,46,293,116,849,638,56,1,18,68,166,374,543,1.54,5.82,14.2,31.99,46.45,828,272,66,3,0,70.83,23.27,5.65,0.26,0
Gandaki,Lamjung,Sundarbazar,NP04,NP0437,NP0437303,7,1115,864,224,25,2,108,894,103,9,1,110,980,10,3,0,12,0,0,395,710,0,4,6,0,0,0,87,33,11,41,939,4,1012,70,0,2,14,13,0,0,4,58,1020,3,0,34,0,0,1112,2,1,0,0,4,1043,63,2,3,15,1100,397,720,53,725,958,204,808,35,266,85,799,608,48,3,11,39,157,404,504,0.99,3.5,14.08,36.23,45.2,837,235,40,3,0,75.07,21.08,3.59,0.27,0
Gandaki,Lamjung,Sundarbazar,NP04,NP0437,NP0437303,8,498,444,44,1,9,229,157,106,5,1,223,269,4,0,0,0,0,2,364,123,5,3,3,0,0,0,218,6,4,24,244,2,488,9,0,0,0,1,0,0,0,268,227,1,0,2,0,0,497,0,1,0,0,5,364,125,0,4,58,440,187,248,4,370,283,89,183,5,64,4,182,167,3,0,116,100,70,95,117,23.29,20.08,14.06,19.08,23.49,190,100,205,3,0,38.15,20.08,41.16,0.6,0
Gandaki,Lamjung,Sundarbazar,NP04,NP0437,NP0437303,9,1813,1129,628,50,6,109,828,863,8,5,104,1680,4,5,2,16,1,1,503,1284,3,2,16,5,0,0,98,34,34,38,1596,13,1516,122,0,1,6,160,0,1,7,78,1714,16,0,5,0,0,1808,3,1,0,1,20,1394,384,6,9,9,1804,578,1238,77,1153,1553,377,1301,57,485,107,1254,987,93,22,24,33,194,823,739,1.32,1.82,10.7,45.39,40.76,1227,511,63,11,1,67.68,28.19,3.47,0.61,0.06
Gandaki,Lamjung,Sundarbazar,NP04,NP0437,NP0437303,10,300,290,7,0,3,242,45,10,3,0,241,55,0,3,0,1,0,0,275,12,13,0,0,0,0,0,172,2,1,2,121,2,11,115,0,1,3,108,61,0,1,178,104,2,0,16,0,0,300,0,0,0,0,0,288,4,1,7,6,294,103,140,0,235,220,21,181,1,25,6,47,62,0,0,51,82,113,41,13,17,27.33,37.67,13.67,4.33,12,103,173,12,0,4,34.33,57.67,4,0
Gandaki,Lamjung,Sundarbazar,NP04,NP0437,NP0437303,11,293,290,3,0,0,285,7,1,0,0,280,10,0,0,1,2,0,0,258,4,31,0,0,0,0,0,238,10,3,1,41,0,104,188,0,0,0,1,0,0,0,281,12,0,0,0,0,0,293,0,0,0,0,29,242,19,1,2,0,293,63,42,2,170,194,9,122,1,2,2,0,0,0,0,92,148,49,4,0,31.4,50.51,16.72,1.37,0,1,50,231,11,0,0.34,17.06,78.84,3.75,0
Gandaki,Lamjung,Rainas,NP04,NP0437,NP0437304,1,277,265,12,0,0,134,105,35,3,0,104,171,0,0,0,2,0,0,203,61,0,0,13,0,0,0,100,4,0,1,170,2,136,136,0,0,1,4,0,0,0,123,147,1,0,5,1,0,275,1,1,0,0,5,255,11,5,1,8,269,126,136,15,248,141,16,103,7,16,2,47,26,1,0,30,53,79,102,13,10.83,19.13,28.52,36.82,4.69,99,108,67,3,0,35.74,38.99,24.19,1.08,0
Gandaki,Lamjung,Rainas,NP04,NP0437,NP0437304,2,231,231,0,0,0,139,89,1,2,0,135,91,0,2,0,3,0,0,190,20,3,0,18,0,0,0,128,3,2,0,98,0,120,102,0,0,0,0,9,0,0,183,45,2,0,1,0,0,227,1,0,0,3,9,123,97,0,2,23,208,118,110,2,155,75,3,14,0,8,0,24,9,0,0,75,61,57,35,3,32.47,26.41,24.68,15.15,1.3,37,63,116,15,0,16.02,27.27,50.22,6.49,0
Gandaki,Lamjung,Rainas,NP04,NP0437,NP0437304,3,459,442,14,1,2,252,139,55,13,0,201,239,5,6,0,8,0,0,365,83,5,0,5,1,0,0,184,4,2,3,259,7,335,107,0,1,4,8,1,0,3,218,218,0,0,23,0,0,436,18,3,0,2,11,310,126,3,9,18,441,161,263,0,384,317,32,221,1,28,2,119,65,1,0,53,108,142,111,45,11.55,23.53,30.94,24.18,9.8,98,205,143,13,0,21.35,44.66,31.15,2.83,0
Gandaki,Lamjung,Rainas,NP04,NP0437,NP0437304,4,551,492,56,0,3,109,226,204,12,0,102,437,3,5,0,4,0,0,273,272,0,3,2,0,0,1,91,7,4,4,440,5,420,102,0,0,2,27,0,0,0,79,459,1,0,12,0,0,543,6,1,0,1,13,410,122,2,4,23,528,152,401,7,343,447,60,320,11,76,19,333,136,1,0,19,46,109,251,126,3.45,8.35,19.78,45.55,22.87,306,176,66,3,0,55.54,31.94,11.98,0.54,0
Gandaki,Lamjung,Rainas,NP04,NP0437,NP0437304,5,419,403,14,0,2,288,120,6,5,0,292,118,1,7,0,1,0,0,337,78,0,0,4,0,0,0,298,2,1,0,118,0,214,192,0,0,1,8,4,0,0,79,337,2,0,0,1,0,416,2,0,0,1,21,382,15,0,1,0,419,249,141,4,415,295,48,123,1,30,4,82,41,0,0,30,213,79,50,47,7.16,50.84,18.85,11.93,11.22,98,244,76,1,0,23.39,58.23,18.14,0.24,0
Gandaki,Lamjung,Rainas,NP04,NP0437,NP0437304,6,759,682,31,3,43,422,219,99,18,1,395,339,1,15,3,6,0,0,619,132,1,2,5,0,0,0,335,2,6,8,407,1,671,36,0,0,4,43,5,0,0,207,477,0,0,75,0,0,754,1,2,0,2,5,242,501,4,7,24,735,388,454,20,666,543,52,217,8,82,12,307,162,1,2,117,178,202,178,84,15.42,23.45,26.61,23.45,11.07,164,299,272,23,1,21.61,39.39,35.84,3.03,0.13
Gandaki,Lamjung,Rainas,NP04,NP0437,NP0437304,7,521,493,17,2,9,186,214,86,34,1,168,314,2,19,3,15,0,0,425,86,2,0,8,0,0,0,144,1,3,1,371,1,374,77,0,20,25,21,3,0,1,177,305,0,0,39,0,0,514,2,4,0,1,2,348,159,0,12,18,503,100,325,3,392,384,41,269,4,63,22,369,142,4,0,43,71,164,168,75,8.25,13.63,31.48,32.25,14.4,157,235,110,18,1,30.13,45.11,21.11,3.45,0.19
Gandaki,Lamjung,Rainas,NP04,NP0437,NP0437304,8,831,779,43,4,5,483,205,131,9,3,281,509,13,8,0,14,0,6,708,105,1,0,16,1,0,0,239,4,2,7,567,12,453,351,0,5,4,11,7,0,0,230,505,6,0,89,0,1,821,3,4,2,1,11,739,60,0,21,25,806,380,472,15,604,619,70,524,10,95,20,390,220,7,0,63,106,273,250,139,7.58,12.76,32.85,30.08,16.73,255,414,151,11,0,30.69,49.82,18.17,1.32,0
Gandaki,Lamjung,Rainas,NP04,NP0437,NP0437304,9,506,497,5,1,3,358,142,0,5,1,345,151,1,1,0,7,0,1,452,21,2,0,31,0,0,0,267,2,4,0,232,1,146,239,0,15,8,79,19,0,0,363,143,0,0,0,0,0,503,2,0,0,1,1,116,382,2,5,6,500,256,275,10,443,363,10,306,2,26,2,14,48,1,0,89,169,155,80,13,17.59,33.4,30.63,15.81,2.57,17,177,247,65,0,3.36,34.98,48.81,12.85,0
Gandaki,Lamjung,Rainas,NP04,NP0437,NP0437304,10,407,402,3,0,2,317,74,8,8,0,270,125,2,0,0,10,0,0,363,12,1,0,31,0,0,0,250,5,0,3,145,4,116,279,0,2,1,9,0,0,0,317,79,2,0,9,0,0,404,0,2,0,1,2,275,123,2,5,17,390,191,220,3,325,268,18,222,3,19,0,6,38,1,0,69,126,155,43,14,16.95,30.96,38.08,10.57,3.44,22,154,224,7,0,5.41,37.84,55.04,1.72,0
Gandaki,Lamjung,Dudhapokhari,NP04,NP0437,NP0437404,1,466,457,6,0,3,245,209,10,1,1,246,216,1,0,0,3,0,0,437,22,0,0,7,0,0,0,224,4,1,0,232,5,405,23,0,0,0,32,6,0,0,435,27,0,0,4,0,0,457,4,1,0,4,9,441,11,0,5,18,448,110,208,5,433,370,7,191,0,5,0,2,0,0,0,41,139,215,68,3,8.8,29.83,46.14,14.59,0.64,16,223,225,2,0,3.43,47.85,48.28,0.43,0
Gandaki,Lamjung,Dudhapokhari,NP04,NP0437,NP0437404,2,458,451,7,0,0,268,162,25,3,0,272,169,8,1,7,1,0,0,409,42,0,1,6,0,0,0,164,6,4,3,276,5,379,75,0,0,4,0,0,0,0,395,63,0,0,0,0,0,454,2,2,0,0,25,304,126,3,0,28,430,286,232,7,405,191,12,165,1,4,1,5,0,0,0,91,110,194,62,1,19.87,24.02,42.36,13.54,0.22,17,257,184,0,0,3.71,56.11,40.17,0,0
Gandaki,Lamjung,Dudhapokhari,NP04,NP0437,NP0437404,3,266,264,1,0,1,166,91,0,9,0,156,91,5,6,1,7,0,0,251,9,0,0,6,0,0,0,148,0,0,0,118,0,249,11,0,0,0,5,1,0,0,258,5,0,0,3,0,0,260,5,1,0,0,5,251,9,0,1,16,250,41,88,1,236,158,4,122,1,0,0,0,0,0,0,59,73,111,23,0,22.18,27.44,41.73,8.65,0,5,122,132,6,1,1.88,45.86,49.62,2.26,0.38
Gandaki,Lamjung,Dudhapokhari,NP04,NP0437,NP0437404,4,313,304,6,1,2,207,96,2,8,0,172,110,22,1,0,7,0,1,259,33,2,0,17,2,0,0,158,8,6,2,136,3,108,194,0,0,1,7,0,0,3,292,21,0,0,0,0,0,303,7,0,0,3,1,18,289,2,3,26,287,173,73,0,246,146,4,51,4,7,0,4,9,0,0,114,93,88,17,1,36.42,29.71,28.12,5.43,0.32,0,116,187,8,2,0,37.06,59.74,2.56,0.64
Gandaki,Lamjung,Dudhapokhari,NP04,NP0437,NP0437404,5,376,370,5,0,1,197,168,5,5,1,182,175,2,1,1,15,0,0,317,18,2,1,38,0,0,0,194,8,1,1,169,3,167,179,0,0,2,28,0,0,0,317,59,0,0,0,0,0,376,0,0,0,0,0,371,3,0,2,11,365,209,211,0,349,280,12,81,5,22,0,16,30,1,1,49,122,137,50,18,13.03,32.45,36.44,13.3,4.79,40,146,182,8,0,10.64,38.83,48.4,2.13,0
Gandaki,Lamjung,Dudhapokhari,NP04,NP0437,NP0437404,6,590,574,8,0,8,450,138,0,2,0,308,236,3,1,3,6,0,33,547,17,2,0,23,0,0,1,295,13,4,2,275,1,489,79,0,0,9,13,0,0,0,491,98,0,0,0,1,0,563,22,2,0,3,27,543,10,0,10,9,581,400,350,1,566,418,11,145,2,19,2,3,30,1,0,45,237,243,60,5,7.63,40.17,41.19,10.17,0.85,37,257,291,3,2,6.27,43.56,49.32,0.51,0.34
Gandaki,Tanahu,Bhanu,NP04,NP0440,NP0440303,1,1183,986,192,3,2,334,514,291,30,14,279,856,14,12,0,20,0,2,550,610,5,5,8,3,0,2,170,9,2,27,974,1,594,332,0,108,141,5,0,0,3,290,876,0,4,13,0,0,1172,7,0,0,4,1,1130,28,2,22,21,1162,137,864,51,779,987,201,605,86,349,97,1018,661,45,2,56,93,264,314,456,4.73,7.86,22.32,26.54,38.55,631,369,154,26,3,53.34,31.19,13.02,2.2,0.25
Gandaki,Tanahu,Bhanu,NP04,NP0440,NP0440303,2,932,784,87,12,49,450,328,145,7,2,373,551,1,3,0,2,0,2,609,286,10,0,27,0,0,0,233,5,3,2,685,4,84,483,0,193,69,63,38,0,2,402,493,0,0,37,0,0,925,2,1,0,4,8,861,51,0,12,30,902,137,594,17,610,688,120,337,21,223,33,712,383,6,4,70,159,246,261,196,7.51,17.06,26.39,28,21.03,224,460,235,13,0,24.03,49.36,25.21,1.39,0
Gandaki,Tanahu,Bhanu,NP04,NP0440,NP0440303,3,1120,969,139,6,6,380,316,394,29,1,285,787,20,16,1,11,0,0,633,441,6,1,39,0,0,0,259,15,0,17,827,2,590,383,0,5,32,106,3,0,1,384,718,2,0,16,0,0,1113,3,1,0,3,23,802,271,5,19,37,1083,156,780,33,826,933,127,454,21,213,31,869,579,16,1,102,122,255,302,339,9.11,10.89,22.77,26.96,30.27,445,428,222,24,1,39.73,38.21,19.82,2.14,0.09
Gandaki,Tanahu,Bhanu,NP04,NP0440,NP0440303,4,956,938,16,0,2,664,257,28,6,1,627,308,12,6,1,2,0,0,693,116,5,5,136,1,0,0,456,10,5,1,478,6,229,499,0,87,25,115,1,0,0,586,329,1,0,38,2,0,942,10,4,0,0,19,559,357,4,17,53,903,189,579,16,759,598,26,204,27,84,24,384,175,2,0,155,298,323,130,50,16.21,31.17,33.79,13.6,5.23,71,390,472,23,0,7.43,40.79,49.37,2.41,0
Gandaki,Tanahu,Bhanu,NP04,NP0440,NP0440303,5,900,849,37,5,9,555,198,140,6,1,507,376,2,3,0,3,0,9,592,142,9,0,157,0,0,0,429,5,5,8,450,3,78,572,0,1,57,188,0,1,3,506,368,1,1,24,0,0,892,3,3,0,2,12,538,329,0,21,32,868,172,580,7,636,675,83,234,6,163,52,389,254,6,1,174,216,227,157,126,19.33,24,25.22,17.44,14,177,265,349,108,1,19.67,29.44,38.78,12,0.11
Gandaki,Tanahu,Bhanu,NP04,NP0440,NP0440303,6,872,817,28,5,22,658,142,51,19,2,488,358,13,9,2,0,0,2,580,93,21,0,177,0,0,1,417,10,1,10,432,2,267,506,0,7,43,47,2,0,0,513,354,0,0,5,0,0,862,3,5,0,2,26,789,46,1,10,16,856,136,528,6,599,651,47,203,12,102,29,447,224,2,0,95,264,294,146,73,10.89,30.28,33.72,16.74,8.37,103,409,335,23,2,11.81,46.9,38.42,2.64,0.23
Gandaki,Tanahu,Bhanu,NP04,NP0440,NP0440303,7,863,832,15,4,12,575,228,57,3,0,492,366,1,2,0,2,0,0,690,76,14,2,81,0,0,0,391,4,7,2,454,5,200,261,0,43,344,8,1,0,6,640,194,2,0,27,0,0,858,3,2,0,0,5,703,140,1,14,37,826,260,494,8,768,321,19,65,5,67,8,219,90,0,0,200,244,307,91,21,23.17,28.27,35.57,10.54,2.43,58,355,424,26,0,6.72,41.14,49.13,3.01,0
Gandaki,Tanahu,Bhanu,NP04,NP0440,NP0440303,8,1066,1012,46,1,7,409,530,104,18,5,378,657,4,15,1,7,0,4,859,172,4,2,27,2,0,0,327,6,10,0,715,8,455,238,0,121,88,163,0,0,1,367,644,7,0,48,0,0,1062,2,0,1,1,26,87,924,18,11,24,1042,599,759,20,779,719,58,262,16,100,19,584,306,0,0,149,212,273,328,104,13.98,19.89,25.61,30.77,9.76,103,561,335,67,0,9.66,52.63,31.43,6.29,0
Gandaki,Tanahu,Bhanu,NP04,NP0440,NP0440303,9,1070,919,131,8,12,286,523,235,24,2,265,774,9,12,0,10,0,0,562,505,1,0,1,1,0,0,178,19,10,16,845,2,568,112,0,23,18,334,13,0,2,221,817,4,0,28,0,0,1045,12,12,0,1,1,794,272,1,2,39,1031,165,662,11,813,834,137,447,23,168,45,761,499,12,1,88,112,215,386,269,8.22,10.47,20.09,36.07,25.14,477,362,165,66,0,44.58,33.83,15.42,6.17,0
Gandaki,Tanahu,Bhanu,NP04,NP0440,NP0440303,10,989,925,54,3,7,667,184,121,15,2,599,362,1,5,0,22,0,0,796,171,9,2,9,2,0,0,494,7,5,7,466,10,665,101,0,3,18,190,11,0,1,499,445,4,0,36,5,0,977,9,2,1,0,20,597,362,5,5,34,955,535,627,12,780,662,65,340,19,126,48,288,210,3,2,164,280,275,176,94,16.58,28.31,27.81,17.8,9.5,173,330,434,51,1,17.49,33.37,43.88,5.16,0.1
Gandaki,Tanahu,Bhanu,NP04,NP0440,NP0440303,11,1086,1041,43,2,0,507,428,150,1,0,447,635,2,2,0,0,0,0,731,348,2,0,5,0,0,0,407,18,5,23,609,24,437,510,0,3,8,128,0,0,0,568,434,3,0,81,0,0,1076,8,1,1,0,57,935,88,3,3,64,1022,426,654,8,777,738,95,424,6,150,19,450,325,4,0,142,204,281,291,168,13.08,18.78,25.87,26.8,15.47,275,455,353,3,0,25.32,41.9,32.5,0.28,0
Gandaki,Tanahu,Bhanu,NP04,NP0440,NP0440303,12,930,897,27,0,6,771,150,9,0,0,779,150,0,0,0,1,0,0,791,15,11,2,111,0,0,0,702,4,2,5,204,13,225,665,0,0,18,21,0,0,1,742,183,1,0,3,0,1,904,17,7,0,2,4,218,699,1,8,29,901,362,541,6,808,603,36,89,5,67,4,68,158,2,0,289,386,169,74,12,31.08,41.51,18.17,7.96,1.29,24,179,699,28,0,2.58,19.25,75.16,3.01,0
Gandaki,Tanahu,Bhanu,NP04,NP0440,NP0440303,13,738,700,35,2,1,624,110,2,2,0,460,274,0,3,1,0,0,0,629,49,9,3,48,0,0,0,401,9,4,1,319,4,111,255,0,132,132,106,1,0,1,571,151,1,1,12,2,0,729,7,1,0,1,33,299,404,2,0,44,694,164,411,6,595,535,35,114,17,52,10,135,112,0,0,164,266,212,74,22,22.22,36.04,28.73,10.03,2.98,40,207,449,41,1,5.42,28.05,60.84,5.56,0.14
Gandaki,Tanahu,Byas,NP04,NP0440,NP0440302,1,4253,2699,1505,23,26,292,901,3048,11,1,228,4002,13,3,3,2,0,2,823,3392,11,17,9,1,0,0,151,24,48,304,3701,25,3817,386,0,7,24,11,2,1,5,229,3995,9,0,17,0,3,4247,3,1,0,2,12,3885,318,18,20,37,4216,888,2926,160,1813,3982,1216,3412,172,1552,587,3955,2708,194,30,27,86,254,1530,2356,0.63,2.02,5.97,35.97,55.4,3665,476,108,4,0,86.17,11.19,2.54,0.09,0
Gandaki,Tanahu,Byas,NP04,NP0440,NP0440302,2,2265,1028,1221,15,1,24,576,1662,3,0,22,2237,2,0,1,0,0,3,113,2135,4,5,7,1,0,0,15,19,8,316,1868,39,2158,74,0,1,4,0,1,27,0,25,2228,10,0,1,1,0,2263,2,0,0,0,17,2229,18,0,1,18,2247,830,1551,335,1068,2137,877,1879,181,938,389,2029,1409,311,68,0,1,82,796,1386,0,0.04,3.62,35.14,61.19,2143,120,2,0,0,94.61,5.3,0.09,0,0
Gandaki,Tanahu,Byas,NP04,NP0440,NP0440302,3,1069,599,409,54,7,92,187,788,2,0,25,999,1,1,0,2,0,41,264,789,8,2,6,0,0,0,22,11,14,59,957,6,1007,56,0,0,1,0,2,0,3,31,1035,2,0,0,1,0,1068,1,0,0,0,3,1056,8,0,2,20,1049,732,749,100,636,989,358,859,74,405,188,926,675,127,14,0,10,78,386,595,0,0.94,7.3,36.11,55.66,883,175,9,2,0,82.6,16.37,0.84,0.19,0
Gandaki,Tanahu,Byas,NP04,NP0440,NP0440302,4,2407,1188,1203,7,9,117,777,1509,0,4,108,2290,4,1,0,1,0,3,299,2066,12,10,16,3,0,1,69,23,28,126,2141,20,2129,194,0,6,16,12,1,40,9,167,2222,13,0,4,0,1,2378,26,1,0,2,162,2062,178,1,4,15,2392,1771,1629,157,1376,2232,826,1977,130,835,326,1955,1384,153,23,9,34,151,927,1286,0.37,1.41,6.27,38.51,53.43,2019,335,50,3,0,83.88,13.92,2.08,0.12,0
Gandaki,Tanahu,Byas,NP04,NP0440,NP0440302,5,2137,1826,285,6,20,592,862,671,12,0,527,1586,3,7,2,12,0,0,1161,931,31,0,14,0,0,0,350,19,105,34,1607,22,1529,528,0,6,33,28,5,8,0,760,1346,7,0,24,0,0,2126,7,3,0,1,21,1871,223,6,16,35,2102,1403,1398,54,1366,1931,337,1528,64,559,200,1735,935,76,13,81,177,440,763,676,3.79,8.28,20.59,35.7,31.63,1031,782,305,19,0,48.25,36.59,14.27,0.89,0
Gandaki,Tanahu,Byas,NP04,NP0440,NP0440302,6,1284,1193,82,1,8,727,401,138,17,1,668,592,15,9,0,0,0,0,924,281,56,0,21,2,0,0,549,27,31,7,667,3,443,560,0,6,7,260,4,1,3,760,505,0,0,19,0,0,1261,10,7,1,5,35,708,524,1,16,66,1218,386,772,16,888,923,85,439,18,160,64,669,330,0,0,226,281,373,291,113,17.6,21.88,29.05,22.66,8.8,203,476,520,84,1,15.81,37.07,40.5,6.54,0.08
Gandaki,Tanahu,Byas,NP04,NP0440,NP0440302,7,960,909,45,0,6,599,189,168,4,0,570,382,0,8,0,0,0,0,677,222,21,1,38,1,0,0,473,9,11,37,424,6,608,174,0,2,5,170,1,0,0,510,441,0,0,8,1,0,943,14,1,0,2,56,884,13,1,6,54,906,174,528,7,649,670,57,277,11,161,50,550,275,5,0,181,224,249,181,125,18.85,23.33,25.94,18.85,13.02,247,292,399,22,0,25.73,30.42,41.56,2.29,0
Gandaki,Tanahu,Byas,NP04,NP0440,NP0440302,8,588,568,10,2,8,443,117,17,11,0,379,197,3,9,0,0,0,0,499,33,13,3,40,0,0,0,279,9,1,4,294,1,345,204,0,11,18,10,0,0,0,428,144,0,0,16,0,0,578,5,2,0,3,29,494,58,3,4,7,581,141,352,8,470,405,24,104,0,63,18,222,123,0,1,81,203,195,78,31,13.78,34.52,33.16,13.27,5.27,54,268,252,14,0,9.18,45.58,42.86,2.38,0
Gandaki,Tanahu,Byas,NP04,NP0440,NP0440302,9,966,894,39,2,31,735,154,64,13,0,723,222,4,12,0,1,0,4,625,91,17,2,231,0,0,0,408,7,2,2,542,5,558,360,0,7,37,4,0,0,0,582,376,1,0,5,1,1,950,11,1,0,4,15,859,73,10,9,18,948,234,570,7,788,664,37,262,4,132,25,427,187,0,0,133,280,350,137,66,13.77,28.99,36.23,14.18,6.83,136,376,444,10,0,14.08,38.92,45.96,1.04,0
Gandaki,Tanahu,Byas,NP04,NP0440,NP0440302,10,1925,1745,160,3,17,730,852,323,17,3,651,1222,9,10,2,2,0,29,1275,584,41,4,19,1,0,1,490,19,3,36,1370,7,1020,498,0,100,247,54,2,1,3,765,1132,3,1,24,0,0,1913,6,3,2,1,36,1674,188,5,22,50,1875,305,1257,15,1199,1558,232,915,42,488,120,1423,806,21,3,142,260,503,527,493,7.38,13.51,26.13,27.38,25.61,616,860,422,26,1,32,44.68,21.92,1.35,0.05
Gandaki,Tanahu,Byas,NP04,NP0440,NP0440302,11,1775,1590,171,3,11,842,662,259,12,0,762,996,5,9,0,3,0,0,1273,351,22,3,126,0,0,0,619,10,22,63,1057,4,264,1047,0,87,62,305,0,3,7,795,960,8,0,9,2,1,1761,7,3,0,4,12,457,1280,11,15,63,1712,760,1060,14,1320,1246,143,464,38,411,85,1089,635,21,3,308,324,444,420,279,17.35,18.25,25.01,23.66,15.72,288,734,651,101,1,16.23,41.35,36.68,5.69,0.06
Gandaki,Tanahu,Byas,NP04,NP0440,NP0440302,12,1321,1231,71,6,13,581,488,213,30,9,554,713,16,15,1,12,0,10,962,286,11,1,60,0,0,1,506,8,8,8,785,6,269,638,0,58,96,153,101,4,2,815,495,2,0,8,1,0,1280,5,33,1,2,54,541,674,15,37,34,1287,358,748,11,1025,1007,94,341,22,245,30,726,442,5,1,262,232,376,256,195,19.83,17.56,28.46,19.38,14.76,189,516,512,103,1,14.31,39.06,38.76,7.8,0.08
Gandaki,Tanahu,Byas,NP04,NP0440,NP0440302,13,961,901,44,3,13,546,298,107,10,0,518,431,8,3,0,0,1,0,787,160,9,1,4,0,0,0,375,6,50,22,502,6,260,537,0,26,31,96,10,0,1,618,333,2,0,8,0,0,949,6,4,0,2,65,308,583,2,3,39,922,242,512,8,766,645,53,345,12,175,17,433,205,1,0,178,270,207,199,107,18.52,28.1,21.54,20.71,11.13,132,325,469,35,0,13.74,33.82,48.8,3.64,0
Gandaki,Tanahu,Byas,NP04,NP0440,NP0440302,14,674,630,32,1,11,519,93,55,7,0,496,158,14,4,0,2,0,0,544,72,12,0,46,0,0,0,404,7,2,6,255,0,213,446,0,0,4,10,0,0,1,560,111,2,0,1,0,0,668,5,0,0,1,10,251,401,1,11,27,647,364,275,13,500,489,25,106,6,73,9,71,49,0,0,216,230,140,55,33,32.05,34.12,20.77,8.16,4.9,52,168,442,11,1,7.72,24.93,65.58,1.63,0.15
Gandaki,Tanahu,Myagde,NP04,NP0440,NP0440401,1,911,840,54,1,16,540,244,125,2,0,464,437,7,0,1,2,0,0,700,154,4,0,53,0,0,0,457,4,5,5,438,2,267,438,0,37,101,60,2,5,1,653,248,2,0,8,0,0,897,6,6,1,1,18,723,151,1,18,37,874,164,509,23,729,700,92,330,15,142,28,427,163,5,2,151,225,264,157,114,16.58,24.7,28.98,17.23,12.51,160,276,454,21,0,17.56,30.3,49.84,2.31,0
Gandaki,Tanahu,Myagde,NP04,NP0440,NP0440401,2,1025,897,91,29,8,350,337,338,0,0,345,679,1,0,0,0,0,0,506,421,4,0,94,0,0,0,263,6,4,25,722,5,490,322,0,85,39,87,1,1,0,468,547,0,0,10,0,0,1023,2,0,0,0,0,737,272,13,3,12,1013,120,785,54,799,879,143,433,27,209,26,715,458,19,2,81,129,246,297,272,7.9,12.59,24,28.98,26.54,355,394,244,32,0,34.63,38.44,23.8,3.12,0
Gandaki,Tanahu,Myagde,NP04,NP0440,NP0440401,3,935,773,140,2,20,220,301,410,1,3,220,686,1,0,0,1,24,3,418,464,13,0,37,0,0,3,152,3,7,6,761,6,519,165,0,137,34,70,0,7,3,280,614,9,9,22,0,1,928,3,1,0,3,7,669,242,0,17,14,921,144,603,38,607,772,168,477,41,224,60,663,425,19,0,60,87,202,279,307,6.42,9.3,21.6,29.84,32.83,428,326,157,24,0,45.78,34.87,16.79,2.57,0
Gandaki,Tanahu,Myagde,NP04,NP0440,NP0440401,4,1015,841,171,2,1,314,635,63,2,1,319,690,4,1,0,0,0,1,503,503,2,0,6,0,0,1,275,31,9,3,696,1,537,458,0,14,3,3,0,0,0,463,542,5,0,5,0,0,1003,12,0,0,0,122,507,377,3,6,30,985,203,618,42,868,809,143,423,26,216,73,619,400,9,1,144,123,203,273,272,14.19,12.12,20,26.9,26.8,320,430,264,0,1,31.53,42.36,26.01,0,0.1
Gandaki,Tanahu,Myagde,NP04,NP0440,NP0440401,5,772,708,49,6,9,350,323,94,4,1,257,507,3,3,1,1,0,0,524,173,7,0,68,0,0,0,215,3,1,5,548,0,445,243,0,2,3,78,1,0,0,335,413,0,0,24,0,0,767,3,1,0,1,4,599,164,1,4,13,759,94,466,3,524,640,51,289,8,199,48,500,288,1,1,70,118,204,217,163,9.07,15.28,26.42,28.11,21.11,228,331,164,49,0,29.53,42.88,21.24,6.35,0
Gandaki,Tanahu,Myagde,NP04,NP0440,NP0440401,6,828,767,31,6,24,427,381,13,5,2,416,401,3,5,1,1,0,1,547,190,53,2,34,1,0,1,378,22,3,6,417,2,197,515,0,0,25,87,1,0,3,610,148,0,0,69,0,1,812,4,9,1,2,12,625,179,1,11,45,783,160,480,6,617,509,65,174,20,99,27,304,140,17,2,214,156,223,136,99,25.85,18.84,26.93,16.43,11.96,143,298,309,73,5,17.27,35.99,37.32,8.82,0.6
Gandaki,Tanahu,Myagde,NP04,NP0440,NP0440401,7,1029,974,42,4,9,521,303,200,5,0,514,510,2,3,0,0,0,0,777,238,6,1,7,0,0,0,461,11,3,9,545,0,212,480,0,153,72,102,9,1,0,710,302,4,0,13,0,0,1024,1,3,1,0,55,590,379,1,4,17,1012,123,692,9,630,720,44,253,14,113,20,669,165,4,0,216,238,253,221,101,20.99,23.13,24.59,21.48,9.82,174,374,472,9,0,16.91,36.35,45.87,0.87,0
Gandaki,Tanahu,Shuklagandaki,NP04,NP0440,NP0440301,1,669,638,19,2,10,491,109,66,3,0,487,178,2,0,0,1,0,1,589,57,18,0,5,0,0,0,415,4,12,1,236,1,411,236,0,4,13,3,0,0,2,481,184,0,0,2,1,1,662,3,2,0,2,20,603,42,0,4,26,643,399,393,6,596,366,30,228,8,87,10,108,98,0,0,145,177,202,109,36,21.67,26.46,30.19,16.29,5.38,95,195,367,11,1,14.2,29.15,54.86,1.64,0.15
Gandaki,Tanahu,Shuklagandaki,NP04,NP0440,NP0440301,2,1520,1173,302,7,38,228,906,385,1,0,190,1328,1,0,0,1,0,0,932,555,13,2,17,1,0,0,177,17,4,103,1210,9,1134,305,0,0,24,54,2,1,0,314,1186,1,0,14,1,4,1423,96,0,0,1,81,1302,132,1,4,41,1479,613,1101,42,1019,1330,472,782,103,365,75,831,561,89,1,50,76,231,623,540,3.29,5,15.2,40.99,35.53,995,369,154,2,0,65.46,24.28,10.13,0.13,0
Gandaki,Tanahu,Shuklagandaki,NP04,NP0440,NP0440301,3,1212,923,263,7,19,262,430,516,0,4,223,982,2,1,0,4,0,0,551,652,7,2,0,0,0,0,193,16,6,93,902,2,727,336,0,3,8,137,0,0,1,397,807,0,0,5,0,3,1190,17,3,0,2,12,1065,128,0,7,26,1186,383,770,40,826,1016,255,826,40,356,134,805,507,47,5,71,93,215,369,464,5.86,7.67,17.74,30.45,38.28,724,264,169,55,0,59.74,21.78,13.94,4.54,0
Gandaki,Tanahu,Shuklagandaki,NP04,NP0440,NP0440301,4,1320,669,634,10,7,6,737,577,0,0,6,1314,0,0,0,0,0,0,168,1142,1,0,8,0,0,1,9,9,2,95,1203,2,861,54,0,1,40,3,0,360,1,32,1276,2,0,9,0,1,1319,1,0,0,0,8,1311,1,0,0,5,1315,568,931,173,626,1266,416,1134,136,616,236,1242,892,228,24,0,2,47,421,850,0,0.15,3.56,31.89,64.39,1234,80,6,0,0,93.48,6.06,0.45,0,0
Gandaki,Tanahu,Shuklagandaki,NP04,NP0440,NP0440301,5,2422,1598,785,22,17,75,967,1380,0,0,69,2347,3,0,3,0,0,0,370,2031,6,2,12,1,0,0,57,12,16,286,2045,6,2013,145,0,5,34,177,7,37,4,145,2254,4,0,18,1,0,2401,20,1,0,0,26,2187,204,2,3,19,2403,972,1843,181,1351,2294,811,1977,110,1020,467,2122,1578,198,8,4,37,145,735,1501,0.17,1.53,5.99,30.35,61.97,1985,386,50,1,0,81.96,15.94,2.06,0.04,0
Gandaki,Tanahu,Shuklagandaki,NP04,NP0440,NP0440301,6,1310,1003,289,4,14,269,616,416,7,2,235,1068,2,3,0,2,0,0,426,829,8,9,38,0,0,0,232,56,11,84,924,3,526,521,0,5,11,230,0,16,1,325,964,3,0,18,0,0,1303,5,1,0,1,7,1020,273,2,8,11,1299,445,869,99,739,1195,298,863,66,451,161,1025,761,56,4,90,99,164,366,591,6.87,7.56,12.52,27.94,45.11,627,464,213,5,1,47.86,35.42,16.26,0.38,0.08
Gandaki,Tanahu,Shuklagandaki,NP04,NP0440,NP0440301,7,1591,1178,372,14,27,119,727,743,1,1,107,1468,1,0,11,1,1,2,488,1078,4,0,20,0,0,1,75,9,8,185,1304,10,1263,123,0,5,17,104,9,65,5,188,1340,0,0,63,0,0,1585,3,1,0,2,18,1307,260,2,4,14,1577,712,1085,75,1008,1450,364,1236,100,588,207,1354,974,81,6,15,42,157,564,813,0.94,2.64,9.87,35.45,51.1,1123,388,76,4,0,70.58,24.39,4.78,0.25,0
Gandaki,Tanahu,Shuklagandaki,NP04,NP0440,NP0440301,8,1723,1523,172,5,23,191,713,816,0,3,193,1524,2,0,1,0,0,3,565,1131,2,6,18,1,0,0,176,28,18,127,1365,9,1327,138,0,24,79,113,8,20,14,385,1296,3,0,39,0,0,1696,22,2,0,3,37,1437,238,3,8,42,1681,615,1211,84,1122,1556,343,1154,62,635,157,1356,960,69,13,45,81,253,575,769,2.61,4.7,14.68,33.37,44.63,1021,537,158,7,0,59.26,31.17,9.17,0.41,0
Gandaki,Tanahu,Shuklagandaki,NP04,NP0440,NP0440301,9,805,721,36,1,47,320,304,177,4,0,247,551,3,3,0,1,0,0,489,266,12,1,35,2,0,0,211,15,3,28,547,1,287,502,0,5,6,0,1,1,3,316,453,1,0,35,0,0,788,6,6,0,5,1,608,167,23,6,18,787,361,590,11,702,669,100,522,12,258,38,521,371,5,0,71,91,143,237,263,8.82,11.3,17.76,29.44,32.67,341,279,170,15,0,42.36,34.66,21.12,1.86,0
Gandaki,Tanahu,Shuklagandaki,NP04,NP0440,NP0440301,10,1155,1114,31,5,5,680,292,168,3,12,648,469,3,0,2,1,0,32,914,221,7,0,9,0,0,4,613,15,6,11,505,5,580,506,0,12,11,31,1,1,13,994,157,2,0,1,1,0,1150,3,2,0,0,87,846,205,0,17,41,1114,731,619,8,996,809,37,469,11,155,16,225,134,1,4,224,305,354,191,81,19.39,26.41,30.65,16.54,7.01,103,425,606,21,0,8.92,36.8,52.47,1.82,0
Gandaki,Tanahu,Shuklagandaki,NP04,NP0440,NP0440301,11,894,862,18,3,11,698,153,41,2,0,624,267,0,3,0,0,0,0,781,79,29,1,4,0,0,0,536,11,2,0,341,4,535,204,0,25,120,9,0,0,1,824,50,1,0,19,0,0,889,3,2,0,0,12,608,262,0,12,38,856,714,535,6,752,581,18,537,3,103,2,122,79,0,0,185,236,332,119,22,20.69,26.4,37.14,13.31,2.46,22,300,538,34,0,2.46,33.56,60.18,3.8,0
Gandaki,Tanahu,Shuklagandaki,NP04,NP0440,NP0440301,12,651,613,25,1,12,428,204,16,2,1,384,264,0,0,0,2,0,1,552,54,13,0,32,0,0,0,288,9,1,5,341,7,157,367,0,1,16,106,2,0,2,491,155,0,0,4,1,0,639,8,3,0,1,12,507,127,0,5,14,637,197,345,4,507,477,17,205,5,76,11,133,93,0,0,126,138,248,125,14,19.35,21.2,38.1,19.2,2.15,41,312,258,40,0,6.3,47.93,39.63,6.14,0
Gandaki,Tanahu,Bhimad,NP04,NP0440,NP0440304,1,1049,989,39,0,21,894,76,51,28,0,879,144,1,23,0,1,0,1,814,103,41,0,91,0,0,0,898,2,3,1,136,9,340,661,0,5,3,38,0,0,2,886,147,4,0,12,0,0,1026,12,9,1,1,17,683,341,4,4,35,1014,503,595,33,812,766,27,477,1,140,16,206,134,0,0,208,445,287,93,16,19.83,42.42,27.36,8.87,1.53,39,176,795,38,1,3.72,16.78,75.79,3.62,0.1
Gandaki,Tanahu,Bhimad,NP04,NP0440,NP0440304,2,1027,1010,12,0,5,935,79,10,3,0,925,97,2,1,0,1,0,1,821,44,89,0,73,0,0,0,850,7,1,3,164,2,518,441,0,4,17,46,0,0,1,933,88,1,0,5,0,0,1018,4,2,1,2,32,404,587,1,3,32,995,709,444,5,892,783,47,481,12,157,13,134,80,0,0,295,405,251,63,13,28.72,39.44,24.44,6.13,1.27,9,143,808,66,1,0.88,13.92,78.68,6.43,0.1
Gandaki,Tanahu,Bhimad,NP04,NP0440,NP0440304,3,422,414,8,0,0,305,68,46,3,0,308,111,0,1,0,2,0,0,326,44,3,0,47,1,0,1,286,2,1,3,126,4,137,103,0,0,62,118,0,0,2,338,79,0,0,3,0,2,419,2,1,0,0,15,400,0,0,7,24,398,182,158,1,283,322,28,243,4,61,10,126,56,3,0,84,152,110,50,26,19.91,36.02,26.07,11.85,6.16,43,91,267,20,1,10.19,21.56,63.27,4.74,0.24
Gandaki,Tanahu,Bhimad,NP04,NP0440,NP0440304,4,548,538,5,0,5,497,47,1,2,1,474,70,2,1,0,1,0,0,445,8,9,2,84,0,0,0,476,6,1,0,64,1,433,21,0,32,46,13,0,0,3,512,35,0,0,1,0,0,533,13,2,0,0,72,448,24,1,3,15,533,368,128,2,475,413,12,225,1,50,6,22,12,0,0,122,276,130,16,4,22.26,50.36,23.72,2.92,0.73,6,81,453,8,0,1.09,14.78,82.66,1.46,0
Gandaki,Tanahu,Bhimad,NP04,NP0440,NP0440304,5,934,891,34,0,9,589,120,219,5,1,492,435,7,0,0,0,0,0,553,233,45,3,95,5,0,0,511,10,6,19,385,3,724,169,0,1,15,24,1,0,0,518,365,8,5,38,0,0,913,10,9,0,2,11,764,147,0,12,19,915,367,499,4,686,758,138,558,9,202,60,434,232,3,1,108,240,253,189,144,11.56,25.7,27.09,20.24,15.42,236,270,406,22,0,25.27,28.91,43.47,2.36,0
Gandaki,Tanahu,Bhimad,NP04,NP0440,NP0440304,6,2028,1318,686,14,10,142,1144,741,0,1,123,1898,0,0,0,1,0,6,382,1606,4,11,23,2,0,0,85,24,18,168,1730,3,1756,173,0,9,24,3,1,36,26,189,1830,2,0,5,0,2,2020,5,1,0,2,20,1769,231,4,4,17,2011,587,1267,114,823,1897,421,1568,126,754,202,1795,1174,74,8,35,37,175,742,1039,1.73,1.82,8.63,36.59,51.23,1573,371,83,0,1,77.56,18.29,4.09,0,0.05
Gandaki,Tanahu,Bhimad,NP04,NP0440,NP0440304,7,653,585,60,5,3,313,269,71,0,0,297,334,0,0,0,0,0,22,319,174,4,0,156,0,0,0,260,8,1,3,381,0,307,197,0,1,23,121,3,0,1,299,348,1,0,5,0,0,646,5,2,0,0,9,337,304,0,3,23,630,446,412,12,583,523,73,433,13,178,38,342,219,12,0,77,128,148,146,154,11.79,19.6,22.66,22.36,23.58,203,170,210,70,0,31.09,26.03,32.16,10.72,0
Gandaki,Tanahu,Bhimad,NP04,NP0440,NP0440304,8,718,665,46,3,4,355,330,29,4,0,302,413,1,2,0,0,0,0,437,187,7,0,85,2,0,0,262,9,5,12,417,13,561,73,0,3,79,2,0,0,0,406,287,0,0,25,0,0,712,3,3,0,0,8,401,295,13,1,28,690,422,370,5,437,548,73,369,5,160,37,321,171,3,1,84,133,211,206,84,11.7,18.52,29.39,28.69,11.7,99,346,270,3,0,13.79,48.19,37.6,0.42,0
Gandaki,Tanahu,Bhimad,NP04,NP0440,NP0440304,9,591,576,7,0,8,511,67,12,1,0,504,87,0,0,0,0,0,0,505,27,18,0,41,0,0,0,439,5,2,4,141,0,430,91,0,7,28,35,0,0,0,512,79,0,0,0,0,0,577,7,2,1,4,17,371,199,1,3,9,582,311,249,13,487,460,22,254,5,105,5,46,39,0,0,149,210,172,45,15,25.21,35.53,29.1,7.61,2.54,14,141,423,13,0,2.37,23.86,71.57,2.2,0
Gandaki,Tanahu,Ghiring,NP04,NP0440,NP0440402,1,1024,985,30,1,8,788,123,101,10,2,749,259,0,13,1,1,0,1,771,184,31,6,29,1,0,2,689,13,1,3,310,8,128,658,0,2,63,165,6,0,2,684,296,8,0,28,0,8,970,45,5,0,4,8,743,261,1,11,32,992,351,379,2,812,772,47,146,3,155,50,401,93,0,0,293,347,224,124,36,28.61,33.89,21.88,12.11,3.52,99,309,551,64,1,9.67,30.18,53.81,6.25,0.1
Gandaki,Tanahu,Ghiring,NP04,NP0440,NP0440402,2,607,594,11,1,1,575,22,6,4,0,576,27,0,4,0,0,0,0,487,13,36,2,69,0,0,0,561,7,1,1,35,2,152,339,0,1,4,109,0,0,2,572,31,1,0,2,1,0,578,22,6,0,1,16,544,41,0,6,30,577,271,130,1,527,368,18,21,3,47,14,50,31,1,1,253,279,68,4,3,41.68,45.96,11.2,0.66,0.49,4,45,517,40,1,0.66,7.41,85.17,6.59,0.16
Gandaki,Tanahu,Ghiring,NP04,NP0440,NP0440402,3,656,624,27,3,2,574,72,8,1,1,555,98,2,1,0,0,0,0,519,41,10,1,85,0,0,0,541,7,4,1,102,1,251,348,0,39,10,7,1,0,0,579,76,1,0,0,0,0,645,8,2,0,1,13,483,155,0,5,30,626,64,174,3,539,440,38,26,7,79,15,35,30,0,0,210,306,91,33,16,32.01,46.65,13.87,5.03,2.44,31,89,523,11,2,4.73,13.57,79.73,1.68,0.3
Gandaki,Tanahu,Ghiring,NP04,NP0440,NP0440402,4,833,816,13,1,3,663,104,18,48,0,640,126,6,54,4,2,0,1,657,36,35,2,103,0,0,0,695,13,1,3,116,5,212,437,0,17,84,83,0,0,0,689,136,3,1,4,0,0,750,63,16,2,2,23,167,593,9,41,49,784,286,138,8,659,578,16,21,1,59,10,110,12,0,0,440,254,117,18,4,52.82,30.49,14.05,2.16,0.48,8,113,622,88,2,0.96,13.57,74.67,10.56,0.24
Gandaki,Tanahu,Ghiring,NP04,NP0440,NP0440402,5,663,648,10,2,3,576,42,36,8,1,570,84,5,1,0,3,0,0,533,37,15,0,78,0,0,0,532,2,1,1,126,1,274,261,0,10,13,105,0,0,0,474,178,8,0,3,0,0,661,0,1,0,1,41,500,113,2,7,23,640,183,251,12,433,480,28,27,4,73,4,40,46,0,0,179,318,110,40,16,27,47.96,16.59,6.03,2.41,43,130,463,26,1,6.49,19.61,69.83,3.92,0.15
Gandaki,Tanahu,Rhishing,NP04,NP0440,NP0440403,1,986,876,92,9,9,559,198,227,2,0,493,491,2,0,0,0,0,0,662,272,5,0,47,0,0,0,476,25,4,2,477,2,62,904,0,0,2,18,0,0,0,505,478,3,0,0,0,0,960,23,1,0,2,51,618,314,0,3,19,967,255,430,8,826,810,88,421,8,190,33,502,168,2,0,191,250,141,281,123,19.37,25.35,14.3,28.5,12.47,292,244,446,4,0,29.61,24.75,45.23,0.41,0
Gandaki,Tanahu,Rhishing,NP04,NP0440,NP0440403,2,382,348,14,0,20,378,4,0,0,0,374,7,1,0,0,0,0,0,112,1,4,0,265,0,0,0,368,2,0,1,11,0,290,50,0,16,25,1,0,0,0,358,22,2,0,0,0,0,360,12,0,0,10,3,249,128,0,2,32,350,36,60,0,204,270,7,4,1,18,1,4,12,0,0,185,171,23,3,0,48.43,44.76,6.02,0.79,0,1,13,353,15,0,0.26,3.4,92.41,3.93,0
Gandaki,Tanahu,Rhishing,NP04,NP0440,NP0440403,3,485,480,3,0,2,483,1,0,1,0,473,3,8,0,0,0,0,1,269,0,9,0,207,0,0,0,470,3,0,0,12,0,196,285,0,0,1,0,3,0,0,478,7,0,0,0,0,0,367,113,2,0,3,122,200,157,1,5,19,466,290,28,0,462,219,5,1,2,21,0,1,6,0,0,344,132,9,0,0,70.93,27.22,1.86,0,0,0,13,461,10,1,0,2.68,95.05,2.06,0.21
Gandaki,Tanahu,Rhishing,NP04,NP0440,NP0440403,4,557,543,12,1,1,525,29,1,2,0,494,53,7,1,2,0,0,0,245,7,13,0,291,0,0,1,476,10,1,1,68,1,182,224,0,4,129,1,17,0,0,521,31,1,0,4,0,0,532,19,2,0,4,23,49,481,1,3,49,508,116,124,4,432,219,13,91,6,47,1,45,35,0,1,335,146,62,14,0,60.14,26.21,11.13,2.51,0,0,43,425,87,2,0,7.72,76.3,15.62,0.36
Gandaki,Tanahu,Rhishing,NP04,NP0440,NP0440403,5,702,682,13,0,7,587,74,4,36,1,588,79,10,21,0,3,0,1,404,16,36,6,239,0,0,1,556,3,2,0,139,2,20,543,0,1,102,36,0,0,0,608,90,0,0,4,0,0,677,10,6,0,9,14,63,619,2,4,23,679,264,252,3,645,582,9,19,7,120,21,101,27,0,0,332,237,107,24,2,47.29,33.76,15.24,3.42,0.28,7,82,533,73,7,1,11.68,75.93,10.4,1
Gandaki,Tanahu,Rhishing,NP04,NP0440,NP0440403,6,599,581,16,0,2,577,18,0,3,1,571,23,3,1,0,1,0,0,318,3,11,0,266,0,0,1,543,2,0,1,52,1,64,309,0,205,6,15,0,0,0,556,42,0,0,0,0,1,591,3,2,2,1,13,0,579,1,6,30,569,220,155,1,512,399,15,97,2,37,1,19,25,0,0,332,219,42,6,0,55.43,36.56,7.01,1,0,0,21,457,121,0,0,3.51,76.29,20.2,0
Gandaki,Tanahu,Rhishing,NP04,NP0440,NP0440403,7,500,480,13,1,6,464,26,4,5,1,466,28,0,4,1,0,0,1,279,10,24,2,184,0,0,1,426,17,1,3,48,5,42,334,0,71,51,2,0,0,0,429,67,3,0,0,1,0,481,8,6,2,3,10,9,472,6,3,39,461,184,148,5,400,248,16,11,0,38,0,7,14,0,0,307,140,40,11,2,61.4,28,8,2.2,0.4,4,38,369,87,2,0.8,7.6,73.8,17.4,0.4
Gandaki,Tanahu,Rhishing,NP04,NP0440,NP0440403,8,458,424,34,0,0,399,57,1,1,0,399,56,3,0,0,0,0,0,317,41,27,1,72,0,0,0,369,6,4,1,78,0,336,112,0,1,8,1,0,0,0,380,76,0,0,2,0,0,452,5,1,0,0,35,24,397,0,2,19,439,42,206,6,345,235,21,73,5,58,4,23,8,0,0,229,140,51,34,4,50,30.57,11.14,7.42,0.87,5,70,357,26,0,1.09,15.28,77.95,5.68,0
Gandaki,Tanahu,Devghat,NP04,NP0440,NP0440406,1,554,549,4,0,1,155,164,22,212,1,133,170,247,1,0,3,0,0,476,26,46,1,5,0,0,0,345,5,3,2,199,0,199,351,0,0,1,3,0,0,0,374,179,1,0,0,0,0,441,108,1,0,4,8,207,329,4,6,38,516,77,169,10,463,408,10,132,6,30,7,226,37,0,0,217,114,120,79,24,39.17,20.58,21.66,14.26,4.33,69,149,284,52,0,12.45,26.9,51.26,9.39,0
Gandaki,Tanahu,Devghat,NP04,NP0440,NP0440406,2,561,555,4,1,1,507,23,2,28,1,500,24,35,2,0,0,0,0,273,4,59,0,224,1,0,0,522,3,3,0,30,3,13,440,0,2,12,93,0,1,0,514,46,0,0,0,1,0,172,370,7,0,12,1,2,543,0,15,49,512,99,20,2,458,356,8,1,0,46,7,1,0,0,0,453,81,24,3,0,80.75,14.44,4.28,0.53,0,0,20,389,150,2,0,3.57,69.34,26.74,0.36
Gandaki,Tanahu,Devghat,NP04,NP0440,NP0440406,3,332,329,3,0,0,298,26,1,4,3,280,35,12,2,0,2,0,1,218,6,56,0,51,1,0,0,280,7,0,0,45,0,59,255,0,0,0,17,1,0,0,313,19,0,0,0,0,0,70,248,5,0,9,3,136,192,0,1,11,321,66,15,0,300,188,2,78,2,22,3,1,0,0,0,197,92,34,8,1,59.34,27.71,10.24,2.41,0.3,3,36,222,69,2,0.9,10.84,66.87,20.78,0.6
Gandaki,Tanahu,Devghat,NP04,NP0440,NP0440406,4,369,360,6,2,1,306,37,8,18,0,292,35,33,3,0,3,0,3,296,6,52,2,13,0,0,0,282,14,1,3,67,2,10,300,0,0,0,48,10,0,1,321,47,1,0,0,0,0,130,235,1,1,2,2,136,218,1,12,28,341,55,47,7,312,137,2,60,1,10,2,10,0,0,0,225,83,49,9,3,60.98,22.49,13.28,2.44,0.81,6,40,244,77,2,1.63,10.84,66.12,20.87,0.54
Gandaki,Tanahu,Devghat,NP04,NP0440,NP0440406,5,1854,1509,165,149,31,299,1056,397,93,9,120,1457,216,5,36,17,0,3,1305,519,18,1,5,2,0,4,254,14,14,26,1529,17,1109,600,0,13,23,85,5,1,18,509,1333,2,0,9,0,1,1770,52,14,2,16,12,1580,216,6,40,70,1784,612,979,50,1394,1379,197,808,52,557,421,1463,777,51,8,105,118,532,574,525,5.66,6.36,28.69,30.96,28.32,935,642,244,32,1,50.43,34.63,13.16,1.73,0.05
Gandaki,Tanahu,Bandipur,NP04,NP0440,NP0440404,1,1271,1002,258,4,7,412,485,366,7,1,364,883,13,1,2,5,0,3,584,564,2,0,120,1,0,0,253,15,4,45,940,14,563,552,0,37,13,77,26,1,2,311,948,1,0,10,0,1,1255,9,5,0,2,11,958,284,8,10,22,1249,297,830,116,848,1088,244,715,83,360,78,942,643,78,21,51,141,258,406,415,4.01,11.09,20.3,31.94,32.65,547,465,240,18,1,43.04,36.59,18.88,1.42,0.08
Gandaki,Tanahu,Bandipur,NP04,NP0440,NP0440404,2,873,767,89,7,10,536,196,132,6,3,531,332,2,5,0,2,0,1,549,195,15,1,113,0,0,0,374,3,1,0,492,3,717,36,0,2,92,26,0,0,0,469,402,0,0,2,0,0,853,9,5,0,6,4,690,152,1,26,28,845,147,496,30,643,629,73,361,28,123,17,300,217,26,1,171,206,176,173,147,19.59,23.6,20.16,19.82,16.84,243,231,368,29,2,27.84,26.46,42.15,3.32,0.23
Gandaki,Tanahu,Bandipur,NP04,NP0440,NP0440404,3,598,564,21,2,11,504,76,11,7,0,496,92,6,3,1,0,0,0,418,13,18,2,147,0,0,0,371,4,2,5,213,3,267,306,0,3,8,13,0,0,1,510,82,0,0,6,0,0,591,2,2,2,1,16,519,58,1,4,28,570,129,271,2,459,292,21,47,6,54,3,195,63,0,0,128,272,159,36,3,21.4,45.48,26.59,6.02,0.5,17,207,361,13,0,2.84,34.62,60.37,2.17,0
Gandaki,Tanahu,Bandipur,NP04,NP0440,NP0440404,4,1127,714,359,27,27,468,224,425,8,2,396,702,10,6,1,4,0,8,476,457,4,1,188,1,0,0,312,3,4,21,784,3,568,492,0,0,3,62,0,0,2,255,862,3,0,7,0,0,1113,5,4,0,5,18,975,118,0,16,24,1103,115,726,150,661,977,214,597,60,284,34,552,503,48,3,55,147,235,327,363,4.88,13.04,20.85,29.02,32.21,526,320,265,16,0,46.67,28.39,23.51,1.42,0
Gandaki,Tanahu,Bandipur,NP04,NP0440,NP0440404,5,748,669,60,1,18,442,179,113,13,1,439,293,11,0,0,4,0,1,494,143,6,2,102,1,0,0,312,7,4,9,411,5,189,493,0,2,5,54,4,0,1,385,338,1,0,23,1,0,734,8,3,0,3,20,504,195,10,19,30,718,164,422,9,535,461,62,195,17,144,22,299,193,1,0,149,190,168,119,122,19.92,25.4,22.46,15.91,16.31,180,235,301,32,0,24.06,31.42,40.24,4.28,0
Gandaki,Tanahu,Bandipur,NP04,NP0440,NP0440404,6,591,559,20,4,8,453,85,28,24,1,433,121,28,4,1,3,0,1,420,39,18,2,109,3,0,0,369,9,8,3,202,0,110,361,0,7,24,44,45,0,0,516,74,1,0,0,0,0,579,11,0,0,1,8,433,120,0,30,34,557,98,218,2,470,310,10,30,9,56,2,64,37,0,0,219,199,127,38,8,37.06,33.67,21.49,6.43,1.35,25,155,359,52,0,4.23,26.23,60.74,8.8,0
Gandaki,Tanahu,Aanbu Khaireni,NP04,NP0440,NP0440405,1,1022,853,158,10,1,362,334,316,10,0,264,735,4,11,0,7,0,1,532,396,4,0,89,1,0,0,241,10,1,39,728,3,454,481,0,0,1,58,1,26,1,312,707,0,0,3,0,0,1019,3,0,0,0,8,916,64,1,33,13,1009,165,690,55,764,843,162,510,33,226,33,664,320,26,3,50,143,216,335,278,4.89,13.99,21.14,32.78,27.2,504,318,185,15,0,49.32,31.12,18.1,1.47,0
Gandaki,Tanahu,Aanbu Khaireni,NP04,NP0440,NP0440405,2,1088,888,132,62,6,291,433,356,6,2,301,768,9,0,1,5,4,0,670,381,3,0,34,0,0,0,191,6,2,17,855,17,473,583,0,2,2,23,4,0,1,290,765,27,0,6,0,0,1077,6,3,0,2,13,918,138,4,15,22,1066,188,705,23,610,917,115,674,35,277,59,838,498,24,5,63,101,191,374,359,5.79,9.28,17.56,34.38,33,570,338,165,15,0,52.39,31.07,15.17,1.38,0
Gandaki,Tanahu,Aanbu Khaireni,NP04,NP0440,NP0440405,3,2784,1389,1360,26,9,192,855,1708,10,19,177,2561,12,1,0,7,0,26,583,2153,18,5,24,0,0,1,146,20,12,118,2473,15,1991,748,0,1,4,38,0,1,1,172,2607,3,0,0,0,2,2755,25,1,0,3,26,2603,131,3,21,35,2749,484,1827,382,1615,2500,658,2165,166,770,346,2408,1568,185,40,46,78,193,1084,1383,1.65,2.8,6.93,38.94,49.68,2360,282,131,11,0,84.77,10.13,4.71,0.4,0
Gandaki,Tanahu,Aanbu Khaireni,NP04,NP0440,NP0440405,4,474,451,21,0,2,397,59,17,0,1,374,92,3,0,3,1,0,1,407,30,11,0,26,0,0,0,326,10,9,4,125,0,96,370,0,0,1,1,1,2,3,353,121,0,0,0,0,0,458,10,4,0,2,9,404,44,3,14,31,443,98,168,7,338,311,30,270,9,32,6,82,39,2,0,112,146,149,42,25,23.63,30.8,31.43,8.86,5.27,39,129,301,5,0,8.23,27.22,63.5,1.05,0
Gandaki,Tanahu,Aanbu Khaireni,NP04,NP0440,NP0440405,5,354,344,9,1,0,303,35,4,11,1,281,46,23,1,0,3,0,0,256,17,58,0,23,0,0,0,275,19,3,0,57,0,7,338,0,0,1,0,8,0,0,316,38,0,0,0,0,0,336,14,1,0,3,5,61,279,0,9,32,322,198,56,2,287,90,0,83,1,5,1,28,17,0,0,216,77,50,11,0,61.02,21.75,14.12,3.11,0,6,52,231,65,0,1.69,14.69,65.25,18.36,0
Gandaki,Tanahu,Aanbu Khaireni,NP04,NP0440,NP0440405,6,414,405,4,0,5,362,35,0,16,1,355,39,14,6,0,0,0,0,265,12,61,0,76,0,0,0,334,3,5,2,70,0,4,379,0,1,2,1,27,0,0,387,26,0,0,1,0,0,379,22,10,0,3,3,367,16,1,27,22,392,159,110,3,365,233,8,201,4,16,3,40,12,2,0,141,155,96,19,3,34.06,37.44,23.19,4.59,0.72,3,75,297,33,6,0.72,18.12,71.74,7.97,1.45
Gandaki,Nawalparasi East,Gaidakot,NP04,NP0447,NP0447304,1,2456,1791,629,17,19,116,1181,1119,37,3,71,2290,31,19,18,25,0,2,758,1658,11,9,14,6,0,0,98,18,49,166,2104,21,2147,280,2,3,8,9,0,1,6,204,2233,5,1,13,0,0,2451,2,0,0,3,24,2101,312,1,18,22,2434,861,1781,255,1770,2149,831,1888,113,1132,1143,2270,1572,408,78,14,50,210,779,1403,0.57,2.04,8.55,31.72,57.13,1964,385,94,12,1,79.97,15.68,3.83,0.49,0.04
Gandaki,Nawalparasi East,Gaidakot,NP04,NP0447,NP0447304,2,2483,1284,1172,18,9,70,721,1674,9,9,65,2360,16,0,8,21,1,12,521,1952,5,3,1,1,0,0,50,18,26,195,2185,9,2058,382,21,1,8,8,2,0,3,84,2394,5,0,0,0,0,2466,10,4,0,3,22,1902,540,7,12,26,2457,705,1592,304,1562,2283,961,1834,155,1150,1096,2230,1504,425,84,17,36,214,821,1395,0.68,1.45,8.62,33.06,56.18,2055,351,67,10,0,82.76,14.14,2.7,0.4,0
Gandaki,Nawalparasi East,Gaidakot,NP04,NP0447,NP0447304,3,702,685,11,2,4,63,169,21,445,4,50,196,434,10,4,6,0,2,655,35,5,5,1,1,0,0,445,3,1,1,252,0,38,647,1,1,2,1,0,12,0,579,122,0,0,1,0,0,681,16,2,0,3,7,253,411,1,30,51,651,172,267,14,558,493,31,89,8,179,116,401,142,8,2,271,162,140,70,59,38.6,23.08,19.94,9.97,8.4,73,141,468,20,0,10.4,20.09,66.67,2.85,0
Gandaki,Nawalparasi East,Gaidakot,NP04,NP0447,NP0447304,4,1516,1105,392,13,6,66,1018,423,5,4,26,1434,9,5,4,2,0,36,521,989,3,0,2,1,0,0,28,8,20,146,1302,12,1245,259,2,0,2,6,0,0,2,90,1418,6,0,2,0,0,1514,1,0,1,0,25,1333,155,2,1,20,1496,572,1114,102,951,1417,478,1164,122,702,754,1420,1109,284,39,3,16,115,435,947,0.2,1.06,7.59,28.69,62.47,1240,221,54,1,0,81.79,14.58,3.56,0.07,0
Gandaki,Nawalparasi East,Gaidakot,NP04,NP0447,NP0447304,5,1991,1460,514,9,8,50,579,1358,2,2,21,1961,4,0,1,2,0,2,394,1586,6,1,3,1,0,0,13,7,11,205,1750,5,1629,343,0,12,0,5,0,2,0,36,1942,8,0,5,0,0,1986,5,0,0,0,18,1884,86,1,2,9,1982,1340,1594,201,1311,1740,708,1569,173,1044,1059,1737,1456,449,113,0,6,94,526,1365,0,0.3,4.72,26.42,68.56,1843,137,11,0,0,92.57,6.88,0.55,0,0
Gandaki,Nawalparasi East,Gaidakot,NP04,NP0447,NP0447304,6,908,777,92,29,10,14,596,296,1,1,5,897,4,0,1,1,0,0,606,296,4,0,1,1,0,0,22,4,5,35,833,9,568,275,24,19,11,0,0,0,11,89,811,3,0,4,0,1,904,3,0,0,1,3,696,201,0,8,7,901,596,601,29,724,813,189,626,39,381,698,809,536,71,10,2,13,139,285,469,0.22,1.43,15.31,31.39,51.65,644,242,20,2,0,70.93,26.65,2.2,0.22,0
Gandaki,Nawalparasi East,Gaidakot,NP04,NP0447,NP0447304,7,847,722,111,12,2,47,571,220,9,0,41,792,5,2,0,3,3,1,589,251,3,1,1,2,0,0,46,11,3,14,772,1,741,10,87,4,2,2,1,0,0,102,739,0,0,6,0,0,847,0,0,0,0,3,761,82,0,1,8,839,529,597,21,660,770,167,516,20,296,647,778,479,42,4,8,26,96,336,381,0.94,3.07,11.33,39.67,44.98,588,231,25,3,0,69.42,27.27,2.95,0.35,0
Gandaki,Nawalparasi East,Gaidakot,NP04,NP0447,NP0447304,8,1170,804,310,17,39,35,577,555,3,0,24,1140,2,0,1,2,0,1,499,659,0,5,3,4,0,0,23,7,4,83,1047,6,933,103,6,115,8,2,0,0,3,97,1063,2,0,8,0,0,1168,2,0,0,0,2,916,250,0,2,0,1170,607,817,107,670,1092,367,976,58,545,774,1121,793,218,51,4,5,88,390,683,0.34,0.43,7.52,33.33,58.38,841,308,21,0,0,71.88,26.32,1.79,0,0
Gandaki,Nawalparasi East,Gaidakot,NP04,NP0447,NP0447304,9,565,436,110,11,8,31,357,154,22,1,36,507,10,12,0,0,0,0,377,188,0,0,0,0,0,0,50,15,3,59,433,5,475,3,77,7,2,0,0,0,1,91,474,0,0,0,0,0,564,0,0,0,1,7,454,103,0,1,20,545,112,331,18,325,391,63,303,25,200,258,497,337,41,14,11,22,116,204,212,1.95,3.89,20.53,36.11,37.52,347,182,32,4,0,61.42,32.21,5.66,0.71,0
Gandaki,Nawalparasi East,Gaidakot,NP04,NP0447,NP0447304,10,1139,859,260,15,5,126,693,308,11,1,78,1046,12,0,0,0,0,3,680,447,5,5,0,1,0,1,60,13,8,70,973,15,1014,92,26,1,2,1,0,0,3,86,1036,0,0,17,0,0,1134,1,1,0,3,3,699,428,3,6,12,1127,287,769,44,718,1047,238,870,38,442,859,1044,728,179,8,6,30,156,401,546,0.53,2.63,13.7,35.21,47.94,644,444,50,1,0,56.54,38.98,4.39,0.09,0
Gandaki,Nawalparasi East,Gaidakot,NP04,NP0447,NP0447304,11,1121,852,249,18,2,109,758,243,10,1,77,1036,7,0,0,1,0,0,539,563,1,17,1,0,0,0,34,8,5,31,1037,6,1015,95,3,1,6,0,0,0,1,123,936,8,0,53,0,1,1117,1,1,0,2,15,543,560,0,3,12,1109,486,738,49,551,1038,264,931,65,402,830,1049,674,133,20,3,28,156,420,514,0.27,2.5,13.92,37.47,45.85,579,503,39,0,0,51.65,44.87,3.48,0,0
Gandaki,Nawalparasi East,Gaidakot,NP04,NP0447,NP0447304,12,973,857,97,9,10,112,635,199,23,4,109,829,16,11,1,4,0,3,659,287,4,18,4,1,0,0,85,6,3,50,827,2,697,86,127,31,19,1,0,0,12,254,695,2,0,21,0,1,967,1,1,0,4,1,629,312,19,12,4,969,532,662,22,574,892,191,826,25,322,788,919,534,70,14,24,33,156,368,392,2.47,3.39,16.03,37.82,40.29,368,518,80,4,3,37.82,53.24,8.22,0.41,0.31
Gandaki,Nawalparasi East,Gaidakot,NP04,NP0447,NP0447304,13,1016,831,122,59,4,96,743,167,3,7,60,940,2,2,2,2,0,8,618,383,2,7,2,1,0,3,37,11,13,6,940,9,779,113,38,34,15,0,0,0,37,81,911,3,0,21,0,0,999,15,1,0,1,3,645,362,2,4,6,1010,598,702,33,829,625,183,521,21,260,482,603,430,64,10,10,29,228,414,335,0.98,2.85,22.44,40.75,32.97,559,411,38,7,1,55.02,40.45,3.74,0.69,0.1
Gandaki,Nawalparasi East,Gaidakot,NP04,NP0447,NP0447304,14,1074,949,116,9,0,210,644,206,14,0,111,928,17,3,13,1,0,1,820,242,3,2,7,0,0,0,151,6,7,32,873,5,688,307,7,10,36,22,3,0,1,455,613,1,0,5,0,0,1068,5,1,0,0,7,340,725,0,2,20,1054,551,703,12,704,958,147,756,14,331,555,940,445,45,1,35,68,276,418,277,3.26,6.33,25.7,38.92,25.79,250,663,155,6,0,23.28,61.73,14.43,0.56,0
Gandaki,Nawalparasi East,Gaidakot,NP04,NP0447,NP0447304,15,785,541,186,5,53,68,531,181,4,1,50,724,9,0,0,0,0,2,442,338,1,1,0,2,0,1,31,21,21,78,633,1,653,128,1,0,2,0,0,0,1,125,635,2,0,21,1,1,779,5,0,0,1,27,712,41,0,5,16,769,549,528,63,606,733,194,657,42,263,457,667,482,102,7,4,16,93,265,407,0.51,2.04,11.85,33.76,51.85,555,213,14,2,1,70.7,27.13,1.78,0.25,0.13
Gandaki,Nawalparasi East,Gaidakot,NP04,NP0447,NP0447304,16,657,518,132,2,5,24,295,337,0,1,22,632,1,1,1,0,0,0,280,375,0,1,1,0,0,0,13,2,3,68,571,0,583,47,5,21,0,0,1,0,0,18,631,1,0,7,0,0,657,0,0,0,0,1,629,27,0,0,2,655,362,514,31,537,509,191,586,39,288,455,636,517,137,17,2,3,28,181,443,0.3,0.46,4.26,27.55,67.43,573,76,8,0,0,87.21,11.57,1.22,0,0
Gandaki,Nawalparasi East,Gaidakot,NP04,NP0447,NP0447304,17,446,386,56,4,0,16,356,70,4,0,13,429,3,0,0,1,0,0,321,119,5,1,0,0,0,0,22,4,8,23,388,1,222,203,3,2,15,0,1,0,0,30,416,0,0,0,0,0,445,1,0,0,0,0,62,375,0,9,4,442,78,259,11,362,322,58,309,12,129,314,423,340,34,2,4,12,84,199,147,0.9,2.69,18.83,44.62,32.96,76,346,20,4,0,17.04,77.58,4.48,0.9,0
Gandaki,Nawalparasi East,Gaidakot,NP04,NP0447,NP0447304,18,342,332,2,1,7,272,31,10,29,0,258,50,32,0,0,2,0,0,316,6,1,1,18,0,0,0,279,2,0,0,61,0,107,220,0,2,12,0,1,0,0,328,14,0,0,0,0,0,93,240,1,0,8,5,262,72,0,3,16,326,145,15,0,278,126,3,93,2,45,1,16,8,0,0,176,95,58,11,2,51.46,27.78,16.96,3.22,0.58,2,64,265,10,1,0.58,18.71,77.49,2.92,0.29
Gandaki,Nawalparasi East,Bulingtar,NP04,NP0447,NP0447402,1,477,467,7,0,3,421,47,5,4,0,406,68,2,0,0,1,0,0,364,9,27,1,76,0,0,0,364,11,0,3,98,1,94,356,0,0,9,0,18,0,0,451,26,0,0,0,0,0,250,225,1,0,1,7,436,10,9,15,20,457,331,29,2,409,380,6,110,6,44,14,29,2,0,0,118,253,87,17,2,24.74,53.04,18.24,3.56,0.42,8,93,348,28,0,1.68,19.5,72.96,5.87,0
Gandaki,Nawalparasi East,Bulingtar,NP04,NP0447,NP0447402,2,401,391,4,5,1,363,35,3,0,0,364,36,1,0,0,0,0,0,342,8,7,3,41,0,0,0,334,16,6,1,44,0,148,248,0,0,0,2,2,0,1,368,33,0,0,0,0,0,378,22,0,0,1,41,4,352,2,2,31,370,90,55,2,354,215,5,2,0,42,2,3,1,0,0,256,101,41,3,0,63.84,25.19,10.22,0.75,0,0,43,348,10,0,0,10.72,86.78,2.49,0
Gandaki,Nawalparasi East,Bulingtar,NP04,NP0447,NP0447402,3,818,786,26,4,2,486,216,65,51,0,478,292,0,47,0,1,0,0,629,133,15,14,25,2,0,0,524,9,6,2,274,3,18,556,2,6,19,212,0,0,5,654,128,2,0,34,0,0,710,102,3,0,3,3,279,532,1,3,49,769,341,87,7,672,552,10,244,4,91,23,36,4,0,0,293,230,203,86,6,35.82,28.12,24.82,10.51,0.73,52,224,392,150,0,6.36,27.38,47.92,18.34,0
Gandaki,Nawalparasi East,Bulingtar,NP04,NP0447,NP0447402,4,710,690,15,0,5,638,54,16,1,1,631,76,0,1,0,2,0,0,683,24,3,0,0,0,0,0,591,5,0,1,113,0,488,204,0,0,1,16,1,0,0,678,32,0,0,0,0,0,704,3,0,0,3,136,356,210,0,8,46,664,301,121,3,545,534,20,233,1,95,6,98,13,0,0,245,302,127,32,4,34.51,42.54,17.89,4.51,0.56,15,113,578,3,1,2.11,15.92,81.41,0.42,0.14
Gandaki,Nawalparasi East,Bulingtar,NP04,NP0447,NP0447402,5,411,397,11,0,3,391,11,8,1,0,393,16,1,0,0,1,0,0,376,8,26,1,0,0,0,0,368,6,2,1,34,0,35,375,0,0,0,0,0,0,1,388,23,0,0,0,0,0,389,22,0,0,0,4,9,393,0,5,26,385,55,17,0,281,236,5,6,1,40,0,1,0,0,0,318,69,22,2,0,77.37,16.79,5.35,0.49,0,4,19,362,26,0,0.97,4.62,88.08,6.33,0
Gandaki,Nawalparasi East,Bulingtar,NP04,NP0447,NP0447402,6,585,573,6,1,5,486,75,15,9,0,475,100,6,3,0,1,0,0,510,27,44,2,2,0,0,0,465,5,2,2,109,2,387,82,0,17,38,58,3,0,0,527,54,2,0,2,0,0,565,17,1,0,2,35,372,171,1,6,27,558,78,53,1,498,460,8,6,4,64,7,61,5,0,0,211,260,79,30,5,36.07,44.44,13.5,5.13,0.85,31,93,389,71,1,5.3,15.9,66.5,12.14,0.17
Gandaki,Nawalparasi East,Baudikali,NP04,NP0447,NP0447401,1,409,401,7,0,1,368,38,2,1,0,352,49,7,1,0,0,0,0,337,6,66,0,0,0,0,0,354,3,37,1,12,2,144,201,0,0,0,61,3,0,0,362,47,0,0,0,0,0,408,1,0,0,0,171,223,10,2,3,30,379,179,71,2,353,153,12,104,2,59,11,67,17,1,0,218,102,58,24,7,53.3,24.94,14.18,5.87,1.71,16,58,309,26,0,3.91,14.18,75.55,6.36,0
Gandaki,Nawalparasi East,Baudikali,NP04,NP0447,NP0447401,2,881,834,37,1,9,533,183,121,41,3,499,348,4,29,1,0,0,0,572,225,68,2,14,0,0,0,489,12,7,6,356,11,636,92,1,4,9,136,0,0,3,438,394,3,1,44,1,0,847,26,6,0,2,12,759,77,2,31,25,856,315,317,6,544,683,50,290,4,191,93,526,123,6,1,159,221,249,196,56,18.05,25.09,28.26,22.25,6.36,182,309,339,46,5,20.66,35.07,38.48,5.22,0.57
Gandaki,Nawalparasi East,Baudikali,NP04,NP0447,NP0447401,3,415,407,7,0,1,383,13,16,3,0,385,26,2,1,1,0,0,0,303,17,63,0,32,0,0,0,380,1,1,1,31,1,66,344,1,0,0,4,0,0,0,392,18,0,0,5,0,0,119,289,5,0,2,1,233,169,6,6,21,394,137,50,0,376,183,6,27,3,88,9,14,4,0,0,217,156,31,8,3,52.29,37.59,7.47,1.93,0.72,5,31,318,59,2,1.2,7.47,76.63,14.22,0.48
Gandaki,Nawalparasi East,Baudikali,NP04,NP0447,NP0447401,4,486,478,4,1,3,452,30,1,2,1,455,26,2,1,0,2,0,0,420,3,58,1,4,0,0,0,445,6,2,2,31,0,310,167,0,1,3,5,0,0,0,443,36,0,1,6,0,0,276,196,8,0,6,14,455,4,1,12,46,440,160,53,3,354,339,9,116,4,49,10,7,6,0,0,149,257,70,7,3,30.66,52.88,14.4,1.44,0.62,4,60,406,16,0,0.82,12.35,83.54,3.29,0
Gandaki,Nawalparasi East,Baudikali,NP04,NP0447,NP0447401,5,239,160,3,0,76,229,8,1,0,1,223,15,0,0,0,1,0,0,211,6,14,1,7,0,0,0,215,3,0,0,21,0,2,237,0,0,0,0,0,0,0,228,10,1,0,0,0,0,81,145,0,0,13,0,234,3,0,2,13,226,107,41,2,173,185,4,58,3,27,3,0,0,0,0,61,139,35,4,0,25.52,58.16,14.64,1.67,0,1,27,203,8,0,0.42,11.3,84.94,3.35,0
Gandaki,Nawalparasi East,Baudikali,NP04,NP0447,NP0447401,6,483,473,9,1,0,467,16,0,0,0,453,30,0,0,0,0,0,0,463,9,11,0,0,0,0,0,449,8,0,0,26,0,170,265,1,0,1,46,0,0,0,456,26,0,0,0,1,0,165,317,0,0,1,8,286,189,0,0,29,454,32,16,0,313,370,2,127,2,48,2,6,1,0,0,224,196,57,6,0,46.38,40.58,11.8,1.24,0,1,39,400,43,0,0.21,8.07,82.82,8.9,0
Gandaki,Nawalparasi East,Hupsekot,NP04,NP0447,NP0447403,1,1253,1182,45,5,21,108,611,348,158,28,120,956,118,10,10,2,0,37,912,313,15,1,2,2,0,8,190,8,4,9,1030,12,1113,126,0,0,2,12,0,0,0,631,576,7,0,39,0,0,1237,3,2,0,11,22,1142,68,3,18,5,1248,1178,732,5,693,1124,112,1085,17,443,978,1153,395,11,5,31,84,335,486,317,2.47,6.7,26.74,38.79,25.3,450,585,198,19,1,35.91,46.69,15.8,1.52,0.08
Gandaki,Nawalparasi East,Hupsekot,NP04,NP0447,NP0447403,2,1087,1045,38,1,3,415,438,109,117,8,479,560,21,2,0,1,0,24,869,203,14,0,0,1,0,0,482,16,1,6,576,6,525,411,1,1,126,0,23,0,0,806,273,2,1,5,0,0,1061,16,4,0,6,5,653,388,2,39,36,1051,218,470,5,720,907,74,238,8,232,393,766,261,3,0,210,245,284,235,113,19.32,22.54,26.13,21.62,10.4,169,408,429,79,2,15.55,37.53,39.47,7.27,0.18
Gandaki,Nawalparasi East,Hupsekot,NP04,NP0447,NP0447403,3,1341,1246,89,1,5,228,693,291,122,7,269,1001,51,1,1,1,0,17,873,450,12,1,2,0,0,3,292,8,6,14,1011,10,889,407,1,0,1,38,0,0,5,584,720,5,1,31,0,0,1335,3,1,0,2,23,1076,226,10,6,17,1324,473,751,25,841,1174,189,810,34,466,1008,1188,468,21,3,63,125,349,450,354,4.7,9.32,26.03,33.56,26.4,500,604,224,12,1,37.29,45.04,16.7,0.89,0.07
Gandaki,Nawalparasi East,Hupsekot,NP04,NP0447,NP0447403,4,1480,1330,117,9,24,573,685,140,77,5,509,900,52,7,3,8,0,1,1115,358,6,1,0,0,0,0,555,15,13,20,871,6,1068,400,0,0,1,10,0,0,1,864,607,3,0,6,0,0,1165,308,5,1,1,13,1433,18,5,11,67,1413,456,527,17,1049,1041,75,772,10,382,438,757,222,7,0,107,338,455,406,174,7.23,22.84,30.74,27.43,11.76,495,486,490,7,2,33.45,32.84,33.11,0.47,0.14
Gandaki,Nawalparasi East,Hupsekot,NP04,NP0447,NP0447403,5,386,380,3,3,0,340,34,7,5,0,343,38,4,0,1,0,0,0,380,3,3,0,0,0,0,0,352,5,0,0,28,1,159,208,0,0,14,0,5,0,0,378,8,0,0,0,0,0,145,234,3,0,4,2,247,107,2,28,58,328,323,1,1,224,245,0,0,0,7,0,0,1,0,0,201,151,33,1,0,52.07,39.12,8.55,0.26,0,0,32,347,7,0,0,8.29,89.9,1.81,0
Gandaki,Nawalparasi East,Hupsekot,NP04,NP0447,NP0447403,6,632,619,8,1,4,572,24,5,31,0,597,31,0,1,0,1,0,2,588,5,37,2,0,0,0,0,604,2,2,3,20,1,288,336,0,5,2,0,1,0,0,613,16,0,1,2,0,0,116,496,10,0,10,8,406,151,0,67,75,557,145,14,0,482,425,4,0,0,35,4,3,0,0,0,336,264,27,5,0,53.16,41.77,4.27,0.79,0,3,33,553,41,2,0.47,5.22,87.5,6.49,0.32
Gandaki,Nawalparasi East,Devchuli,NP04,NP0447,NP0447303,1,946,765,165,5,11,95,751,75,21,4,62,849,1,20,0,0,0,14,585,333,23,4,1,0,0,0,59,7,19,25,833,3,729,33,119,26,33,0,0,0,6,106,817,3,1,18,0,1,941,3,0,0,2,5,808,119,6,8,13,933,296,602,9,570,838,161,596,15,283,594,857,526,56,8,18,28,140,379,381,1.9,2.96,14.8,40.06,40.27,549,336,45,15,1,58.03,35.52,4.76,1.59,0.11
Gandaki,Nawalparasi East,Devchuli,NP04,NP0447,NP0447303,2,702,487,192,22,1,121,307,250,23,1,112,564,1,22,0,0,0,3,369,324,0,5,0,4,0,0,80,3,7,37,573,2,553,7,77,43,22,0,0,0,0,107,586,2,0,7,0,0,680,0,15,0,7,5,395,291,0,11,24,678,247,481,30,446,608,165,494,31,256,391,608,424,72,16,45,31,79,247,300,6.41,4.42,11.25,35.19,42.74,397,209,67,29,0,56.55,29.77,9.54,4.13,0
Gandaki,Nawalparasi East,Devchuli,NP04,NP0447,NP0447303,3,508,370,131,6,1,52,330,126,0,0,13,495,0,0,0,0,0,0,341,163,0,3,0,1,0,0,4,1,2,69,431,1,464,42,0,1,1,0,0,0,0,17,482,0,0,9,0,0,508,0,0,0,0,1,312,192,3,0,1,507,104,354,20,310,477,144,397,19,209,324,493,364,38,5,1,5,48,176,278,0.2,0.98,9.45,34.65,54.72,281,225,2,0,0,55.31,44.29,0.39,0,0
Gandaki,Nawalparasi East,Devchuli,NP04,NP0447,NP0447303,4,806,775,25,1,5,379,410,17,0,0,302,500,2,2,0,0,0,0,701,101,2,0,2,0,0,0,168,5,3,9,617,4,428,36,16,157,86,80,3,0,0,254,538,1,3,9,1,0,772,33,0,0,1,41,647,110,0,8,9,797,367,514,4,564,694,183,318,40,181,404,573,210,4,0,35,91,259,286,135,4.34,11.29,32.13,35.48,16.75,154,501,144,7,0,19.11,62.16,17.87,0.87,0
Gandaki,Nawalparasi East,Devchuli,NP04,NP0447,NP0447303,5,529,504,25,0,0,163,319,47,0,0,125,403,1,0,0,0,0,0,431,93,2,2,1,0,0,0,123,5,2,21,374,4,496,14,0,0,5,1,12,0,1,196,331,0,0,2,0,0,443,85,0,0,1,5,359,155,0,10,15,514,133,275,3,338,435,48,296,5,136,254,392,210,8,2,61,46,105,170,147,11.53,8.7,19.85,32.14,27.79,251,163,102,13,0,47.45,30.81,19.28,2.46,0
Gandaki,Nawalparasi East,Devchuli,NP04,NP0447,NP0447303,6,393,381,8,1,3,213,163,1,15,1,129,243,7,3,0,9,0,2,333,56,4,0,0,0,0,0,136,8,1,6,241,1,135,130,0,0,3,121,4,0,0,283,109,1,0,0,0,0,318,71,0,0,4,0,198,190,0,5,6,387,219,121,1,316,182,16,177,10,62,20,161,66,1,0,87,92,119,60,35,22.14,23.41,30.28,15.27,8.91,38,149,167,36,3,9.67,37.91,42.49,9.16,0.76
Gandaki,Nawalparasi East,Devchuli,NP04,NP0447,NP0447303,7,585,516,52,0,17,167,267,146,5,0,130,453,2,0,0,0,0,0,435,145,3,0,2,0,0,0,120,2,108,0,354,1,568,15,0,1,1,0,0,0,0,207,377,0,0,0,0,1,583,2,0,0,0,1,557,27,0,0,4,581,172,344,3,515,536,84,528,8,195,93,548,257,8,1,7,35,137,214,192,1.2,5.98,23.42,36.58,32.82,225,292,68,0,0,38.46,49.91,11.62,0,0
Gandaki,Nawalparasi East,Devchuli,NP04,NP0447,NP0447303,8,369,342,27,0,0,44,207,116,1,1,46,321,1,0,0,1,0,0,247,119,1,1,0,1,0,0,47,0,5,19,298,0,284,85,0,0,0,0,0,0,0,82,286,1,0,0,0,0,366,3,0,0,0,8,359,1,0,1,1,368,318,267,2,321,357,18,318,6,143,80,333,161,3,0,0,13,60,146,150,0,3.52,16.26,39.57,40.65,252,96,21,0,0,68.29,26.02,5.69,0,0
Gandaki,Nawalparasi East,Devchuli,NP04,NP0447,NP0447303,9,919,792,113,1,13,116,454,283,64,2,146,753,11,4,0,4,0,1,622,292,4,0,1,0,0,0,136,4,8,9,757,5,869,44,0,1,2,2,1,0,0,183,721,1,1,13,0,0,917,1,1,0,0,5,871,35,1,7,11,908,314,520,5,521,848,100,786,9,285,372,837,400,16,4,14,43,160,384,318,1.52,4.68,17.41,41.78,34.6,565,293,58,2,1,61.48,31.88,6.31,0.22,0.11
Gandaki,Nawalparasi East,Devchuli,NP04,NP0447,NP0447303,10,949,745,192,11,1,76,664,206,3,0,57,887,1,2,1,1,0,0,443,498,3,1,2,1,0,1,41,3,7,101,796,1,742,205,2,0,0,0,0,0,0,52,896,0,0,1,0,0,947,2,0,0,0,3,635,311,0,0,14,935,516,688,36,603,901,212,737,33,402,657,874,643,100,11,2,18,89,348,492,0.21,1.9,9.38,36.67,51.84,590,336,23,0,0,62.17,35.41,2.42,0,0
Gandaki,Nawalparasi East,Devchuli,NP04,NP0447,NP0447303,11,969,789,174,1,5,57,780,121,1,10,40,911,2,0,7,0,0,9,569,391,2,3,3,0,0,1,39,9,6,19,892,4,925,42,0,0,1,0,0,0,1,110,836,0,0,23,0,0,965,3,0,0,1,4,839,122,0,4,5,964,330,641,22,465,909,191,726,43,403,424,937,614,99,15,5,22,84,373,485,0.52,2.27,8.67,38.49,50.05,699,232,35,2,1,72.14,23.94,3.61,0.21,0.1
Gandaki,Nawalparasi East,Devchuli,NP04,NP0447,NP0447303,12,668,609,55,0,4,210,364,90,4,0,55,606,2,4,0,1,0,0,491,170,3,1,3,0,0,0,75,4,2,21,566,0,468,194,0,1,5,0,0,0,0,179,486,0,0,3,0,0,666,1,1,0,0,343,323,2,0,0,1,667,335,484,11,480,622,119,495,33,252,254,632,406,32,3,4,28,115,236,285,0.6,4.19,17.22,35.33,42.66,437,194,37,0,0,65.42,29.04,5.54,0,0
Gandaki,Nawalparasi East,Devchuli,NP04,NP0447,NP0447303,13,968,634,311,10,13,39,690,234,5,0,19,941,1,4,3,0,0,0,430,529,4,0,1,1,0,3,25,15,51,26,849,2,913,46,3,2,4,0,0,0,0,53,906,0,0,9,0,0,962,3,2,0,1,22,728,204,8,6,18,950,326,602,32,527,895,268,648,75,419,457,892,601,142,33,7,8,115,343,495,0.72,0.83,11.88,35.43,51.14,677,270,18,3,0,69.94,27.89,1.86,0.31,0
Gandaki,Nawalparasi East,Devchuli,NP04,NP0447,NP0447303,14,1005,719,278,1,7,61,772,156,5,11,25,952,0,0,1,3,3,21,466,535,2,0,0,1,0,1,26,6,1,50,901,21,731,270,2,0,2,0,0,0,0,66,917,2,0,20,0,0,1000,5,0,0,0,8,724,270,1,2,12,993,424,657,47,444,933,232,721,48,362,596,945,649,98,20,2,17,103,415,468,0.2,1.69,10.25,41.29,46.57,643,327,34,1,0,63.98,32.54,3.38,0.1,0
Gandaki,Nawalparasi East,Devchuli,NP04,NP0447,NP0447303,15,921,757,158,0,6,143,546,213,19,0,78,836,2,5,0,0,0,0,485,408,8,0,1,13,0,6,63,17,9,35,792,5,849,29,26,13,3,0,0,0,1,90,815,0,1,14,1,0,918,2,1,0,0,194,636,83,0,8,19,902,579,750,57,679,833,234,788,63,384,629,862,610,127,21,4,24,111,249,533,0.43,2.61,12.05,27.04,57.87,657,233,26,5,0,71.34,25.3,2.82,0.54,0
Gandaki,Nawalparasi East,Devchuli,NP04,NP0447,NP0447303,16,1423,1196,209,10,8,228,755,350,82,8,252,1114,30,10,7,0,0,10,831,585,2,1,2,1,0,1,253,6,1,20,1142,1,1295,99,0,16,2,10,0,0,1,368,1053,1,0,1,0,0,1349,72,2,0,0,2,1072,344,0,5,30,1393,656,921,118,915,1277,252,885,71,453,573,1121,717,133,25,130,95,180,416,602,9.14,6.68,12.65,29.23,42.3,873,312,230,8,0,61.35,21.93,16.16,0.56,0
Gandaki,Nawalparasi East,Devchuli,NP04,NP0447,NP0447303,17,1833,1634,176,6,17,314,1324,179,14,2,186,1589,28,23,5,0,1,1,1223,565,41,2,1,0,0,1,167,7,17,29,1603,10,1348,333,11,76,18,44,0,0,3,341,1474,5,2,11,0,0,1820,10,3,0,0,14,1343,467,2,7,14,1819,1172,1251,47,1322,1645,278,1315,64,682,1247,1683,1006,156,25,42,80,293,664,754,2.29,4.36,15.98,36.22,41.13,905,782,119,27,0,49.37,42.66,6.49,1.47,0
Gandaki,Nawalparasi East,Kawasoti,NP04,NP0447,NP0447302,1,1637,1487,119,11,20,421,680,414,121,1,191,1334,83,15,8,5,0,1,1196,400,19,2,20,0,0,0,268,13,12,16,1318,10,1494,103,1,2,14,16,3,0,4,714,901,3,1,15,1,2,1599,27,8,0,3,243,1015,362,2,15,28,1609,735,860,6,758,1455,171,1107,39,516,1032,1467,680,14,2,75,109,440,604,409,4.58,6.66,26.88,36.9,24.98,621,776,221,19,0,37.94,47.4,13.5,1.16,0
Gandaki,Nawalparasi East,Kawasoti,NP04,NP0447,NP0447302,2,2118,1342,754,13,9,44,1194,856,22,2,42,2060,6,0,4,3,0,3,754,1351,4,0,9,0,0,0,54,51,8,183,1817,5,1935,156,0,8,18,0,1,0,0,162,1937,1,0,17,0,1,2115,2,1,0,0,15,1933,167,0,3,3,2115,836,1410,156,1304,2032,676,1820,162,1049,1217,2032,1504,284,70,2,10,106,673,1327,0.09,0.47,5,31.78,62.65,1779,312,25,1,1,83.99,14.73,1.18,0.05,0.05
Gandaki,Nawalparasi East,Kawasoti,NP04,NP0447,NP0447302,3,3194,2369,786,19,20,73,1268,1800,35,18,78,3019,29,8,4,2,11,43,1092,2073,14,3,7,3,0,2,90,15,76,463,2545,5,2777,380,0,21,7,2,0,0,7,200,2942,3,0,48,0,1,3189,3,0,0,2,90,2715,377,2,10,25,3169,1769,2255,114,2017,2950,920,2720,183,1583,2070,3006,2236,326,63,20,30,188,974,1982,0.63,0.94,5.89,30.49,62.05,2572,514,95,13,0,80.53,16.09,2.97,0.41,0
Gandaki,Nawalparasi East,Kawasoti,NP04,NP0447,NP0447302,4,822,755,60,2,5,92,475,180,73,2,102,658,37,14,5,1,0,5,597,219,4,1,1,0,0,0,142,9,8,9,654,0,632,182,4,0,0,4,0,0,0,360,454,2,0,6,0,0,820,1,1,0,0,10,647,158,2,5,10,812,608,395,0,647,533,112,460,13,225,485,582,198,8,2,38,64,273,272,175,4.62,7.79,33.21,33.09,21.29,355,342,120,5,0,43.19,41.61,14.6,0.61,0
Gandaki,Nawalparasi East,Kawasoti,NP04,NP0447,NP0447302,5,772,701,59,3,9,123,578,67,4,0,46,713,7,5,1,0,0,0,439,325,4,1,3,0,0,0,53,12,4,6,695,2,599,167,0,1,2,0,0,0,3,135,624,2,0,10,0,1,768,3,0,0,1,35,551,181,0,5,14,758,360,488,12,461,651,119,576,26,383,519,694,452,29,6,7,30,129,253,353,0.91,3.89,16.71,32.77,45.73,402,339,30,1,0,52.07,43.91,3.89,0.13,0
Gandaki,Nawalparasi East,Kawasoti,NP04,NP0447,NP0447302,6,582,506,65,7,4,65,328,155,34,0,52,442,17,4,2,0,64,1,369,208,4,0,1,0,0,0,61,5,1,26,486,3,346,184,0,0,7,45,0,0,0,151,320,2,0,108,1,0,580,1,0,0,1,2,337,242,0,1,9,573,282,374,10,369,526,141,475,13,268,390,533,367,27,3,16,30,83,185,268,2.75,5.15,14.26,31.79,46.05,264,238,66,11,3,45.36,40.89,11.34,1.89,0.52
Gandaki,Nawalparasi East,Kawasoti,NP04,NP0447,NP0447302,7,712,686,22,0,4,31,534,63,59,25,27,598,1,59,4,0,0,23,556,133,18,3,0,1,0,1,90,7,6,3,606,0,5,48,602,4,51,0,0,1,1,350,356,0,0,6,0,0,706,4,0,0,2,1,660,36,0,15,6,706,297,460,3,578,612,118,450,19,284,593,647,246,3,0,25,35,194,238,220,3.51,4.92,27.25,33.43,30.9,109,502,61,36,4,15.31,70.51,8.57,5.06,0.56
Gandaki,Nawalparasi East,Kawasoti,NP04,NP0447,NP0447302,8,2565,1782,730,28,25,78,1151,1311,20,5,53,2490,11,0,5,3,0,3,862,1698,2,2,1,0,0,0,50,12,41,216,2239,7,2354,176,1,4,28,0,1,1,0,122,2425,9,0,5,0,4,2562,1,1,0,1,10,2496,54,0,5,7,2558,1726,1851,191,1565,2458,947,2341,179,1278,1587,2487,1867,408,112,7,15,102,688,1753,0.27,0.58,3.98,26.82,68.34,2258,277,25,5,0,88.03,10.8,0.97,0.19,0
Gandaki,Nawalparasi East,Kawasoti,NP04,NP0447,NP0447302,9,612,483,67,58,4,110,348,141,12,1,39,520,6,1,38,7,0,1,384,226,1,0,1,0,0,0,81,3,1,10,516,1,350,78,85,68,30,1,0,0,0,69,521,4,1,17,0,0,609,3,0,0,0,7,590,3,8,4,6,606,388,400,19,462,545,131,525,25,249,434,539,354,40,9,3,37,82,173,317,0.49,6.05,13.4,28.27,51.8,367,186,59,0,0,59.97,30.39,9.64,0,0
Gandaki,Nawalparasi East,Kawasoti,NP04,NP0447,NP0447302,10,683,608,45,15,15,110,430,89,54,0,73,544,5,49,12,0,0,0,535,136,12,0,0,0,0,0,120,0,6,9,547,1,20,0,531,109,23,0,0,0,0,273,387,3,0,20,0,0,680,2,0,0,1,0,675,2,0,6,8,675,362,388,2,529,594,94,483,22,255,562,590,292,11,2,15,55,160,230,223,2.2,8.05,23.43,33.67,32.65,116,466,89,10,2,16.98,68.23,13.03,1.46,0.29
Gandaki,Nawalparasi East,Kawasoti,NP04,NP0447,NP0447302,11,828,773,51,1,3,103,529,136,60,0,58,686,13,63,6,1,0,1,571,238,11,7,0,1,0,0,134,3,1,6,683,1,369,101,296,30,31,0,0,0,1,349,462,2,1,14,0,0,818,4,5,0,1,136,666,10,2,14,6,822,339,596,10,565,745,124,657,11,289,664,787,440,30,5,24,44,158,275,327,2.9,5.31,19.08,33.21,39.49,305,402,105,14,2,36.84,48.55,12.68,1.69,0.24
Gandaki,Nawalparasi East,Kawasoti,NP04,NP0447,NP0447302,12,658,597,56,4,1,72,384,89,113,0,20,508,46,73,11,0,0,0,522,110,11,15,0,0,0,0,109,2,1,6,540,0,137,59,393,3,65,1,0,0,0,267,376,1,0,14,0,0,655,0,2,0,1,0,635,14,1,8,8,650,204,424,4,398,568,90,495,15,266,494,634,318,12,7,22,37,150,216,233,3.34,5.62,22.8,32.83,35.41,173,355,110,20,0,26.29,53.95,16.72,3.04,0
Gandaki,Nawalparasi East,Kawasoti,NP04,NP0447,NP0447302,13,1019,951,47,0,21,110,735,70,102,2,80,815,14,103,1,6,0,0,840,134,39,3,3,0,0,0,169,4,1,13,832,0,509,51,367,17,10,62,1,0,2,506,500,4,0,9,0,0,1011,2,3,0,3,17,810,168,3,21,16,1003,368,553,6,651,874,150,719,15,306,776,917,381,15,1,54,64,247,388,266,5.3,6.28,24.24,38.08,26.1,203,638,137,38,3,19.92,62.61,13.44,3.73,0.29
Gandaki,Nawalparasi East,Kawasoti,NP04,NP0447,NP0447302,14,1549,1347,98,92,12,209,810,414,91,25,164,1225,24,71,14,10,3,38,1075,447,6,13,3,3,0,2,255,14,15,19,1240,6,227,357,732,67,132,34,0,0,0,433,1056,5,2,52,0,1,1539,7,1,0,2,13,1387,118,17,14,28,1521,397,1033,11,1089,1375,289,1098,49,648,1264,1372,666,30,7,22,123,285,536,583,1.42,7.94,18.4,34.6,37.64,506,827,186,29,1,32.67,53.39,12.01,1.87,0.06
Gandaki,Nawalparasi East,Kawasoti,NP04,NP0447,NP0447302,15,1205,1155,43,5,2,94,920,113,76,2,75,1035,6,88,1,0,0,0,972,195,31,5,2,0,0,0,172,1,0,10,1021,1,596,107,493,7,0,1,0,0,1,571,582,12,0,40,0,0,1173,4,22,1,5,34,1076,26,10,59,16,1189,897,699,9,835,1047,175,858,19,435,1045,1037,434,3,1,35,82,266,435,387,2.9,6.8,22.07,36.1,32.12,381,663,126,34,1,31.62,55.02,10.46,2.82,0.08
Gandaki,Nawalparasi East,Kawasoti,NP04,NP0447,NP0447302,16,1458,1173,264,16,5,262,854,316,26,0,185,1252,16,1,0,3,0,1,794,640,5,10,6,1,0,2,151,9,13,41,1243,1,994,411,0,42,9,0,0,1,1,392,1049,5,0,12,0,0,1457,0,0,0,1,3,1122,308,4,21,13,1445,666,1054,75,844,1334,271,1208,59,569,1032,1374,897,122,22,29,57,199,518,655,1.99,3.91,13.65,35.53,44.92,738,578,137,5,0,50.62,39.64,9.4,0.34,0
Gandaki,Nawalparasi East,Kawasoti,NP04,NP0447,NP0447302,17,1752,1638,97,5,12,135,1363,112,137,5,100,1487,18,104,34,2,0,7,1376,351,7,13,4,0,0,1,252,6,14,21,1454,5,358,159,1117,57,59,1,0,1,0,621,1068,8,0,55,0,0,1748,3,1,0,0,17,1343,366,4,22,13,1739,714,1183,25,1270,1542,311,1362,48,731,1470,1619,808,37,3,35,68,371,609,669,2,3.88,21.18,34.76,38.18,326,1192,223,11,0,18.61,68.04,12.73,0.63,0
Gandaki,Nawalparasi East,Madhya Bindu,NP04,NP0447,NP0447301,1,1063,1031,29,0,3,218,602,183,60,0,211,791,22,33,5,1,0,0,799,216,31,16,1,0,0,0,319,11,61,16,648,8,96,216,328,253,61,108,0,0,1,543,486,1,4,29,0,0,1053,3,4,0,3,10,852,192,0,9,11,1052,552,772,11,814,935,167,432,19,377,789,814,309,4,0,76,111,271,376,229,7.15,10.44,25.49,35.37,21.54,226,525,271,39,2,21.26,49.39,25.49,3.67,0.19
Gandaki,Nawalparasi East,Madhya Bindu,NP04,NP0447,NP0447301,2,867,832,21,6,8,50,513,83,218,3,64,594,6,203,0,0,0,0,688,154,11,12,0,2,0,0,247,5,0,12,600,3,531,199,119,8,10,0,0,0,0,430,390,23,0,24,0,0,858,3,5,0,1,9,413,427,4,14,12,855,321,539,3,660,666,100,466,17,321,741,781,358,9,3,61,127,206,277,196,7.04,14.65,23.76,31.95,22.61,158,445,241,22,1,18.22,51.33,27.8,2.54,0.12
Gandaki,Nawalparasi East,Madhya Bindu,NP04,NP0447,NP0447301,3,704,684,19,1,0,74,434,120,75,1,65,552,20,67,0,0,0,0,534,152,13,5,0,0,0,0,140,2,13,2,546,1,478,15,169,25,16,0,0,0,1,266,399,23,0,16,0,0,704,0,0,0,0,0,260,443,0,1,8,696,672,490,2,527,635,115,502,20,281,603,641,324,7,4,29,46,152,271,206,4.12,6.53,21.59,38.49,29.26,185,382,121,16,0,26.28,54.26,17.19,2.27,0
Gandaki,Nawalparasi East,Madhya Bindu,NP04,NP0447,NP0447301,4,833,796,33,1,3,84,490,198,50,11,70,698,18,45,1,1,0,0,575,221,10,23,3,1,0,0,129,14,2,8,678,2,241,385,92,83,24,3,0,0,5,295,484,9,8,37,0,0,831,1,0,0,1,6,335,486,2,4,2,831,170,618,26,490,739,128,394,26,350,695,789,397,18,1,24,64,171,339,235,2.88,7.68,20.53,40.7,28.21,242,450,116,25,0,29.05,54.02,13.93,3,0
Gandaki,Nawalparasi East,Madhya Bindu,NP04,NP0447,NP0447301,5,855,830,15,0,10,162,285,163,242,3,221,471,39,58,56,8,0,2,702,107,23,19,4,0,0,0,323,7,0,5,520,0,502,211,20,84,29,0,2,0,7,502,331,1,1,20,0,0,846,2,3,0,4,5,800,30,0,20,8,847,178,560,4,571,722,81,330,14,197,665,802,331,6,3,74,157,236,243,145,8.65,18.36,27.6,28.42,16.96,204,348,256,41,6,23.86,40.7,29.94,4.8,0.7
Gandaki,Nawalparasi East,Madhya Bindu,NP04,NP0447,NP0447301,6,918,861,19,31,7,208,329,222,150,9,186,543,24,123,28,0,0,14,592,306,10,6,2,1,0,1,340,12,6,3,552,5,487,201,152,39,10,1,0,0,28,535,342,4,1,36,0,0,912,3,2,0,1,8,89,806,1,14,14,904,175,592,1,751,696,96,362,3,235,721,802,361,5,2,134,160,227,279,118,14.6,17.43,24.73,30.39,12.85,88,452,311,64,3,9.59,49.24,33.88,6.97,0.33
Gandaki,Nawalparasi East,Madhya Bindu,NP04,NP0447,NP0447301,7,1158,973,168,6,11,98,436,514,90,20,153,942,23,0,16,1,0,23,647,496,5,5,3,0,0,2,131,13,8,20,984,2,1031,75,4,31,10,3,3,0,1,404,746,0,0,8,0,0,1155,1,1,0,1,7,1065,74,1,11,3,1155,622,769,36,660,1053,269,830,36,382,717,1092,692,74,16,17,79,205,349,508,1.47,6.82,17.7,30.14,43.87,644,368,140,5,1,55.61,31.78,12.09,0.43,0.09
Gandaki,Nawalparasi East,Madhya Bindu,NP04,NP0447,NP0447301,8,910,829,63,7,11,153,564,157,34,2,166,716,2,16,4,2,0,4,553,327,1,21,6,0,0,2,172,5,5,1,726,1,785,24,51,5,11,32,0,1,1,364,536,0,0,9,0,1,905,0,1,0,4,2,570,328,1,9,9,901,379,677,16,636,818,173,584,35,299,669,859,510,17,4,32,67,199,286,326,3.52,7.36,21.87,31.43,35.82,318,427,147,17,1,34.95,46.92,16.15,1.87,0.11
Gandaki,Nawalparasi East,Madhya Bindu,NP04,NP0447,NP0447301,9,858,799,47,9,3,168,580,67,43,0,186,640,15,1,11,0,0,5,571,270,1,6,9,0,0,1,209,10,3,8,627,1,759,27,2,45,21,0,0,0,4,395,452,1,1,9,0,0,854,2,0,0,2,14,833,2,1,8,15,843,362,487,4,690,492,60,261,5,172,342,511,269,0,0,55,100,294,250,159,6.41,11.66,34.27,29.14,18.53,355,342,158,3,0,41.38,39.86,18.41,0.35,0
Gandaki,Nawalparasi East,Madhya Bindu,NP04,NP0447,NP0447301,10,1629,1228,384,9,8,310,738,551,30,0,255,1345,21,6,0,2,0,0,786,814,8,20,1,0,0,0,272,17,32,59,1244,5,852,310,69,136,66,189,2,0,5,572,1052,4,0,0,0,1,1622,4,2,0,1,117,1114,378,0,20,25,1604,746,1033,98,927,1451,247,1268,51,418,471,1448,805,82,14,54,135,306,579,555,3.31,8.29,18.78,35.54,34.07,743,558,273,55,0,45.61,34.25,16.76,3.38,0
Gandaki,Nawalparasi East,Madhya Bindu,NP04,NP0447,NP0447301,11,1005,875,106,19,5,234,465,225,78,3,252,716,18,7,11,1,0,0,715,262,10,14,4,0,0,0,265,3,4,13,717,3,616,143,178,30,13,15,5,0,5,578,410,1,1,8,1,6,991,11,1,0,2,4,749,233,9,10,23,982,221,604,5,646,842,97,422,27,217,356,892,390,10,5,73,110,322,308,192,7.26,10.95,32.04,30.65,19.1,283,468,231,21,2,28.16,46.57,22.99,2.09,0.2
Gandaki,Nawalparasi East,Madhya Bindu,NP04,NP0447,NP0447301,12,1643,1563,59,7,14,187,830,289,332,5,256,1115,243,21,1,2,0,5,1079,493,12,54,2,3,0,0,464,17,35,7,1116,4,432,253,0,430,241,180,105,0,2,842,796,0,0,5,0,0,1634,1,5,0,3,7,994,611,6,25,19,1624,329,1046,11,889,1303,139,760,20,349,1250,1460,524,10,2,142,237,492,486,286,8.64,14.42,29.95,29.58,17.41,241,774,543,82,3,14.67,47.11,33.05,4.99,0.18
Gandaki,Nawalparasi East,Madhya Bindu,NP04,NP0447,NP0447301,13,661,640,15,3,3,151,419,78,12,1,146,504,8,1,1,0,0,1,404,235,5,15,2,0,0,0,157,18,3,11,467,5,154,342,26,76,35,28,0,0,0,575,80,2,0,2,2,0,659,2,0,0,0,9,450,194,3,5,8,653,293,375,13,442,570,33,248,6,182,289,567,109,1,3,36,79,299,204,43,5.45,11.95,45.23,30.86,6.51,29,469,156,7,0,4.39,70.95,23.6,1.06,0
Gandaki,Nawalparasi East,Madhya Bindu,NP04,NP0447,NP0447301,14,596,591,4,0,1,452,91,25,27,1,467,88,4,4,31,1,0,1,562,14,17,2,1,0,0,0,472,7,3,3,105,6,38,408,1,12,58,79,0,0,0,576,20,0,0,0,0,0,300,273,11,1,11,9,121,417,2,47,37,559,361,76,2,462,408,2,14,3,33,2,75,19,0,0,351,134,92,17,2,58.89,22.48,15.44,2.85,0.34,1,88,375,132,0,0.17,14.77,62.92,22.15,0
Gandaki,Nawalparasi East,Madhya Bindu,NP04,NP0447,NP0447301,15,1730,1611,67,30,22,278,923,186,337,6,342,1104,62,173,30,1,0,18,1216,342,34,137,0,1,0,0,563,18,3,23,1110,13,216,473,423,329,221,63,4,0,1,1115,478,5,1,130,0,1,1711,8,7,1,3,45,1164,478,5,38,44,1686,899,971,5,1310,1433,132,547,13,461,1206,1447,533,10,0,191,268,522,513,236,11.04,15.49,30.17,29.65,13.64,174,938,495,120,3,10.06,54.22,28.61,6.94,0.17
Gandaki,Nawalparasi East,Binayi Tribeni,NP04,NP0447,NP0447404,1,1564,1277,264,20,3,157,601,696,109,1,99,1297,154,9,4,1,0,0,704,771,24,55,8,2,0,0,267,9,4,28,1251,5,498,169,509,271,63,12,5,36,1,661,794,2,0,107,0,0,1556,2,3,0,3,9,732,799,0,24,10,1554,661,1032,63,1043,1339,237,1052,84,458,504,1419,787,90,24,93,130,268,564,509,5.95,8.31,17.14,36.06,32.54,495,788,254,24,3,31.65,50.38,16.24,1.53,0.19
Gandaki,Nawalparasi East,Binayi Tribeni,NP04,NP0447,NP0447404,2,1740,1576,118,11,35,379,769,486,100,6,269,1352,85,3,2,21,0,8,1015,609,30,79,3,1,0,3,342,16,14,15,1347,6,158,585,598,241,38,89,3,5,23,899,825,6,2,7,0,1,1731,1,0,0,8,226,522,938,16,38,29,1711,575,1101,13,1155,1497,150,744,55,442,532,1565,851,28,8,112,181,472,620,355,6.44,10.4,27.13,35.63,20.4,372,990,327,45,6,21.38,56.9,18.79,2.59,0.34
Gandaki,Nawalparasi East,Binayi Tribeni,NP04,NP0447,NP0447404,3,1095,1061,26,2,6,408,388,97,202,0,432,487,146,18,10,2,0,0,874,136,31,49,3,2,0,0,578,13,13,7,480,4,72,401,207,234,90,63,28,0,0,826,258,1,4,4,2,0,901,181,8,0,5,17,464,572,2,40,53,1042,129,420,22,852,696,44,104,36,171,150,629,218,9,2,357,206,284,178,70,32.6,18.81,25.94,16.26,6.39,72,417,444,159,3,6.58,38.08,40.55,14.52,0.27
Gandaki,Nawalparasi East,Binayi Tribeni,NP04,NP0447,NP0447404,4,1935,1642,265,2,26,370,872,493,181,19,301,1421,155,22,3,9,0,24,1065,665,36,164,0,1,0,4,449,17,8,27,1419,15,193,181,1177,85,21,111,1,42,124,960,959,5,3,7,1,0,1822,100,9,0,4,24,1369,481,15,46,61,1874,524,984,62,1452,1216,166,444,41,416,490,1468,559,25,8,209,229,635,583,279,10.8,11.83,32.82,30.13,14.42,527,867,401,135,5,27.24,44.81,20.72,6.98,0.26
Gandaki,Nawalparasi East,Binayi Tribeni,NP04,NP0447,NP0447404,5,776,742,22,1,11,308,123,139,204,2,418,258,93,4,2,0,0,1,579,88,48,56,4,0,0,1,430,5,0,1,337,3,54,382,159,2,39,124,15,0,1,599,170,1,0,3,0,3,687,80,3,0,6,7,505,224,3,37,49,727,118,169,6,518,559,15,80,5,95,67,273,42,1,0,217,262,162,106,29,27.96,33.76,20.88,13.66,3.74,82,214,366,102,12,10.57,27.58,47.16,13.14,1.55
Gandaki,Nawalparasi East,Binayi Tribeni,NP04,NP0447,NP0447404,6,1034,967,32,28,7,65,522,307,138,2,41,818,66,100,8,1,0,0,321,532,14,145,2,20,0,0,201,10,9,12,800,2,530,130,336,36,1,0,0,0,1,325,689,4,0,15,0,1,1015,13,5,0,1,5,510,503,5,11,16,1018,143,728,72,845,886,117,513,13,408,830,941,546,22,7,60,89,208,346,331,5.8,8.61,20.12,33.46,32.01,374,452,164,44,0,36.17,43.71,15.86,4.26,0
Gandaki,Nawalparasi East,Binayi Tribeni,NP04,NP0447,NP0447404,7,932,886,38,5,3,71,345,336,180,0,46,677,35,167,4,0,0,3,274,422,18,212,1,5,0,0,260,8,3,28,629,4,375,235,298,3,4,0,5,0,12,354,568,5,0,5,0,0,912,1,17,0,2,20,453,422,5,32,25,907,77,642,50,647,752,132,392,19,396,742,845,446,49,13,92,108,182,254,296,9.87,11.59,19.53,27.25,31.76,330,343,152,99,8,35.41,36.8,16.31,10.62,0.86
Gandaki,Syangja,Putalibazar,NP04,NP0441,NP0441301,1,1917,926,930,39,22,163,711,1042,0,1,132,1778,6,0,1,0,0,0,206,1687,4,2,8,10,0,0,82,59,24,79,1671,2,1541,151,0,1,15,207,0,0,2,106,1804,1,0,5,0,1,1889,28,0,0,0,39,1862,13,0,3,26,1891,692,1462,253,1265,1575,659,1361,149,590,117,1227,838,186,15,6,43,205,702,961,0.31,2.24,10.69,36.62,50.13,1459,397,58,3,0,76.11,20.71,3.03,0.16,0
Gandaki,Syangja,Putalibazar,NP04,NP0441,NP0441301,2,461,429,23,0,9,342,47,71,1,0,332,123,5,1,0,0,0,0,380,79,1,0,0,0,0,1,326,6,2,0,125,2,237,220,0,2,2,0,0,0,0,365,94,0,0,2,0,0,457,1,3,0,0,11,317,128,0,5,21,440,179,266,3,294,324,26,75,4,39,10,65,64,2,3,131,165,70,54,41,28.42,35.79,15.18,11.71,8.89,69,76,314,2,0,14.97,16.49,68.11,0.43,0
Gandaki,Syangja,Putalibazar,NP04,NP0441,NP0441301,3,1679,1234,385,50,10,480,547,650,2,0,440,1234,2,2,0,1,0,0,672,941,3,3,15,44,0,1,251,21,25,32,1345,5,1075,556,0,16,6,18,4,0,4,491,1178,3,0,7,0,0,1669,6,4,0,0,43,1366,257,3,10,24,1655,824,1329,150,1259,1340,415,961,75,541,146,1010,742,93,4,44,137,410,441,647,2.62,8.16,24.42,26.27,38.53,888,595,189,7,0,52.89,35.44,11.26,0.42,0
Gandaki,Syangja,Putalibazar,NP04,NP0441,NP0441301,4,799,723,68,2,6,542,121,135,1,0,387,409,3,0,0,0,0,0,615,184,0,0,0,0,0,0,371,12,5,5,404,2,248,531,0,0,1,3,0,0,16,477,316,0,0,6,0,0,795,3,1,0,0,9,780,6,2,2,8,791,340,514,8,644,658,85,414,27,151,26,266,224,4,0,49,214,245,149,142,6.13,26.78,30.66,18.65,17.77,173,364,262,0,0,21.65,45.56,32.79,0,0
Gandaki,Syangja,Putalibazar,NP04,NP0441,NP0441301,5,705,679,17,0,9,528,152,24,1,0,512,191,2,0,0,0,0,0,568,133,0,1,3,0,0,0,359,2,2,2,332,8,303,396,0,2,2,0,1,0,1,509,191,3,0,0,0,2,697,2,4,0,2,12,472,215,1,5,15,690,285,511,12,652,442,63,180,9,107,13,92,85,4,0,136,215,201,101,52,19.29,30.5,28.51,14.33,7.38,98,239,367,1,0,13.9,33.9,52.06,0.14,0
Gandaki,Syangja,Putalibazar,NP04,NP0441,NP0441301,6,471,457,11,0,3,402,55,13,0,1,395,75,0,0,0,0,0,1,442,25,1,0,2,0,0,1,242,6,4,1,211,7,153,92,0,0,8,218,0,0,0,417,46,2,0,0,6,0,467,3,1,0,0,20,388,61,0,2,15,456,297,308,10,408,372,31,93,5,46,4,98,69,0,1,75,189,157,41,9,15.92,40.13,33.33,8.7,1.91,4,132,319,16,0,0.85,28.03,67.73,3.4,0
Gandaki,Syangja,Putalibazar,NP04,NP0441,NP0441301,7,746,729,17,0,0,644,66,34,2,0,620,118,1,1,5,1,0,0,704,38,2,0,2,0,0,0,479,14,5,1,239,8,269,453,0,0,14,8,2,0,0,509,234,1,0,2,0,0,739,2,3,0,2,9,609,119,0,9,23,723,419,445,4,698,387,39,121,10,75,28,121,111,9,1,143,336,168,59,40,19.17,45.04,22.52,7.91,5.36,51,329,362,3,1,6.84,44.1,48.53,0.4,0.13
Gandaki,Syangja,Putalibazar,NP04,NP0441,NP0441301,8,394,392,1,0,1,365,24,3,2,0,348,45,0,1,0,0,0,0,369,24,0,1,0,0,0,0,191,5,5,5,188,0,213,174,0,0,1,6,0,0,0,359,35,0,0,0,0,0,388,6,0,0,0,8,360,25,0,1,20,374,219,276,6,362,135,18,17,2,28,6,14,22,0,0,45,251,79,19,0,11.42,63.71,20.05,4.82,0,10,205,179,0,0,2.54,52.03,45.43,0,0
Gandaki,Syangja,Putalibazar,NP04,NP0441,NP0441301,9,381,359,10,0,12,338,20,23,0,0,189,189,1,0,0,1,0,1,359,15,7,0,0,0,0,0,290,6,1,1,82,1,20,336,0,0,2,19,1,0,3,305,75,1,0,0,0,0,377,2,2,0,0,3,337,27,1,13,12,369,133,224,3,344,151,20,29,11,39,2,5,35,0,0,63,178,111,18,11,16.54,46.72,29.13,4.72,2.89,15,197,165,4,0,3.94,51.71,43.31,1.05,0
Gandaki,Syangja,Putalibazar,NP04,NP0441,NP0441301,10,878,629,237,7,5,237,379,256,4,2,161,546,3,8,2,2,0,156,461,404,7,0,3,1,0,2,243,18,20,9,583,5,451,290,0,1,4,115,16,0,1,313,558,1,0,6,0,0,876,0,0,0,2,5,672,188,4,9,12,866,654,578,37,563,808,123,325,20,207,48,447,381,52,1,68,140,195,209,266,7.74,15.95,22.21,23.8,30.3,392,229,159,97,1,44.65,26.08,18.11,11.05,0.11
Gandaki,Syangja,Putalibazar,NP04,NP0441,NP0441301,11,676,573,87,1,15,392,203,77,4,0,372,299,3,2,0,0,0,0,455,214,1,0,6,0,0,0,186,5,2,7,476,0,207,393,0,2,9,46,18,0,1,302,337,2,0,35,0,0,671,4,1,0,0,8,341,309,7,11,13,663,208,458,9,551,433,70,231,28,132,2,228,190,12,0,82,137,189,184,84,12.13,20.27,27.96,27.22,12.43,170,265,222,19,0,25.15,39.2,32.84,2.81,0
Gandaki,Syangja,Putalibazar,NP04,NP0441,NP0441301,12,331,318,4,3,6,288,35,7,1,0,283,46,2,0,0,0,0,0,280,26,24,0,1,0,0,0,196,4,1,0,127,3,45,282,0,2,1,0,1,0,0,311,19,0,0,1,0,0,330,0,0,1,0,7,272,38,5,9,6,325,60,205,3,301,250,8,44,6,25,0,8,25,1,1,67,138,100,21,5,20.24,41.69,30.21,6.34,1.51,11,118,187,15,0,3.32,35.65,56.5,4.53,0
Gandaki,Syangja,Putalibazar,NP04,NP0441,NP0441301,13,1418,1347,60,0,11,911,363,141,2,1,844,567,4,0,2,1,0,0,1013,397,5,0,2,1,0,0,724,33,7,10,643,1,713,638,0,2,15,30,17,2,1,775,564,3,0,76,0,0,1397,16,2,0,3,146,918,331,13,10,42,1376,630,1035,2,1268,1049,151,504,23,201,46,464,346,25,1,205,363,395,252,203,14.46,25.6,27.86,17.77,14.32,351,453,602,12,0,24.75,31.95,42.45,0.85,0
Gandaki,Syangja,Putalibazar,NP04,NP0441,NP0441301,14,1025,985,32,2,6,724,198,103,0,0,523,500,1,0,1,0,0,0,622,226,6,0,169,2,0,0,330,9,5,1,678,2,138,720,0,1,4,162,0,0,0,651,369,0,0,5,0,0,1008,10,4,2,1,30,746,238,4,7,8,1017,591,759,24,811,821,166,402,21,257,27,273,310,16,1,90,218,347,215,155,8.78,21.27,33.85,20.98,15.12,120,519,370,16,0,11.71,50.63,36.1,1.56,0
Gandaki,Syangja,Phedikhola,NP04,NP0441,NP0441402,1,672,591,50,7,24,476,70,125,1,0,416,254,0,1,0,1,0,0,541,128,0,0,3,0,0,0,314,6,0,3,348,1,449,183,0,2,11,24,1,0,2,526,145,1,0,0,0,0,662,6,4,0,0,14,644,6,3,5,10,662,191,495,8,541,548,87,258,16,122,14,107,143,6,0,67,188,213,124,80,9.97,27.98,31.7,18.45,11.9,93,281,295,3,0,13.84,41.82,43.9,0.45,0
Gandaki,Syangja,Phedikhola,NP04,NP0441,NP0441402,2,1149,1029,113,3,4,512,395,241,1,0,289,856,2,1,1,0,0,0,624,516,1,0,8,0,0,0,287,20,8,6,827,1,605,512,0,0,18,12,1,0,1,617,529,0,0,2,0,1,1127,21,1,0,0,11,908,217,0,13,22,1127,351,939,45,926,920,233,585,32,255,47,310,355,19,2,58,166,305,364,256,5.05,14.45,26.54,31.68,22.28,428,483,236,2,0,37.25,42.04,20.54,0.17,0
Gandaki,Syangja,Phedikhola,NP04,NP0441,NP0441402,3,391,380,8,1,2,269,99,21,2,0,234,155,0,1,0,1,0,0,298,69,3,1,20,0,0,0,231,3,0,1,148,8,197,192,0,0,0,2,0,0,0,334,57,0,0,0,0,0,388,1,1,0,1,5,381,2,0,3,2,389,144,275,3,375,278,32,82,1,45,1,69,54,0,0,44,137,132,56,22,11.25,35.04,33.76,14.32,5.63,31,176,182,2,0,7.93,45.01,46.55,0.51,0
Gandaki,Syangja,Phedikhola,NP04,NP0441,NP0441402,4,696,669,20,2,5,546,101,49,0,0,464,228,3,0,1,0,0,0,398,113,8,1,176,0,0,0,421,4,1,2,268,0,198,462,0,1,15,12,1,0,7,431,254,1,0,10,0,0,691,4,1,0,0,7,646,39,2,2,18,678,325,455,9,619,514,82,255,10,108,13,42,52,2,0,88,224,217,119,48,12.64,32.18,31.18,17.1,6.9,108,217,363,8,0,15.52,31.18,52.16,1.15,0
Gandaki,Syangja,Phedikhola,NP04,NP0441,NP0441402,5,257,243,10,0,4,211,29,17,0,0,207,50,0,0,0,0,0,0,190,23,2,0,42,0,0,0,193,0,6,1,55,2,55,163,0,4,4,31,0,0,0,223,33,0,0,1,0,0,254,3,0,0,0,3,233,20,0,1,2,255,102,142,2,179,172,28,29,6,26,3,10,21,1,1,60,101,66,27,3,23.35,39.3,25.68,10.51,1.17,13,61,171,12,0,5.06,23.74,66.54,4.67,0
Gandaki,Syangja,Aandhikhola,NP04,NP0441,NP0441401,1,872,826,22,6,18,791,64,16,1,0,754,116,0,1,1,0,0,0,681,51,2,0,138,0,0,0,667,5,1,6,191,2,328,348,0,1,25,166,3,0,1,768,102,1,0,0,1,0,861,6,3,0,2,23,293,526,5,25,28,844,249,510,4,723,600,68,171,5,59,29,17,47,0,0,288,360,154,56,14,33.03,41.28,17.66,6.42,1.61,28,105,622,117,0,3.21,12.04,71.33,13.42,0
Gandaki,Syangja,Aandhikhola,NP04,NP0441,NP0441401,2,651,642,7,1,1,594,40,16,1,0,517,133,0,1,0,0,0,0,509,33,2,0,107,0,0,0,447,7,0,7,187,3,171,344,0,0,1,129,4,0,2,605,44,0,0,2,0,0,649,1,1,0,0,22,556,71,0,2,21,630,313,405,7,555,392,26,255,7,36,1,11,14,0,0,146,240,218,36,11,22.43,36.87,33.49,5.53,1.69,21,153,445,32,0,3.23,23.5,68.36,4.92,0
Gandaki,Syangja,Aandhikhola,NP04,NP0441,NP0441401,3,507,469,26,2,10,430,62,15,0,0,413,94,0,0,0,0,0,0,426,49,1,0,31,0,0,0,392,9,0,1,101,4,75,296,0,0,15,121,0,0,0,469,37,0,0,1,0,0,497,9,1,0,0,11,218,265,1,12,19,488,229,293,1,427,292,32,48,0,19,3,4,12,0,0,199,185,99,20,4,39.25,36.49,19.53,3.94,0.79,5,88,366,48,0,0.99,17.36,72.19,9.47,0
Gandaki,Syangja,Aandhikhola,NP04,NP0441,NP0441401,4,564,550,11,0,3,494,30,40,0,0,489,74,0,1,0,0,0,0,508,30,4,0,22,0,0,0,400,8,1,0,151,4,332,211,0,1,0,20,0,0,0,513,49,0,0,2,0,0,555,9,0,0,0,22,471,69,0,2,20,544,328,288,2,507,400,30,91,6,38,7,8,17,1,0,136,259,123,34,12,24.11,45.92,21.81,6.03,2.13,31,119,410,4,0,5.5,21.1,72.7,0.71,0
Gandaki,Syangja,Aandhikhola,NP04,NP0441,NP0441401,5,811,714,88,2,7,466,277,61,6,1,433,366,5,2,0,4,0,1,556,243,4,0,8,0,0,0,318,3,1,0,485,4,297,479,0,0,0,25,0,0,10,429,379,0,0,3,0,0,806,2,2,0,1,18,353,436,0,4,28,783,280,559,9,679,596,103,334,23,152,22,155,188,6,1,112,170,231,187,111,13.81,20.96,28.48,23.06,13.69,129,359,303,20,0,15.91,44.27,37.36,2.47,0
Gandaki,Syangja,Aandhikhola,NP04,NP0441,NP0441401,6,587,570,12,2,3,465,51,70,1,0,207,377,0,0,1,1,1,0,515,51,0,0,21,0,0,0,351,6,0,2,225,3,263,272,0,1,10,34,7,0,0,460,118,0,0,9,0,0,585,1,0,0,1,1,572,13,0,1,8,579,250,403,4,527,400,45,131,8,77,12,64,62,2,0,66,172,232,89,28,11.24,29.3,39.52,15.16,4.77,60,312,210,5,0,10.22,53.15,35.78,0.85,0
Gandaki,Syangja,Arjun Choupari,NP04,NP0441,NP0441403,1,1031,912,116,1,2,601,211,214,5,0,594,431,5,1,0,0,0,0,658,365,1,0,6,1,0,0,525,5,2,11,484,4,880,85,0,2,2,38,17,0,7,569,460,0,0,1,0,1,1023,6,0,0,2,40,763,220,1,7,24,1007,387,663,44,858,828,125,238,13,150,20,278,177,16,4,155,310,213,216,137,15.03,30.07,20.66,20.95,13.29,300,242,482,7,0,29.1,23.47,46.75,0.68,0
Gandaki,Syangja,Arjun Choupari,NP04,NP0441,NP0441403,2,520,494,24,2,0,433,22,63,2,0,422,94,0,3,1,0,0,0,389,91,10,0,30,0,0,0,417,1,1,3,97,1,335,157,0,1,0,26,0,0,1,448,70,2,0,0,0,0,511,8,1,0,0,172,140,199,0,9,7,513,143,352,14,300,397,38,51,3,24,2,53,40,2,2,155,242,53,44,26,29.81,46.54,10.19,8.46,5,66,40,407,6,1,12.69,7.69,78.27,1.15,0.19
Gandaki,Syangja,Arjun Choupari,NP04,NP0441,NP0441403,3,440,410,22,0,8,394,34,9,3,0,378,58,2,2,0,0,0,0,398,29,2,0,11,0,0,0,388,11,1,0,39,1,97,341,0,0,1,1,0,0,0,395,45,0,0,0,0,0,437,0,3,0,0,9,317,107,0,7,4,436,174,244,6,404,329,21,31,3,20,0,17,14,1,0,90,258,69,19,4,20.45,58.64,15.68,4.32,0.91,11,64,363,2,0,2.5,14.55,82.5,0.45,0
Gandaki,Syangja,Arjun Choupari,NP04,NP0441,NP0441403,4,442,439,3,0,0,434,2,3,3,0,430,9,0,2,0,1,0,0,390,8,20,0,24,0,0,0,416,3,0,0,23,0,218,221,0,0,0,2,1,0,0,439,3,0,0,0,0,0,439,0,3,0,0,8,358,67,0,9,17,425,217,211,1,371,319,23,31,4,14,1,4,4,0,0,123,273,40,6,0,27.83,61.76,9.05,1.36,0,1,23,410,6,2,0.23,5.2,92.76,1.36,0.45
Gandaki,Syangja,Arjun Choupari,NP04,NP0441,NP0441403,5,728,703,17,0,8,704,10,14,0,0,704,24,0,0,0,0,0,0,633,16,10,0,69,0,0,0,602,20,0,0,106,0,206,492,0,1,4,19,5,0,1,708,20,0,0,0,0,0,723,4,1,0,0,24,499,200,0,5,26,702,292,426,2,642,439,21,73,8,29,2,5,8,1,0,243,362,102,16,5,33.38,49.73,14.01,2.2,0.69,9,74,636,9,0,1.24,10.16,87.36,1.24,0
Gandaki,Syangja,Arjun Choupari,NP04,NP0441,NP0441403,6,647,624,10,3,10,528,95,9,15,0,452,179,1,12,0,3,0,0,481,24,4,0,138,0,0,0,360,4,4,2,258,19,213,428,0,1,3,0,0,0,2,568,77,0,0,2,0,0,644,0,2,0,1,8,586,44,1,8,22,625,235,405,7,542,474,48,113,3,55,4,40,53,0,0,90,258,222,64,13,13.91,39.88,34.31,9.89,2.01,20,241,380,6,0,3.09,37.25,58.73,0.93,0
Gandaki,Syangja,Bhirkot,NP04,NP0441,NP0441302,1,1070,781,283,2,4,230,417,415,7,1,191,865,7,2,1,1,0,3,233,772,45,2,8,10,0,0,170,18,32,30,814,6,450,246,127,2,8,237,0,0,0,217,833,1,2,17,0,0,1059,11,0,0,0,31,955,79,1,4,30,1040,261,783,51,706,968,350,596,51,321,94,660,509,81,1,39,78,182,330,441,3.64,7.29,17.01,30.84,41.21,593,292,163,22,0,55.42,27.29,15.23,2.06,0
Gandaki,Syangja,Bhirkot,NP04,NP0441,NP0441302,2,869,686,171,3,9,366,115,387,1,0,336,531,0,1,0,1,0,0,406,447,6,4,6,0,0,0,323,13,7,13,507,6,213,449,71,0,36,99,1,0,0,331,520,2,0,15,1,0,862,6,1,0,0,35,813,18,0,3,6,863,147,607,22,685,788,156,642,27,195,67,503,437,32,0,60,115,193,180,321,6.9,13.23,22.21,20.71,36.94,389,204,270,6,0,44.76,23.48,31.07,0.69,0
Gandaki,Syangja,Bhirkot,NP04,NP0441,NP0441302,3,765,749,10,5,1,706,35,23,1,0,649,115,1,0,0,0,0,0,704,56,4,0,0,1,0,0,562,4,2,2,192,3,218,535,1,2,2,7,0,0,0,749,15,0,0,0,1,0,753,10,2,0,0,18,704,39,1,3,23,742,136,409,3,697,514,20,161,2,32,2,22,29,0,0,151,367,227,18,2,19.74,47.97,29.67,2.35,0.26,5,211,547,2,0,0.65,27.58,71.5,0.26,0
Gandaki,Syangja,Bhirkot,NP04,NP0441,NP0441302,4,366,349,11,1,5,175,150,41,0,0,160,206,0,0,0,0,0,0,256,108,1,0,1,0,0,0,167,10,5,7,177,0,183,165,3,3,10,1,0,0,1,151,206,1,0,8,0,0,362,2,2,0,0,26,230,105,4,1,9,357,100,281,5,325,312,43,183,14,79,2,159,156,13,0,23,74,100,72,97,6.28,20.22,27.32,19.67,26.5,105,143,116,1,1,28.69,39.07,31.69,0.27,0.27
Gandaki,Syangja,Bhirkot,NP04,NP0441,NP0441302,5,735,702,28,1,4,557,138,39,1,0,463,268,1,0,2,0,1,0,633,90,9,1,2,0,0,0,518,18,2,2,194,1,43,660,8,5,0,16,1,0,2,439,288,0,0,8,0,0,725,6,4,0,0,39,618,68,7,3,8,727,325,426,6,577,544,51,291,12,76,15,126,123,5,1,98,248,219,115,55,13.33,33.74,29.8,15.65,7.48,115,263,344,13,0,15.65,35.78,46.8,1.77,0
Gandaki,Syangja,Bhirkot,NP04,NP0441,NP0441302,6,576,514,52,2,8,340,144,91,1,0,326,244,1,4,0,1,0,0,394,178,2,2,0,0,0,0,302,1,1,3,269,0,77,459,4,13,5,13,4,0,1,381,170,0,0,25,0,0,570,2,1,0,3,17,553,5,0,1,17,559,206,371,11,481,463,55,422,7,112,25,222,149,4,0,49,111,199,124,93,8.51,19.27,34.55,21.53,16.15,126,199,247,4,0,21.88,34.55,42.88,0.69,0
Gandaki,Syangja,Bhirkot,NP04,NP0441,NP0441302,7,511,489,8,1,13,422,57,32,0,0,391,118,0,0,0,0,0,2,429,74,1,0,7,0,0,0,364,5,0,1,138,3,241,183,1,44,2,39,0,0,1,395,111,0,1,4,0,0,506,3,0,0,2,7,486,11,0,7,7,504,142,328,5,444,333,37,153,11,48,6,95,102,1,0,75,183,170,62,21,14.68,35.81,33.27,12.13,4.11,39,142,326,4,0,7.63,27.79,63.8,0.78,0
Gandaki,Syangja,Bhirkot,NP04,NP0441,NP0441302,8,763,741,15,2,5,696,49,16,2,0,680,80,1,1,0,0,0,1,689,61,12,0,1,0,0,0,625,25,0,0,113,0,253,457,0,10,1,42,0,0,0,675,84,0,0,4,0,0,751,11,0,0,1,38,689,34,0,2,12,751,444,484,9,685,619,19,378,9,47,18,29,34,0,1,114,253,352,37,7,14.94,33.16,46.13,4.85,0.92,18,184,554,7,0,2.36,24.12,72.61,0.92,0
Gandaki,Syangja,Bhirkot,NP04,NP0441,NP0441302,9,516,493,7,0,16,496,13,6,1,0,482,31,1,2,0,0,0,0,455,13,47,0,1,0,0,0,484,3,0,0,29,0,128,325,2,29,27,4,1,0,0,501,13,0,0,2,0,0,511,3,1,1,0,22,410,69,2,13,16,500,85,188,11,471,336,5,8,6,26,1,0,10,0,0,178,276,59,3,0,34.5,53.49,11.43,0.58,0,2,43,448,23,0,0.39,8.33,86.82,4.46,0
Gandaki,Syangja,Biruwa,NP04,NP0441,NP0441404,1,545,423,121,1,0,349,78,117,1,0,334,208,1,1,1,0,0,0,369,172,4,0,0,0,0,0,286,12,1,2,241,3,202,286,0,0,10,46,0,0,1,326,217,0,0,2,0,0,534,9,1,0,1,8,120,415,1,1,11,534,78,316,17,367,429,47,137,11,102,18,187,93,7,0,119,183,75,121,47,21.83,33.58,13.76,22.2,8.62,120,123,283,19,0,22.02,22.57,51.93,3.49,0
Gandaki,Syangja,Biruwa,NP04,NP0441,NP0441404,2,364,351,7,2,4,337,19,5,3,0,336,27,1,0,0,0,0,0,318,16,26,1,2,1,0,0,337,1,0,0,26,0,307,57,0,0,0,0,0,0,0,335,29,0,0,0,0,0,359,0,5,0,0,4,1,348,4,7,2,362,53,193,1,237,282,5,17,1,43,0,6,7,0,0,168,158,28,6,4,46.15,43.41,7.69,1.65,1.1,3,22,313,26,0,0.82,6.04,85.99,7.14,0
Gandaki,Syangja,Biruwa,NP04,NP0441,NP0441404,3,362,349,0,0,13,344,13,4,1,0,342,19,1,0,0,0,0,0,330,12,20,0,0,0,0,0,293,4,0,3,56,6,64,189,0,1,1,105,1,0,1,314,45,0,0,3,0,0,360,0,2,0,0,12,238,71,9,32,22,340,65,206,6,300,228,8,29,4,24,0,10,28,0,1,131,154,60,14,3,36.19,42.54,16.57,3.87,0.83,4,61,247,50,0,1.1,16.85,68.23,13.81,0
Gandaki,Syangja,Biruwa,NP04,NP0441,NP0441404,4,763,730,16,0,17,672,75,6,9,1,609,140,3,8,0,0,0,3,712,28,20,2,1,0,0,0,461,3,5,12,278,4,183,409,0,2,9,158,0,0,2,690,69,1,0,2,0,1,762,0,1,0,0,8,669,72,5,9,15,748,172,504,7,628,577,37,122,8,63,12,89,91,1,1,160,261,286,47,9,20.97,34.21,37.48,6.16,1.18,20,264,449,30,0,2.62,34.6,58.85,3.93,0
Gandaki,Syangja,Biruwa,NP04,NP0441,NP0441404,5,447,441,6,0,0,425,19,3,0,0,397,50,0,0,0,0,0,0,423,8,12,0,4,0,0,0,386,2,0,1,54,4,81,100,0,6,3,256,0,0,1,424,23,0,0,0,0,0,447,0,0,0,0,3,329,113,1,1,23,424,99,260,0,331,272,16,15,5,49,2,30,37,0,0,174,186,77,8,2,38.93,41.61,17.23,1.79,0.45,3,47,316,81,0,0.67,10.51,70.69,18.12,0
Gandaki,Syangja,Biruwa,NP04,NP0441,NP0441404,6,569,529,20,9,11,484,32,48,4,1,487,77,1,3,0,1,0,0,494,57,12,0,6,0,0,0,459,9,1,0,100,0,488,72,0,0,6,3,0,0,0,533,7,0,0,29,0,0,564,5,0,0,0,25,345,180,17,2,16,553,43,341,6,529,355,22,68,2,31,2,87,15,0,0,154,296,83,31,5,27.07,52.02,14.59,5.45,0.88,12,87,467,3,0,2.11,15.29,82.07,0.53,0
Gandaki,Syangja,Biruwa,NP04,NP0441,NP0441404,7,459,442,12,0,5,352,67,39,1,0,246,211,1,1,0,0,0,0,336,64,56,0,3,0,0,0,252,3,2,1,201,0,153,289,0,1,0,14,1,0,1,380,78,1,0,0,0,0,456,2,0,0,1,1,376,80,0,2,18,441,58,224,4,396,318,12,47,5,76,5,16,22,0,1,108,128,161,49,13,23.53,27.89,35.08,10.68,2.83,43,184,207,25,0,9.37,40.09,45.1,5.45,0
Gandaki,Syangja,Biruwa,NP04,NP0441,NP0441404,8,445,428,11,0,6,392,41,10,2,0,398,46,1,0,0,0,0,0,393,20,31,0,1,0,0,0,362,11,12,0,57,3,61,341,0,0,4,39,0,0,0,352,83,1,0,6,3,0,428,15,1,0,1,61,307,71,3,3,27,418,77,257,6,286,278,13,17,3,39,4,43,33,0,0,108,231,78,20,8,24.27,51.91,17.53,4.49,1.8,20,94,318,13,0,4.49,21.12,71.46,2.92,0
Gandaki,Syangja,Harinas,NP04,NP0441,NP0441405,1,477,456,12,1,8,385,34,54,3,1,361,111,1,0,1,2,0,1,419,50,5,1,2,0,0,0,337,1,0,0,136,3,78,391,0,3,2,2,1,0,0,420,46,1,0,10,0,0,475,0,2,0,0,9,146,313,1,8,21,456,139,277,4,407,256,19,16,11,62,3,86,82,1,0,155,170,109,37,6,32.49,35.64,22.85,7.76,1.26,18,125,324,10,0,3.77,26.21,67.92,2.1,0
Gandaki,Syangja,Harinas,NP04,NP0441,NP0441405,2,388,372,14,0,2,312,48,27,1,0,314,73,0,0,0,1,0,0,320,31,36,1,0,0,0,0,239,3,1,1,144,0,105,248,0,3,25,6,0,0,1,341,47,0,0,0,0,0,384,4,0,0,0,17,332,33,0,6,10,378,100,224,6,348,300,27,15,9,69,26,23,57,0,0,68,157,119,32,12,17.53,40.46,30.67,8.25,3.09,18,132,225,13,0,4.64,34.02,57.99,3.35,0
Gandaki,Syangja,Harinas,NP04,NP0441,NP0441405,3,456,442,8,1,5,369,47,33,7,0,341,107,3,4,0,1,0,0,404,36,16,0,0,0,0,0,326,4,0,3,122,1,231,105,0,1,64,52,3,0,0,436,19,0,0,0,0,1,451,4,1,0,0,4,155,285,2,10,9,447,272,331,18,414,330,65,27,3,40,131,151,77,0,0,95,213,110,30,8,20.83,46.71,24.12,6.58,1.75,3,111,299,42,1,0.66,24.34,65.57,9.21,0.22
Gandaki,Syangja,Harinas,NP04,NP0441,NP0441405,4,716,677,35,0,4,582,70,64,0,0,571,144,0,0,1,0,0,0,612,51,40,0,13,0,0,0,515,6,0,3,191,1,493,56,0,60,13,94,0,0,0,520,195,0,0,0,1,0,711,5,0,0,0,13,613,87,1,2,8,708,98,285,5,590,561,57,67,8,89,4,4,58,1,1,144,305,184,61,22,20.11,42.6,25.7,8.52,3.07,39,206,454,17,0,5.45,28.77,63.41,2.37,0
Gandaki,Syangja,Harinas,NP04,NP0441,NP0441405,5,367,344,13,1,9,321,33,13,0,0,321,44,0,2,0,0,0,0,322,32,13,0,0,0,0,0,290,0,0,1,75,1,253,37,0,0,0,69,8,0,0,357,10,0,0,0,0,0,365,1,1,0,0,38,165,156,5,3,10,357,126,218,3,335,191,5,7,3,37,4,23,30,0,0,135,163,50,17,2,36.78,44.41,13.62,4.63,0.54,2,50,289,26,0,0.54,13.62,78.75,7.08,0
Gandaki,Syangja,Harinas,NP04,NP0441,NP0441405,6,613,595,16,0,2,443,116,53,1,0,426,185,1,0,0,1,0,0,510,83,18,0,1,1,0,0,360,13,4,4,229,3,226,361,0,0,6,19,0,0,1,405,202,1,1,3,0,1,607,6,0,0,0,10,237,365,1,0,24,589,172,326,4,488,346,6,24,9,59,2,15,21,1,0,163,232,134,73,11,26.59,37.85,21.86,11.91,1.79,54,198,338,23,0,8.81,32.3,55.14,3.75,0
Gandaki,Syangja,Harinas,NP04,NP0441,NP0441405,7,565,554,10,0,1,536,24,3,1,1,526,36,1,0,0,2,0,0,532,12,15,0,5,1,0,0,517,5,3,1,38,1,425,127,0,0,1,11,0,0,1,532,30,0,0,3,0,0,555,7,2,0,1,71,309,184,0,1,23,542,206,231,6,495,328,4,8,5,31,5,29,18,0,0,226,273,55,10,1,40,48.32,9.73,1.77,0.18,5,55,496,8,1,0.88,9.73,87.79,1.42,0.18
Gandaki,Syangja,Chapakot,NP04,NP0441,NP0441305,1,428,412,15,0,1,368,51,8,0,1,350,77,0,1,0,0,0,0,375,45,6,0,2,0,0,0,364,5,3,0,54,2,27,285,0,0,45,71,0,0,0,397,27,2,0,2,0,0,426,2,0,0,0,11,343,65,0,9,5,423,114,265,3,374,354,6,24,5,65,6,157,108,0,0,77,219,97,30,5,17.99,51.17,22.66,7.01,1.17,11,70,332,15,0,2.57,16.36,77.57,3.5,0
Gandaki,Syangja,Chapakot,NP04,NP0441,NP0441305,2,576,526,44,4,2,341,94,137,4,0,318,253,1,3,0,1,0,0,372,196,2,4,2,0,0,0,336,9,2,2,226,1,270,240,0,0,56,10,0,0,0,407,160,1,0,8,0,0,573,1,2,0,0,37,425,94,1,19,41,535,140,333,26,449,407,48,99,5,98,20,280,133,4,0,123,158,124,106,65,21.35,27.43,21.53,18.4,11.28,110,160,297,9,0,19.1,27.78,51.56,1.56,0
Gandaki,Syangja,Chapakot,NP04,NP0441,NP0441305,3,402,393,8,0,1,371,27,4,0,0,349,53,0,0,0,0,0,0,383,5,11,0,2,1,0,0,333,6,1,0,60,2,338,57,0,0,1,6,0,0,0,398,4,0,0,0,0,0,402,0,0,0,0,16,219,163,1,3,28,374,107,206,0,316,226,3,6,2,11,0,36,30,0,0,158,179,54,11,0,39.3,44.53,13.43,2.74,0,1,57,334,10,0,0.25,14.18,83.08,2.49,0
Gandaki,Syangja,Chapakot,NP04,NP0441,NP0441305,4,503,470,23,3,7,389,59,51,4,0,398,103,1,0,0,1,0,0,437,65,1,0,0,0,0,0,333,10,17,1,140,2,130,275,0,7,24,67,0,0,0,433,66,0,0,4,0,0,492,4,6,0,1,24,356,119,0,4,3,500,132,273,5,386,362,26,148,9,88,13,201,119,0,0,103,172,142,61,25,20.48,34.19,28.23,12.13,4.97,28,143,311,21,0,5.57,28.43,61.83,4.17,0
Gandaki,Syangja,Chapakot,NP04,NP0441,NP0441305,5,689,659,25,0,5,593,87,8,1,0,563,123,1,0,0,2,0,0,619,63,4,3,0,0,0,0,586,8,0,3,91,1,49,607,0,1,11,19,0,0,2,619,66,1,0,3,0,0,684,1,2,0,2,28,659,2,0,0,22,667,263,365,3,551,423,23,175,12,97,8,251,93,2,0,136,299,199,37,18,19.74,43.4,28.88,5.37,2.61,32,122,535,0,0,4.64,17.71,77.65,0,0
Gandaki,Syangja,Chapakot,NP04,NP0441,NP0441305,6,507,474,19,8,6,366,91,50,0,0,345,161,0,0,1,0,0,0,423,72,5,0,7,0,0,0,356,4,0,0,145,2,50,424,0,10,9,11,0,0,3,403,103,0,0,1,0,0,505,2,0,0,0,165,339,3,0,0,11,496,282,237,0,457,172,17,85,1,104,12,235,35,0,0,159,153,117,57,21,31.36,30.18,23.08,11.24,4.14,61,131,314,1,0,12.03,25.84,61.93,0.2,0
Gandaki,Syangja,Chapakot,NP04,NP0441,NP0441305,7,622,599,21,0,2,503,47,70,2,0,473,147,1,1,0,0,0,0,511,103,5,2,1,0,0,0,477,10,1,1,132,1,71,259,0,2,76,212,1,1,0,424,196,0,0,1,1,0,611,11,0,0,0,29,300,276,3,14,37,585,249,321,34,485,428,66,183,13,148,26,248,87,1,0,184,190,124,76,48,29.58,30.55,19.94,12.22,7.72,19,140,389,74,0,3.05,22.51,62.54,11.9,0
Gandaki,Syangja,Chapakot,NP04,NP0441,NP0441305,8,924,845,63,1,15,484,287,150,3,0,472,444,1,7,0,0,0,0,551,361,1,8,1,2,0,0,479,21,1,7,399,17,350,280,0,57,43,190,1,0,3,587,285,1,0,51,0,0,920,4,0,0,0,19,826,74,0,5,9,915,484,649,7,763,737,79,326,12,273,104,774,351,2,1,96,197,284,210,137,10.39,21.32,30.74,22.73,14.83,153,340,416,15,0,16.56,36.8,45.02,1.62,0
Gandaki,Syangja,Chapakot,NP04,NP0441,NP0441305,9,992,885,100,3,4,488,170,333,1,0,445,546,0,0,1,0,0,0,539,450,1,0,2,0,0,0,436,13,2,9,527,5,635,285,0,0,6,60,1,1,4,427,553,0,0,12,0,0,986,3,0,0,3,16,875,95,1,5,11,981,326,662,47,839,725,161,506,27,333,140,790,449,31,0,79,179,255,212,267,7.96,18.04,25.71,21.37,26.92,372,302,306,12,0,37.5,30.44,30.85,1.21,0
Gandaki,Syangja,Chapakot,NP04,NP0441,NP0441305,10,608,530,72,0,6,325,213,66,4,0,251,355,1,0,0,0,1,0,406,190,6,4,2,0,0,0,318,14,3,2,270,1,399,167,0,0,1,39,0,0,2,367,230,0,0,11,0,0,601,6,0,0,1,9,490,105,2,2,6,602,204,415,25,489,484,58,179,7,181,12,412,232,6,1,50,127,185,172,74,8.22,20.89,30.43,28.29,12.17,151,220,231,6,0,24.84,36.18,37.99,0.99,0
Gandaki,Syangja,Walling,NP04,NP0441,NP0441304,1,1080,806,269,3,2,238,484,356,2,0,240,838,0,1,0,1,0,0,316,755,0,1,7,1,0,0,205,13,10,41,798,13,715,340,12,0,5,2,0,1,5,134,925,3,0,18,0,0,1076,4,0,0,0,8,1046,23,0,3,24,1056,135,809,29,626,996,241,813,52,397,69,825,628,40,2,12,57,185,306,520,1.11,5.28,17.13,28.33,48.15,778,192,110,0,0,72.04,17.78,10.19,0,0
Gandaki,Syangja,Walling,NP04,NP0441,NP0441304,2,598,560,29,0,9,358,218,22,0,0,354,243,0,0,1,0,0,0,388,207,1,1,0,1,0,0,346,19,2,9,219,3,115,446,0,0,10,27,0,0,0,345,206,0,0,46,1,0,594,3,1,0,0,8,507,77,1,5,20,578,123,380,5,505,504,74,335,14,124,27,149,129,10,0,65,154,168,114,97,10.87,25.75,28.09,19.06,16.22,135,184,276,3,0,22.58,30.77,46.15,0.5,0
Gandaki,Syangja,Walling,NP04,NP0441,NP0441304,3,326,317,4,5,0,296,13,14,3,0,296,26,1,1,0,2,0,0,287,20,17,0,1,1,0,0,294,0,1,0,28,3,299,26,0,0,1,0,0,0,0,304,22,0,0,0,0,0,325,0,0,1,0,4,206,115,1,0,11,315,293,139,2,298,245,8,40,2,24,1,2,1,0,0,111,150,52,13,0,34.05,46.01,15.95,3.99,0,5,36,266,19,0,1.53,11.04,81.6,5.83,0
Gandaki,Syangja,Walling,NP04,NP0441,NP0441304,4,517,499,10,3,5,460,34,22,1,0,456,57,0,4,0,0,0,0,462,43,12,0,0,0,0,0,445,1,0,1,69,1,119,397,0,0,1,0,0,0,0,424,86,0,0,7,0,0,514,3,0,0,0,4,308,203,0,2,9,508,197,305,4,432,272,22,144,8,75,1,31,63,0,0,147,197,132,37,4,28.43,38.1,25.53,7.16,0.77,13,121,380,3,0,2.51,23.4,73.5,0.58,0
Gandaki,Syangja,Walling,NP04,NP0441,NP0441304,5,643,615,17,1,10,397,101,110,35,0,435,205,0,3,0,0,0,0,454,179,8,0,2,0,0,0,408,12,4,3,216,0,146,494,0,0,0,3,0,0,0,444,186,8,0,5,0,0,635,6,2,0,0,8,583,47,1,4,6,637,173,354,8,555,555,56,236,22,143,10,108,138,3,0,70,183,216,119,55,10.89,28.46,33.59,18.51,8.55,110,197,329,6,1,17.11,30.64,51.17,0.93,0.16
Gandaki,Syangja,Walling,NP04,NP0441,NP0441304,6,842,655,177,0,10,390,296,155,0,1,346,495,0,0,0,1,0,0,413,418,9,0,2,0,0,0,328,15,2,2,494,1,381,309,0,0,0,151,0,0,1,365,466,0,0,11,0,0,840,2,0,0,0,7,802,32,0,1,8,834,335,595,59,787,783,156,559,57,331,142,504,393,57,1,38,141,186,182,295,4.51,16.75,22.09,21.62,35.04,350,191,286,15,0,41.57,22.68,33.97,1.78,0
Gandaki,Syangja,Walling,NP04,NP0441,NP0441304,7,562,538,19,1,4,466,61,33,1,1,375,184,0,1,0,1,1,0,465,84,11,0,1,0,0,1,424,3,1,7,126,1,172,337,0,1,1,51,0,0,0,513,47,0,0,1,0,1,553,6,2,0,1,137,267,151,0,7,22,540,168,217,1,409,401,23,81,3,46,3,26,31,0,0,139,239,143,31,10,24.73,42.53,25.44,5.52,1.78,28,153,347,34,0,4.98,27.22,61.74,6.05,0
Gandaki,Syangja,Walling,NP04,NP0441,NP0441304,8,1721,1051,659,7,4,329,1196,189,5,2,318,1390,2,1,5,5,0,0,430,1268,2,9,11,0,0,1,321,40,14,57,1284,5,1130,494,4,2,13,27,0,5,46,298,1413,2,1,7,0,0,1695,25,1,0,0,23,1476,217,1,4,6,1715,356,1163,110,1320,1576,483,1204,100,636,111,1133,858,140,13,34,140,223,564,760,1.98,8.13,12.96,32.77,44.16,1151,316,251,2,1,66.88,18.36,14.58,0.12,0.06
Gandaki,Syangja,Walling,NP04,NP0441,NP0441304,9,2323,1528,782,6,7,388,1285,646,2,2,547,1766,4,2,1,1,0,2,488,1816,9,3,6,1,0,0,333,77,7,108,1791,7,673,909,0,36,24,666,1,8,6,280,2020,5,0,18,0,0,2301,22,0,0,0,30,2030,248,1,14,28,2295,381,1529,109,1376,2109,648,1821,153,884,300,1874,1422,175,9,56,134,294,697,1142,2.41,5.77,12.66,30,49.16,1004,1034,267,18,0,43.22,44.51,11.49,0.77,0
Gandaki,Syangja,Walling,NP04,NP0441,NP0441304,10,1053,760,278,8,7,270,611,171,1,0,352,698,2,1,0,0,0,0,282,760,7,2,2,0,0,0,220,34,9,6,783,1,687,317,2,0,7,36,0,4,0,161,712,2,0,178,0,0,1031,20,0,0,2,17,1022,10,0,4,17,1036,100,662,49,723,837,208,596,32,326,82,696,475,48,6,15,113,263,287,375,1.42,10.73,24.98,27.26,35.61,595,333,124,1,0,56.51,31.62,11.78,0.09,0
Gandaki,Syangja,Walling,NP04,NP0441,NP0441304,11,753,727,17,1,8,565,121,59,8,0,541,204,0,6,0,0,0,2,590,157,2,2,2,0,0,0,536,9,3,5,197,3,331,378,15,1,5,23,0,0,0,610,126,1,0,13,3,0,749,4,0,0,0,61,491,193,0,8,10,743,273,467,4,556,542,54,315,17,135,10,181,129,3,2,133,233,253,89,45,17.66,30.94,33.6,11.82,5.98,61,208,479,5,0,8.1,27.62,63.61,0.66,0
Gandaki,Syangja,Walling,NP04,NP0441,NP0441304,12,693,668,13,1,11,591,78,22,2,0,563,127,0,2,0,1,0,0,598,84,11,0,0,0,0,0,563,8,1,0,116,5,113,508,1,36,14,21,0,0,0,641,51,0,0,1,0,0,684,6,2,0,1,3,605,75,0,10,7,686,254,417,3,567,529,44,424,10,102,9,55,87,2,0,107,210,302,54,20,15.44,30.3,43.58,7.79,2.89,16,151,510,16,0,2.31,21.79,73.59,2.31,0
Gandaki,Syangja,Walling,NP04,NP0441,NP0441304,13,1085,934,145,1,5,433,360,284,8,0,426,648,2,8,0,1,0,0,526,557,1,0,1,0,0,0,398,39,2,7,634,5,249,630,1,0,4,151,50,0,0,607,471,2,0,5,0,0,1078,5,1,0,1,97,876,95,2,15,21,1064,133,727,7,687,934,153,765,17,305,22,551,387,16,1,82,140,293,303,267,7.56,12.9,27,27.93,24.61,333,370,363,19,0,30.69,34.1,33.46,1.75,0
Gandaki,Syangja,Walling,NP04,NP0441,NP0441304,14,1228,1194,26,2,6,1116,79,30,3,0,1121,103,1,3,0,0,0,0,1129,85,7,2,5,0,0,0,1077,16,2,1,126,6,178,1005,2,1,0,34,7,0,1,1115,87,1,0,24,0,1,1223,2,2,0,1,69,911,223,13,12,15,1213,289,736,17,1113,941,95,592,22,183,16,195,134,2,0,233,457,433,83,22,18.97,37.21,35.26,6.76,1.79,32,158,1026,12,0,2.61,12.87,83.55,0.98,0
Gandaki,Syangja,Galyang,NP04,NP0441,NP0441303,1,684,641,39,1,3,504,59,118,3,0,503,178,0,3,0,0,0,0,500,160,24,0,0,0,0,0,483,6,2,1,192,0,475,163,0,44,1,1,0,0,0,519,154,2,0,9,0,0,681,3,0,0,0,15,60,603,2,4,10,674,238,419,3,534,541,80,236,11,215,8,458,216,2,0,191,197,120,104,72,27.92,28.8,17.54,15.2,10.53,80,113,466,25,0,11.7,16.52,68.13,3.65,0
Gandaki,Syangja,Galyang,NP04,NP0441,NP0441303,2,773,747,21,0,5,493,147,128,5,0,502,270,0,1,0,0,0,0,575,191,7,0,0,0,0,0,519,5,3,2,243,1,216,477,0,15,1,58,4,0,2,623,145,2,0,2,0,1,771,1,0,0,1,23,452,278,10,10,17,756,125,580,10,608,657,78,283,13,212,17,494,423,3,1,77,187,272,159,78,9.96,24.19,35.19,20.57,10.09,73,212,469,19,0,9.44,27.43,60.67,2.46,0
Gandaki,Syangja,Galyang,NP04,NP0441,NP0441303,3,1350,839,481,28,2,216,574,554,6,0,187,1156,2,4,0,1,0,0,247,1090,8,1,4,0,0,0,171,25,9,21,1088,36,821,486,0,0,5,32,5,1,0,217,1108,17,0,8,0,0,1342,8,0,0,0,31,989,319,9,2,8,1342,318,954,118,881,1254,359,930,64,538,79,1118,819,55,6,15,52,169,525,589,1.11,3.85,12.52,38.89,43.63,837,383,127,3,0,62,28.37,9.41,0.22,0
Gandaki,Syangja,Galyang,NP04,NP0441,NP0441303,4,541,533,7,0,1,451,81,7,2,0,453,85,1,1,0,1,0,0,450,75,16,0,0,0,0,0,428,13,28,1,70,1,270,263,0,0,5,3,0,0,0,510,30,0,0,1,0,0,539,2,0,0,0,33,153,349,0,6,9,532,261,343,1,515,436,23,103,7,86,11,218,155,0,0,124,232,123,51,11,22.92,42.88,22.74,9.43,2.03,1,89,434,16,1,0.18,16.45,80.22,2.96,0.18
Gandaki,Syangja,Galyang,NP04,NP0441,NP0441303,5,422,384,24,1,13,390,17,12,2,1,370,49,0,1,1,1,0,0,374,21,27,0,0,0,0,0,372,6,0,3,40,1,237,175,0,0,0,10,0,0,0,398,24,0,0,0,0,0,418,1,2,0,1,5,157,244,0,16,6,416,146,201,3,389,307,17,60,7,48,0,62,57,0,0,169,167,61,17,8,40.05,39.57,14.45,4.03,1.9,7,51,338,26,0,1.66,12.09,80.09,6.16,0
Gandaki,Syangja,Galyang,NP04,NP0441,NP0441303,6,609,577,22,4,6,561,41,7,0,0,541,67,1,0,0,0,0,0,541,39,26,0,3,0,0,0,539,8,0,0,60,2,296,306,0,0,2,5,0,0,0,579,29,0,0,1,0,0,603,2,4,0,0,27,338,219,4,21,15,594,183,282,5,518,436,21,26,4,31,1,30,36,0,0,212,297,70,25,5,34.81,48.77,11.49,4.11,0.82,18,58,512,20,1,2.96,9.52,84.07,3.28,0.16
Gandaki,Syangja,Galyang,NP04,NP0441,NP0441303,7,876,836,27,1,12,753,89,27,7,0,730,136,0,8,0,1,0,1,744,107,25,0,0,0,0,0,731,3,0,1,141,0,161,635,0,1,33,45,1,0,0,791,80,0,0,5,0,0,872,1,1,0,2,26,124,701,3,22,11,865,300,487,19,746,689,73,297,10,129,8,215,172,8,0,282,318,176,70,30,32.19,36.3,20.09,7.99,3.42,31,103,682,59,1,3.54,11.76,77.85,6.74,0.11
Gandaki,Syangja,Galyang,NP04,NP0441,NP0441303,8,589,545,38,4,2,419,75,95,0,0,415,173,0,1,0,0,0,0,427,155,6,0,1,0,0,0,372,12,1,3,199,2,165,404,0,0,17,3,0,0,0,469,116,1,0,3,0,0,587,0,1,0,1,5,344,225,1,14,3,586,155,438,2,510,519,101,283,4,79,5,154,160,2,0,69,193,175,94,58,11.71,32.77,29.71,15.96,9.85,90,134,357,8,0,15.28,22.75,60.61,1.36,0
Gandaki,Syangja,Galyang,NP04,NP0441,NP0441303,9,771,756,12,0,3,650,66,52,3,0,649,119,0,2,0,1,0,0,647,105,16,0,3,0,0,0,613,24,4,0,123,7,292,439,0,1,3,35,0,0,1,725,46,0,0,0,0,0,766,1,1,1,2,9,55,689,0,18,9,762,272,425,13,661,629,22,312,14,123,7,393,111,0,0,172,388,142,60,9,22.31,50.32,18.42,7.78,1.17,18,98,613,42,0,2.33,12.71,79.51,5.45,0
Gandaki,Syangja,Galyang,NP04,NP0441,NP0441303,10,343,334,7,1,1,305,25,12,1,0,303,39,0,0,1,0,0,0,311,28,4,0,0,0,0,0,293,6,2,0,42,0,323,6,0,0,1,13,0,0,0,329,13,0,0,1,0,0,343,0,0,0,0,10,58,264,3,8,21,322,58,214,1,300,255,15,22,1,33,3,131,56,1,0,121,154,47,18,3,35.28,44.9,13.7,5.25,0.87,3,42,288,10,0,0.87,12.24,83.97,2.92,0
Gandaki,Syangja,Galyang,NP04,NP0441,NP0441303,11,975,943,28,2,2,729,118,127,1,0,697,273,0,5,0,0,0,0,748,217,10,0,0,0,0,0,663,7,4,4,297,0,576,382,0,6,2,9,0,0,0,706,239,18,0,12,0,0,970,2,2,0,1,21,721,226,0,7,15,960,304,674,25,773,858,135,628,16,312,39,620,315,8,0,81,229,381,180,104,8.31,23.49,39.08,18.46,10.67,104,310,554,7,0,10.67,31.79,56.82,0.72,0
Gandaki,Syangja,Kaligandaki,NP04,NP0441,NP0441406,1,615,602,10,0,3,568,28,13,6,0,526,81,0,8,0,0,0,0,549,25,40,0,1,0,0,0,556,14,1,0,43,1,363,186,0,2,2,62,0,0,0,604,11,0,0,0,0,0,606,6,3,0,0,22,548,41,2,2,21,594,322,417,19,527,416,18,21,4,53,2,78,87,0,0,117,347,130,19,2,19.02,56.42,21.14,3.09,0.33,2,85,494,33,1,0.33,13.82,80.33,5.37,0.16
Gandaki,Syangja,Kaligandaki,NP04,NP0441,NP0441406,2,837,812,19,0,6,591,131,92,22,1,556,255,2,22,0,1,0,1,626,155,33,23,0,0,0,0,627,25,6,8,161,10,542,291,0,0,0,4,0,0,0,769,54,0,0,14,0,0,835,2,0,0,0,36,708,87,5,1,16,821,347,519,19,669,571,42,282,8,101,11,223,126,0,2,142,299,275,99,22,16.97,35.72,32.86,11.83,2.63,28,269,528,12,0,3.35,32.14,63.08,1.43,0
Gandaki,Syangja,Kaligandaki,NP04,NP0441,NP0441406,3,612,597,15,0,0,519,71,18,3,1,437,172,2,1,0,0,0,0,505,69,36,1,1,0,0,0,492,14,3,3,95,5,131,440,0,9,15,16,0,0,1,558,38,1,0,14,1,0,603,4,5,0,0,195,244,168,0,5,3,609,295,340,10,555,449,17,48,5,76,1,42,41,1,0,152,251,161,39,9,24.84,41.01,26.31,6.37,1.47,19,186,387,19,1,3.1,30.39,63.24,3.1,0.16
Gandaki,Syangja,Kaligandaki,NP04,NP0441,NP0441406,4,701,654,38,4,5,479,151,42,28,1,442,232,0,27,0,0,0,0,563,115,22,1,0,0,0,0,489,1,0,2,206,3,352,188,0,4,76,81,0,0,0,669,30,0,0,0,2,0,696,0,5,0,0,18,533,131,0,19,21,680,229,393,2,486,494,42,82,10,70,6,80,56,1,0,151,264,230,43,13,21.54,37.66,32.81,6.13,1.85,21,207,435,36,2,3,29.53,62.05,5.14,0.29
Gandaki,Syangja,Kaligandaki,NP04,NP0441,NP0441406,5,677,635,26,13,3,437,153,81,5,1,327,343,0,6,0,0,0,1,464,173,38,1,0,0,0,1,414,11,9,14,226,3,250,421,0,0,4,1,0,0,1,576,99,1,0,1,0,0,674,3,0,0,0,26,560,83,0,8,30,647,192,442,4,521,523,74,224,9,165,6,263,136,3,6,110,149,246,102,70,16.25,22.01,36.34,15.07,10.34,72,291,297,16,1,10.64,42.98,43.87,2.36,0.15
Gandaki,Syangja,Kaligandaki,NP04,NP0441,NP0441406,6,615,584,29,0,2,472,118,24,1,0,278,335,0,0,0,1,0,1,503,105,5,0,1,1,0,0,441,18,3,0,151,2,250,336,0,0,2,27,0,0,0,551,52,0,0,12,0,0,613,1,1,0,0,6,541,53,2,13,10,605,260,405,1,506,514,38,166,8,117,5,144,111,0,0,52,202,259,71,31,8.46,32.85,42.11,11.54,5.04,41,297,269,8,0,6.67,48.29,43.74,1.3,0
Gandaki,Syangja,Kaligandaki,NP04,NP0441,NP0441406,7,705,528,164,10,3,303,63,324,14,1,281,411,5,6,0,1,0,1,364,320,8,1,10,2,0,0,315,35,1,4,350,0,202,423,0,0,2,62,14,1,1,401,285,4,0,14,0,1,703,2,0,0,0,8,605,76,13,3,15,690,141,470,72,517,617,163,458,63,267,108,500,349,12,0,40,104,188,177,196,5.67,14.75,26.67,25.11,27.8,173,317,196,19,0,24.54,44.96,27.8,2.7,0
Gandaki,Parbat,Modi,NP04,NP0442,NP0442402,1,549,521,9,0,19,514,23,7,3,2,505,29,3,1,0,3,1,7,272,14,1,0,262,0,0,0,449,7,2,1,87,3,404,135,0,0,0,10,0,0,0,529,18,0,0,1,1,0,545,3,1,0,0,22,140,380,0,7,55,494,92,261,2,332,309,12,25,4,9,0,2,3,0,0,252,252,31,11,3,45.9,45.9,5.65,2,0.55,7,36,495,11,0,1.28,6.56,90.16,2,0
Gandaki,Parbat,Modi,NP04,NP0442,NP0442402,2,798,611,172,3,12,415,144,222,13,4,368,409,8,6,0,6,0,1,542,169,2,0,84,1,0,0,360,11,3,3,417,4,573,13,0,0,31,174,7,0,0,456,340,0,0,0,2,0,790,6,1,0,1,80,433,279,1,5,10,788,254,546,62,742,576,127,338,9,81,12,227,157,13,0,216,137,113,185,147,27.07,17.17,14.16,23.18,18.42,289,130,288,90,1,36.22,16.29,36.09,11.28,0.13
Gandaki,Parbat,Modi,NP04,NP0442,NP0442402,3,423,416,5,2,0,407,10,6,0,0,396,26,1,0,0,0,0,0,228,11,0,0,184,0,0,0,374,4,1,0,43,1,336,87,0,0,0,0,0,0,0,405,17,0,0,1,0,0,419,4,0,0,0,26,200,197,0,0,15,408,197,247,27,403,346,34,76,10,13,2,3,6,0,0,108,229,69,12,5,25.53,54.14,16.31,2.84,1.18,9,24,390,0,0,2.13,5.67,92.2,0,0
Gandaki,Parbat,Modi,NP04,NP0442,NP0442402,4,458,447,3,1,7,446,9,1,2,0,439,16,1,0,1,0,0,1,137,7,2,0,312,0,0,0,418,1,4,0,35,0,326,131,0,0,0,1,0,0,0,439,17,1,0,0,0,1,451,1,4,1,1,4,104,349,0,1,2,456,288,338,10,423,362,27,105,5,5,1,5,5,0,0,106,302,41,8,1,23.14,65.94,8.95,1.75,0.22,2,17,433,6,0,0.44,3.71,94.54,1.31,0
Gandaki,Parbat,Modi,NP04,NP0442,NP0442402,5,1070,994,68,1,7,827,109,132,2,0,815,251,1,2,1,0,0,0,695,145,12,0,218,0,0,0,694,15,9,1,346,5,879,188,0,0,0,3,0,0,0,905,164,1,0,0,0,0,1061,8,1,0,0,54,700,309,4,3,78,992,481,772,65,968,799,137,383,21,85,14,95,84,7,2,190,424,248,112,96,17.76,39.63,23.18,10.47,8.97,127,191,748,4,0,11.87,17.85,69.91,0.37,0
Gandaki,Parbat,Modi,NP04,NP0442,NP0442402,6,1275,1047,162,56,10,741,234,266,32,2,627,607,14,4,6,11,0,6,619,331,3,0,322,0,0,0,566,16,4,15,671,3,460,585,0,1,6,219,4,0,0,755,512,5,0,2,0,1,1262,9,3,0,1,11,950,300,4,10,34,1241,635,873,92,1115,1036,210,595,29,142,141,417,264,12,9,138,304,386,250,197,10.82,23.84,30.27,19.61,15.45,208,463,586,18,0,16.31,36.31,45.96,1.41,0
Gandaki,Parbat,Modi,NP04,NP0442,NP0442402,7,431,414,10,0,7,399,29,0,3,0,391,36,3,0,1,0,0,0,222,12,2,0,195,0,0,0,397,1,0,0,32,1,364,63,0,0,1,1,0,0,2,407,23,1,0,0,0,0,430,1,0,0,0,13,77,341,0,0,24,407,174,204,5,392,225,11,107,3,16,1,3,13,0,0,222,130,64,14,1,51.51,30.16,14.85,3.25,0.23,0,30,397,4,0,0,6.96,92.11,0.93,0
Gandaki,Parbat,Modi,NP04,NP0442,NP0442402,8,400,374,8,4,14,371,23,6,0,0,345,54,0,1,0,0,0,0,359,20,2,0,19,0,0,0,330,4,2,5,59,0,207,177,0,1,1,12,0,0,2,382,14,0,1,3,0,0,396,0,0,2,2,76,6,304,12,2,65,335,141,157,7,285,222,12,51,2,6,2,4,5,1,0,205,134,47,13,1,51.25,33.5,11.75,3.25,0.25,3,50,339,8,0,0.75,12.5,84.75,2,0
Gandaki,Parbat,Jaljala,NP04,NP0442,NP0442401,1,238,236,2,0,0,227,7,4,0,0,226,11,0,0,1,0,0,0,67,4,0,0,167,0,0,0,212,4,0,1,21,0,139,98,0,0,0,1,0,0,0,223,5,0,0,10,0,0,235,1,2,0,0,1,1,233,0,3,5,233,74,142,0,208,167,11,39,1,22,2,8,19,0,1,95,107,29,5,2,39.92,44.96,12.18,2.1,0.84,0,11,226,1,0,0,4.62,94.96,0.42,0
Gandaki,Parbat,Jaljala,NP04,NP0442,NP0442401,2,703,611,88,0,4,408,146,147,1,1,399,295,2,0,2,0,0,5,205,162,0,1,335,0,0,0,358,7,2,0,330,6,287,416,0,0,0,0,0,0,0,376,327,0,0,0,0,0,701,1,1,0,0,3,217,482,0,1,17,686,265,428,8,626,573,73,303,6,39,17,132,125,0,0,132,220,92,169,90,18.78,31.29,13.09,24.04,12.8,237,78,387,1,0,33.71,11.1,55.05,0.14,0
Gandaki,Parbat,Jaljala,NP04,NP0442,NP0442401,3,1188,580,601,3,4,246,289,647,4,2,245,935,0,2,1,4,0,1,395,601,2,1,187,1,0,1,222,8,7,53,897,1,967,162,0,2,2,55,0,0,0,158,1024,1,0,4,0,1,1182,3,1,0,2,16,1146,22,1,3,11,1177,236,698,103,851,1065,260,915,57,198,77,547,403,47,1,26,39,225,533,365,2.19,3.28,18.94,44.87,30.72,846,142,198,2,0,71.21,11.95,16.67,0.17,0
Gandaki,Parbat,Jaljala,NP04,NP0442,NP0442401,4,699,638,56,5,0,479,181,38,0,1,472,224,2,0,0,0,0,1,262,89,1,0,347,0,0,0,359,11,3,6,319,1,552,140,0,0,3,2,0,0,2,448,250,1,0,0,0,0,682,14,1,1,1,39,354,294,2,10,24,675,318,436,9,486,575,86,278,18,58,16,121,103,5,0,96,190,228,134,51,13.73,27.18,32.62,19.17,7.3,105,161,431,2,0,15.02,23.03,61.66,0.29,0
Gandaki,Parbat,Jaljala,NP04,NP0442,NP0442401,5,610,586,11,3,10,604,6,0,0,0,602,4,1,1,2,0,0,0,171,2,0,0,436,1,0,0,533,9,0,0,62,6,122,309,0,0,5,169,0,1,4,600,10,0,0,0,0,0,592,8,6,0,4,13,219,354,4,20,45,565,426,369,26,534,311,33,83,5,9,1,0,0,0,0,273,249,85,3,0,44.75,40.82,13.93,0.49,0,0,11,439,160,0,0,1.8,71.97,26.23,0
Gandaki,Parbat,Jaljala,NP04,NP0442,NP0442401,6,564,510,20,4,30,551,11,1,1,0,540,20,2,0,1,1,0,0,136,1,4,0,423,0,0,0,520,2,1,0,38,3,106,456,0,1,0,0,0,0,1,547,17,0,0,0,0,0,551,12,0,0,1,5,224,333,0,2,35,529,160,317,2,444,372,36,91,8,31,5,1,3,0,0,199,286,70,8,1,35.28,50.71,12.41,1.42,0.18,3,22,536,3,0,0.53,3.9,95.04,0.53,0
Gandaki,Parbat,Jaljala,NP04,NP0442,NP0442401,7,896,800,85,4,7,711,117,64,3,1,681,115,5,1,62,4,0,28,466,62,7,3,357,0,0,1,589,23,4,1,275,4,349,526,0,1,10,10,0,0,0,619,272,3,0,2,0,0,886,2,5,0,3,24,548,311,1,12,29,867,202,451,27,811,635,87,322,30,101,23,143,95,4,1,259,260,207,108,62,28.91,29.02,23.1,12.05,6.92,78,183,621,14,0,8.71,20.42,69.31,1.56,0
Gandaki,Parbat,Jaljala,NP04,NP0442,NP0442401,8,736,695,30,7,4,607,102,24,2,1,564,169,0,2,1,0,0,0,397,48,3,2,286,0,0,0,405,17,4,2,306,2,278,380,0,0,3,70,4,0,1,544,191,0,0,1,0,0,724,10,1,0,1,8,568,149,1,10,32,704,134,455,7,491,545,72,368,21,98,10,98,125,1,0,142,191,237,118,48,19.29,25.95,32.2,16.03,6.52,67,235,371,63,0,9.1,31.93,50.41,8.56,0
Gandaki,Parbat,Jaljala,NP04,NP0442,NP0442401,9,327,315,4,0,8,316,8,3,0,0,313,11,1,0,0,0,0,2,230,4,9,1,83,0,0,0,291,9,1,0,26,0,32,294,0,0,1,0,0,0,0,282,45,0,0,0,0,0,325,1,1,0,0,6,309,10,0,2,6,321,95,191,2,270,254,33,204,4,26,2,11,12,1,0,41,128,140,17,1,12.54,39.14,42.81,5.2,0.31,6,41,279,1,0,1.83,12.54,85.32,0.31,0
Gandaki,Parbat,Kushma,NP04,NP0442,NP0442301,1,1221,1112,101,4,4,1014,174,19,5,9,975,226,5,5,3,7,0,0,627,67,1,0,526,0,0,0,851,8,2,2,353,5,186,995,0,0,2,35,1,0,2,842,376,0,0,3,0,0,1207,8,2,0,4,24,585,583,3,26,36,1185,430,665,8,962,987,130,717,37,158,27,164,154,4,1,185,457,362,156,61,15.15,37.43,29.65,12.78,5,44,264,891,22,0,3.6,21.62,72.97,1.8,0
Gandaki,Parbat,Kushma,NP04,NP0442,NP0442301,2,932,882,45,3,2,844,58,24,5,1,785,139,4,1,1,2,0,0,435,48,2,1,444,1,0,1,684,5,3,2,235,3,287,624,0,0,2,19,0,0,0,704,225,0,0,1,2,0,922,6,2,0,2,30,832,66,1,3,28,904,414,540,8,831,722,131,334,18,79,29,138,68,12,2,112,397,317,69,37,12.02,42.6,34.01,7.4,3.97,40,221,660,11,0,4.29,23.71,70.82,1.18,0
Gandaki,Parbat,Kushma,NP04,NP0442,NP0442301,3,727,716,3,1,7,682,32,9,4,0,674,49,0,3,0,1,0,0,592,20,2,0,113,0,0,0,591,4,0,1,125,6,252,450,0,0,0,25,0,0,0,690,35,1,0,1,0,0,724,2,1,0,0,9,498,213,0,7,14,713,294,505,8,476,407,25,104,3,17,14,7,12,0,0,206,359,136,22,4,28.34,49.38,18.71,3.03,0.55,13,99,590,25,0,1.79,13.62,81.16,3.44,0
Gandaki,Parbat,Kushma,NP04,NP0442,NP0442301,4,951,549,388,9,5,271,453,226,1,0,237,713,1,0,0,0,0,0,481,446,1,2,21,0,0,0,170,12,5,27,726,11,681,226,0,0,5,34,1,0,4,151,800,0,0,0,0,0,945,6,0,0,0,16,765,163,0,7,16,935,341,601,98,666,860,226,628,50,206,63,481,296,31,3,31,96,157,358,309,3.26,10.09,16.51,37.64,32.49,574,254,103,20,0,60.36,26.71,10.83,2.1,0
Gandaki,Parbat,Kushma,NP04,NP0442,NP0442301,5,1417,532,822,60,3,157,507,750,2,1,160,1243,11,0,2,1,0,0,388,1021,2,3,2,1,0,0,97,19,12,91,1192,6,1198,205,0,0,5,1,0,5,3,40,1372,4,0,0,0,1,1410,6,0,1,0,41,1352,23,1,0,9,1408,461,943,248,961,1331,526,1056,89,468,179,1090,690,123,14,5,32,122,565,693,0.35,2.26,8.61,39.87,48.91,1187,198,31,1,0,83.77,13.97,2.19,0.07,0
Gandaki,Parbat,Kushma,NP04,NP0442,NP0442301,6,1088,399,668,8,13,86,255,737,0,10,84,991,1,0,0,1,1,10,216,857,0,4,10,0,0,1,44,42,5,40,942,15,974,103,0,2,7,0,1,0,1,24,1052,11,0,0,0,1,1081,6,0,0,1,18,856,206,5,3,8,1080,303,673,184,867,973,356,807,68,343,76,756,528,106,9,2,26,119,441,500,0.18,2.39,10.94,40.53,45.96,890,172,25,0,1,81.8,15.81,2.3,0,0.09
Gandaki,Parbat,Kushma,NP04,NP0442,NP0442301,7,723,463,258,0,2,239,194,281,7,2,241,467,8,0,0,7,0,0,365,350,4,0,4,0,0,0,172,9,9,16,514,3,647,71,0,1,0,1,1,0,2,116,600,7,0,0,0,0,720,1,2,0,0,23,525,165,2,8,10,713,303,426,84,517,603,170,511,35,214,77,473,306,26,2,28,98,131,211,255,3.87,13.55,18.12,29.18,35.27,385,204,129,5,0,53.25,28.22,17.84,0.69,0
Gandaki,Parbat,Kushma,NP04,NP0442,NP0442301,8,513,473,29,3,8,312,101,91,8,1,336,165,7,0,0,4,0,1,406,92,0,0,12,0,0,3,245,10,23,7,223,5,84,375,0,0,0,52,0,0,2,312,198,1,0,1,0,1,512,0,0,0,1,15,313,171,4,10,24,489,223,391,9,463,371,85,336,15,101,10,266,145,4,1,61,109,160,110,73,11.89,21.25,31.19,21.44,14.23,90,175,240,7,1,17.54,34.11,46.78,1.36,0.19
Gandaki,Parbat,Kushma,NP04,NP0442,NP0442301,9,550,513,36,0,1,424,81,43,2,0,374,173,0,1,0,1,0,1,437,75,5,1,32,0,0,0,329,11,3,0,205,2,362,180,0,0,3,0,0,0,5,357,193,0,0,0,0,0,529,20,0,0,1,20,303,225,0,2,22,528,263,358,8,484,442,131,183,15,63,14,140,89,6,0,99,159,151,93,48,18,28.91,27.45,16.91,8.73,65,180,303,1,1,11.82,32.73,55.09,0.18,0.18
Gandaki,Parbat,Kushma,NP04,NP0442,NP0442301,10,598,575,15,0,8,567,28,3,0,0,567,30,1,0,0,0,0,0,408,8,0,0,182,0,0,0,496,6,0,2,91,3,68,527,0,1,2,0,0,0,0,555,43,0,0,0,0,0,590,6,2,0,0,24,415,155,2,2,14,584,240,313,2,520,421,51,235,6,28,3,18,16,1,1,130,265,183,17,3,21.74,44.31,30.6,2.84,0.5,3,79,513,3,0,0.5,13.21,85.79,0.5,0
Gandaki,Parbat,Kushma,NP04,NP0442,NP0442301,11,576,560,10,0,6,542,31,0,1,2,531,41,3,0,0,1,0,0,457,12,3,0,104,0,0,0,357,8,1,2,195,13,315,261,0,0,0,0,0,0,0,534,42,0,0,0,0,0,569,6,0,0,1,33,414,127,0,2,19,557,260,318,5,501,313,19,73,8,48,1,19,17,1,0,160,262,124,26,4,27.78,45.49,21.53,4.51,0.69,10,146,416,4,0,1.74,25.35,72.22,0.69,0
Gandaki,Parbat,Kushma,NP04,NP0442,NP0442301,12,581,552,23,4,2,562,16,3,0,0,524,57,0,0,0,0,0,0,456,15,2,0,108,0,0,0,465,0,2,4,93,17,424,156,0,0,0,1,0,0,0,558,22,0,0,1,0,0,581,0,0,0,0,15,111,455,0,0,30,551,404,363,23,504,321,20,186,4,42,5,4,1,0,0,248,196,113,19,5,42.69,33.73,19.45,3.27,0.86,8,56,515,2,0,1.38,9.64,88.64,0.34,0
Gandaki,Parbat,Kushma,NP04,NP0442,NP0442301,13,487,474,5,1,7,444,36,5,1,1,409,76,1,0,0,1,0,0,333,14,4,0,136,0,0,0,399,2,3,1,79,3,247,185,0,0,0,51,0,0,4,477,10,0,0,0,0,0,485,1,0,0,1,23,317,134,0,13,26,461,264,236,2,378,226,12,40,4,31,2,7,8,0,0,203,189,74,17,4,41.68,38.81,15.2,3.49,0.82,2,67,392,26,0,0.41,13.76,80.49,5.34,0
Gandaki,Parbat,Kushma,NP04,NP0442,NP0442301,14,598,559,11,1,27,589,8,1,0,0,573,24,0,0,1,0,0,0,235,2,4,0,357,0,0,0,559,3,0,0,34,2,89,367,0,3,0,139,0,0,0,584,13,0,1,0,0,0,593,3,1,1,0,8,11,575,2,2,24,574,285,320,6,551,287,17,72,2,10,0,7,13,0,0,345,211,39,2,1,57.69,35.28,6.52,0.33,0.17,0,8,463,127,0,0,1.34,77.42,21.24,0
Gandaki,Parbat,Phalebas,NP04,NP0442,NP0442302,1,456,418,36,0,2,402,42,12,0,0,374,79,3,0,0,0,0,0,393,29,2,0,32,0,0,0,337,13,1,1,104,0,241,206,0,2,3,2,0,0,2,390,65,0,0,1,0,0,448,6,0,0,2,7,360,87,1,1,12,444,380,278,1,414,341,36,108,7,51,11,16,24,1,0,85,207,115,39,10,18.64,45.39,25.22,8.55,2.19,19,99,334,4,0,4.17,21.71,73.25,0.88,0
Gandaki,Parbat,Phalebas,NP04,NP0442,NP0442302,2,744,733,10,0,1,719,13,11,0,1,714,28,0,1,0,1,0,0,717,20,5,0,2,0,0,0,615,10,4,0,114,1,23,609,0,0,1,109,1,1,0,687,55,2,0,0,0,0,736,6,0,0,2,12,434,293,0,5,15,729,319,464,8,625,524,51,169,7,63,6,22,41,1,0,196,372,146,25,5,26.34,50,19.62,3.36,0.67,7,93,609,35,0,0.94,12.5,81.85,4.7,0
Gandaki,Parbat,Phalebas,NP04,NP0442,NP0442302,3,904,892,10,1,1,873,21,10,0,0,874,30,0,0,0,0,0,0,886,5,6,0,7,0,0,0,718,6,0,0,178,2,132,538,0,0,175,59,0,0,0,875,28,0,0,1,0,0,901,3,0,0,0,24,304,563,0,13,25,879,655,528,6,824,405,40,141,5,71,6,8,17,0,1,349,431,101,21,2,38.61,47.68,11.17,2.32,0.22,3,59,796,46,0,0.33,6.53,88.05,5.09,0
Gandaki,Parbat,Phalebas,NP04,NP0442,NP0442302,4,453,441,12,0,0,421,27,3,2,0,415,32,0,4,0,1,0,1,427,8,2,0,16,0,0,0,409,6,1,3,32,2,254,105,0,1,2,91,0,0,0,431,21,0,0,0,1,0,453,0,0,0,0,5,296,145,2,5,5,448,195,290,4,397,332,90,90,1,16,3,30,19,0,1,126,217,89,17,4,27.81,47.9,19.65,3.75,0.88,4,38,387,24,0,0.88,8.39,85.43,5.3,0
Gandaki,Parbat,Phalebas,NP04,NP0442,NP0442302,5,407,379,25,2,1,273,84,49,0,1,247,155,0,1,0,3,0,1,324,75,2,0,6,0,0,0,214,5,0,4,180,4,99,303,0,0,0,3,0,0,2,270,136,0,0,1,0,0,404,0,3,0,0,4,188,211,0,4,16,391,212,246,20,346,305,62,152,8,50,21,129,75,4,0,79,99,121,65,43,19.41,24.32,29.73,15.97,10.57,51,148,201,7,0,12.53,36.36,49.39,1.72,0
Gandaki,Parbat,Phalebas,NP04,NP0442,NP0442302,6,817,671,139,3,4,495,213,97,12,0,478,313,5,2,18,1,0,0,616,196,0,1,4,0,0,0,454,11,14,10,328,0,108,707,0,0,0,1,0,0,1,496,314,1,0,4,1,1,812,3,0,0,2,8,591,210,0,8,19,798,344,498,64,639,673,173,447,11,149,104,407,190,11,3,106,182,226,184,119,12.97,22.28,27.66,22.52,14.57,166,273,373,5,0,20.32,33.41,45.65,0.61,0
Gandaki,Parbat,Phalebas,NP04,NP0442,NP0442302,7,347,345,2,0,0,342,5,0,0,0,342,5,0,0,0,0,0,0,341,4,1,0,1,0,0,0,328,0,0,0,19,0,338,7,0,0,1,1,0,0,0,338,9,0,0,0,0,0,347,0,0,0,0,21,326,0,0,0,8,339,236,217,4,301,224,21,25,1,3,1,6,6,0,0,73,229,40,2,3,21.04,65.99,11.53,0.58,0.86,4,17,326,0,0,1.15,4.9,93.95,0,0
Gandaki,Parbat,Phalebas,NP04,NP0442,NP0442302,8,337,293,11,2,31,289,37,2,6,3,266,61,1,5,3,1,0,0,270,8,24,0,35,0,0,0,272,4,4,0,56,1,151,163,0,1,8,14,0,0,0,319,17,0,0,0,1,0,332,0,5,0,0,1,213,109,1,13,16,321,114,143,1,258,216,11,24,2,17,4,10,11,0,0,129,126,68,14,0,38.28,37.39,20.18,4.15,0,5,67,249,15,1,1.48,19.88,73.89,4.45,0.3
Gandaki,Parbat,Phalebas,NP04,NP0442,NP0442302,9,424,403,14,1,6,388,26,4,6,0,360,55,6,2,0,1,0,0,385,14,12,1,12,0,0,0,347,23,0,0,50,4,275,117,0,0,1,29,2,0,0,394,23,1,0,6,0,0,414,6,2,0,2,16,165,236,0,7,8,416,270,227,1,353,217,8,11,1,9,5,1,2,0,0,180,177,64,3,0,42.45,41.75,15.09,0.71,0,1,73,315,35,0,0.24,17.22,74.29,8.25,0
Gandaki,Parbat,Phalebas,NP04,NP0442,NP0442302,10,422,411,9,0,2,380,38,4,0,0,341,81,0,0,0,0,0,0,373,12,1,0,36,0,0,0,330,4,0,0,88,0,418,3,0,1,0,0,0,0,0,410,11,0,0,0,1,0,420,2,0,0,0,8,290,122,1,1,10,412,328,254,6,377,308,10,40,1,21,0,9,5,0,0,106,214,82,14,6,25.12,50.71,19.43,3.32,1.42,5,95,321,1,0,1.18,22.51,76.07,0.24,0
Gandaki,Parbat,Phalebas,NP04,NP0442,NP0442302,11,426,411,11,0,4,397,19,7,3,0,387,35,2,1,1,0,0,0,253,9,3,1,160,0,0,0,365,2,0,4,53,2,132,292,0,0,0,2,0,0,0,388,34,1,0,3,0,0,420,0,3,2,1,7,164,253,0,2,27,399,258,208,3,352,276,12,33,1,22,2,31,30,1,0,153,207,48,14,4,35.92,48.59,11.27,3.29,0.94,6,26,388,6,0,1.41,6.1,91.08,1.41,0
Gandaki,Parbat,Mahashila,NP04,NP0442,NP0442404,1,297,276,18,3,0,287,8,0,2,0,287,8,2,0,0,0,0,0,268,5,22,0,2,0,0,0,289,0,1,0,7,0,240,52,0,0,2,3,0,0,0,286,11,0,0,0,0,0,296,0,1,0,0,15,1,275,4,2,10,287,77,156,4,248,227,41,13,2,32,0,5,15,0,0,140,126,23,7,1,47.14,42.42,7.74,2.36,0.34,1,7,266,23,0,0.34,2.36,89.56,7.74,0
Gandaki,Parbat,Mahashila,NP04,NP0442,NP0442404,2,149,142,7,0,0,140,7,2,0,0,144,5,0,0,0,0,0,0,104,2,5,0,38,0,0,0,140,0,0,0,9,0,105,39,0,0,0,4,1,0,0,148,1,0,0,0,0,0,149,0,0,0,0,9,3,136,0,1,1,148,80,97,1,139,111,1,4,2,6,0,0,0,0,0,60,82,4,3,0,40.27,55.03,2.68,2.01,0,0,7,133,9,0,0,4.7,89.26,6.04,0
Gandaki,Parbat,Mahashila,NP04,NP0442,NP0442404,3,268,252,14,0,2,263,5,0,0,0,260,8,0,0,0,0,0,0,218,1,13,0,36,0,0,0,249,4,0,0,15,0,198,70,0,0,0,0,0,0,0,243,25,0,0,0,0,0,267,1,0,0,0,8,6,252,0,2,6,262,63,131,1,217,167,9,6,0,27,1,1,0,0,0,136,115,16,1,0,50.75,42.91,5.97,0.37,0,0,10,245,13,0,0,3.73,91.42,4.85,0
Gandaki,Parbat,Mahashila,NP04,NP0442,NP0442404,4,533,512,18,2,1,517,12,4,0,0,493,40,0,0,0,0,0,0,497,11,8,4,13,0,0,0,443,1,0,1,78,10,167,366,0,0,0,0,0,0,0,508,22,1,0,2,0,0,529,3,0,0,1,6,32,490,1,4,29,504,278,318,5,460,401,23,30,3,37,10,4,18,1,0,204,255,64,9,1,38.27,47.84,12.01,1.69,0.19,2,45,478,8,0,0.38,8.44,89.68,1.5,0
Gandaki,Parbat,Mahashila,NP04,NP0442,NP0442404,5,600,565,19,7,9,554,37,9,0,0,553,45,1,1,0,0,0,0,452,26,5,1,115,1,0,0,540,2,5,4,46,3,427,152,0,0,0,21,0,0,0,556,43,0,0,0,0,1,592,3,2,2,1,20,6,563,4,7,18,582,256,299,6,442,336,25,19,2,30,0,0,1,0,0,325,218,38,18,1,54.17,36.33,6.33,3,0.17,3,41,535,21,0,0.5,6.83,89.17,3.5,0
Gandaki,Parbat,Mahashila,NP04,NP0442,NP0442404,6,210,206,4,0,0,197,13,0,0,0,197,13,0,0,0,0,0,0,183,0,3,0,24,0,0,0,199,0,0,0,10,1,186,4,0,1,5,14,0,0,0,205,4,0,0,1,0,0,209,1,0,0,0,5,5,196,0,4,0,210,156,68,1,183,139,1,0,0,3,0,0,0,0,0,147,51,8,4,0,70,24.29,3.81,1.9,0,3,6,184,17,0,1.43,2.86,87.62,8.1,0
Gandaki,Parbat,Bihadi,NP04,NP0442,NP0442403,1,413,360,20,1,32,389,10,10,4,0,393,14,2,1,0,3,0,0,382,11,13,0,7,0,0,0,389,4,3,0,17,0,235,174,0,0,3,0,1,0,0,401,10,1,0,1,0,0,412,0,0,0,1,16,343,47,1,6,16,397,256,228,3,359,273,4,195,1,12,12,15,13,0,0,132,108,163,9,1,31.96,26.15,39.47,2.18,0.24,2,24,381,6,0,0.48,5.81,92.25,1.45,0
Gandaki,Parbat,Bihadi,NP04,NP0442,NP0442403,2,436,418,16,0,2,378,38,15,5,0,378,51,3,3,0,1,0,0,377,46,8,5,0,0,0,0,369,1,3,2,54,7,259,136,0,1,0,40,0,0,0,416,13,0,0,7,0,0,429,4,2,0,1,48,93,287,6,2,14,422,195,220,3,369,323,17,34,6,60,4,68,11,0,0,163,193,60,14,6,37.39,44.27,13.76,3.21,1.38,6,49,340,40,1,1.38,11.24,77.98,9.17,0.23
Gandaki,Parbat,Bihadi,NP04,NP0442,NP0442403,3,526,504,10,1,11,415,77,25,7,2,411,107,2,6,0,0,0,0,443,65,10,8,0,0,0,0,411,22,1,0,89,3,249,224,0,3,11,25,0,0,14,473,52,1,0,0,0,0,502,13,5,0,6,30,230,263,1,2,43,483,281,275,5,420,365,26,347,2,63,62,72,45,0,1,124,172,171,45,14,23.57,32.7,32.51,8.56,2.66,7,121,368,29,1,1.33,23,69.96,5.51,0.19
Gandaki,Parbat,Bihadi,NP04,NP0442,NP0442403,4,331,316,14,1,0,286,33,12,0,0,283,48,0,0,0,0,0,0,289,33,7,1,1,0,0,0,282,3,4,1,41,0,173,156,0,1,1,0,0,0,0,304,25,0,0,2,0,0,330,1,0,0,0,68,17,246,0,0,19,312,65,219,27,229,251,25,57,7,50,1,27,12,0,0,79,161,68,15,8,23.87,48.64,20.54,4.53,2.42,8,45,273,5,0,2.42,13.6,82.48,1.51,0
Gandaki,Parbat,Bihadi,NP04,NP0442,NP0442403,5,469,442,10,3,14,425,29,13,2,0,331,134,1,1,1,0,1,0,419,30,19,0,1,0,0,0,313,0,1,1,154,0,406,61,0,0,2,0,0,0,0,429,39,1,0,0,0,0,464,2,1,0,2,12,2,436,13,6,13,456,118,218,5,418,347,21,69,10,71,8,38,39,1,0,155,182,90,35,7,33.05,38.81,19.19,7.46,1.49,5,103,341,20,0,1.07,21.96,72.71,4.26,0
Gandaki,Parbat,Bihadi,NP04,NP0442,NP0442403,6,548,500,35,2,11,434,69,39,6,0,431,112,0,5,0,0,0,0,449,90,9,0,0,0,0,0,431,14,5,2,96,0,213,266,0,0,2,67,0,0,0,484,63,0,0,1,0,0,547,1,0,0,0,8,110,425,1,4,7,541,237,379,9,476,457,59,127,8,86,10,183,87,0,1,125,235,117,49,22,22.81,42.88,21.35,8.94,4.01,13,97,373,65,0,2.37,17.7,68.07,11.86,0
Gandaki,Parbat,Paiyu,NP04,NP0442,NP0442405,1,287,267,18,1,1,283,1,2,1,0,282,4,1,0,0,0,0,0,262,2,4,1,18,0,0,0,277,2,0,0,8,0,171,103,0,1,10,2,0,0,0,282,4,0,0,1,0,0,287,0,0,0,0,2,5,260,10,10,7,280,54,130,0,219,214,5,20,4,27,0,33,5,0,0,154,120,11,2,0,53.66,41.81,3.83,0.7,0,1,3,276,7,0,0.35,1.05,96.17,2.44,0
Gandaki,Parbat,Paiyu,NP04,NP0442,NP0442405,2,395,355,33,2,5,284,21,89,1,0,264,128,1,1,1,0,0,0,283,107,2,1,2,0,0,0,249,0,1,2,141,2,216,172,0,0,0,0,6,0,1,242,146,1,0,6,0,0,392,0,2,0,1,18,92,283,0,2,4,391,160,262,5,379,365,46,82,8,54,27,107,7,9,1,72,172,54,65,32,18.23,43.54,13.67,16.46,8.1,85,43,266,1,0,21.52,10.89,67.34,0.25,0
Gandaki,Parbat,Paiyu,NP04,NP0442,NP0442405,3,523,511,10,0,2,454,54,9,6,0,440,74,1,7,0,1,0,0,467,48,7,0,1,0,0,0,428,5,2,2,85,1,188,304,0,12,14,5,0,0,0,493,29,0,0,1,0,0,522,0,0,1,0,17,10,481,9,6,7,516,127,239,2,440,414,25,114,14,41,7,56,11,1,0,205,212,81,19,6,39.2,40.54,15.49,3.63,1.15,5,66,441,11,0,0.96,12.62,84.32,2.1,0
Gandaki,Parbat,Paiyu,NP04,NP0442,NP0442405,4,905,635,260,7,3,441,93,361,9,1,423,464,0,17,0,1,0,0,508,387,8,0,2,0,0,0,385,10,42,5,458,5,624,274,0,2,5,0,0,0,0,447,455,2,0,1,0,0,898,6,1,0,0,9,231,655,2,8,8,897,120,563,34,706,789,134,325,18,174,68,456,259,21,1,141,217,161,231,155,15.58,23.98,17.79,25.52,17.13,325,165,407,8,0,35.91,18.23,44.97,0.88,0
Gandaki,Parbat,Paiyu,NP04,NP0442,NP0442405,5,356,347,9,0,0,341,2,10,3,0,337,16,1,2,0,0,0,0,333,13,10,0,0,0,0,0,280,0,0,0,76,0,326,26,0,0,0,4,0,0,0,339,16,1,0,0,0,0,351,0,0,0,5,10,22,300,10,14,6,350,74,156,6,312,226,7,5,4,31,4,2,0,0,0,167,158,28,3,0,46.91,44.38,7.87,0.84,0,5,18,319,14,0,1.4,5.06,89.61,3.93,0
Gandaki,Parbat,Paiyu,NP04,NP0442,NP0442405,6,389,383,6,0,0,357,20,12,0,0,359,29,1,0,0,0,0,0,353,22,14,0,0,0,0,0,322,1,2,1,55,8,169,149,0,0,0,71,0,0,0,375,14,0,0,0,0,0,387,0,2,0,0,6,3,379,1,0,16,373,74,236,1,351,307,11,23,4,40,2,9,17,0,0,159,174,42,13,1,40.87,44.73,10.8,3.34,0.26,3,29,298,59,0,0.77,7.46,76.61,15.17,0
Gandaki,Parbat,Paiyu,NP04,NP0442,NP0442405,7,413,402,8,0,3,383,26,0,4,0,387,23,0,3,0,0,0,0,387,21,4,0,1,0,0,0,354,27,0,1,31,0,76,319,0,0,2,16,0,0,0,381,31,0,0,0,1,0,409,4,0,0,0,35,194,183,0,1,5,408,136,222,0,391,347,14,16,7,12,1,0,6,0,0,98,262,44,9,0,23.73,63.44,10.65,2.18,0,0,53,354,6,0,0,12.83,85.71,1.45,0
Gandaki,Baglung,Baglung,NP04,NP0443,NP0443303,1,1361,640,709,8,4,265,532,563,1,0,257,1072,5,0,1,3,1,22,422,912,1,1,22,2,0,1,168,15,4,46,1127,1,967,234,2,0,3,13,0,141,1,65,1290,5,0,0,1,0,1338,22,0,0,1,51,1224,83,0,3,6,1355,181,830,130,495,1289,414,916,59,405,128,763,515,65,4,8,62,188,599,504,0.59,4.56,13.81,44.01,37.03,1001,282,75,3,0,73.55,20.72,5.51,0.22,0
Gandaki,Baglung,Baglung,NP04,NP0443,NP0443303,2,2216,759,1359,93,5,189,662,1359,3,3,196,2001,9,0,4,1,0,5,362,1798,5,2,37,12,0,0,138,38,28,262,1737,13,1581,130,0,4,5,69,1,421,5,51,2157,7,0,1,0,0,2185,29,1,0,1,42,1942,229,2,1,31,2185,321,1315,490,1189,2068,881,1714,169,779,284,1513,1004,276,40,1,56,197,890,1072,0.05,2.53,8.89,40.16,48.38,1798,336,82,0,0,81.14,15.16,3.7,0,0
Gandaki,Baglung,Baglung,NP04,NP0443,NP0443303,3,2782,1454,1294,20,14,981,778,1017,5,1,968,1802,5,0,2,4,0,1,1028,1529,2,8,213,2,0,0,796,38,48,100,1791,9,2004,574,5,6,13,94,9,74,3,538,2238,5,0,1,0,0,2744,35,2,1,0,82,2157,539,0,4,35,2747,715,1736,347,1933,2484,796,1841,142,660,246,1294,863,133,15,95,349,495,1011,832,3.41,12.54,17.79,36.34,29.91,1558,552,643,29,0,56,19.84,23.11,1.04,0
Gandaki,Baglung,Baglung,NP04,NP0443,NP0443303,4,1313,887,414,10,2,531,236,541,5,0,528,776,3,0,5,1,0,0,419,682,4,2,206,0,0,0,482,23,8,104,675,21,506,613,11,0,3,170,6,4,0,331,978,3,0,1,0,0,1299,11,2,0,1,9,1023,278,0,3,27,1286,200,727,93,731,1176,334,875,41,375,129,558,412,63,3,69,197,280,386,381,5.26,15,21.33,29.4,29.02,629,259,374,51,0,47.91,19.73,28.48,3.88,0
Gandaki,Baglung,Baglung,NP04,NP0443,NP0443303,5,538,533,3,2,0,530,7,0,1,0,527,10,1,0,0,0,0,0,178,4,3,0,353,0,0,0,498,6,0,0,31,3,11,484,3,0,2,36,2,0,0,521,16,0,0,0,1,0,534,3,0,0,1,15,347,175,0,1,24,514,169,323,4,400,432,77,192,14,93,15,6,14,1,0,107,263,154,11,3,19.89,48.88,28.62,2.04,0.56,4,10,499,25,0,0.74,1.86,92.75,4.65,0
Gandaki,Baglung,Baglung,NP04,NP0443,NP0443303,6,667,649,13,3,2,612,26,25,3,1,603,61,0,1,1,1,0,0,357,34,3,2,271,0,0,0,507,17,2,2,137,2,58,554,3,5,21,25,0,1,0,564,102,1,0,0,0,0,658,7,2,0,0,19,414,195,35,4,30,637,175,410,7,496,506,69,313,12,96,12,21,46,2,1,126,259,223,38,21,18.89,38.83,33.43,5.7,3.15,29,75,550,12,1,4.35,11.24,82.46,1.8,0.15
Gandaki,Baglung,Baglung,NP04,NP0443,NP0443303,7,871,852,9,3,7,842,12,16,1,0,730,140,0,0,1,0,0,0,333,23,4,0,511,0,0,0,627,46,2,2,193,1,128,727,10,0,4,2,0,0,0,811,59,1,0,0,0,0,852,11,4,1,3,34,113,717,6,1,30,841,236,573,11,676,680,94,310,9,93,7,15,30,0,0,226,361,242,37,5,25.95,41.45,27.78,4.25,0.57,4,81,782,4,0,0.46,9.3,89.78,0.46,0
Gandaki,Baglung,Baglung,NP04,NP0443,NP0443303,8,664,650,13,0,1,644,12,5,3,0,643,18,2,1,0,0,0,0,199,14,2,1,448,0,0,0,636,2,0,1,24,1,192,469,0,0,3,0,0,0,0,648,10,1,0,4,1,0,663,1,0,0,0,6,653,4,0,1,25,639,88,362,1,568,489,25,169,4,36,2,4,34,1,0,105,406,139,9,5,15.81,61.14,20.93,1.36,0.75,2,29,633,0,0,0.3,4.37,95.33,0,0
Gandaki,Baglung,Baglung,NP04,NP0443,NP0443303,9,930,904,23,1,2,909,10,10,1,0,897,29,0,1,1,2,0,0,555,27,9,1,338,0,0,0,642,13,0,3,271,1,54,837,3,0,5,23,7,0,1,843,83,2,0,1,1,0,911,17,1,0,1,45,349,535,0,1,36,894,187,560,6,625,725,69,358,7,61,13,57,89,0,0,219,408,250,43,10,23.55,43.87,26.88,4.62,1.08,10,113,775,32,0,1.08,12.15,83.33,3.44,0
Gandaki,Baglung,Baglung,NP04,NP0443,NP0443303,10,848,825,11,0,12,820,17,7,3,1,771,73,1,3,0,0,0,0,763,16,5,0,64,0,0,0,711,8,0,0,112,17,43,547,0,0,1,256,0,0,1,829,18,0,0,0,1,0,841,6,0,0,1,13,827,4,0,4,60,788,437,455,4,700,482,66,292,7,36,5,7,13,0,0,266,310,261,10,1,31.37,36.56,30.78,1.18,0.12,1,103,740,3,1,0.12,12.15,87.26,0.35,0.12
Gandaki,Baglung,Baglung,NP04,NP0443,NP0443303,11,442,429,9,4,0,431,3,7,1,0,431,11,0,0,0,0,0,0,281,17,51,2,90,0,0,1,402,13,4,0,23,0,42,395,0,1,1,3,0,0,0,426,15,0,0,0,1,0,435,6,0,0,1,35,405,2,0,0,24,418,205,170,0,353,225,10,129,1,0,0,0,1,0,1,154,202,82,4,0,34.84,45.7,18.55,0.9,0,4,30,407,1,0,0.9,6.79,92.08,0.23,0
Gandaki,Baglung,Baglung,NP04,NP0443,NP0443303,12,1144,1112,28,0,4,1062,67,10,5,0,980,153,2,8,0,1,0,0,607,34,6,1,494,2,0,0,883,10,11,0,235,5,43,893,5,0,1,166,33,1,2,1071,70,1,1,1,0,0,1131,6,5,0,2,14,681,430,4,15,36,1108,571,647,20,1066,733,139,566,7,54,12,37,29,0,0,314,442,306,67,15,27.45,38.64,26.75,5.86,1.31,12,171,842,119,0,1.05,14.95,73.6,10.4,0
Gandaki,Baglung,Baglung,NP04,NP0443,NP0443303,13,1336,1285,42,2,7,1234,71,30,1,0,1218,115,1,1,1,0,0,0,604,67,0,0,664,1,0,0,884,21,1,1,419,10,228,1003,0,0,8,97,0,0,0,1168,163,4,0,0,1,0,1313,18,4,0,1,26,727,577,0,6,48,1288,506,748,28,1176,818,78,638,14,73,2,84,112,7,0,262,619,356,81,18,19.61,46.33,26.65,6.06,1.35,15,230,1023,68,0,1.12,17.22,76.57,5.09,0
Gandaki,Baglung,Baglung,NP04,NP0443,NP0443303,14,812,752,51,1,8,674,94,42,0,2,651,155,1,1,1,0,0,3,500,104,3,0,205,0,0,0,613,10,1,4,179,5,761,48,0,0,0,2,0,1,0,540,259,3,0,10,0,0,796,14,0,0,2,32,670,105,1,4,17,795,212,516,57,665,625,136,534,7,133,69,232,179,14,0,104,183,340,124,61,12.81,22.54,41.87,15.27,7.51,68,216,527,1,0,8.37,26.6,64.9,0.12,0
Gandaki,Baglung,Kathekhola,NP04,NP0443,NP0443405,1,647,627,18,0,2,585,23,33,6,0,578,61,1,4,2,1,0,0,286,46,7,0,307,0,0,1,515,9,2,2,114,5,481,157,0,1,8,0,0,0,0,595,50,1,0,1,0,0,625,19,2,0,1,72,565,6,0,4,24,623,138,370,37,494,524,94,195,52,43,23,17,38,0,0,76,312,204,43,12,11.75,48.22,31.53,6.65,1.85,13,103,530,1,0,2.01,15.92,81.92,0.15,0
Gandaki,Baglung,Kathekhola,NP04,NP0443,NP0443405,2,830,792,30,1,7,788,36,5,1,0,805,21,0,1,3,0,0,0,158,30,3,0,639,0,0,0,780,6,3,1,36,4,355,435,0,0,2,36,1,0,1,808,22,0,0,0,0,0,822,5,2,0,1,5,659,151,10,5,35,795,248,387,11,600,628,69,223,13,52,3,6,27,1,0,221,411,175,18,5,26.63,49.52,21.08,2.17,0.6,4,38,750,38,0,0.48,4.58,90.36,4.58,0
Gandaki,Baglung,Kathekhola,NP04,NP0443,NP0443405,3,574,558,9,1,6,555,17,2,0,0,534,39,0,0,1,0,0,0,139,4,18,0,412,1,0,0,522,11,0,1,39,1,178,329,0,0,0,65,2,0,0,548,25,0,0,0,1,0,559,11,1,0,3,50,517,5,0,2,16,558,118,266,6,454,452,34,205,14,43,7,3,6,1,0,116,275,169,12,2,20.21,47.91,29.44,2.09,0.35,2,34,503,35,0,0.35,5.92,87.63,6.1,0
Gandaki,Baglung,Kathekhola,NP04,NP0443,NP0443405,4,857,848,7,0,2,824,26,3,4,0,822,29,1,0,2,3,0,0,72,13,17,1,754,0,0,0,705,14,1,0,135,2,111,727,0,0,5,13,0,0,1,791,63,0,0,1,1,1,845,6,0,0,6,31,801,22,1,2,14,843,397,399,24,681,642,74,159,26,45,13,13,26,0,1,145,485,201,20,6,16.92,56.59,23.45,2.33,0.7,2,66,776,13,0,0.23,7.7,90.55,1.52,0
Gandaki,Baglung,Kathekhola,NP04,NP0443,NP0443405,5,743,642,89,7,5,694,27,12,10,0,675,57,6,1,1,3,0,0,150,22,5,1,564,0,0,1,692,1,0,0,49,1,170,561,0,1,2,4,2,0,3,660,81,2,0,0,0,0,732,5,0,0,6,8,705,27,1,2,9,734,220,322,11,594,600,61,295,14,69,15,1,15,3,0,122,370,218,22,11,16.42,49.8,29.34,2.96,1.48,15,50,674,4,0,2.02,6.73,90.71,0.54,0
Gandaki,Baglung,Kathekhola,NP04,NP0443,NP0443405,6,553,518,34,0,1,524,23,4,2,0,513,37,0,0,1,2,0,0,78,12,6,3,454,0,0,0,455,4,2,0,92,0,58,492,0,0,1,1,0,0,1,511,42,0,0,0,0,0,545,7,0,0,1,3,507,33,0,10,12,541,256,312,11,458,424,47,245,10,59,4,3,23,3,0,79,241,197,28,8,14.29,43.58,35.62,5.06,1.45,7,44,499,2,1,1.27,7.96,90.24,0.36,0.18
Gandaki,Baglung,Kathekhola,NP04,NP0443,NP0443405,7,1132,1108,16,0,8,1075,29,24,4,0,1015,110,2,0,2,3,0,0,273,40,12,0,807,0,0,0,842,13,5,0,270,2,283,778,0,0,2,50,19,0,0,1050,79,2,0,0,0,1,1126,4,2,0,0,10,948,163,1,10,21,1111,349,637,8,828,939,63,420,16,45,2,11,44,1,2,174,529,374,42,13,15.37,46.73,33.04,3.71,1.15,15,142,925,50,0,1.33,12.54,81.71,4.42,0
Gandaki,Baglung,Kathekhola,NP04,NP0443,NP0443405,8,556,538,11,1,6,523,8,24,0,1,513,38,1,2,1,0,0,1,127,21,17,0,389,1,0,1,486,10,1,0,55,4,120,409,0,1,3,21,1,0,1,530,26,0,0,0,0,0,554,1,0,0,1,12,526,13,4,1,10,546,247,381,10,447,460,74,168,5,37,4,6,20,2,0,74,279,176,21,6,13.31,50.18,31.65,3.78,1.08,9,49,480,18,0,1.62,8.81,86.33,3.24,0
Gandaki,Baglung,Tarakhola,NP04,NP0443,NP0443404,1,491,463,21,1,6,482,7,2,0,0,465,20,4,0,1,1,0,0,26,1,7,1,455,1,0,0,422,3,0,0,64,2,49,438,0,0,0,2,1,0,1,471,20,0,0,0,0,0,489,1,1,0,0,2,289,199,0,1,9,482,125,274,1,338,395,31,87,6,14,2,3,1,0,0,115,281,87,7,1,23.42,57.23,17.72,1.43,0.2,0,27,459,5,0,0,5.5,93.48,1.02,0
Gandaki,Baglung,Tarakhola,NP04,NP0443,NP0443404,2,445,427,16,1,1,420,22,3,0,0,419,25,0,0,1,0,0,0,18,14,2,0,411,0,0,0,407,3,4,0,29,2,143,301,0,0,0,0,0,0,1,427,18,0,0,0,0,0,442,3,0,0,0,6,295,143,0,1,12,433,205,307,5,353,362,48,108,13,36,1,0,17,0,0,76,250,100,11,8,17.08,56.18,22.47,2.47,1.8,5,22,416,2,0,1.12,4.94,93.48,0.45,0
Gandaki,Baglung,Tarakhola,NP04,NP0443,NP0443404,3,467,446,5,2,14,439,26,1,1,0,405,61,0,1,0,0,0,0,26,8,1,1,430,1,0,0,412,14,1,1,37,2,173,291,0,1,1,1,0,0,0,436,29,2,0,0,0,0,447,15,5,0,0,20,217,226,3,1,2,465,223,201,3,368,396,23,78,10,23,2,0,7,3,1,134,248,68,11,6,28.69,53.1,14.56,2.36,1.28,3,46,411,7,0,0.64,9.85,88.01,1.5,0
Gandaki,Baglung,Tarakhola,NP04,NP0443,NP0443404,4,343,330,13,0,0,328,13,2,0,0,330,12,1,0,0,0,0,0,13,7,5,0,318,0,0,0,323,1,1,0,16,2,79,264,0,0,0,0,0,0,0,326,16,1,0,0,0,0,341,2,0,0,0,11,330,2,0,0,7,336,111,144,9,284,255,25,54,4,23,1,1,3,1,0,70,197,66,7,3,20.41,57.43,19.24,2.04,0.87,7,6,330,0,0,2.04,1.75,96.21,0,0
Gandaki,Baglung,Tarakhola,NP04,NP0443,NP0443404,5,591,568,16,1,6,585,5,0,1,0,582,4,3,0,2,0,0,0,8,5,0,0,578,0,0,0,579,3,0,0,9,0,20,563,0,0,0,8,0,0,0,582,9,0,0,0,0,0,582,4,0,1,4,3,379,201,0,8,16,575,114,285,2,571,312,50,148,16,34,6,2,5,0,0,253,225,109,3,1,42.81,38.07,18.44,0.51,0.17,0,4,577,10,0,0,0.68,97.63,1.69,0
Gandaki,Baglung,Tamankhola,NP04,NP0443,NP0443402,1,695,623,70,1,1,672,12,9,2,0,676,17,1,0,0,1,0,0,181,12,47,1,454,0,0,0,623,10,2,0,57,3,157,464,0,0,6,67,1,0,0,585,108,1,0,1,0,0,680,7,5,0,3,9,478,190,0,18,36,659,326,226,9,516,503,21,122,5,18,0,2,6,0,0,221,352,112,8,2,31.8,50.65,16.12,1.15,0.29,8,49,569,63,6,1.15,7.05,81.87,9.06,0.86
Gandaki,Baglung,Tamankhola,NP04,NP0443,NP0443402,2,641,629,6,0,6,581,55,1,3,1,629,0,5,6,0,1,0,0,137,0,45,2,457,0,0,0,624,3,1,0,12,1,189,406,0,1,1,44,0,0,0,627,13,1,0,0,0,0,622,5,2,0,12,5,612,11,2,11,64,577,228,133,1,458,421,11,325,6,8,1,0,0,0,0,198,307,135,1,0,30.89,47.89,21.06,0.16,0,0,14,574,51,2,0,2.18,89.55,7.96,0.31
Gandaki,Baglung,Tamankhola,NP04,NP0443,NP0443402,3,421,396,20,1,4,396,23,1,1,0,391,28,0,0,1,1,0,0,33,5,9,0,374,0,0,0,392,7,3,1,17,1,22,397,0,0,0,1,1,0,0,383,38,0,0,0,0,0,416,1,1,0,3,5,385,19,8,4,22,399,260,163,2,355,240,8,159,4,8,0,0,1,0,1,125,179,107,10,0,29.69,42.52,25.42,2.38,0,2,22,389,8,0,0.48,5.23,92.4,1.9,0
Gandaki,Baglung,Tamankhola,NP04,NP0443,NP0443402,4,273,271,2,0,0,271,2,0,0,0,272,0,0,0,1,0,0,0,31,3,0,0,239,0,0,0,251,3,3,0,16,0,253,19,0,0,1,0,0,0,0,264,9,0,0,0,0,0,268,5,0,0,0,41,117,114,0,1,0,273,154,162,2,265,231,45,102,24,0,1,0,0,0,0,54,141,77,1,0,19.78,51.65,28.21,0.37,0,0,18,255,0,0,0,6.59,93.41,0,0
Gandaki,Baglung,Tamankhola,NP04,NP0443,NP0443402,5,379,356,5,11,7,376,0,1,2,0,377,1,1,0,0,0,0,0,9,1,4,0,365,0,0,0,366,0,0,0,13,0,6,356,0,2,15,0,0,0,0,373,6,0,0,0,0,0,378,0,0,0,1,0,142,224,2,11,23,356,119,92,4,276,184,11,125,1,6,1,0,0,0,0,194,154,31,0,0,51.19,40.63,8.18,0,0,0,2,355,22,0,0,0.53,93.67,5.8,0
Gandaki,Baglung,Tamankhola,NP04,NP0443,NP0443402,6,202,202,0,0,0,202,0,0,0,0,202,0,0,0,0,0,0,0,7,0,0,0,195,0,0,0,202,0,0,0,0,0,202,0,0,0,0,0,0,0,0,202,0,0,0,0,0,0,202,0,0,0,0,2,200,0,0,0,15,187,136,32,0,157,52,1,1,0,1,0,0,0,0,0,139,61,2,0,0,68.81,30.2,0.99,0,0,0,0,202,0,0,0,0,100,0,0
Gandaki,Baglung,Dhorpatan,NP04,NP0443,NP0443301,1,1547,741,799,5,2,356,667,504,19,1,333,1183,27,0,0,4,0,0,347,939,3,0,257,1,0,0,283,50,1,19,1191,3,1284,260,0,0,0,3,0,0,0,130,1409,7,0,1,0,0,1528,15,0,0,4,5,1487,47,1,7,14,1533,309,817,107,1111,1443,239,1144,46,195,68,431,363,22,0,24,84,305,789,345,1.55,5.43,19.72,51,22.3,1024,329,192,2,0,66.19,21.27,12.41,0.13,0
Gandaki,Baglung,Dhorpatan,NP04,NP0443,NP0443598,1,1547,741,799,5,2,356,667,504,19,1,333,1183,27,0,0,4,0,0,347,939,3,0,257,1,0,0,283,50,1,19,1191,3,1284,260,0,0,0,3,0,0,0,130,1409,7,0,1,0,0,1528,15,0,0,4,5,1487,47,1,7,14,1533,309,817,107,1111,1443,239,1144,46,195,68,431,363,22,0,24,84,305,789,345,1.55,5.43,19.72,51,22.3,1024,329,192,2,0,66.19,21.27,12.41,0.13,0
Gandaki,Baglung,Dhorpatan,NP04,NP0443,NP0443301,2,941,731,171,0,39,748,110,76,6,1,730,185,15,0,2,8,0,1,471,90,11,0,368,1,0,0,698,17,1,2,220,3,417,507,0,1,4,11,1,0,0,590,348,0,0,3,0,0,923,7,1,0,10,15,898,12,0,16,10,931,696,432,31,681,806,46,726,18,39,8,32,57,0,1,85,268,412,135,41,9.03,28.48,43.78,14.35,4.36,163,142,623,11,2,17.32,15.09,66.21,1.17,0.21
Gandaki,Baglung,Dhorpatan,NP04,NP0443,NP0443598,2,941,731,171,0,39,748,110,76,6,1,730,185,15,0,2,8,0,1,471,90,11,0,368,1,0,0,698,17,1,2,220,3,417,507,0,1,4,11,1,0,0,590,348,0,0,3,0,0,923,7,1,0,10,15,898,12,0,16,10,931,696,432,31,681,806,46,726,18,39,8,32,57,0,1,85,268,412,135,41,9.03,28.48,43.78,14.35,4.36,163,142,623,11,2,17.32,15.09,66.21,1.17,0.21
Gandaki,Baglung,Dhorpatan,NP04,NP0443,NP0443301,3,649,604,12,2,31,599,41,5,2,2,612,32,1,0,0,3,0,1,380,28,6,0,233,1,0,1,570,16,6,0,49,8,100,363,0,0,2,184,0,0,0,610,34,4,0,0,1,0,616,26,1,0,6,19,603,21,1,5,20,629,370,199,5,427,456,6,212,7,3,1,1,5,0,0,184,357,87,19,2,28.35,55.01,13.41,2.93,0.31,2,60,476,110,1,0.31,9.24,73.34,16.95,0.15
Gandaki,Baglung,Dhorpatan,NP04,NP0443,NP0443598,3,649,604,12,2,31,599,41,5,2,2,612,32,1,0,0,3,0,1,380,28,6,0,233,1,0,1,570,16,6,0,49,8,100,363,0,0,2,184,0,0,0,610,34,4,0,0,1,0,616,26,1,0,6,19,603,21,1,5,20,629,370,199,5,427,456,6,212,7,3,1,1,5,0,0,184,357,87,19,2,28.35,55.01,13.41,2.93,0.31,2,60,476,110,1,0.31,9.24,73.34,16.95,0.15
Gandaki,Baglung,Dhorpatan,NP04,NP0443,NP0443301,4,934,904,23,0,7,900,32,1,1,0,892,36,1,1,4,0,0,0,105,28,17,1,783,0,0,0,869,16,1,0,48,0,300,614,0,2,8,7,3,0,0,882,52,0,0,0,0,0,917,9,1,0,7,16,902,10,0,6,29,905,399,341,5,615,697,20,486,15,7,1,1,8,0,0,192,458,263,21,0,20.56,49.04,28.16,2.25,0,14,39,862,19,0,1.5,4.18,92.29,2.03,0
Gandaki,Baglung,Dhorpatan,NP04,NP0443,NP0443598,4,934,904,23,0,7,900,32,1,1,0,892,36,1,1,4,0,0,0,105,28,17,1,783,0,0,0,869,16,1,0,48,0,300,614,0,2,8,7,3,0,0,882,52,0,0,0,0,0,917,9,1,0,7,16,902,10,0,6,29,905,399,341,5,615,697,20,486,15,7,1,1,8,0,0,192,458,263,21,0,20.56,49.04,28.16,2.25,0,14,39,862,19,0,1.5,4.18,92.29,2.03,0
Gandaki,Baglung,Dhorpatan,NP04,NP0443,NP0443301,5,761,727,24,2,8,732,24,3,2,0,714,37,5,0,3,2,0,0,413,19,7,0,321,0,0,1,693,11,1,0,53,3,294,444,0,0,2,19,1,0,1,665,96,0,0,0,0,0,751,5,1,0,4,122,441,190,0,8,26,735,368,339,1,453,594,19,168,2,31,4,7,17,0,0,222,392,118,25,4,29.17,51.51,15.51,3.29,0.53,20,56,671,14,0,2.63,7.36,88.17,1.84,0
Gandaki,Baglung,Dhorpatan,NP04,NP0443,NP0443598,5,761,727,24,2,8,732,24,3,2,0,714,37,5,0,3,2,0,0,413,19,7,0,321,0,0,1,693,11,1,0,53,3,294,444,0,0,2,19,1,0,1,665,96,0,0,0,0,0,751,5,1,0,4,122,441,190,0,8,26,735,368,339,1,453,594,19,168,2,31,4,7,17,0,0,222,392,118,25,4,29.17,51.51,15.51,3.29,0.53,20,56,671,14,0,2.63,7.36,88.17,1.84,0
Gandaki,Baglung,Dhorpatan,NP04,NP0443,NP0443301,6,888,878,4,1,5,858,18,3,8,1,851,20,6,7,0,4,0,0,437,8,19,1,406,17,0,0,852,12,1,0,22,1,80,792,0,2,9,2,2,0,1,848,37,0,0,2,1,0,844,14,6,0,24,51,601,193,4,39,102,786,321,168,2,654,474,11,223,3,14,1,2,1,0,0,460,318,104,5,1,51.8,35.81,11.71,0.56,0.11,4,31,818,31,4,0.45,3.49,92.12,3.49,0.45
Gandaki,Baglung,Dhorpatan,NP04,NP0443,NP0443598,6,888,878,4,1,5,858,18,3,8,1,851,20,6,7,0,4,0,0,437,8,19,1,406,17,0,0,852,12,1,0,22,1,80,792,0,2,9,2,2,0,1,848,37,0,0,2,1,0,844,14,6,0,24,51,601,193,4,39,102,786,321,168,2,654,474,11,223,3,14,1,2,1,0,0,460,318,104,5,1,51.8,35.81,11.71,0.56,0.11,4,31,818,31,4,0.45,3.49,92.12,3.49,0.45
Gandaki,Baglung,Dhorpatan,NP04,NP0443,NP0443301,7,506,488,14,2,2,470,34,2,0,0,461,42,1,0,1,1,0,0,222,23,5,0,253,2,0,1,412,33,2,10,44,5,124,354,0,1,2,24,0,0,1,425,75,2,0,0,4,0,466,35,3,0,2,23,313,144,8,18,81,425,127,109,6,339,345,18,166,6,13,2,1,3,0,0,182,209,99,16,0,35.97,41.3,19.57,3.16,0,10,64,409,23,0,1.98,12.65,80.83,4.55,0
Gandaki,Baglung,Dhorpatan,NP04,NP0443,NP0443598,7,506,488,14,2,2,470,34,2,0,0,461,42,1,0,1,1,0,0,222,23,5,0,253,2,0,1,412,33,2,10,44,5,124,354,0,1,2,24,0,0,1,425,75,2,0,0,4,0,466,35,3,0,2,23,313,144,8,18,81,425,127,109,6,339,345,18,166,6,13,2,1,3,0,0,182,209,99,16,0,35.97,41.3,19.57,3.16,0,10,64,409,23,0,1.98,12.65,80.83,4.55,0
Gandaki,Baglung,Dhorpatan,NP04,NP0443,NP0443301,8,415,413,2,0,0,392,12,11,0,0,387,26,1,0,0,1,0,0,179,15,0,0,207,14,0,0,370,7,0,2,35,1,29,359,0,1,6,19,1,0,0,371,43,0,0,0,1,0,398,9,1,0,7,21,138,203,5,48,64,351,116,31,1,276,163,3,2,2,17,0,2,5,0,0,295,89,21,8,2,71.08,21.45,5.06,1.93,0.48,10,29,344,32,0,2.41,6.99,82.89,7.71,0
Gandaki,Baglung,Dhorpatan,NP04,NP0443,NP0443598,8,415,413,2,0,0,392,12,11,0,0,387,26,1,0,0,1,0,0,179,15,0,0,207,14,0,0,370,7,0,2,35,1,29,359,0,1,6,19,1,0,0,371,43,0,0,0,1,0,398,9,1,0,7,21,138,203,5,48,64,351,116,31,1,276,163,3,2,2,17,0,2,5,0,0,295,89,21,8,2,71.08,21.45,5.06,1.93,0.48,10,29,344,32,0,2.41,6.99,82.89,7.71,0
Gandaki,Baglung,Dhorpatan,NP04,NP0443,NP0443301,9,844,804,17,0,23,809,27,3,4,1,801,37,1,1,0,3,1,0,261,23,4,2,483,71,0,0,761,30,4,4,38,7,103,566,0,5,20,138,11,0,1,783,58,2,1,0,0,0,696,74,0,0,74,18,455,210,5,156,115,729,230,64,1,615,379,4,13,0,20,2,0,1,0,0,569,229,42,4,0,67.42,27.13,4.98,0.47,0,4,47,604,185,4,0.47,5.57,71.56,21.92,0.47
Gandaki,Baglung,Dhorpatan,NP04,NP0443,NP0443598,9,844,804,17,0,23,809,27,3,4,1,801,37,1,1,0,3,1,0,261,23,4,2,483,71,0,0,761,30,4,4,38,7,103,566,0,5,20,138,11,0,1,783,58,2,1,0,0,0,696,74,0,0,74,18,455,210,5,156,115,729,230,64,1,615,379,4,13,0,20,2,0,1,0,0,569,229,42,4,0,67.42,27.13,4.98,0.47,0,4,47,604,185,4,0.47,5.57,71.56,21.92,0.47
Gandaki,Baglung,Nisikhola,NP04,NP0443,NP0443401,1,872,841,19,1,11,832,38,1,1,0,826,37,4,0,4,0,1,0,179,9,19,1,642,22,0,0,831,3,2,1,32,3,69,586,0,3,5,197,2,0,10,839,32,0,0,1,0,0,825,9,4,1,33,6,553,291,2,20,99,773,319,229,0,646,407,8,54,1,9,0,2,5,0,0,513,290,54,13,2,58.83,33.26,6.19,1.49,0.23,6,29,614,222,1,0.69,3.33,70.41,25.46,0.11
Gandaki,Baglung,Nisikhola,NP04,NP0443,NP0443401,2,950,933,13,0,4,921,23,3,3,0,914,30,1,2,2,1,0,0,356,26,32,1,535,0,0,0,875,29,2,1,42,1,391,536,0,0,22,0,0,0,1,891,55,0,0,4,0,0,926,9,1,0,14,22,677,231,1,19,31,919,371,318,0,607,490,22,274,5,13,4,0,12,0,0,376,431,123,18,2,39.58,45.37,12.95,1.89,0.21,4,52,862,31,1,0.42,5.47,90.74,3.26,0.11
Gandaki,Baglung,Nisikhola,NP04,NP0443,NP0443401,3,779,771,5,0,3,752,25,1,1,0,748,27,1,0,1,0,2,0,99,17,12,1,648,2,0,0,735,13,0,4,27,0,131,637,0,1,5,3,0,1,1,758,21,0,0,0,0,0,764,5,3,0,7,20,673,81,2,3,30,749,306,266,3,496,561,20,59,3,13,3,0,0,0,0,224,488,53,13,1,28.75,62.64,6.8,1.67,0.13,5,30,733,10,1,0.64,3.85,94.09,1.28,0.13
Gandaki,Baglung,Nisikhola,NP04,NP0443,NP0443401,4,739,681,57,1,0,629,98,8,4,0,625,105,2,4,0,2,1,0,207,56,14,11,450,1,0,0,590,9,3,1,133,3,49,452,0,0,1,235,1,0,1,641,96,0,0,0,0,2,721,14,3,0,1,8,587,144,0,0,29,710,348,316,6,476,493,38,61,3,34,4,3,29,2,0,275,317,79,48,20,37.21,42.9,10.69,6.5,2.71,19,105,469,146,0,2.57,14.21,63.46,19.76,0
Gandaki,Baglung,Nisikhola,NP04,NP0443,NP0443401,5,876,836,27,2,11,815,51,7,2,1,800,66,6,1,2,1,0,0,182,32,31,0,574,57,0,0,776,14,2,2,79,3,147,662,0,1,40,7,18,0,1,817,59,0,0,0,0,0,781,39,16,1,39,20,663,111,6,76,145,731,159,85,2,605,382,8,32,3,18,2,1,11,0,0,487,306,57,20,6,55.59,34.93,6.51,2.28,0.68,14,67,681,113,1,1.6,7.65,77.74,12.9,0.11
Gandaki,Baglung,Nisikhola,NP04,NP0443,NP0443401,6,821,790,26,0,5,790,27,1,0,3,793,23,1,0,0,3,0,1,105,10,21,0,652,33,0,0,758,4,0,5,54,0,63,604,0,15,23,107,9,0,0,776,44,1,0,0,0,0,783,25,3,0,10,7,678,59,7,70,189,632,190,53,1,525,410,18,172,4,23,1,2,3,0,0,412,346,43,16,4,50.18,42.14,5.24,1.95,0.49,13,37,621,145,5,1.58,4.51,75.64,17.66,0.61
Gandaki,Baglung,Nisikhola,NP04,NP0443,NP0443401,7,598,588,6,0,4,587,7,1,3,0,584,8,5,1,0,0,0,0,104,8,3,0,481,1,0,1,584,3,1,0,10,0,95,441,0,2,10,46,4,0,0,575,16,1,0,6,0,0,538,15,26,0,19,20,507,59,1,11,37,561,250,177,8,534,455,5,201,3,12,4,4,4,1,0,149,376,67,4,2,24.92,62.88,11.2,0.67,0.33,3,12,515,68,0,0.5,2.01,86.12,11.37,0
Gandaki,Baglung,Badigad,NP04,NP0443,NP0443403,1,538,527,9,2,0,529,5,3,1,0,522,7,5,0,4,0,0,0,221,4,69,1,242,1,0,0,488,15,2,0,32,1,185,341,0,0,2,8,1,0,1,479,56,1,0,0,2,0,507,21,9,0,1,44,185,299,1,9,9,529,184,214,5,412,378,23,43,3,3,0,2,2,0,0,239,241,52,6,0,44.42,44.8,9.67,1.12,0,2,33,437,66,0,0.37,6.13,81.23,12.27,0
Gandaki,Baglung,Badigad,NP04,NP0443,NP0443403,2,747,571,164,2,10,432,168,49,97,1,485,246,7,7,1,1,0,0,419,202,11,25,89,0,0,1,473,20,1,9,240,4,125,616,0,0,2,2,1,0,1,480,263,2,0,2,0,0,743,1,1,0,2,7,329,395,7,9,38,709,261,297,39,517,564,75,261,11,84,38,218,155,9,2,177,238,155,103,74,23.69,31.86,20.75,13.79,9.91,62,210,459,16,0,8.3,28.11,61.45,2.14,0
Gandaki,Baglung,Badigad,NP04,NP0443,NP0443403,3,449,429,5,0,15,444,3,1,1,0,440,8,0,1,0,0,0,0,115,6,120,0,205,3,0,0,429,4,2,0,13,1,189,196,0,6,53,5,0,0,0,446,3,0,0,0,0,0,442,5,1,0,1,4,426,9,4,6,31,418,342,95,10,373,233,13,202,0,2,0,1,3,0,0,206,180,59,3,1,45.88,40.09,13.14,0.67,0.22,1,10,404,34,0,0.22,2.23,89.98,7.57,0
Gandaki,Baglung,Badigad,NP04,NP0443,NP0443403,4,796,772,16,0,8,771,17,3,5,0,769,20,2,2,2,1,0,0,110,10,64,0,612,0,0,0,743,10,0,1,42,0,260,486,0,0,3,47,0,0,0,763,27,2,0,1,3,0,750,34,4,0,8,13,767,13,0,3,7,789,360,182,5,675,586,35,317,13,15,7,4,2,0,0,208,444,129,13,2,26.13,55.78,16.21,1.63,0.25,5,32,702,54,3,0.63,4.02,88.19,6.78,0.38
Gandaki,Baglung,Badigad,NP04,NP0443,NP0443403,5,1003,866,110,8,19,836,90,61,15,1,778,199,14,5,2,4,0,1,395,130,58,1,413,5,0,1,771,19,20,4,183,6,469,256,0,0,3,274,0,1,0,836,156,0,0,7,4,0,988,11,3,1,0,28,672,301,0,2,37,966,492,490,14,855,717,71,461,15,64,12,83,124,9,1,258,378,233,86,48,25.72,37.69,23.23,8.57,4.79,57,147,614,183,2,5.68,14.66,61.22,18.25,0.2
Gandaki,Baglung,Badigad,NP04,NP0443,NP0443403,6,467,420,43,0,4,399,26,40,2,0,376,86,3,0,0,2,0,0,285,56,11,0,115,0,0,0,372,4,0,2,89,0,116,346,0,0,0,5,0,0,0,380,86,0,0,0,1,0,450,15,1,1,0,7,458,0,2,0,19,448,133,198,4,307,346,28,39,4,14,0,12,23,0,1,88,262,56,47,14,18.84,56.1,11.99,10.06,3,47,61,357,2,0,10.06,13.06,76.45,0.43,0
Gandaki,Baglung,Badigad,NP04,NP0443,NP0443403,7,854,780,71,0,3,738,48,66,2,0,708,127,5,1,0,13,0,0,219,81,35,1,517,1,0,0,708,5,0,0,141,0,104,690,0,0,1,59,0,0,0,701,149,0,0,4,0,0,851,2,1,0,0,32,658,158,3,3,53,801,363,334,7,568,400,36,172,10,30,2,35,66,0,0,342,306,100,73,33,40.05,35.83,11.71,8.55,3.86,84,72,621,77,0,9.84,8.43,72.72,9.02,0
Gandaki,Baglung,Badigad,NP04,NP0443,NP0443403,8,581,566,12,0,3,569,9,2,1,0,569,9,1,1,1,0,0,0,58,4,37,2,479,1,0,0,546,2,1,8,24,0,185,359,0,0,34,2,0,0,1,568,10,0,0,3,0,0,566,11,3,0,1,23,455,97,4,2,34,547,351,180,1,525,410,30,265,8,6,0,0,1,0,0,182,267,126,6,0,31.33,45.96,21.69,1.03,0,2,15,551,13,0,0.34,2.58,94.84,2.24,0
Gandaki,Baglung,Badigad,NP04,NP0443,NP0443403,9,565,541,21,1,2,542,14,5,3,1,543,17,2,2,0,1,0,0,108,13,8,0,436,0,0,0,533,9,0,0,21,2,56,472,0,0,9,13,15,0,0,539,25,0,0,0,0,1,551,9,5,0,0,8,537,7,0,13,68,497,259,193,5,353,412,23,247,12,20,4,4,1,0,0,147,271,132,12,3,26.02,47.96,23.36,2.12,0.53,3,21,519,20,2,0.53,3.72,91.86,3.54,0.35
Gandaki,Baglung,Badigad,NP04,NP0443,NP0443403,10,745,741,4,0,0,718,11,0,15,1,718,2,12,8,5,0,0,0,63,5,57,0,620,0,0,0,716,17,0,1,9,2,139,536,0,3,8,58,0,0,1,718,22,0,0,3,2,0,546,123,3,0,73,35,598,103,0,9,21,724,350,119,22,641,559,11,217,2,14,2,0,1,0,0,226,438,77,3,1,30.34,58.79,10.34,0.4,0.13,0,7,630,98,10,0,0.94,84.56,13.15,1.34
Gandaki,Baglung,Galkot,NP04,NP0443,NP0443302,1,899,839,52,3,5,797,62,34,3,3,787,97,7,0,6,0,0,2,107,54,30,2,705,0,0,1,664,12,7,2,211,3,317,549,0,1,2,29,0,0,1,802,96,1,0,0,0,0,880,13,4,0,2,38,397,452,2,10,29,870,220,439,5,702,687,65,355,23,40,6,5,20,0,1,229,385,214,60,11,25.47,42.83,23.8,6.67,1.22,29,102,721,45,2,3.23,11.35,80.2,5.01,0.22
Gandaki,Baglung,Galkot,NP04,NP0443,NP0443302,2,701,640,60,1,0,590,90,18,3,0,540,154,7,0,0,0,0,0,72,48,2,0,578,1,0,0,567,5,1,5,120,3,100,588,0,2,2,9,0,0,0,631,70,0,0,0,0,0,701,0,0,0,0,25,239,435,2,0,30,671,125,314,9,452,596,52,303,11,60,17,17,52,3,0,210,257,157,54,23,29.96,36.66,22.4,7.7,3.28,28,91,569,13,0,3.99,12.98,81.17,1.85,0
Gandaki,Baglung,Galkot,NP04,NP0443,NP0443302,3,1138,814,317,6,1,641,180,316,1,0,597,526,9,0,4,2,0,0,158,405,4,80,486,5,0,0,523,15,40,59,494,7,398,734,0,1,3,2,0,0,0,488,645,4,0,1,0,0,1124,10,4,0,0,17,377,735,0,9,17,1121,333,534,56,1018,969,181,617,44,174,33,174,267,82,2,137,288,247,292,174,12.04,25.31,21.7,25.66,15.29,333,236,566,3,0,29.26,20.74,49.74,0.26,0
Gandaki,Baglung,Galkot,NP04,NP0443,NP0443302,4,583,520,37,1,25,524,27,32,0,0,507,73,0,0,2,1,0,0,69,53,0,0,461,0,0,0,429,12,1,0,140,1,95,379,0,0,0,105,0,0,4,498,84,0,0,0,1,0,574,8,1,0,0,3,42,537,0,1,14,569,141,272,3,464,497,62,299,6,68,11,17,53,9,0,161,249,110,42,21,27.62,42.71,18.87,7.2,3.6,24,69,382,108,0,4.12,11.84,65.52,18.52,0
Gandaki,Baglung,Galkot,NP04,NP0443,NP0443302,5,716,583,123,0,10,558,107,51,0,0,544,167,1,0,4,0,0,0,42,107,0,1,565,1,0,0,518,12,10,6,169,1,208,507,0,0,1,0,0,0,0,453,260,0,0,3,0,0,712,2,1,1,0,9,506,199,0,2,8,708,234,326,33,637,639,96,473,19,68,15,30,98,23,2,73,262,215,111,55,10.2,36.59,30.03,15.5,7.68,97,88,531,0,0,13.55,12.29,74.16,0,0
Gandaki,Baglung,Galkot,NP04,NP0443,NP0443302,6,666,509,118,1,38,411,168,81,6,0,394,264,2,0,2,4,0,0,99,188,4,0,375,0,0,0,351,21,14,9,268,3,210,448,0,0,7,1,0,0,0,455,204,2,0,5,0,0,636,29,1,0,0,12,305,347,0,2,4,662,383,276,5,632,584,56,340,10,38,0,21,38,4,1,100,207,197,135,27,15.02,31.08,29.58,20.27,4.05,117,143,404,2,0,17.57,21.47,60.66,0.3,0
Gandaki,Baglung,Galkot,NP04,NP0443,NP0443302,7,527,463,55,0,9,412,91,21,3,0,392,131,0,0,2,2,0,0,39,79,2,2,404,1,0,0,382,8,0,0,134,3,197,245,0,0,32,52,0,0,1,415,112,0,0,0,0,0,521,2,4,0,0,7,161,359,0,0,5,522,178,288,1,472,464,60,305,31,76,17,20,102,22,0,118,191,96,74,48,22.39,36.24,18.22,14.04,9.11,49,74,326,78,0,9.3,14.04,61.86,14.8,0
Gandaki,Baglung,Galkot,NP04,NP0443,NP0443302,8,511,416,85,1,9,373,77,58,3,0,369,130,4,0,6,0,2,0,158,82,10,1,258,1,0,1,345,13,6,0,145,2,156,301,0,1,3,18,0,0,32,401,108,1,0,0,0,1,373,136,2,0,0,31,202,269,3,6,11,500,154,244,13,406,412,56,172,12,45,5,25,52,5,0,154,157,101,64,35,30.14,30.72,19.77,12.52,6.85,50,82,322,56,1,9.78,16.05,63.01,10.96,0.2
Gandaki,Baglung,Galkot,NP04,NP0443,NP0443302,9,502,453,45,1,3,403,64,25,10,0,401,90,7,0,1,0,1,2,215,33,2,1,248,0,0,3,344,8,2,3,140,5,278,125,0,0,0,99,0,0,0,457,39,1,0,2,1,2,496,6,0,0,0,31,136,333,1,1,10,492,144,243,4,322,411,50,243,12,36,6,8,16,5,0,126,189,140,37,10,25.1,37.65,27.89,7.37,1.99,12,72,368,50,0,2.39,14.34,73.31,9.96,0
Gandaki,Baglung,Galkot,NP04,NP0443,NP0443302,10,605,573,26,0,6,553,40,10,1,1,544,53,5,0,3,0,0,0,117,25,6,0,456,0,0,1,514,2,4,2,81,2,81,461,0,2,5,55,1,0,0,558,46,0,0,0,0,1,604,1,0,0,0,14,445,144,0,2,21,584,182,263,3,460,447,24,83,7,7,2,1,2,0,0,192,292,100,19,2,31.74,48.26,16.53,3.14,0.33,10,59,494,42,0,1.65,9.75,81.65,6.94,0
Gandaki,Baglung,Galkot,NP04,NP0443,NP0443302,11,866,820,21,3,22,823,22,15,6,0,821,36,2,5,1,1,0,0,443,32,76,80,235,0,0,0,737,18,2,2,105,2,446,375,0,0,5,40,0,0,0,823,41,0,0,1,1,0,815,46,1,1,3,12,727,104,1,22,28,838,455,416,0,710,689,67,334,20,60,7,19,45,1,1,197,400,231,30,8,22.75,46.19,26.67,3.46,0.92,9,90,721,44,2,1.04,10.39,83.26,5.08,0.23
Gandaki,Baglung,Bareng,NP04,NP0443,NP0443406,1,773,716,48,7,2,699,38,36,0,0,703,69,0,0,1,0,0,0,188,53,83,1,448,0,0,0,693,14,8,2,54,2,189,534,0,0,1,47,0,1,1,690,82,1,0,0,0,0,746,21,3,0,3,52,639,78,2,2,35,738,298,326,8,637,538,37,52,2,17,4,0,0,0,1,223,439,69,36,6,28.85,56.79,8.93,4.66,0.78,41,42,642,48,0,5.3,5.43,83.05,6.21,0
Gandaki,Baglung,Bareng,NP04,NP0443,NP0443406,2,875,813,51,1,10,828,40,5,1,1,828,45,2,0,0,0,0,0,358,40,111,1,365,0,0,0,823,5,1,1,45,0,59,791,0,4,9,4,5,0,3,815,59,0,0,0,1,0,861,6,8,0,0,10,831,30,0,4,19,856,434,373,11,714,694,40,173,13,20,7,1,21,0,0,209,486,151,21,8,23.89,55.54,17.26,2.4,0.91,22,46,785,21,1,2.51,5.26,89.71,2.4,0.11
Gandaki,Baglung,Bareng,NP04,NP0443,NP0443406,3,718,660,36,5,17,676,16,15,11,0,671,33,11,2,1,0,0,0,306,29,55,3,325,0,0,0,661,11,5,1,38,2,485,225,0,1,1,6,0,0,0,685,27,5,0,1,0,0,692,17,7,0,2,38,489,187,0,4,18,700,370,349,8,569,523,33,82,5,18,4,2,6,2,0,210,418,69,17,4,29.25,58.22,9.61,2.37,0.56,6,45,642,24,1,0.84,6.27,89.42,3.34,0.14
Gandaki,Baglung,Bareng,NP04,NP0443,NP0443406,4,327,304,10,0,13,310,10,6,1,0,302,17,5,3,0,0,0,0,163,12,11,0,141,0,0,0,301,3,1,1,19,2,137,110,0,0,0,75,4,0,1,308,19,0,0,0,0,0,321,1,4,0,1,5,312,9,0,1,14,313,194,149,1,276,182,10,30,1,4,1,2,2,0,0,110,187,21,8,1,33.64,57.19,6.42,2.45,0.31,4,18,289,16,0,1.22,5.5,88.38,4.89,0
Gandaki,Baglung,Bareng,NP04,NP0443,NP0443406,5,232,224,2,1,5,231,1,0,0,0,228,2,0,1,1,0,0,0,150,1,5,0,76,0,0,0,226,4,0,0,2,0,131,98,0,0,0,1,1,0,1,224,7,0,0,0,1,0,230,1,0,0,1,8,220,3,0,1,3,229,122,118,4,167,193,9,6,1,4,0,1,0,0,0,35,178,17,2,0,15.09,76.72,7.33,0.86,0,1,6,222,3,0,0.43,2.59,95.69,1.29,0
Gandaki,Baglung,Jaimuni,NP04,NP0443,NP0443304,1,765,617,130,17,1,553,27,176,9,0,507,237,3,14,0,3,0,1,345,131,4,1,284,0,0,0,431,6,11,0,316,1,177,540,0,0,5,27,0,15,1,503,262,0,0,0,0,0,761,2,1,0,1,8,649,97,1,10,11,754,183,392,61,613,585,139,343,56,110,48,200,107,1,2,128,230,201,98,108,16.73,30.07,26.27,12.81,14.12,161,143,451,10,0,21.05,18.69,58.95,1.31,0
Gandaki,Baglung,Jaimuni,NP04,NP0443,NP0443304,2,631,572,53,4,2,595,35,1,0,0,580,47,3,1,0,0,0,0,309,7,11,3,301,0,0,0,577,5,0,1,44,4,200,411,0,0,4,16,0,0,0,606,24,0,0,1,0,0,630,0,1,0,0,78,353,200,0,0,14,617,384,258,4,559,485,22,261,2,17,0,0,2,0,2,143,342,132,14,0,22.66,54.2,20.92,2.22,0,2,48,564,17,0,0.32,7.61,89.38,2.69,0
Gandaki,Baglung,Jaimuni,NP04,NP0443,NP0443304,3,538,513,16,0,9,520,15,2,1,0,462,68,4,1,3,0,0,0,209,8,28,0,293,0,0,0,402,10,7,6,109,4,47,484,0,1,6,0,0,0,0,500,34,1,0,2,0,1,523,11,4,0,0,45,333,154,1,5,23,515,172,258,4,428,406,20,82,4,2,2,0,2,0,0,160,228,138,12,0,29.74,42.38,25.65,2.23,0,2,104,414,18,0,0.37,19.33,76.95,3.35,0
Gandaki,Baglung,Jaimuni,NP04,NP0443,NP0443304,4,522,488,22,5,7,506,11,2,3,0,454,58,1,7,1,1,0,0,170,8,8,0,336,0,0,0,348,8,0,0,164,2,107,357,0,0,6,15,36,0,1,485,33,1,0,1,1,1,516,4,1,0,1,12,461,41,0,8,12,510,211,296,0,421,353,12,252,7,8,1,5,4,0,0,106,197,206,12,1,20.31,37.74,39.46,2.3,0.19,6,77,399,39,1,1.15,14.75,76.44,7.47,0.19
Gandaki,Baglung,Jaimuni,NP04,NP0443,NP0443304,5,536,520,10,2,4,506,23,0,7,0,491,31,2,9,3,0,0,0,240,4,3,1,287,0,0,1,295,15,1,2,221,2,154,336,0,0,39,6,0,0,1,508,28,0,0,0,0,0,518,14,4,0,0,4,487,38,4,3,12,524,246,245,1,418,406,24,221,1,23,5,43,6,0,0,88,242,188,14,4,16.42,45.15,35.07,2.61,0.75,4,86,435,11,0,0.75,16.04,81.16,2.05,0
Gandaki,Baglung,Jaimuni,NP04,NP0443,NP0443304,6,441,418,21,0,2,378,61,1,1,0,351,86,0,3,1,0,0,0,246,19,8,0,168,0,0,0,254,3,1,1,180,2,88,207,0,1,1,84,60,0,0,388,50,0,0,1,2,0,413,25,1,0,2,6,412,17,0,6,8,433,215,259,7,364,336,33,187,2,25,7,32,31,0,0,64,168,166,39,4,14.51,38.1,37.64,8.84,0.91,3,127,264,47,0,0.68,28.8,59.86,10.66,0
Gandaki,Baglung,Jaimuni,NP04,NP0443,NP0443304,7,854,804,33,2,15,839,3,2,8,2,795,46,0,10,2,0,0,1,394,6,38,0,415,0,0,1,694,8,2,1,145,4,65,755,0,0,2,5,24,1,2,807,40,3,0,0,0,4,841,11,2,0,0,25,801,17,2,9,47,807,377,421,3,701,522,26,155,8,26,2,13,23,0,0,225,415,200,12,2,26.35,48.59,23.42,1.41,0.23,2,76,756,17,3,0.23,8.9,88.52,1.99,0.35
Gandaki,Baglung,Jaimuni,NP04,NP0443,NP0443304,8,967,950,17,0,0,939,21,5,2,0,922,41,2,1,1,0,0,0,447,20,62,0,437,1,0,0,887,6,0,1,69,4,22,821,0,5,2,87,26,0,4,938,29,0,0,0,0,0,951,8,4,1,3,9,861,47,1,49,42,925,369,327,3,696,650,34,421,6,27,1,21,14,0,0,298,437,216,13,3,30.82,45.19,22.34,1.34,0.31,3,51,836,74,3,0.31,5.27,86.45,7.65,0.31
Gandaki,Baglung,Jaimuni,NP04,NP0443,NP0443304,9,718,705,7,0,6,700,18,0,0,0,679,33,3,1,2,0,0,0,161,9,16,0,532,0,0,0,678,12,1,1,26,0,207,459,0,0,1,51,0,0,0,694,20,1,0,1,1,1,698,10,9,1,0,39,663,12,1,3,46,672,292,349,2,610,569,27,16,10,13,4,2,0,0,0,149,489,75,4,1,20.75,68.11,10.45,0.56,0.14,2,32,636,48,0,0.28,4.46,88.58,6.69,0
Gandaki,Baglung,Jaimuni,NP04,NP0443,NP0443304,10,856,804,33,0,19,816,33,5,2,0,797,54,3,0,1,1,0,0,175,18,26,0,637,0,0,0,802,7,2,1,43,1,159,666,0,1,3,21,3,0,3,829,27,0,0,0,0,0,845,7,4,0,0,8,751,88,2,7,30,826,317,374,4,675,528,55,27,8,33,4,6,21,0,0,283,457,96,18,2,33.06,53.39,11.21,2.1,0.23,6,32,805,13,0,0.7,3.74,94.04,1.52,0
