province,district,municipality,adm1_pcode,adm2_pcode,adm3_pcode,total_households,population_total,population_male,population_female,average_household_size,sex_ratio,total_population_10_years_and_older,male_population_10_years_and_older,female_population_10_years_and_older,total_usually_economically_active_employed,male_usually_economically_active_employed,female_usually_economically_active_employed,total_usually_economically_active_unemployed,male_usually_economically_active_unemployed,female_usually_economically_active_unemployed,total_not_usually_economically_active,male_not_usually_economically_active,female_not_usually_economically_active,total_not_economically_active,male_not_economically_active,female_not_economically_active,total_economic_activity_not_stated,male_economic_activity_not_stated,female_economic_activity_not_stated,total_all_ages,total_00_04_yrs,total_05_09_yrs,total_10_14_yrs,total_15_19_yrs,total_20_24_yrs,total_25_29_yrs,total_30_34_yrs,total_35_39_yrs,total_40_44_yrs,total_45_49_yrs,total_50_54_yrs,total_55_59_yrs,total_60_64_yrs,total_65_69_yrs,total_70_74_yrs,total_75_79_yrs,total_80_84_yrs,total_85_89_yrs,total_90_94_yrs,total_95plus_yrs,male_all_ages,male_00_04_yrs,male_05_09_yrs,male_10_14_yrs,male_15_19_yrs,male_20_24_yrs,male_25_29_yrs,male_30_34_yrs,male_35_39_yrs,male_40_44_yrs,male_45_49_yrs,male_50_54_yrs,male_55_59_yrs,male_60_64_yrs,male_65_69_yrs,male_70_74_yrs,male_75_79_yrs,male_80_84_yrs,male_85_89_yrs,male_90_94_yrs,male_95plus_yrs,female_all_ages,female_00_04_yrs,female_05_09_yrs,female_10_14_yrs,female_15_19_yrs,female_20_24_yrs,female_25_29_yrs,female_30_34_yrs,female_35_39_yrs,female_40_44_yrs,female_45_49_yrs,female_50_54_yrs,female_55_59_yrs,female_60_64_yrs,female_65_69_yrs,female_70_74_yrs,female_75_79_yrs,female_80_84_yrs,female_85_89_yrs,female_90_94_yrs,female_95plus_yrs,total_children_5_17,male_children_5_17,female_children_5_17,currently_attending_school_male,currently_attending_school_female,oos_ever_attended_school_male,oos_ever_attended_school_female,oos_never_attended_school_male,oos_never_attended_school_female,currently_attending_school_total_pc,currently_attending_school_male_pc,currently_attending_school_female_pc,oos_ever_attended_school_total_pc,oos_ever_attended_school_male_pc,oos_ever_attended_school_female_pc,oos_never_attended_school_total_pc,oos_never_attended_school_male_pc,oos_never_attended_school_female_pc,population_15plus_total,population_15plus_male,population_15plus_female,literate_population_total,literate_population_male,literate_population_female,literacy_rate_total,literacy_rate_male,literacy_rate_female,population_0_14,population_15_64,population_65plus,child_dependency_ratio,elderly_dependency_ratio,total_dependency_ratio,population_5plus_total,population_5plus_male,population_5plus_female,education_level_illiterate_male,education_level_illiterate_female,education_level_early_childhood_male,education_level_early_childhood_female,education_level_basic_level_male,education_level_basic_level_female,education_level_secondary_male,education_level_secondary_female,education_level_higher_education_male,education_level_higher_education_female,education_level_other_male,education_level_other_female,education_level_illiterate_pc_total,education_level_illiterate_pc_male,education_level_illiterate_pc_female,education_level_early_childhood_pc_total,education_level_early_childhood_pc_male,education_level_early_childhood_pc_female,education_level_basic_level_pc_total,education_level_basic_level_pc_male,education_level_basic_level_pc_female,education_level_secondary_pc_total,education_level_secondary_pc_male,education_level_secondary_pc_female,education_level_higher_education_pc_total,education_level_higher_education_pc_male,education_level_higher_education_pc_female,education_level_other_pc_total,education_level_other_pc_male,education_level_other_pc_female,population_urban,population_peri_urban,population_rural,population_pc_urban,population_pc_peri_urban,population_pc_rural,population_20_24_total,population_20_24_male,population_20_24_female,population_married_before_18_total,population_married_before_18_male,population_married_before_18_female,child_marriage_rate_total,child_marriage_rate_male,child_marriage_rate_female,total_population,population_with_disabilities,population_without_disabilities,population_disability_not_reported,disability_prevlance_rate,population_density
Bagmati,Dolakha,Gaurishankar,NP03,NP0322,NP0322402,4399,15995,7853,8142,3.6360536485564903,96.45050356177843,13509,6586,6923,7863,4158,3705,415,222,193,2396,897,1499,2820,1306,1514,15,3,12,15995,1141,1345,1476,1554,1381,1304,1016,901,939,804,878,784,789,597,480,335,163,83,18,7,7853,589,678,738,810,650,649,512,436,427,395,393,401,393,292,218,142,76,45,7,2,8142,552,667,738,744,731,655,504,465,512,409,485,383,396,305,262,193,87,38,11,5,3726,1915,1811,1782,1710,101,65,30,36,93.72,93.05,94.42,4.46,5.27,3.59,1.77,1.57,1.99,12033,5848,6185,7722,4333,3389,64.17,74.09,54.79,3962,10350,1683,38.28,16.26,54.54,14854,7264,7590,1552,2843,173,161,3584,2822,1598,1350,185,142,172,272,29.59,21.37,37.46,2.25,2.38,2.12,43.13,49.34,37.18,19.85,22,17.79,2.2,2.55,1.87,2.99,2.37,3.58,0,0,15995,0,0,100,1381,650,731,135,20,115,9.78,3.08,15.73,15995,387,15608,0,2.42,NA
Bagmati,Dolakha,Bigu,NP03,NP0322,NP0322401,4747,16490,7970,8520,3.473772909205814,93.54460093896714,13789,6653,7136,7328,3749,3579,417,255,162,3198,1390,1808,2840,1257,1583,6,2,4,16490,1285,1416,1587,1776,1387,1213,950,871,906,828,953,752,783,640,545,298,178,72,34,16,7970,625,692,747,852,680,616,466,414,416,390,441,368,390,314,263,148,97,33,12,6,8520,660,724,840,924,707,597,484,457,490,438,512,384,393,326,282,150,81,39,22,10,4084,1948,2136,1762,1950,150,145,34,41,90.89,90.45,91.29,7.22,7.7,6.79,1.84,1.75,1.92,12202,5906,6296,7441,4185,3256,60.98,70.86,51.72,4288,10419,1783,41.16,17.11,58.27,15205,7345,7860,1763,3081,216,215,3682,3056,1426,1284,150,99,108,125,31.86,24,39.2,2.83,2.94,2.74,44.31,50.13,38.88,17.82,19.41,16.34,1.64,2.04,1.26,1.53,1.47,1.59,0,0,16490,0,0,100,1387,680,707,156,38,118,11.25,5.59,16.69,16490,668,15822,0,4.05,NA
Bagmati,Dolakha,Kalinchowk,NP03,NP0322,NP0322403,6151,21097,10269,10828,3.429848805072346,94.83745844107868,17617,8474,9143,10570,5297,5273,445,249,196,3509,1544,1965,3088,1382,1706,5,2,3,21097,1695,1785,2014,2102,1869,1633,1291,1164,1078,954,1146,1013,1029,861,598,440,240,136,34,15,10269,894,901,1021,1030,885,760,643,541,526,422,534,495,503,420,298,222,110,51,10,3,10828,801,884,993,1072,984,873,648,623,552,532,612,518,526,441,300,218,130,85,24,12,5105,2579,2526,2407,2412,141,89,31,25,94.4,93.33,95.49,4.51,5.47,3.52,1.1,1.2,0.99,15603,7453,8150,10240,5526,4714,65.63,74.14,57.84,5494,13279,2324,41.37,17.5,58.87,19402,9375,10027,1966,3467,271,265,4217,3357,2317,2201,294,239,310,498,28,20.97,34.58,2.76,2.89,2.64,39.04,44.98,33.48,23.29,24.71,21.95,2.75,3.14,2.38,4.16,3.31,4.97,0,0,21097,0,0,100,1869,885,984,157,29,128,8.4,3.28,13.01,21097,854,20243,0,4.05,NA
Bagmati,Dolakha,Baiteshwor,NP03,NP0322,NP0322404,5373,17896,8533,9363,3.3307277126372603,91.13531987610808,15459,7260,8199,9111,4485,4626,350,177,173,2718,1107,1611,3278,1490,1788,2,1,1,17896,1163,1274,1541,1673,1439,1278,1144,1179,999,943,1162,988,938,792,538,411,241,123,52,18,8533,625,648,821,845,696,608,530,539,457,408,513,432,446,373,233,181,107,49,17,5,9363,538,626,720,828,743,670,614,640,542,535,649,556,492,419,305,230,134,74,35,13,3858,2012,1846,1913,1774,67,49,32,23,95.57,95.08,96.1,3.01,3.33,2.65,1.43,1.59,1.25,13918,6439,7479,9423,5088,4335,67.7,79.02,57.96,3978,11743,2175,33.88,18.52,52.4,16733,7908,8825,1384,3164,256,217,3100,2516,2482,2066,382,294,304,568,27.18,17.5,35.85,2.83,3.24,2.46,33.56,39.2,28.51,27.18,31.39,23.41,4.04,4.83,3.33,5.21,3.84,6.44,0,0,17896,0,0,100,1439,696,743,141,24,117,9.8,3.45,15.75,17896,607,17289,0,3.39,NA
Bagmati,Dolakha,Jiri,NP03,NP0322,NP0322302,4244,16109,7809,8300,3.7957115928369465,94.0843373493976,13627,6532,7095,7796,3858,3938,727,459,268,2053,829,1224,3050,1386,1664,1,0,1,16109,1134,1348,1336,1649,1474,1417,1250,1126,839,740,919,779,677,518,370,255,152,83,31,12,7809,595,682,650,789,691,677,593,554,402,350,436,382,336,245,181,122,66,39,13,6,8300,539,666,686,860,783,740,657,572,437,390,483,397,341,273,189,133,86,44,18,6,3588,1763,1825,1672,1745,63,45,28,35,95.23,94.84,95.62,3.01,3.57,2.47,1.76,1.59,1.92,12291,5882,6409,8235,4520,3715,67,76.84,57.97,3818,10870,1421,35.12,13.07,48.2,14975,7214,7761,1393,2734,197,176,2785,2295,2454,2134,268,195,117,227,27.56,19.31,35.23,2.49,2.73,2.27,33.92,38.61,29.57,30.64,34.02,27.5,3.09,3.71,2.51,2.3,1.62,2.92,0,0,16109,0,0,100,1474,691,783,130,18,112,8.82,2.6,14.3,16109,441,15668,0,2.74,NA
Bagmati,Dolakha,Tamakoshi,NP03,NP0322,NP0322407,4485,15163,7317,7846,3.3808249721293198,93.25771093550854,13006,6178,6828,7419,3613,3806,345,200,145,2382,1043,1339,2855,1319,1536,5,3,2,15163,962,1195,1303,1461,1204,1064,929,824,902,756,1014,844,802,703,480,362,179,117,50,12,7317,495,644,658,712,584,501,438,363,404,319,489,401,386,344,226,186,89,58,13,7,7846,467,551,645,749,620,563,491,461,498,437,525,443,416,359,254,176,90,59,37,5,3437,1761,1676,1688,1607,46,52,27,17,95.87,95.85,95.88,2.85,2.61,3.1,1.28,1.53,1.01,11703,5520,6183,8056,4418,3638,68.84,80.04,58.84,3460,9800,1903,35.31,19.42,54.72,14201,6822,7379,1124,2563,182,153,3068,2540,2009,1649,259,178,180,296,25.96,16.48,34.73,2.36,2.67,2.07,39.49,44.97,34.42,25.76,29.45,22.35,3.08,3.8,2.41,3.35,2.64,4.01,0,0,15163,0,0,100,1204,584,620,118,20,98,9.8,3.42,15.81,15163,738,14425,0,4.87,NA
Bagmati,Dolakha,Melung,NP03,NP0322,NP0322406,4796,15893,7456,8437,3.3138031693077563,88.3726443048477,13889,6430,7459,6292,3105,3187,330,185,145,3301,1344,1957,3964,1795,2169,2,1,1,15893,920,1084,1451,1479,1166,975,951,848,930,851,1155,905,978,770,626,407,226,108,42,21,7456,502,524,734,677,536,481,426,364,387,381,507,421,462,362,320,192,111,45,18,6,8437,418,560,717,802,630,494,525,484,543,470,648,484,516,408,306,215,115,63,24,15,3443,1677,1766,1527,1604,89,86,61,76,90.94,91.06,90.83,5.08,5.31,4.87,3.98,3.64,4.3,12438,5696,6742,7331,4052,3279,58.94,71.14,48.64,3455,10238,2200,33.75,21.49,55.24,14973,6954,8019,1693,3522,129,130,2846,2266,1740,1596,205,150,341,355,34.83,24.35,43.92,1.73,1.86,1.62,34.14,40.93,28.26,22.28,25.02,19.9,2.37,2.95,1.87,4.65,4.9,4.43,0,0,15893,0,0,100,1166,536,630,147,26,121,12.61,4.85,19.21,15893,425,15466,2,2.67,NA
Bagmati,Dolakha,Shailung,NP03,NP0322,NP0322405,5134,17923,8584,9339,3.4910401246591354,91.91562265767213,15591,7401,8190,9698,4708,4990,241,133,108,1976,884,1092,3673,1673,2000,3,3,0,17923,1063,1269,1542,1637,1470,1385,1190,1094,1031,953,1154,966,940,828,634,399,220,97,40,11,8584,543,640,738,779,708,709,599,513,453,412,516,447,479,393,295,201,96,47,12,4,9339,520,629,804,858,762,676,591,581,578,541,638,519,461,435,339,198,124,50,28,7,3797,1848,1949,1741,1876,82,60,23,13,95.26,94.21,96.25,3.74,4.44,3.08,0.95,1.24,0.67,14049,6663,7386,8900,4923,3977,63.35,73.89,53.85,3874,11820,2229,32.77,18.86,51.63,16860,8041,8819,1761,3422,154,152,3480,2687,2140,1991,238,168,268,399,30.74,21.9,38.8,1.81,1.92,1.72,36.58,43.28,30.47,24.5,26.61,22.58,2.41,2.96,1.9,3.96,3.33,4.52,0,0,17923,0,0,100,1470,708,762,187,44,143,12.72,6.21,18.77,17923,438,17484,1,2.44,NA
Bagmati,Dolakha,Bhimeshwor,NP03,NP0322,NP0322301,10164,34712,16630,18082,3.4151908697363242,91.96991483243005,29145,13702,15443,15169,7959,7210,1077,535,542,5253,1998,3255,7627,3205,4422,19,5,14,34712,2542,3025,3003,3048,2949,3011,2780,2421,2052,1741,1856,1533,1457,1185,869,626,338,197,51,28,16630,1343,1585,1492,1535,1359,1390,1298,1107,978,800,855,712,681,570,384,270,160,87,17,7,18082,1199,1440,1511,1513,1590,1621,1482,1314,1074,941,1001,821,776,615,485,356,178,110,34,21,7812,4003,3809,3788,3654,168,123,45,31,95.26,94.63,95.93,3.73,4.2,3.23,0.97,1.12,0.81,26142,12210,13932,19205,10291,8914,73.46,84.28,63.98,8570,22848,3294,37.51,14.42,51.93,32170,15287,16883,1973,5060,589,468,6184,5187,5099,4703,1022,793,420,672,21.86,12.91,29.97,3.29,3.85,2.77,35.35,40.45,30.72,30.47,33.36,27.86,5.64,6.69,4.7,3.39,2.75,3.98,15157,0,19555,43.67,0,56.33,2949,1359,1590,298,42,256,10.11,3.09,16.1,34712,1038,33673,1,2.99,NA
Bagmati,Sindhupalchok,Bhotekoshi,NP03,NP0323,NP0323404,3732,14318,7274,7044,3.8365487674169345,103.26519023282226,12193,6176,6017,5033,3002,2031,573,352,221,2695,1126,1569,3883,1691,2192,9,5,4,14318,990,1135,1257,1339,1313,1169,1043,974,943,794,852,584,571,507,391,219,135,69,20,13,7274,524,574,627,710,694,576,527,480,486,375,441,302,272,265,200,116,55,36,9,5,7044,466,561,630,629,619,593,516,494,457,419,411,282,299,242,191,103,80,33,11,8,3179,1601,1578,1451,1455,105,84,45,39,91.41,90.63,92.21,5.95,6.56,5.32,2.64,2.81,2.47,10936,5549,5387,6396,3670,2726,58.49,66.14,50.6,3382,9582,1354,35.3,14.13,49.43,13328,6750,6578,1916,2696,154,131,3161,2267,1193,1116,116,104,210,264,34.6,28.39,40.99,2.14,2.28,1.99,40.73,46.83,34.46,17.32,17.67,16.97,1.65,1.72,1.58,3.56,3.11,4.01,0,0,14318,0,0,100,1313,694,619,139,36,103,10.59,5.19,16.64,14318,677,13640,1,4.73,NA
Bagmati,Sindhupalchok,Jugal,NP03,NP0323,NP0323403,4528,18303,9194,9109,4.042181978798586,100.93314304533978,15010,7538,7472,9029,4710,4319,331,162,169,2338,1061,1277,3308,1603,1705,4,2,2,18303,1567,1726,1874,1881,1619,1266,1102,1101,1042,878,901,750,767,647,585,298,205,55,26,13,9194,785,871,936,923,779,690,550,527,493,415,456,397,417,334,304,172,103,27,8,7,9109,782,855,938,958,840,576,552,574,549,463,445,353,350,313,281,126,102,28,18,6,4718,2339,2379,2106,2127,129,150,104,102,89.72,90.04,89.41,5.91,5.52,6.31,4.37,4.45,4.29,13136,6602,6534,6723,3866,2857,51.18,58.56,43.73,5167,11307,1829,45.7,16.18,61.87,16736,8409,8327,2830,3768,236,212,3484,2814,1521,1237,104,74,234,222,39.42,33.65,45.25,2.68,2.81,2.55,37.63,41.43,33.79,16.48,18.09,14.86,1.06,1.24,0.89,2.72,2.78,2.67,0,0,18303,0,0,100,1619,779,840,225,45,180,13.9,5.78,21.43,18303,424,17876,3,2.32,NA
Bagmati,Sindhupalchok,Panchpokhari Thangpal,NP03,NP0323,NP0323402,5914,20997,10614,10383,3.5503889076766995,102.22479052297024,17181,8655,8526,8595,4671,3924,393,250,143,4175,1913,2262,4014,1818,2196,4,3,1,20997,1863,1953,2022,1733,1532,1583,1417,1299,1269,1124,1119,943,990,778,698,331,194,87,42,20,10614,953,1006,970,880,744,801,709,687,616,562,543,521,505,424,349,173,100,42,20,9,10383,910,947,1052,853,788,782,708,612,653,562,576,422,485,354,349,158,94,45,22,11,5009,2490,2519,2217,2303,161,110,112,106,90.24,89.04,91.43,5.41,6.47,4.37,4.35,4.5,4.21,15159,7685,7474,7271,4226,3045,47.96,54.99,40.74,5838,13009,2150,44.88,16.53,61.4,19134,9661,9473,3565,4537,284,237,3921,3135,1477,1258,170,102,244,204,42.34,36.9,47.89,2.72,2.94,2.5,36.88,40.59,33.09,14.29,15.29,13.28,1.42,1.76,1.08,2.34,2.53,2.15,0,0,20997,0,0,100,1532,744,788,231,58,173,15.08,7.8,21.95,20997,651,20346,0,3.1,NA
Bagmati,Sindhupalchok,Helambu,NP03,NP0323,NP0323401,4690,17497,8781,8716,3.7307036247334753,100.74575493345573,14713,7325,7388,7934,4274,3660,359,160,199,2718,1214,1504,3684,1668,2016,18,9,9,17497,1273,1511,1558,1528,1457,1345,1161,1075,1053,992,1075,895,833,575,539,326,171,89,25,16,8781,688,768,744,725,723,698,599,521,509,512,548,460,425,294,276,153,83,42,10,3,8716,585,743,814,803,734,647,562,554,544,480,527,435,408,281,263,173,88,47,15,13,3984,1923,2061,1768,1945,113,77,42,39,93.2,91.94,94.37,4.77,5.88,3.74,2.03,2.18,1.89,13155,6581,6574,7314,4135,3179,55.6,62.83,48.36,4342,11414,1741,38.04,15.25,53.29,16224,8093,8131,2485,3429,235,227,3376,2609,1478,1386,150,119,369,361,36.45,30.71,42.17,2.85,2.9,2.79,36.89,41.72,32.09,17.65,18.26,17.05,1.66,1.85,1.46,4.5,4.56,4.44,0,0,17497,0,0,100,1457,723,734,170,48,122,11.67,6.64,16.62,17497,361,17136,0,2.06,NA
Bagmati,Sindhupalchok,Melamchi,NP03,NP0323,NP0323301,11180,41063,19963,21100,3.672898032200358,94.61137440758294,34819,16736,18083,19462,10032,9430,872,446,426,5896,2486,3410,8581,3768,4813,8,4,4,41063,2970,3274,3726,3861,3338,3237,3004,2776,2651,2300,2495,1909,1820,1353,1050,694,342,201,35,27,19963,1595,1632,1842,1859,1594,1546,1474,1268,1249,1086,1169,963,859,696,501,337,173,91,12,17,21100,1375,1642,1884,2002,1744,1691,1530,1508,1402,1214,1326,946,961,657,549,357,169,110,23,10,9375,4619,4756,4194,4406,280,211,145,139,91.73,90.8,92.64,5.24,6.06,4.44,3.03,3.14,2.92,31093,14894,16199,19856,10929,8927,63.86,73.38,55.11,9970,27391,3702,36.4,13.52,49.91,38093,18368,19725,4073,7389,482,432,7985,6377,4459,3939,638,451,731,1137,30.09,22.17,37.46,2.4,2.62,2.19,37.7,43.47,32.33,22.05,24.28,19.97,2.86,3.47,2.29,4.9,3.98,5.76,21356,0,19707,52.01,0,47.99,3338,1594,1744,441,95,346,13.21,5.96,19.84,41063,975,40087,1,2.37,NA
Bagmati,Sindhupalchok,Indrawoti,NP03,NP0323,NP0323405,6780,25365,12183,13182,3.7411504424778763,92.42148384160218,21484,10225,11259,12575,6226,6349,467,244,223,3900,1630,2270,4535,2121,2414,7,4,3,25365,1872,2009,2272,2498,2188,1981,1670,1668,1619,1381,1484,1180,1124,900,683,450,224,106,42,14,12183,970,988,1107,1205,1031,919,793,759,740,664,683,563,553,466,342,225,99,50,18,8,13182,902,1021,1165,1293,1157,1062,877,909,879,717,801,617,571,434,341,225,125,56,24,6,5820,2843,2977,2593,2768,191,164,59,45,92.11,91.21,92.98,6.1,6.72,5.51,1.79,2.08,1.51,19212,9118,10094,12055,6614,5441,62.75,72.54,53.9,6153,16793,2419,36.64,14.4,51.05,23493,11213,12280,2556,4690,291,288,5092,4081,2555,2440,290,216,429,565,30.84,22.79,38.19,2.46,2.6,2.35,39.05,45.41,33.23,21.26,22.79,19.87,2.15,2.59,1.76,4.23,3.83,4.6,10691,0,14674,42.15,0,57.85,2188,1031,1157,339,84,255,15.49,8.15,22.04,25365,804,24560,1,3.17,NA
Bagmati,Sindhupalchok,Choutara Sangachowkgadhi,NP03,NP0323,NP0323302,11590,42668,20067,22601,3.681449525452977,88.78810672094156,36234,16746,19488,17484,8999,8485,829,440,389,7421,2881,4540,10464,4404,6060,36,22,14,42668,3039,3395,3781,4203,3576,3449,2959,2816,2530,2392,2632,1952,1872,1426,1192,790,385,168,79,32,20067,1631,1690,1863,1973,1586,1518,1352,1217,1108,1096,1210,944,932,706,569,369,180,77,30,16,22601,1408,1705,1918,2230,1990,1931,1607,1599,1422,1296,1422,1008,940,720,623,421,205,91,49,16,9680,4744,4936,4423,4655,240,214,81,67,93.78,93.23,94.31,4.69,5.06,4.34,1.53,1.71,1.36,32453,14883,17570,20498,10762,9736,63.16,72.31,55.41,10215,28381,4072,35.99,14.35,50.34,39629,18436,21193,4184,7901,654,638,7403,6136,4920,4972,762,733,513,813,30.5,22.69,37.28,3.26,3.55,3.01,34.16,40.16,28.95,24.96,26.69,23.46,3.77,4.13,3.46,3.35,2.78,3.84,9785,0,32883,22.93,0,77.07,3576,1586,1990,398,81,317,11.13,5.11,15.93,42668,1009,41656,3,2.36,NA
Bagmati,Sindhupalchok,Balephi,NP03,NP0323,NP0323406,4829,17085,8407,8678,3.5379995858355766,96.87716063609126,14674,7123,7551,7673,4150,3523,482,272,210,2546,987,1559,3969,1712,2257,4,2,2,17085,1108,1303,1480,1536,1389,1293,1179,1121,1102,1042,1038,821,776,678,542,337,198,94,36,12,8407,613,671,764,753,655,640,579,509,501,477,500,434,370,351,262,160,104,48,13,3,8678,495,632,716,783,734,653,600,612,601,565,538,387,406,327,280,177,94,46,23,9,3676,1862,1814,1741,1732,78,58,43,24,94.48,93.5,95.48,3.7,4.19,3.2,1.82,2.31,1.32,13194,6359,6835,8796,4841,3955,66.67,76.13,57.86,3891,11297,1897,34.44,16.79,51.23,15977,7794,8183,1559,2905,188,190,3159,2474,2289,1823,324,322,275,469,27.94,20,35.5,2.37,2.41,2.32,35.26,40.53,30.23,25.74,29.37,22.28,4.04,4.16,3.93,4.66,3.53,5.73,6704,0,10381,39.24,0,60.76,1389,655,734,135,23,112,9.72,3.51,15.26,17085,662,16422,1,3.87,NA
Bagmati,Sindhupalchok,Bahrabise,NP03,NP0323,NP0323303,6655,24109,12020,12089,3.6226897069872277,99.42923318719497,20373,10082,10291,9681,5284,4397,855,510,345,4307,1777,2530,5515,2503,3012,15,8,7,24109,1796,1940,2057,2245,1979,1903,1641,1563,1472,1361,1453,1063,1074,882,764,469,272,119,38,18,12020,935,1003,1093,1130,970,913,794,735,724,673,691,555,547,460,354,237,127,53,14,12,12089,861,937,964,1115,1009,990,847,828,748,688,762,508,527,422,410,232,145,66,24,6,5340,2779,2561,2589,2408,154,123,36,30,93.58,93.16,94.03,5.19,5.54,4.8,1.24,1.3,1.17,18316,8989,9327,11860,6587,5273,64.75,73.28,56.53,5793,15754,2562,36.77,16.26,53.03,22313,11085,11228,2434,4076,308,269,5015,3776,2711,2342,313,318,304,447,29.18,21.96,36.3,2.59,2.78,2.4,39.4,45.24,33.63,22.65,24.46,20.86,2.83,2.82,2.83,3.37,2.74,3.98,11514,0,12595,47.76,0,52.24,1979,970,1009,241,38,203,12.18,3.92,20.12,24109,893,23215,1,3.7,NA
Bagmati,Sindhupalchok,Tripurasundari,NP03,NP0323,NP0323408,3651,12014,5866,6148,3.290605313612709,95.41314248536109,10318,5019,5299,5673,2925,2748,512,267,245,1674,751,923,2455,1075,1380,4,1,3,12014,786,910,1034,1139,931,920,725,726,738,589,782,608,630,522,388,291,169,90,27,9,5866,401,446,512,569,446,439,363,338,343,275,384,301,307,283,176,140,85,36,15,7,6148,385,464,522,570,485,481,362,388,395,314,398,307,323,239,212,151,84,54,12,2,2618,1292,1326,1152,1231,112,73,28,22,91.02,89.16,92.84,7.07,8.67,5.51,1.91,2.17,1.66,9284,4507,4777,5427,3034,2393,58.46,67.32,50.09,2730,7788,1496,35.05,19.21,54.26,11228,5465,5763,1496,2402,132,136,2522,1874,1064,1065,112,89,139,197,34.72,27.37,41.68,2.39,2.42,2.36,39.15,46.15,32.52,18.96,19.47,18.48,1.79,2.05,1.54,2.99,2.54,3.42,0,0,12014,0,0,100,931,446,485,138,39,99,14.82,8.74,20.41,12014,640,11374,0,5.33,NA
Bagmati,Sindhupalchok,Lisankhu Pakhar,NP03,NP0323,NP0323409,3697,11750,5706,6044,3.178252637273465,94.4076770350761,10266,4928,5338,6297,3138,3159,488,257,231,1482,649,833,1997,882,1115,2,2,0,11750,713,771,832,864,751,843,814,752,730,672,811,716,693,637,491,308,228,84,26,14,5706,365,413,421,416,370,415,414,356,357,314,391,332,311,313,225,140,103,34,11,5,6044,348,358,411,448,381,428,400,396,373,358,420,384,382,324,266,168,125,50,15,9,2123,1081,1042,1025,1001,44,39,12,2,95.43,94.82,96.07,3.91,4.07,3.74,0.66,1.11,0.19,9434,4507,4927,5844,3315,2529,61.95,73.55,51.33,2316,7646,1788,30.29,23.38,53.68,11037,5341,5696,1204,2399,109,93,2089,1546,1569,1257,149,125,221,276,32.64,22.54,42.12,1.83,2.04,1.63,32.93,39.11,27.14,25.6,29.38,22.07,2.48,2.79,2.19,4.5,4.14,4.85,0,0,11750,0,0,100,751,370,381,68,10,58,9.05,2.7,15.22,11750,393,11357,0,3.34,NA
Bagmati,Sindhupalchok,Sunkoshi,NP03,NP0323,NP0323407,4451,15176,7311,7865,3.4095708829476523,92.9561347743166,13217,6271,6946,7477,3787,3690,264,154,110,1782,705,1077,3673,1619,2054,21,6,15,15176,871,1088,1239,1264,1090,1077,990,1011,1001,880,1050,778,861,668,529,415,201,112,33,18,7311,476,564,630,629,486,513,466,445,481,393,488,371,412,335,236,209,101,53,18,5,7865,395,524,609,635,604,564,524,566,520,487,562,407,449,333,293,206,100,59,15,13,3076,1583,1493,1492,1420,65,51,26,22,94.67,94.25,95.11,3.77,4.11,3.42,1.56,1.64,1.47,11978,5641,6337,8682,4519,4163,72.48,80.11,65.69,3198,10002,1976,31.97,19.76,51.73,14305,6835,7470,1147,2193,195,146,2794,2247,1911,1650,285,298,503,936,23.35,16.78,29.36,2.38,2.85,1.95,35.24,40.88,30.08,24.89,27.96,22.09,4.08,4.17,3.99,10.06,7.36,12.53,0,0,15176,0,0,100,1090,486,604,127,19,108,11.65,3.91,17.88,15176,678,14496,2,4.47,NA
Bagmati,Rasuwa,Gosaikunda,NP03,NP0329,NP0329402,2038,7788,3973,3815,3.8213935230618254,104.14154652686763,6609,3392,3217,3023,1758,1265,428,214,214,1262,578,684,1896,842,1054,0,0,0,7788,622,557,530,689,786,740,637,553,551,465,438,312,285,218,180,98,87,26,9,5,3973,307,274,261,331,421,382,327,302,270,246,215,172,140,121,87,53,41,14,7,2,3815,315,283,269,358,365,358,310,251,281,219,223,140,145,97,93,45,46,12,2,3,1465,730,735,633,647,56,48,38,40,87.37,86.71,88.03,7.1,7.67,6.53,5.32,5.21,5.44,6079,3131,2948,3920,2275,1645,64.48,72.66,55.8,1709,5456,623,31.32,11.42,42.74,7166,3666,3500,888,1339,100,91,1346,984,1072,861,172,140,88,85,31.08,24.22,38.26,2.67,2.73,2.6,32.51,36.72,28.11,26.97,29.24,24.6,4.35,4.69,4,2.41,2.4,2.43,0,0,7788,0,0,100,786,421,365,63,16,47,8.02,3.8,12.88,7788,195,7593,0,2.5,NA
Bagmati,Rasuwa,Aamachhodingmo,NP03,NP0329,NP0329401,1664,6673,3480,3193,4.010216346153846,108.9884121515816,5300,2746,2554,2910,1654,1256,62,45,17,1205,478,727,1121,568,553,2,1,1,6673,694,679,568,645,628,545,449,370,383,360,281,243,247,218,147,118,69,17,7,5,3480,376,358,294,320,335,294,218,196,213,179,150,111,141,111,77,53,40,7,4,3,3193,318,321,274,325,293,251,231,174,170,181,131,132,106,107,70,65,29,10,3,2,1618,841,777,805,735,28,36,8,6,95.18,95.72,94.59,3.96,3.33,4.63,0.87,0.95,0.77,4732,2452,2280,3142,1818,1324,66.4,74.14,58.07,1941,4151,581,46.76,14,60.76,5979,3104,2875,641,962,119,104,1305,1037,780,593,74,32,185,147,26.81,20.65,33.46,3.73,3.83,3.62,39.17,42.04,36.07,22.96,25.13,20.63,1.77,2.38,1.11,5.55,5.96,5.11,0,0,6673,0,0,100,628,335,293,57,13,44,9.08,3.88,15.02,6673,220,6453,0,3.3,NA
Bagmati,Rasuwa,Uttargaya,NP03,NP0329,NP0329403,2188,8555,4235,4320,3.909963436928702,98.0324074074074,7120,3521,3599,2789,1685,1104,223,165,58,2023,825,1198,2085,846,1239,0,0,0,8555,697,738,708,750,809,738,708,616,476,407,453,353,336,292,183,158,84,39,7,3,4235,343,371,354,363,408,353,361,307,215,206,221,186,179,141,91,72,41,18,3,2,4320,354,367,354,387,401,385,347,309,261,201,232,167,157,151,92,86,43,21,4,1,1882,933,949,877,906,40,35,16,8,94.74,94,95.47,3.99,4.29,3.69,1.28,1.71,0.84,6412,3167,3245,4211,2324,1887,65.67,73.38,58.15,2143,5646,766,37.96,13.57,51.52,7858,3892,3966,855,1363,134,123,1491,1204,1173,1029,172,146,67,101,28.23,21.97,34.37,3.27,3.44,3.1,34.3,38.31,30.36,28.02,30.14,25.95,4.05,4.42,3.68,2.14,1.72,2.55,2912,0,5643,34.04,0,65.96,809,408,401,94,15,79,11.62,3.68,19.7,8555,254,8301,0,2.97,NA
Bagmati,Rasuwa,Kalika,NP03,NP0329,NP0329404,2447,10115,5021,5094,4.1336330200245195,98.56694149980369,8510,4185,4325,4296,2237,2059,531,311,220,1699,744,955,1980,893,1087,4,0,4,10115,774,831,902,930,926,851,858,751,626,504,486,360,398,363,256,140,79,53,21,6,5021,399,437,452,450,442,403,410,386,312,240,222,185,211,184,138,70,40,29,9,2,5094,375,394,450,480,484,448,448,365,314,264,264,175,187,179,118,70,39,24,12,4,2266,1156,1110,1084,1049,59,51,13,10,94.13,93.77,94.5,4.85,5.1,4.59,1.02,1.12,0.9,7608,3733,3875,4997,2712,2285,65.68,72.65,58.97,2507,6690,918,37.47,13.72,51.2,9341,4622,4719,1028,1599,135,108,1806,1483,1250,1213,272,216,131,100,28.12,22.24,33.88,2.6,2.92,2.29,35.21,39.07,31.43,26.37,27.04,25.7,5.22,5.88,4.58,2.47,2.83,2.12,7536,0,2579,74.5,0,25.5,926,442,484,70,12,58,7.56,2.71,11.98,10115,350,9765,0,3.46,NA
Bagmati,Rasuwa,Naukunda,NP03,NP0329,NP0329405,2794,12344,6209,6135,4.418038654259127,101.20619396903014,9962,5024,4938,4358,2496,1862,359,199,160,2449,995,1454,2773,1320,1453,23,14,9,12344,1179,1203,1284,1301,1118,1023,744,582,641,611,585,475,512,386,307,182,130,55,16,10,6209,586,599,629,644,585,528,398,286,313,289,288,246,265,203,152,95,66,23,10,4,6135,593,604,655,657,533,495,346,296,328,322,297,229,247,183,155,87,64,32,6,6,3242,1591,1651,1450,1516,106,92,35,43,91.49,91.14,91.82,6.11,6.66,5.57,2.41,2.2,2.6,8678,4395,4283,4447,2607,1840,51.24,59.32,42.96,3666,7592,1086,48.29,14.3,62.59,11165,5623,5542,1817,2477,146,141,2299,1869,1047,857,90,56,224,142,38.46,32.31,44.7,2.57,2.6,2.54,37.33,40.89,33.72,17.05,18.62,15.46,1.31,1.6,1.01,3.28,3.98,2.56,2082,0,10262,16.87,0,83.13,1118,585,533,138,29,109,12.34,4.96,20.45,12344,271,12073,0,2.2,NA
Bagmati,Dhading,Rubi Valley,NP03,NP0330,NP0330401,2649,10781,5359,5422,4.069837674594186,98.83806713389893,8908,4391,4517,5194,2600,2594,130,87,43,1108,493,615,2447,1200,1247,29,11,18,10781,859,1014,1184,1055,959,824,584,633,508,501,508,438,423,379,372,288,132,61,35,24,5359,450,518,591,541,472,392,277,299,243,239,243,222,224,200,174,140,73,33,15,13,5422,409,496,593,514,487,432,307,334,265,262,265,216,199,179,198,148,59,28,20,11,2847,1449,1398,1350,1316,70,55,29,26,93.64,93.17,94.13,4.39,4.83,3.93,1.93,2,1.86,7724,3800,3924,3683,2098,1585,47.68,55.21,40.39,3057,6433,1291,47.52,20.07,67.59,9922,4909,5013,1737,2363,161,106,1803,1539,1032,870,76,60,100,75,41.32,35.38,47.14,2.69,3.28,2.11,33.68,36.73,30.7,19.17,21.02,17.35,1.37,1.55,1.2,1.76,2.04,1.5,0,0,10781,0,0,100,959,472,487,123,35,88,12.83,7.42,18.07,10781,389,10391,1,3.61,NA
Bagmati,Dhading,Khaniyabas,NP03,NP0330,NP0330403,2685,10287,5008,5279,3.8312849162011173,94.86645197954158,8557,4110,4447,4826,2412,2414,58,43,15,1349,587,762,2317,1066,1251,7,2,5,10287,824,906,1047,1010,876,689,504,590,488,454,539,462,453,441,438,292,165,63,37,9,5008,442,456,498,526,428,346,229,272,226,202,248,213,222,218,201,157,73,28,19,4,5279,382,450,549,484,448,343,275,318,262,252,291,249,231,223,237,135,92,35,18,5,2606,1298,1308,1212,1223,32,49,54,36,93.44,93.37,93.5,3.11,2.47,3.75,3.45,4.16,2.75,7510,3612,3898,3863,2133,1730,51.44,59.05,44.38,2777,6065,1445,45.79,23.83,69.61,9463,4566,4897,1577,2250,99,86,1638,1457,1110,965,70,44,72,95,40.44,34.54,45.95,1.95,2.17,1.76,32.71,35.87,29.75,21.93,24.31,19.71,1.2,1.53,0.9,1.76,1.58,1.94,0,0,10287,0,0,100,876,428,448,171,34,137,19.52,7.94,30.58,10287,390,9896,1,3.79,NA
Bagmati,Dhading,Ganga Jamuna,NP03,NP0330,NP0330402,5264,19265,9307,9958,3.6597644376899696,93.46254267925286,16488,7835,8653,5611,2985,2626,983,636,347,5247,2209,3038,4628,1992,2636,19,13,6,19265,1359,1418,1640,1817,1565,1460,1186,1187,1057,904,1166,994,987,844,692,453,301,119,77,39,9307,742,730,856,912,723,690,556,543,480,380,529,464,494,401,321,220,162,55,33,16,9958,617,688,784,905,842,770,630,644,577,524,637,530,493,443,371,233,139,64,44,23,4138,2115,2023,2006,1913,83,79,25,30,94.71,94.85,94.56,3.91,3.92,3.91,1.33,1.18,1.48,14848,6979,7869,9129,5057,4072,61.48,72.46,51.75,4417,12323,2525,35.84,20.49,56.33,17906,8565,9341,1943,3823,197,173,3562,2847,2382,2017,229,170,252,311,32.2,22.69,40.93,2.07,2.3,1.85,35.79,41.59,30.48,24.57,27.81,21.59,2.23,2.67,1.82,3.14,2.94,3.33,0,0,19265,0,0,100,1565,723,842,260,55,205,16.61,7.61,24.35,19265,876,18384,5,4.55,NA
Bagmati,Dhading,Tripurasundari,NP03,NP0330,NP0330404,5947,21937,10411,11526,3.6887506305700355,90.32621898316849,18668,8668,10000,8258,4200,4058,853,526,327,4290,1657,2633,5260,2282,2978,7,3,4,21937,1545,1724,1864,1986,1840,1759,1422,1372,1294,1054,1300,1141,1131,921,696,446,217,133,54,38,10411,826,917,932,981,799,783,652,593,588,452,594,557,518,453,326,229,104,65,26,16,11526,719,807,932,1005,1041,976,770,779,706,602,706,584,613,468,370,217,113,68,28,22,4788,2442,2346,2334,2266,82,55,26,25,96.07,95.58,96.59,2.86,3.36,2.34,1.07,1.06,1.07,16804,7736,9068,11562,6116,5446,68.81,79.06,60.06,5133,14299,2505,35.9,17.52,53.42,20392,9585,10807,1643,3643,300,204,4139,3490,2801,2579,402,401,300,490,25.92,17.14,33.71,2.47,3.13,1.89,37.41,43.18,32.29,26.38,29.22,23.86,3.94,4.19,3.71,3.87,3.13,4.53,8985,0,12952,40.96,0,59.04,1840,799,1041,280,34,246,15.22,4.26,23.63,21937,806,21123,8,3.67,NA
Bagmati,Dhading,Netrawati Dabjong,NP03,NP0330,NP0330405,3263,11310,5361,5949,3.4661354581673307,90.11598587997983,9864,4603,5261,4606,2234,2372,334,189,145,2646,1148,1498,2276,1031,1245,2,1,1,11310,678,768,909,1039,956,792,683,630,604,575,723,636,686,532,478,298,184,89,37,13,5361,361,397,449,528,432,358,315,267,250,241,342,304,309,265,247,135,96,42,18,5,5949,317,371,460,511,524,434,368,363,354,334,381,332,377,267,231,163,88,47,19,8,2298,1156,1142,1081,1077,60,48,15,17,93.91,93.51,94.31,4.7,5.19,4.2,1.39,1.3,1.49,8955,4154,4801,5534,2978,2556,61.8,71.69,53.24,2355,7324,1631,32.15,22.27,54.42,10632,5000,5632,1188,2260,102,82,2042,1693,1458,1318,82,96,128,183,32.43,23.76,40.13,1.73,2.04,1.46,35.13,40.84,30.06,26.11,29.16,23.4,1.67,1.64,1.7,2.93,2.56,3.25,0,0,11310,0,0,100,956,432,524,136,19,117,14.23,4.4,22.33,11310,335,10972,3,2.96,NA
Bagmati,Dhading,Nilkhantha,NP03,NP0330,NP0330301,16391,58828,27365,31463,3.5890427673723386,86.97517719225758,49430,22485,26945,26410,12939,13471,1152,600,552,8091,3126,4965,13726,5792,7934,51,28,23,58828,4152,5246,5843,5748,4915,4540,4103,4047,3523,2748,3224,2545,2517,1942,1532,1125,560,344,114,60,27365,2179,2701,2997,2710,2164,1861,1647,1714,1526,1236,1519,1227,1209,919,716,530,274,163,52,21,31463,1973,2545,2846,3038,2751,2679,2456,2333,1997,1512,1705,1318,1308,1023,816,595,286,181,62,39,14690,7461,7229,7123,6915,261,232,77,82,95.56,95.47,95.66,3.36,3.5,3.21,1.08,1.03,1.13,43587,19488,24099,30569,15294,15275,70.13,78.48,63.38,15241,37910,5677,40.2,14.97,55.18,54676,25186,29490,4298,8913,897,781,10964,9807,7024,7440,1171,1114,832,1435,24.16,17.07,30.22,3.07,3.56,2.65,37.99,43.53,33.26,26.45,27.89,25.23,4.18,4.65,3.78,4.15,3.3,4.87,12761,18090,27977,21.69,30.75,47.56,4915,2164,2751,595,105,490,12.11,4.85,17.81,58828,1481,57336,11,2.52,NA
Bagmati,Dhading,Jwalamukhi,NP03,NP0330,NP0330406,6079,21338,9982,11356,3.5101167955255796,87.90066924973581,18116,8351,9765,9582,4699,4883,218,133,85,2673,1075,1598,5632,2437,3195,11,7,4,21338,1490,1732,1908,1891,1556,1439,1337,1232,1187,1060,1366,1122,1195,927,762,568,277,181,77,31,9982,786,845,973,935,671,619,580,501,494,446,652,516,573,457,369,279,143,90,38,15,11356,704,887,935,956,885,820,757,731,693,614,714,606,622,470,393,289,134,91,39,16,4827,2423,2404,2301,2285,78,81,42,38,95.01,94.96,95.05,3.29,3.22,3.37,1.66,1.73,1.58,16208,7378,8830,9781,5113,4668,60.35,69.3,52.87,5130,13385,2823,38.33,21.09,59.42,19848,9196,10652,2302,4193,219,219,3826,3370,2248,2149,293,233,308,488,32.72,25.03,39.36,2.21,2.38,2.06,36.26,41.61,31.64,22.15,24.45,20.17,2.65,3.19,2.19,4.01,3.35,4.58,0,0,21338,0,0,100,1556,671,885,226,23,203,14.52,3.43,22.94,21338,763,20565,10,3.58,NA
Bagmati,Dhading,Siddhalek,NP03,NP0330,NP0330407,5836,22214,10702,11512,3.8063742289239206,92.96386379430159,18944,9010,9934,11831,5943,5888,197,103,94,2500,990,1510,4406,1970,2436,10,4,6,22214,1470,1800,2147,2159,1893,1674,1445,1463,1305,1161,1290,1017,1038,808,583,516,241,124,54,26,10702,768,924,1110,1040,864,781,626,663,615,503,628,488,521,411,296,258,121,51,25,9,11512,702,876,1037,1119,1029,893,819,800,690,658,662,529,517,397,287,258,120,73,29,17,5250,2671,2579,2487,2435,154,108,30,36,93.75,93.11,94.42,4.99,5.77,4.19,1.26,1.12,1.4,16797,7900,8897,11022,5832,5190,65.62,73.82,58.33,5417,14445,2352,37.5,16.28,53.78,20744,9934,10810,2096,3735,309,231,4393,3653,2535,2440,276,267,325,484,28.11,21.1,34.55,2.6,3.11,2.14,38.79,44.22,33.79,23.98,25.52,22.57,2.62,2.78,2.47,3.9,3.27,4.48,0,3661,18553,0,16.48,83.52,1893,864,1029,271,45,226,14.32,5.21,21.96,22214,513,21700,1,2.31,NA
Bagmati,Dhading,Benighat Rorang,NP03,NP0330,NP0330408,7601,33854,17116,16738,4.453887646362321,102.25833432907156,27298,13784,13514,16190,8863,7327,319,201,118,3911,1642,2269,6873,3077,3796,5,1,4,33854,3148,3408,3685,3663,3443,2891,2363,2127,1806,1437,1410,1123,989,824,672,464,219,116,47,19,17116,1614,1718,1877,1863,1690,1464,1175,1004,915,702,720,609,525,437,336,256,107,67,25,12,16738,1534,1690,1808,1800,1753,1427,1188,1123,891,735,690,514,464,387,336,208,112,49,22,7,9267,4707,4560,4044,4018,547,423,115,118,87,85.91,88.11,10.47,11.62,9.28,2.51,2.44,2.59,23613,11907,11706,16050,8816,7234,67.97,74.04,61.8,10241,21252,2361,48.19,11.11,59.3,30706,15502,15204,3223,4624,607,559,7812,6384,3070,2815,370,342,420,480,25.56,20.79,30.41,3.8,3.92,3.68,46.23,50.39,41.99,19.17,19.8,18.51,2.32,2.39,2.25,2.93,2.71,3.16,0,0,33854,0,0,100,3443,1690,1753,707,168,539,20.53,9.94,30.75,33854,806,33046,2,2.38,NA
Bagmati,Dhading,Gajuri,NP03,NP0330,NP0330409,6839,28634,14326,14308,4.186869425354584,100.12580374615601,23506,11716,11790,11044,6275,4769,499,322,177,4311,1714,2597,7614,3387,4227,38,18,20,28634,2451,2677,3050,3135,2656,2471,1917,1905,1678,1314,1312,988,905,772,584,392,196,154,52,25,14326,1236,1374,1554,1571,1288,1233,914,909,826,663,663,510,478,388,287,203,103,83,29,14,14308,1215,1303,1496,1564,1368,1238,1003,996,852,651,649,478,427,384,297,189,93,71,23,11,7625,3878,3747,3331,3379,412,277,133,88,88,85.89,90.18,9.04,10.62,7.39,2.9,3.43,2.35,20456,10162,10294,13586,7498,6088,66.42,73.78,59.14,8178,18281,2175,44.73,11.9,56.63,26183,13090,13093,2797,4286,408,391,6263,4942,2920,2782,383,298,319,394,27.05,21.37,32.74,3.05,3.12,2.99,42.79,47.85,37.75,21.78,22.31,21.25,2.6,2.93,2.28,2.72,2.44,3.01,5323,0,23311,18.59,0,81.41,2656,1288,1368,451,99,352,16.98,7.69,25.73,28634,823,27805,6,2.87,NA
Bagmati,Dhading,Galchhi,NP03,NP0330,NP0330410,5975,23733,11627,12106,3.9720502092050207,96.04328432182389,19914,9713,10201,10700,5798,4902,513,310,203,3079,1291,1788,5612,2309,3303,10,5,5,23733,1803,2016,2271,2308,2131,2015,1675,1618,1448,1116,1351,1000,976,693,516,421,171,120,54,30,11627,916,998,1126,1100,994,985,833,776,702,502,658,497,514,388,253,205,87,53,29,11,12106,887,1018,1145,1208,1137,1030,842,842,746,614,693,503,462,305,263,216,84,67,25,19,5690,2772,2918,2519,2725,213,145,40,48,92.16,90.87,93.39,6.29,7.68,4.97,1.55,1.44,1.64,17643,8587,9056,11797,6319,5478,66.87,73.59,60.49,6090,15638,2005,38.94,12.82,51.76,21930,10711,11219,2299,3620,389,394,4746,3878,2518,2495,321,279,438,553,26.99,21.46,32.27,3.57,3.63,3.51,39.33,44.31,34.57,22.86,23.51,22.24,2.74,3,2.49,4.52,4.09,4.93,6389,0,17344,26.92,0,73.08,2131,994,1137,357,75,282,16.75,7.55,24.8,23733,557,23176,0,2.35,NA
Bagmati,Dhading,Thakre,NP03,NP0330,NP0330411,7847,32374,16204,16170,4.125653115840448,100.21026592455165,27365,13615,13750,16741,8978,7763,475,254,221,3603,1403,2200,6531,2971,3560,15,9,6,32374,2315,2694,2944,3312,3061,2886,2391,2352,2004,1628,1710,1317,1167,933,716,477,246,152,43,26,16204,1191,1398,1515,1632,1516,1445,1173,1179,938,801,832,673,599,462,351,249,144,74,23,9,16170,1124,1296,1429,1680,1545,1441,1218,1173,1066,827,878,644,568,471,365,228,102,78,20,17,7628,3860,3768,3551,3550,229,161,79,57,93.09,91.99,94.21,5.11,5.93,4.27,1.78,2.05,1.51,24421,12100,12321,16839,9215,7624,68.95,76.16,61.88,7953,21828,2593,36.43,11.88,48.31,30059,15013,15046,2965,4753,412,350,7207,5678,3710,3485,367,326,352,454,25.68,19.75,31.59,2.54,2.74,2.33,42.87,48.01,37.74,23.94,24.71,23.16,2.31,2.44,2.17,2.68,2.34,3.02,19034,0,13340,58.79,0,41.21,3061,1516,1545,413,90,323,13.49,5.94,20.91,32374,491,31878,5,1.52,NA
Bagmati,Dhading,Dhunibenshi,NP03,NP0330,NP0330302,7246,29149,14468,14681,4.022771184101574,98.5491451535999,25107,12322,12785,13387,7486,5901,652,350,302,4117,1491,2626,6935,2991,3944,16,4,12,29149,1919,2123,2452,2668,2723,2708,2296,2171,1901,1626,1690,1190,1192,960,672,439,211,145,47,16,14468,1015,1131,1245,1305,1321,1302,1132,1080,934,776,844,592,578,479,327,200,107,74,17,9,14681,904,992,1207,1363,1402,1406,1164,1091,967,850,846,598,614,481,345,239,104,71,30,7,6111,3124,2987,2922,2808,158,136,44,43,93.77,93.53,94.01,4.81,5.06,4.55,1.42,1.41,1.44,22655,11077,11578,16069,8848,7221,70.93,79.88,62.37,6494,20165,2490,32.2,12.35,44.55,27230,13453,13777,2292,4403,319,260,5960,4629,4108,3628,437,414,337,443,24.59,17.04,31.96,2.13,2.37,1.89,38.89,44.3,33.6,28.41,30.54,26.33,3.13,3.25,3.01,2.86,2.51,3.22,2260,7940,18949,7.75,27.24,65.01,2723,1321,1402,282,73,209,10.36,5.53,14.91,29149,764,28384,1,2.62,NA
Bagmati,Nuwakot,Dupcheshwor,NP03,NP0328,NP0328408,5141,21005,10474,10531,4.085780976463723,99.45874086031716,16914,8435,8479,8603,4704,3899,588,321,267,3728,1512,2216,3980,1887,2093,15,11,4,21005,1898,2193,2339,2188,1836,1487,1177,1238,1195,1067,1093,759,807,573,566,290,186,79,27,7,10474,981,1058,1177,1077,939,715,578,582,584,522,561,409,436,314,273,123,84,45,14,2,10531,917,1135,1162,1111,897,772,599,656,611,545,532,350,371,259,293,167,102,34,13,5,5865,2881,2984,2536,2645,243,241,102,97,88.34,88.02,88.64,8.25,8.43,8.08,3.39,3.54,3.25,14575,7258,7317,7624,4325,3299,52.31,59.59,45.09,6430,12847,1728,50.05,13.45,63.5,19107,9493,9614,3033,4098,281,290,4115,3515,1416,1154,105,78,543,479,37.32,31.95,42.63,2.99,2.96,3.02,39.93,43.35,36.56,13.45,14.92,12,0.96,1.11,0.81,5.35,5.72,4.98,0,0,21005,0,0,100,1836,939,897,349,104,245,19.01,11.08,27.31,21005,617,20387,1,2.94,NA
Bagmati,Nuwakot,Tadi,NP03,NP0328,NP0328405,4024,15933,7947,7986,3.959493041749503,99.51164537941398,13338,6603,6735,6830,3790,3040,486,302,184,2157,803,1354,3855,1705,2150,10,3,7,15933,1208,1387,1578,1432,1239,1154,934,918,961,815,949,736,742,590,575,322,232,105,34,22,7947,648,696,790,697,599,550,475,418,456,391,495,397,382,306,291,163,110,54,18,11,7986,560,691,788,735,640,604,459,500,505,424,454,339,360,284,284,159,122,51,16,11,3846,1920,1926,1705,1728,140,137,74,61,89.26,88.8,89.72,7.2,7.29,7.11,3.51,3.85,3.17,11760,5813,5947,6114,3470,2644,51.99,59.69,44.46,4173,9880,1880,42.24,19.03,61.27,14725,7299,7426,2398,3356,220,174,2795,2318,1427,1192,186,146,273,240,39.08,32.85,45.19,2.68,3.01,2.34,34.72,38.29,31.21,17.79,19.55,16.05,2.25,2.55,1.97,3.48,3.74,3.23,0,5728,10205,0,35.95,64.05,1239,599,640,214,49,165,17.27,8.18,25.78,15933,507,15426,0,3.18,NA
Bagmati,Nuwakot,Suryagadhi,NP03,NP0328,NP0328404,3829,14919,7264,7655,3.8963175763907025,94.89222730241671,12656,6136,6520,6598,3614,2984,395,223,172,1893,661,1232,3760,1631,2129,10,7,3,14919,1069,1194,1463,1501,1355,1084,964,936,901,718,807,612,640,536,496,322,192,91,28,10,7264,547,581,745,716,641,521,462,440,420,326,414,308,332,278,242,152,78,47,8,6,7655,522,613,718,785,714,563,502,496,481,392,393,304,308,258,254,170,114,44,20,4,3565,1748,1817,1605,1681,127,111,16,25,92.17,91.82,92.52,6.68,7.27,6.11,1.15,0.92,1.38,11193,5391,5802,6600,3604,2996,58.97,66.85,51.64,3726,9518,1675,39.15,17.6,56.75,13850,6717,7133,1812,2831,154,132,2779,2350,1523,1406,173,133,276,281,33.52,26.98,39.69,2.06,2.29,1.85,37.03,41.37,32.95,21.15,22.67,19.71,2.21,2.58,1.86,4.02,4.11,3.94,0,9102,5817,0,61.01,38.99,1355,641,714,195,41,154,14.39,6.4,21.57,14919,357,14562,0,2.39,NA
Bagmati,Nuwakot,Bidur,NP03,NP0328,NP0328301,15234,59227,28449,30778,3.887816725745044,92.43290662161284,50053,23626,26427,23907,13315,10592,1179,691,488,7376,2598,4778,17496,6988,10508,95,34,61,59227,4227,4947,5037,5240,5049,5161,4762,4489,3840,3049,3331,2533,2402,1909,1427,948,411,286,130,49,28449,2272,2551,2563,2612,2264,2311,2118,2075,1856,1424,1567,1180,1208,913,662,454,200,127,72,20,30778,1955,2396,2474,2628,2785,2850,2644,2414,1984,1625,1764,1353,1194,996,765,494,211,159,58,29,13118,6683,6435,6308,6149,282,208,92,78,94.96,94.39,95.56,3.74,4.22,3.23,1.3,1.38,1.21,45016,21063,23953,32596,17371,15225,72.41,82.47,63.56,14211,39856,5160,35.66,12.95,48.6,55000,26177,28823,3776,8808,877,751,10396,8728,8995,8241,1603,1508,530,787,22.88,14.42,30.56,2.96,3.35,2.61,34.77,39.71,30.28,31.34,34.36,28.59,5.66,6.12,5.23,2.39,2.02,2.73,10459,34060,14708,17.66,57.51,24.83,5049,2264,2785,512,68,444,10.14,3,15.94,59227,1105,58122,0,1.87,NA
Bagmati,Nuwakot,Kispang,NP03,NP0328,NP0328402,3929,14235,6946,7289,3.6230593026215323,95.29427905062423,11866,5747,6119,5523,2859,2664,614,342,272,2700,1183,1517,3024,1361,1663,5,2,3,14235,1133,1236,1165,1258,1245,1116,932,898,800,719,837,674,691,562,405,300,143,74,42,5,6946,570,629,588,606,601,494,431,425,376,330,434,346,329,294,207,151,77,38,17,3,7289,563,607,577,652,644,622,501,473,424,389,403,328,362,268,198,149,66,36,25,2,3171,1593,1578,1488,1501,68,50,37,27,94.26,93.41,95.12,3.72,4.27,3.17,2.02,2.32,1.71,10701,5159,5542,6308,3410,2898,58.95,66.1,52.29,3534,9170,1531,38.54,16.7,55.23,13102,6376,6726,1784,2672,180,168,2436,1981,1625,1602,154,123,197,180,34.01,27.98,39.73,2.66,2.82,2.5,33.71,38.21,29.45,24.63,25.49,23.82,2.11,2.42,1.83,2.88,3.09,2.68,9242,0,4993,64.92,0,35.08,1245,601,644,161,31,130,12.93,5.16,20.19,14235,441,13794,0,3.1,NA
Bagmati,Nuwakot,Myagang,NP03,NP0328,NP0328401,3969,12668,6053,6615,3.1917359536407157,91.50415721844293,10698,5034,5664,6647,3168,3479,188,131,57,1439,578,861,2416,1155,1261,8,2,6,12668,937,1033,1010,1013,989,934,828,806,805,672,772,663,686,536,429,309,140,65,30,11,6053,495,524,470,531,416,429,402,336,338,314,378,336,333,272,214,147,71,28,14,5,6615,442,509,540,482,573,505,426,470,467,358,394,327,353,264,215,162,69,37,16,6,2637,1306,1331,1242,1285,49,34,15,12,95.83,95.1,96.54,3.15,3.75,2.55,1.02,1.15,0.9,9688,4564,5124,5216,2883,2333,53.84,63.17,45.53,2980,8168,1520,36.48,18.61,55.09,11731,5558,6173,1692,2800,174,163,2176,1703,1315,1252,96,101,105,154,38.29,30.44,45.36,2.87,3.13,2.64,33.07,39.15,27.59,21.88,23.66,20.28,1.68,1.73,1.64,2.21,1.89,2.49,0,0,12668,0,0,100,989,416,573,151,22,129,15.27,5.29,22.51,12668,383,12285,0,3.02,NA
Bagmati,Nuwakot,Tarakeshwor,NP03,NP0328,NP0328403,3879,14184,6671,7513,3.65661252900232,88.79275921735659,11823,5480,6343,6685,3233,3452,198,127,71,2229,879,1350,2704,1238,1466,7,3,4,14184,1091,1270,1332,1278,1066,1023,880,815,755,679,791,686,775,586,507,343,158,112,29,8,6671,561,630,664,573,488,447,402,367,336,300,355,321,389,296,253,159,69,47,11,3,7513,530,640,668,705,578,576,478,448,419,379,436,365,386,290,254,184,89,65,18,5,3362,1638,1724,1522,1621,88,77,25,26,93.49,92.92,94.03,4.91,5.37,4.47,1.52,1.53,1.51,10491,4816,5675,6078,3291,2787,57.94,68.33,49.11,3693,8748,1743,42.22,19.92,62.14,13093,6110,6983,1557,2911,190,161,2824,2262,1251,1372,107,91,181,186,34.13,25.48,41.69,2.68,3.11,2.31,38.85,46.22,32.39,20.03,20.47,19.65,1.51,1.75,1.3,2.8,2.96,2.66,0,2200,11984,0,15.51,84.49,1066,488,578,168,29,139,15.76,5.94,24.05,14184,471,13713,0,3.32,NA
Bagmati,Nuwakot,Belkotgadhi,NP03,NP0328,NP0328302,9222,35224,17057,18167,3.8195619171546302,93.89002036659878,30074,14469,15605,15461,8430,7031,693,344,349,5996,2319,3677,7913,3371,4542,11,5,6,35224,2375,2775,3395,3484,2800,2681,2504,2299,2278,1989,2101,1664,1534,1205,899,683,295,172,61,30,17057,1184,1404,1686,1689,1310,1272,1165,1089,1026,965,1039,831,761,601,424,344,146,86,25,10,18167,1191,1371,1709,1795,1490,1409,1339,1210,1252,1024,1062,833,773,604,475,339,149,86,36,20,8343,4167,4176,3882,3981,229,148,56,47,94.25,93.16,95.33,4.52,5.5,3.54,1.23,1.34,1.13,26679,12783,13896,16573,9103,7470,62.12,71.21,53.76,8545,23334,3345,36.62,14.34,50.96,32849,15873,16976,3725,6467,426,356,6557,5478,4284,3838,445,385,436,452,31.03,23.47,38.09,2.38,2.68,2.1,36.64,41.31,32.27,24.73,26.99,22.61,2.53,2.8,2.27,2.7,2.75,2.66,0,10548,24676,0,29.95,70.05,2800,1310,1490,375,86,289,13.39,6.56,19.4,35224,1088,34135,1,3.09,NA
Bagmati,Nuwakot,Likhu,NP03,NP0328,NP0328406,4582,17728,8587,9141,3.8690528153644697,93.93939393939394,15091,7182,7909,8460,4435,4025,156,68,88,3120,1230,1890,3349,1446,1903,6,3,3,17728,1224,1413,1500,1454,1451,1656,1448,1213,1074,919,1041,881,853,568,456,290,156,81,32,18,8587,669,736,729,724,653,744,705,586,511,428,481,411,439,289,219,125,75,44,13,6,9141,555,677,771,730,798,912,743,627,563,491,560,470,414,279,237,165,81,37,19,12,3786,1905,1881,1758,1788,120,77,27,16,93.66,92.28,95.06,5.2,6.3,4.09,1.14,1.42,0.85,13591,6453,7138,8934,5005,3929,65.73,77.56,55.04,4137,11990,1601,34.5,13.35,47.86,16504,7918,8586,1466,3221,251,206,3478,2729,2286,1977,302,249,135,204,28.4,18.51,37.51,2.77,3.17,2.4,37.61,43.93,31.78,25.83,28.87,23.03,3.34,3.81,2.9,2.05,1.7,2.38,0,11452,6276,0,64.6,35.4,1451,653,798,215,56,159,14.82,8.58,19.92,17728,388,17339,1,2.19,NA
Bagmati,Nuwakot,Panchakanya,NP03,NP0328,NP0328407,3600,13818,6747,7071,3.8383333333333334,95.41790411540093,11850,5709,6141,6280,3366,2914,141,63,78,2742,1086,1656,2671,1189,1482,16,5,11,13818,883,1085,1234,1215,1075,1035,926,953,906,833,856,663,658,530,408,284,138,100,26,10,6747,460,578,613,600,475,511,413,444,423,386,423,338,338,259,205,144,73,48,11,5,7071,423,507,621,615,600,524,513,509,483,447,433,325,320,271,203,140,65,52,15,5,3057,1564,1493,1445,1419,103,55,15,17,93.69,92.39,95.04,5.17,6.59,3.68,1.05,0.96,1.14,10616,5096,5520,6592,3704,2888,62.09,72.68,52.32,3202,9120,1496,35.11,16.4,51.51,12935,6287,6648,1405,2645,175,126,2756,2083,1602,1409,169,157,180,228,31.31,22.35,39.79,2.33,2.78,1.9,37.41,43.84,31.33,23.28,25.48,21.19,2.52,2.69,2.36,3.15,2.86,3.43,0,3777,10041,0,27.33,72.67,1075,475,600,165,29,136,15.35,6.11,22.67,13818,459,13359,0,3.32,NA
Bagmati,Nuwakot,Shivapuri,NP03,NP0328,NP0328410,4925,17203,8222,8981,3.492994923857868,91.54882529785102,14867,7060,7807,7589,4024,3565,291,164,127,3920,1548,2372,3065,1323,1742,2,1,1,17203,1091,1245,1484,1437,1428,1285,1069,1056,1043,944,1120,961,1010,734,562,388,207,84,35,20,8222,553,609,730,669,647,622,505,478,473,429,541,474,499,390,267,184,91,41,13,7,8981,538,636,754,768,781,663,564,578,570,515,579,487,511,344,295,204,116,43,22,13,3635,1772,1863,1603,1733,123,90,46,40,91.77,90.46,93.02,5.86,6.94,4.83,2.37,2.6,2.15,13383,6330,7053,7361,3985,3376,55,62.95,47.87,3820,11353,2030,33.65,17.88,51.53,16112,7669,8443,2396,3720,167,151,3032,2552,1622,1589,179,150,273,281,37.96,31.24,44.06,1.97,2.18,1.79,34.66,39.54,30.23,19.93,21.15,18.82,2.04,2.33,1.78,3.44,3.56,3.33,0,0,17203,0,0,100,1428,647,781,204,58,146,14.29,8.96,18.69,17203,498,16705,0,2.89,NA
Bagmati,Nuwakot,Shivapuri,NP03,NP0328,NP0328596,4925,17203,8222,8981,3.492994923857868,91.54882529785102,14867,7060,7807,7589,4024,3565,291,164,127,3920,1548,2372,3065,1323,1742,2,1,1,17203,1091,1245,1484,1437,1428,1285,1069,1056,1043,944,1120,961,1010,734,562,388,207,84,35,20,8222,553,609,730,669,647,622,505,478,473,429,541,474,499,390,267,184,91,41,13,7,8981,538,636,754,768,781,663,564,578,570,515,579,487,511,344,295,204,116,43,22,13,3635,1772,1863,1603,1733,123,90,46,40,91.77,90.46,93.02,5.86,6.94,4.83,2.37,2.6,2.15,13383,6330,7053,7361,3985,3376,55,62.95,47.87,3820,11353,2030,33.65,17.88,51.53,16112,7669,8443,2396,3720,167,151,3032,2552,1622,1589,179,150,273,281,37.96,31.24,44.06,1.97,2.18,1.79,34.66,39.54,30.23,19.93,21.15,18.82,2.04,2.33,1.78,3.44,3.56,3.33,0,0,17203,0,0,100,1428,647,781,204,58,146,14.29,8.96,18.69,17203,498,16705,0,2.89,NA
Bagmati,Nuwakot,Kakani,NP03,NP0328,NP0328409,6312,24504,12087,12417,3.88212927756654,97.34235322541677,20743,10126,10617,10672,5851,4821,478,247,231,3920,1563,2357,5591,2416,3175,82,49,33,24504,1870,1891,2118,2310,2202,2050,1828,1749,1557,1360,1473,1036,1032,730,564,399,197,89,29,20,12087,994,967,1063,1155,1064,976,899,812,756,642,697,512,531,393,260,207,100,37,11,11,12417,876,924,1055,1155,1138,1074,929,937,801,718,776,524,501,337,304,192,97,52,18,9,5391,2703,2688,2501,2515,164,136,37,36,93.04,92.53,93.56,5.56,6.07,5.06,1.35,1.37,1.34,18625,9063,9562,11770,6696,5074,63.19,73.88,53.06,5879,16597,2028,35.42,12.22,47.64,22634,11093,11541,2410,4538,270,234,5273,3876,2670,2402,259,266,211,225,30.7,21.73,39.32,2.23,2.43,2.03,40.42,47.53,33.58,22.41,24.07,20.81,2.32,2.33,2.3,1.93,1.9,1.95,0,13936,10568,0,56.87,43.13,2202,1064,1138,321,71,250,14.58,6.67,21.97,24504,611,23892,1,2.49,NA
Bagmati,Kathmandu,Shankharapur,NP03,NP0327,NP0327307,7140,29318,14433,14885,4.106162464985994,96.96338595901915,25245,12314,12931,12622,7080,5542,831,444,387,3635,1428,2207,8128,3350,4778,29,12,17,29318,1872,2201,2316,2654,2744,2633,2617,2356,2091,1778,1687,1202,1027,807,565,431,175,115,35,12,14433,987,1132,1179,1335,1371,1287,1248,1132,1029,863,807,602,476,393,259,189,75,47,18,4,14885,885,1069,1137,1319,1373,1346,1369,1224,1062,915,880,600,551,414,306,242,100,68,17,8,6038,3087,2951,2891,2829,157,101,38,21,94.73,93.65,95.87,4.27,5.09,3.42,0.98,1.23,0.71,22929,11135,11794,17480,9504,7976,76.24,85.35,67.63,6389,20789,2140,30.73,10.29,41.03,27446,13446,14000,1665,3837,446,371,5197,4355,4972,4258,843,709,323,470,20.05,12.38,27.41,2.98,3.32,2.65,34.8,38.65,31.11,33.63,36.98,30.41,5.65,6.27,5.06,2.89,2.4,3.36,9271,12456,7591,31.62,42.49,25.89,2744,1371,1373,240,57,183,8.75,4.16,13.33,29318,486,28831,1,1.66,NA
Bagmati,Kathmandu,Kageshwori Manahara,NP03,NP0327,NP0327306,33764,130433,65031,65402,3.8630790190735693,99.43273905996759,111110,54564,56546,44815,28688,16127,4473,2127,2346,16196,5743,10453,45559,17977,27582,67,29,38,130433,9153,10170,9876,11870,13340,13825,13166,11515,9663,7059,6313,4255,3500,2568,1782,1252,577,368,119,62,65031,4994,5473,5351,6263,6431,6402,6060,5476,4795,3564,3197,2152,1737,1249,824,576,255,162,49,21,65402,4159,4697,4525,5607,6909,7423,7106,6039,4868,3495,3116,2103,1763,1319,958,676,322,206,70,41,26704,14303,12401,13719,11944,419,341,162,113,96.1,95.92,96.31,2.85,2.93,2.75,1.03,1.13,0.91,101234,49213,52021,87456,45811,41645,86.39,93.09,80.05,29199,94506,6728,30.9,7.12,38.02,121280,60037,61243,3550,10496,1947,1715,18385,16721,25563,23206,9810,7780,782,1325,11.58,5.91,17.14,3.02,3.24,2.8,28.95,30.62,27.3,40.21,42.58,37.89,14.5,16.34,12.7,1.74,1.3,2.16,123638,6795,0,94.79,5.21,0,13340,6431,6909,792,139,653,5.94,2.16,9.45,130433,2045,128386,2,1.57,NA
Bagmati,Kathmandu,Gokarneshwor,NP03,NP0327,NP0327304,39771,149366,73235,76131,3.7556511025621684,96.19603052632961,127545,61534,66011,53048,32464,20584,4983,2530,2453,17931,6410,11521,51494,20089,31405,89,41,48,149366,10222,11599,11979,15310,16394,15669,14373,13136,10792,8114,7060,4542,3561,2419,1829,1250,625,328,131,33,73235,5465,6236,6429,7726,7775,7097,6562,6134,5281,3990,3566,2259,1722,1196,791,537,269,146,43,11,76131,4757,5363,5550,7584,8619,8572,7811,7002,5511,4124,3494,2283,1839,1223,1038,713,356,182,88,22,32068,16948,15120,15842,14272,853,659,245,185,93.91,93.47,94.39,4.71,5.03,4.36,1.34,1.45,1.22,115566,55105,60461,95785,49618,46167,82.88,90.04,76.36,33800,108951,6615,31.02,6.07,37.09,139144,67770,71374,5682,14438,2456,2019,24196,21399,27476,25938,6711,5756,1249,1824,14.46,8.38,20.23,3.22,3.62,2.83,32.77,35.7,29.98,38.39,40.54,36.34,8.96,9.9,8.06,2.21,1.84,2.56,134685,6809,7872,90.17,4.56,5.27,16394,7775,8619,1141,233,908,6.96,3,10.53,149366,2621,146738,7,1.75,NA
Bagmati,Kathmandu,Budhanilkhantha,NP03,NP0327,NP0327303,46930,177557,87337,90220,3.7834434263797143,96.80447794280647,153837,74579,79258,61537,38753,22784,6741,3299,3442,20870,7330,13540,64533,25108,39425,156,89,67,177557,10883,12837,13346,16305,18732,18541,17199,15670,13412,10247,9181,6269,5078,3804,2583,1682,913,559,218,98,87337,5786,6972,7093,8548,8965,8512,7829,7302,6504,4996,4659,3177,2455,1896,1225,673,395,233,85,32,90220,5097,5865,6253,7757,9767,10029,9370,8368,6908,5251,4522,3092,2623,1908,1358,1009,518,326,133,66,35392,18945,16447,18168,15804,579,475,195,167,95.99,95.9,96.09,2.98,3.06,2.89,1.02,1.03,1.02,140491,67486,73005,123775,63243,60532,88.1,93.71,82.91,37066,130634,9857,28.37,7.55,35.92,166674,81551,85123,4462,12662,2509,2142,23869,22450,34675,33749,15061,12332,975,1788,10.27,5.47,14.87,2.79,3.08,2.52,27.79,29.27,26.37,41.05,42.52,39.65,16.44,18.47,14.49,1.66,1.2,2.1,170125,7432,0,95.81,4.19,0,18732,8965,9767,1026,182,844,5.48,2.03,8.64,177557,2511,175033,13,1.41,NA
Bagmati,Kathmandu,Tokha,NP03,NP0327,NP0327302,37025,133755,66532,67223,3.612559081701553,98.97207800901478,116012,56831,59181,47022,29813,17209,3901,1896,2005,15837,5677,10160,49162,19398,29764,90,47,43,133755,8129,9614,10020,13179,15224,14373,13029,11690,10226,7776,6468,4339,3352,2377,1644,1129,631,349,151,55,66532,4367,5334,5432,7012,7353,6702,5970,5357,4906,3939,3423,2236,1661,1133,746,470,266,153,55,17,67223,3762,4280,4588,6167,7871,7671,7059,6333,5320,3837,3045,2103,1691,1244,898,659,365,196,96,38,26740,14552,12188,13909,11745,504,328,133,112,95.94,95.58,96.37,3.11,3.46,2.69,0.92,0.91,0.92,105992,51399,54593,94989,48758,46231,89.62,94.86,84.68,27763,99656,6336,27.86,6.36,34.22,125626,62165,63461,2760,8474,1916,1462,17620,16379,27392,26308,11673,9424,804,1414,8.94,4.44,13.35,2.69,3.08,2.3,27.06,28.34,25.81,42.75,44.06,41.46,16.79,18.78,14.85,1.77,1.29,2.23,120879,12876,0,90.37,9.63,0,15224,7353,7871,731,131,600,4.8,1.78,7.62,133755,1870,131883,2,1.4,NA
Bagmati,Kathmandu,Tarakeshwor,NP03,NP0327,NP0327301,41362,151479,75281,76198,3.6622745515207193,98.79655634006141,129507,63182,66325,42084,29115,12969,3110,1740,1370,20062,6894,13168,64251,25433,38818,0,0,0,151479,10103,11869,12040,14793,17637,16979,15591,13434,10824,7594,6826,4290,3332,2295,1626,1134,585,347,124,56,75281,5567,6532,6343,7724,8270,7756,7064,6373,5462,3949,3564,2209,1638,1096,748,475,281,152,62,16,76198,4536,5337,5697,7069,9367,9223,8527,7061,5362,3645,3262,2081,1694,1199,878,659,304,195,62,40,31909,17121,14788,16508,14352,457,335,156,101,96.71,96.42,97.05,2.48,2.67,2.27,0.81,0.91,0.68,117467,56839,60628,100649,52473,48176,85.68,92.32,79.46,34012,111300,6167,30.56,5.54,36.1,141376,69714,71662,4575,12622,2231,1763,20523,18603,30688,27754,10346,9013,1351,1907,12.16,6.56,17.61,2.83,3.2,2.46,27.68,29.44,25.96,41.34,44.02,38.73,13.69,14.84,12.58,2.3,1.94,2.66,124607,26872,0,82.26,17.74,0,17637,8270,9367,973,151,822,5.52,1.83,8.78,151479,2266,149213,0,1.5,NA
Bagmati,Kathmandu,Nagarjun,NP03,NP0327,NP0327305,31301,115437,57596,57841,3.6879652407271335,99.57642502722982,99809,49058,50751,37245,25086,12159,2205,1092,1113,14639,4964,9675,45720,17916,27804,0,0,0,115437,7228,8400,8411,10236,12016,12316,11641,10338,8914,6542,5959,4039,3189,2349,1686,1089,563,347,120,54,57596,3913,4625,4471,5391,5764,5748,5399,4985,4395,3388,3071,2075,1567,1100,776,451,252,155,54,16,57841,3315,3775,3940,4845,6252,6568,6242,5353,4519,3154,2888,1964,1622,1249,910,638,311,192,66,38,22371,12034,10337,11610,10030,349,249,75,58,96.73,96.48,97.03,2.67,2.9,2.41,0.59,0.62,0.56,91398,44587,46811,79879,41781,38098,87.4,93.71,81.39,24039,85190,6208,28.22,7.29,35.51,108209,53683,54526,2937,8800,1619,1224,14931,13475,21857,20345,11110,8871,1229,1811,10.85,5.47,16.14,2.63,3.02,2.24,26.25,27.81,24.71,39,40.71,37.31,18.47,20.7,16.27,2.81,2.29,3.32,111889,3548,0,96.93,3.07,0,12016,5764,6252,543,86,457,4.52,1.49,7.31,115437,1569,113868,0,1.36,NA
Bagmati,Kathmandu,Kathmandu,NP03,NP0327,NP0327101,238966,862400,438256,424144,3.6088815982189937,103.32717190388169,767490,386880,380610,302168,203746,98422,19510,10107,9403,104337,36802,67535,341475,136225,205250,0,0,0,862400,42541,52369,57082,81945,95801,88219,79255,73235,67323,53890,49861,35330,28448,20893,15161,10378,5835,3144,1209,481,438256,22860,28516,30804,44523,49370,43149,38173,35342,33172,27513,25899,18423,14254,10269,7060,4647,2448,1196,468,170,424144,19681,23853,26278,37422,46431,45070,41082,37893,34151,26377,23962,16907,14194,10624,8101,5731,3387,1948,741,311,152699,82722,69977,79357,67874,2549,1543,816,560,96.42,95.93,96.99,2.68,3.08,2.21,0.9,0.99,0.8,710408,356076,354332,634329,335218,299111,89.29,94.14,84.42,151992,653307,57101,23.27,8.74,32.01,819859,415396,404463,21997,56120,9256,7400,99528,87910,173325,159545,103162,81666,8128,11822,9.53,5.3,13.88,2.03,2.23,1.83,22.86,23.96,21.73,40.6,41.73,39.45,22.54,24.83,20.19,2.43,1.96,2.92,862400,0,0,100,0,0,95801,49370,46431,3145,521,2624,3.28,1.06,5.65,862400,11969,850431,0,1.39,NA
Bagmati,Kathmandu,Kirtipur,NP03,NP0327,NP0327309,24150,81578,43247,38331,3.3779710144927537,112.82512848608177,71984,37986,33998,27125,18472,8653,3162,1793,1369,10329,4053,6276,31368,13668,17700,0,0,0,81578,4437,5157,5335,7538,10398,9735,7737,6556,5973,4507,4301,2917,2234,1703,1257,895,478,287,109,24,43247,2389,2872,2986,4368,5958,5272,3846,3208,3097,2260,2252,1516,1084,820,576,367,208,111,47,10,38331,2048,2285,2349,3170,4440,4463,3891,3348,2876,2247,2049,1401,1150,883,681,528,270,176,62,14,14522,8181,6341,7915,6184,202,114,64,43,97.09,96.75,97.52,2.18,2.47,1.8,0.74,0.78,0.68,66649,35000,31649,58212,33074,25138,87.34,94.5,79.43,14929,61896,4753,24.12,7.68,31.8,77141,40858,36283,2068,6606,951,725,9610,7824,16037,12159,11545,7911,647,1058,11.24,5.06,18.21,2.17,2.33,2,22.6,23.52,21.56,36.55,39.25,33.51,25.22,28.26,21.8,2.21,1.58,2.92,81578,0,0,100,0,0,10398,5958,4440,341,69,272,3.28,1.16,6.13,81578,1286,80292,0,1.58,NA
Bagmati,Kathmandu,Chandragiri,NP03,NP0327,NP0327308,35994,136860,68303,68557,3.802300383397233,99.62950537508934,117692,57952,59740,43474,30123,13351,4027,2121,1906,16694,5541,11153,53497,20167,33330,0,0,0,136860,8901,10267,10814,11982,13467,14128,13656,12074,10799,7954,7469,4820,3632,2562,1834,1244,657,370,154,76,68303,4778,5573,5866,6294,6549,6528,6280,5669,5350,3984,3959,2485,1811,1258,845,531,282,162,66,33,68557,4123,4694,4948,5688,6918,7600,7376,6405,5449,3970,3510,2335,1821,1304,989,713,375,208,88,43,27682,14909,12773,14277,12343,504,310,128,120,96.16,95.76,96.63,2.94,3.38,2.43,0.9,0.86,0.94,106878,52086,54792,90940,48114,42826,85.09,92.37,78.16,29982,99981,6897,29.99,6.9,36.89,127959,63525,64434,4154,12139,2000,1631,20518,17443,25872,23445,9730,7870,1251,1906,12.73,6.54,18.84,2.84,3.15,2.53,29.67,32.3,27.07,38.54,40.73,36.39,13.75,15.32,12.21,2.47,1.97,2.96,124245,12615,0,90.78,9.22,0,13467,6549,6918,906,165,741,6.73,2.52,10.71,136860,2352,134508,0,1.72,NA
Bagmati,Kathmandu,Dakshinkali,NP03,NP0327,NP0327310,6489,26372,12955,13417,4.0641084912929575,96.5566072892599,22932,11156,11776,9975,6081,3894,855,444,411,3718,1345,2373,8384,3286,5098,0,0,0,26372,1599,1841,2008,2196,2250,2464,2561,2357,2073,1542,1482,1112,999,716,531,340,146,112,29,14,12955,807,992,1050,1136,1087,1161,1175,1156,1020,749,712,544,480,350,250,150,62,58,11,5,13417,792,849,958,1060,1163,1303,1386,1201,1053,793,770,568,519,366,281,190,84,54,18,9,5101,2686,2415,2546,2317,110,76,30,22,95.33,94.79,95.94,3.65,4.1,3.15,1.02,1.12,0.91,20924,10106,10818,16109,8805,7304,76.99,87.13,67.52,5448,19036,1888,28.62,9.92,38.54,24773,12148,12625,1378,3580,311,242,4555,3575,4376,3682,1084,988,444,558,20.01,11.34,28.36,2.23,2.56,1.92,32.82,37.5,28.32,32.53,36.02,29.16,8.36,8.92,7.83,4.04,3.65,4.42,1803,21639,2930,6.84,82.05,11.11,2250,1087,1163,170,32,138,7.56,2.94,11.87,26372,661,25711,0,2.51,NA
Bagmati,Bhaktapur,Changunarayan,NP03,NP0326,NP0326302,21588,88083,43674,44409,4.080183435241801,98.34493008174019,75288,36743,38545,34813,20510,14303,2881,1389,1492,11942,4307,7635,25605,10523,15082,47,14,33,88083,6072,6723,7012,7650,8294,8574,8267,7687,6760,5173,4648,3348,2656,1971,1402,1024,468,245,78,31,43674,3250,3681,3658,4006,4112,4066,3785,3635,3285,2561,2349,1687,1229,908,619,463,223,111,30,16,44409,2822,3042,3354,3644,4182,4508,4482,4052,3475,2612,2299,1661,1427,1063,783,561,245,134,48,15,18159,9641,8518,9223,8180,332,245,86,92,95.84,95.66,96.03,3.18,3.44,2.88,0.98,0.89,1.08,68276,33085,35191,55538,30006,25532,81.34,90.69,72.55,19807,63057,5219,31.41,8.28,39.69,82011,40424,41587,3157,9738,1386,1059,14336,12389,16865,13865,4029,3476,651,1060,15.72,7.81,23.42,2.98,3.43,2.55,32.59,35.46,29.79,37.47,41.72,33.34,9.15,9.97,8.36,2.09,1.61,2.55,48418,39665,0,54.97,45.03,0,8294,4112,4182,562,98,464,6.78,2.38,11.1,88083,1327,86737,19,1.51,NA
Bagmati,Bhaktapur,Bhaktapur,NP03,NP0326,NP0326303,18987,79136,39755,39381,4.167904355611735,100.94969655417587,68913,34228,34685,35502,21551,13951,2230,1036,1194,8715,3016,5699,22403,8604,13799,63,21,42,79136,4948,5275,5449,6434,7417,8202,7465,6791,6106,5013,4772,3370,2415,1912,1358,1107,610,342,114,36,39755,2657,2870,2929,3444,3761,4052,3708,3356,2997,2498,2385,1626,1103,868,566,481,263,136,41,14,39381,2291,2405,2520,2990,3656,4150,3757,3435,3109,2515,2387,1744,1312,1044,792,626,347,206,73,22,14404,7755,6649,7304,6383,381,216,70,49,95.02,94.18,96,4.14,4.91,3.25,0.83,0.9,0.74,63464,31299,32165,53879,28872,25007,84.9,92.25,77.75,15672,57985,5479,27.03,9.45,36.48,74188,37098,37090,2485,7199,1069,847,12714,10112,15146,12794,4907,4422,777,1716,13.05,6.7,19.41,2.58,2.88,2.28,30.77,34.27,27.26,37.66,40.83,34.49,12.57,13.23,11.92,3.36,2.09,4.63,79136,0,0,100,0,0,7417,3761,3656,342,72,270,4.61,1.91,7.39,79136,998,78131,7,1.26,NA
Bagmati,Bhaktapur,Madhyapur Thimi,NP03,NP0326,NP0326301,31966,119756,60746,59010,3.7463555027216415,102.94187425860024,104350,52443,51907,47351,29746,17605,3067,1463,1604,13001,4718,8283,40852,16480,24372,79,36,43,119756,7471,7935,8323,10786,12933,12375,11678,10374,9384,7275,6626,4428,3384,2538,1737,1235,646,427,148,53,60746,4006,4297,4540,5762,6645,6028,5575,4957,4652,3646,3450,2309,1752,1258,808,544,273,174,55,15,59010,3465,3638,3783,5024,6288,6347,6103,5417,4732,3629,3176,2119,1632,1280,929,691,373,253,93,38,22162,12030,10132,11420,9674,490,347,120,110,95.18,94.93,95.48,3.78,4.07,3.42,1.04,1,1.09,96027,47903,48124,85242,45119,40123,88.77,94.19,83.37,23729,89243,6784,26.59,7.6,34.19,112285,56740,55545,2884,8092,1446,1285,16290,14073,23047,21048,12220,9343,853,1704,9.78,5.08,14.57,2.43,2.55,2.31,27.04,28.71,25.34,39.27,40.62,37.89,19.2,21.54,16.82,2.28,1.5,3.07,119756,0,0,100,0,0,12933,6645,6288,617,136,481,4.77,2.05,7.65,119756,1380,118373,3,1.15,NA
Bagmati,Bhaktapur,Suryabinayak,NP03,NP0326,NP0326304,35865,140085,69915,70170,3.905897114178168,99.63659683625481,120498,59188,61310,53861,32975,20886,3632,1829,1803,16506,5699,10807,46408,18647,27761,91,38,53,140085,9504,10083,10177,11925,13672,14453,13508,12191,10734,8602,7853,5311,4179,2985,2034,1545,728,409,134,58,69915,5149,5578,5508,6269,6710,6743,6345,5787,5150,4319,4022,2673,2052,1445,917,674,322,172,60,20,70170,4355,4505,4669,5656,6962,7710,7163,6404,5584,4283,3831,2638,2127,1540,1117,871,406,237,74,38,27004,14666,12338,13979,11843,535,375,151,120,95.62,95.32,95.99,3.37,3.65,3.04,1,1.03,0.97,110321,53680,56641,95734,50537,45197,86.78,94.14,79.8,29764,102428,7893,29.06,7.71,36.76,130581,64766,65815,3304,11549,2084,1611,19356,17198,27708,24622,11409,8902,905,1933,11.37,5.1,17.55,2.83,3.22,2.45,27.99,29.89,26.13,40.07,42.78,37.41,15.55,17.62,13.53,2.17,1.4,2.94,140085,0,0,100,0,0,13672,6710,6962,774,174,600,5.66,2.59,8.62,140085,2136,137946,3,1.52,NA
Bagmati,Lalitpur,Mahalaxmi,NP03,NP0325,NP0325302,32106,123116,62399,60717,3.8346726468572854,102.77022909564042,106944,53694,53250,44600,28906,15694,3580,1840,1740,14106,5160,8946,44511,17715,26796,147,73,74,123116,7617,8555,8889,11012,13202,12804,11769,10579,9672,7369,6752,4468,3640,2686,1767,1185,655,340,105,50,62399,4107,4598,4929,5946,6834,6220,5561,5000,4808,3723,3532,2301,1755,1307,808,480,284,148,39,19,60717,3510,3957,3960,5066,6368,6584,6208,5579,4864,3646,3220,2167,1885,1379,959,705,371,192,66,31,23552,12815,10737,12150,10281,492,326,173,129,95.24,94.81,95.75,3.47,3.84,3.04,1.28,1.35,1.2,98055,48765,49290,86831,46113,40718,88.55,94.56,82.61,25061,91267,6788,27.46,7.44,34.9,115499,58292,57207,2812,8698,1629,1358,16659,15171,24734,21923,11752,8693,706,1364,9.97,4.82,15.2,2.59,2.79,2.37,27.56,28.58,26.52,40.4,42.43,38.32,17.7,20.16,15.2,1.79,1.21,2.38,122173,0,943,99.23,0,0.77,13202,6834,6368,672,130,542,5.09,1.9,8.51,123116,1590,121514,12,1.29,NA
Bagmati,Lalitpur,Lalitpur,NP03,NP0325,NP0325101,77159,294098,146730,147368,3.811583872263767,99.56707019162911,261160,129034,132126,114654,71753,42901,8887,4277,4610,32666,11782,20884,104771,41141,63630,182,81,101,294098,14864,18074,19994,25244,28765,27361,25977,25034,24474,20116,18518,13054,10423,7789,5901,4232,2325,1278,450,225,146730,8015,9681,10554,13351,14577,13174,12457,11566,11818,10080,9534,6634,5152,3721,2731,1877,1010,529,186,83,147368,6849,8393,9440,11893,14188,14187,13520,13468,12656,10036,8984,6420,5271,4068,3170,2355,1315,749,264,142,52289,27728,24561,26305,23576,1122,727,299,256,95.39,94.87,95.99,3.54,4.05,2.96,1.06,1.08,1.04,241166,118480,122686,213754,111315,102439,88.63,93.95,83.5,52932,218966,22200,24.17,10.14,34.31,279234,138715,140519,7454,20499,3344,2828,38489,34840,56282,52609,30943,25704,2203,4039,10.01,5.37,14.59,2.21,2.41,2.01,26.26,27.75,24.79,39,40.57,37.44,20.29,22.31,18.29,2.24,1.59,2.87,294098,0,0,100,0,0,28765,14577,14188,1258,288,970,4.37,1.98,6.84,294098,3711,290356,31,1.26,NA
Bagmati,Lalitpur,Godawari,NP03,NP0325,NP0325301,24045,97633,48140,49493,4.060428363485132,97.26628008001131,84891,41427,43464,39498,23590,15908,2173,1138,1035,11974,4350,7624,31160,12319,18841,86,30,56,97633,5861,6881,7473,8331,9043,9335,9278,8671,7635,5903,5674,3925,3284,2358,1726,1163,549,330,139,74,48140,3088,3625,3901,4206,4352,4403,4425,4151,3766,2907,2856,1941,1576,1145,811,528,238,140,59,22,49493,2773,3256,3572,4125,4691,4932,4853,4520,3869,2996,2818,1984,1708,1213,915,635,311,190,80,52,19195,9967,9228,9428,8842,445,285,94,101,95.18,94.59,95.82,3.8,4.46,3.09,1.02,0.94,1.09,77418,37526,39892,62011,33278,28733,80.1,88.68,72.03,20215,71079,6339,28.44,8.92,37.36,91772,45052,46720,4362,11272,1288,1077,16678,13867,16941,15019,4912,4116,871,1369,17.04,9.68,24.13,2.58,2.86,2.31,33.28,37.02,29.68,34.83,37.6,32.15,9.84,10.9,8.81,2.44,1.93,2.93,55372,39380,2881,56.71,40.33,2.95,9043,4352,4691,654,151,503,7.23,3.47,10.72,97633,1936,95690,7,1.98,NA
Bagmati,Lalitpur,Konjyosom,NP03,NP0325,NP0325402,2142,8989,4398,4591,4.196545284780579,95.7961228490525,7636,3707,3929,4303,2257,2046,192,83,109,896,382,514,2243,983,1260,2,2,0,8989,614,739,826,929,863,835,638,642,630,500,477,355,327,262,161,110,43,26,10,2,4398,321,370,410,467,443,382,306,306,309,222,235,174,165,137,69,51,17,9,5,0,4591,293,369,416,462,420,453,332,336,321,278,242,181,162,125,92,59,26,17,5,2,2095,1037,1058,962,990,51,44,24,24,93.17,92.77,93.57,4.53,4.92,4.16,2.29,2.31,2.27,6810,3297,3513,4670,2581,2089,68.58,78.28,59.46,2179,6196,614,35.17,9.91,45.08,8375,4077,4298,737,1446,104,101,1901,1570,1083,932,118,113,134,136,26.07,18.08,33.64,2.45,2.55,2.35,41.44,46.63,36.53,24.06,26.56,21.68,2.76,2.89,2.63,3.22,3.29,3.16,0,0,8989,0,0,100,863,443,420,118,32,86,13.67,7.22,20.48,8989,206,8783,0,2.29,NA
Bagmati,Lalitpur,Mahankal,NP03,NP0325,NP0325403,1939,8122,4072,4050,4.188757091284167,100.54320987654322,6988,3498,3490,4967,2495,2472,66,42,24,559,282,277,1396,679,717,0,0,0,8122,539,595,709,756,766,647,602,612,567,461,484,370,338,276,165,126,61,34,7,7,4072,273,301,383,363,388,317,300,298,271,230,238,196,175,136,88,64,30,14,3,4,4050,266,294,326,393,378,330,302,314,296,231,246,174,163,140,77,62,31,20,4,3,1763,891,872,848,841,36,23,7,8,95.8,95.17,96.44,3.35,4.04,2.64,0.85,0.79,0.92,6279,3115,3164,4782,2612,2170,76.16,83.85,68.58,1843,5603,676,32.89,12.06,44.96,7583,3799,3784,511,999,74,65,1695,1381,1210,983,186,126,123,230,19.91,13.45,26.4,1.83,1.95,1.72,40.56,44.62,36.5,28.92,31.85,25.98,4.11,4.9,3.33,4.66,3.24,6.08,0,0,8122,0,0,100,766,388,378,75,12,63,9.79,3.09,16.67,8122,120,8001,1,1.48,NA
Bagmati,Lalitpur,Bagmati,NP03,NP0325,NP0325401,2739,11353,5700,5653,4.144943410003651,100.83141694675393,9570,4766,4804,6087,3132,2955,172,106,66,1289,539,750,2021,988,1033,1,1,0,11353,849,934,1059,1075,1030,947,871,803,686,574,661,481,463,356,255,176,64,48,12,9,5700,432,502,504,539,527,472,443,398,333,288,311,258,238,187,129,70,39,19,5,6,5653,417,432,555,536,503,475,428,405,353,286,350,223,225,169,126,106,25,29,7,3,2659,1344,1315,1194,1191,102,84,48,39,89.7,88.84,90.57,7,7.59,6.39,3.27,3.57,2.97,8511,4262,4249,5573,3167,2406,65.48,74.31,56.63,2842,7591,920,37.44,12.12,49.56,10504,5268,5236,1135,1872,106,102,2567,1999,1183,1031,176,170,101,62,28.63,21.55,35.75,1.98,2.01,1.95,43.47,48.73,38.18,21.08,22.46,19.69,3.29,3.34,3.25,1.55,1.92,1.18,0,0,11353,0,0,100,1030,527,503,137,37,100,13.3,7.02,19.88,11353,263,11090,0,2.32,NA
Bagmati,Kavrepalanchok,Chauri Deurali,NP03,NP0324,NP0324402,4156,14076,6661,7415,3.386910490856593,89.83142279163857,12447,5826,6621,5924,3019,2905,363,241,122,2812,1135,1677,3341,1426,1915,7,5,2,14076,807,822,1155,1406,1028,820,712,766,873,979,1012,844,840,677,589,375,220,93,35,23,6661,429,406,567,676,507,401,329,342,366,425,494,419,398,313,259,176,94,40,14,6,7415,378,416,588,730,521,419,383,424,507,554,518,425,442,364,330,199,126,53,21,17,2825,1394,1431,1289,1343,78,58,27,30,93.17,92.47,93.85,4.81,5.6,4.05,2.02,1.94,2.1,11292,5259,6033,5754,3330,2424,50.96,63.32,40.18,2784,9280,2012,30,21.68,51.68,13269,6232,7037,1962,3644,120,77,2159,1622,1668,1481,224,108,99,105,42.25,31.48,51.78,1.48,1.93,1.09,28.49,34.64,23.05,23.73,26.77,21.05,2.5,3.59,1.53,1.54,1.59,1.49,0,0,14076,0,0,100,1028,507,521,111,22,89,10.8,4.34,17.08,14076,567,13506,3,4.03,NA
Bagmati,Kavrepalanchok,Bhumlu,NP03,NP0324,NP0324401,4518,15678,7596,8082,3.4701195219123506,93.98663697104676,13654,6544,7110,7598,3911,3687,201,125,76,2338,997,1341,3507,1507,2000,10,4,6,15678,939,1085,1300,1447,1206,1135,989,972,943,907,1108,867,892,691,487,384,165,110,36,15,7596,506,546,626,686,586,575,512,428,430,405,510,440,448,345,213,185,86,51,11,7,8082,433,539,674,761,620,560,477,544,513,502,598,427,444,346,274,199,79,59,25,8,3278,1584,1694,1461,1566,86,94,37,34,92.34,92.23,92.44,5.49,5.43,5.55,2.17,2.34,2.01,12354,5918,6436,7552,4286,3266,61.13,72.42,50.75,3324,10466,1888,31.76,18.04,49.8,14739,7090,7649,1664,3193,131,111,2887,2243,1963,1637,197,177,248,288,32.95,23.47,41.74,1.64,1.85,1.45,34.81,40.72,29.32,24.42,27.69,21.4,2.54,2.78,2.31,3.64,3.5,3.77,0,0,15678,0,0,100,1206,586,620,141,31,110,11.69,5.29,17.74,15678,497,15179,2,3.17,NA
Bagmati,Kavrepalanchok,Mandan Deupur,NP03,NP0324,NP0324301,7924,30381,14853,15528,3.8340484603735487,95.65301391035548,26107,12608,13499,15124,7945,7179,536,311,225,4466,1770,2696,5962,2574,3388,19,8,11,30381,2070,2204,2395,2674,2511,2439,2196,2104,2174,1930,2022,1496,1414,984,778,508,272,150,36,24,14853,1073,1172,1235,1282,1220,1192,1083,997,1037,903,964,734,690,468,377,219,127,63,10,7,15528,997,1032,1160,1392,1291,1247,1113,1107,1137,1027,1058,762,724,516,401,289,145,87,26,17,6201,3179,3022,2922,2834,196,147,61,41,92.82,91.92,93.78,5.53,6.17,4.86,1.64,1.92,1.36,23712,11373,12339,16050,8899,7151,67.69,78.25,57.95,6669,20960,2752,31.82,13.13,44.95,28311,13780,14531,2521,5223,421,318,5702,4406,4216,3506,503,447,417,631,27.35,18.29,35.94,2.61,3.06,2.19,35.7,41.38,30.32,27.28,30.6,24.13,3.36,3.65,3.08,3.7,3.03,4.34,15845,0,14536,52.15,0,47.85,2511,1220,1291,305,72,233,12.15,5.9,18.05,30381,871,29504,6,2.87,NA
Bagmati,Kavrepalanchok,Banepa,NP03,NP0324,NP0324302,16698,67690,33172,34518,4.053778895676129,96.10058520192364,57912,27876,30036,29071,16662,12409,1403,692,711,7880,2872,5008,19497,7617,11880,61,33,28,67690,4545,5233,5278,6083,6309,6629,6289,5703,5051,3843,3722,2643,2158,1528,1159,798,390,225,77,27,33172,2454,2842,2745,3092,2941,3080,2938,2673,2490,1892,1833,1282,1016,713,504,372,170,89,35,11,34518,2091,2391,2533,2991,3368,3549,3351,3030,2561,1951,1889,1361,1142,815,655,426,220,136,42,16,13982,7343,6639,6971,6332,273,225,99,82,95.14,94.93,95.38,3.56,3.72,3.39,1.29,1.35,1.24,52634,25131,27503,43228,22716,20512,82.13,90.39,74.58,15056,48430,4204,31.09,8.68,39.77,63145,30718,32427,2524,7070,1047,863,10745,9354,12693,11492,3173,2729,536,919,15.19,8.22,21.8,3.02,3.41,2.66,31.83,34.98,28.85,38.3,41.32,35.44,9.35,10.33,8.42,2.3,1.74,2.83,49618,15778,2294,73.3,23.31,3.39,6309,2941,3368,448,93,355,7.1,3.16,10.54,67690,1019,66668,3,1.51,NA
Bagmati,Kavrepalanchok,Dhulikhel,NP03,NP0324,NP0324303,8570,33726,16462,17264,3.935355892648775,95.35449490268768,28904,13881,15023,15653,8336,7317,676,358,318,4821,1846,2975,7731,3331,4400,23,10,13,33726,2274,2548,2628,2915,3337,3256,2884,2694,2358,1940,1869,1413,1210,904,644,462,215,124,36,15,16462,1221,1360,1417,1432,1612,1509,1353,1271,1111,932,902,690,571,412,284,211,103,53,14,4,17264,1053,1188,1211,1483,1725,1747,1531,1423,1247,1008,967,723,639,492,360,251,112,71,22,11,6886,3607,3279,3440,3157,133,102,33,20,95.8,95.37,96.28,3.41,3.69,3.11,0.77,0.91,0.61,26276,12464,13812,20093,10742,9351,76.47,86.18,67.7,7450,23876,2400,31.2,10.05,41.25,31452,15241,16211,1765,4484,487,424,5664,4573,5743,5282,1334,1045,248,403,19.87,11.58,27.66,2.9,3.2,2.62,32.55,37.16,28.21,35.05,37.68,32.58,7.56,8.75,6.45,2.07,1.63,2.49,16186,15558,1982,47.99,46.13,5.88,3337,1612,1725,244,44,200,7.31,2.73,11.59,33726,641,33076,9,1.9,NA
Bagmati,Kavrepalanchok,Panchkhal,NP03,NP0324,NP0324304,9133,35521,17212,18309,3.88930252928939,94.00841116390846,30608,14608,16000,17102,9077,8025,623,291,332,4927,1957,2970,7939,3271,4668,17,12,5,35521,2332,2581,2767,3197,3073,3058,2782,2636,2468,2211,2261,1739,1439,1047,875,572,273,132,52,26,17212,1228,1376,1423,1614,1468,1421,1345,1210,1150,1040,1097,844,658,489,420,221,122,57,20,9,18309,1104,1205,1344,1583,1605,1637,1437,1426,1318,1171,1164,895,781,558,455,351,151,75,32,17,7193,3715,3478,3468,3311,189,128,58,39,94.24,93.35,95.2,4.41,5.09,3.68,1.35,1.56,1.12,27841,13185,14656,19694,10766,8928,70.74,81.65,60.92,7680,24864,2977,30.89,11.97,42.86,33189,15984,17205,2484,5764,446,391,6643,5012,5163,4466,812,694,436,878,24.85,15.54,33.5,2.52,2.79,2.27,35.12,41.56,29.13,29.01,32.3,25.96,4.54,5.08,4.03,3.96,2.73,5.1,7714,14097,13710,21.72,39.69,38.6,3073,1468,1605,335,86,249,10.9,5.86,15.51,35521,932,34585,4,2.62,NA
Bagmati,Kavrepalanchok,Temal,NP03,NP0324,NP0324405,4869,16957,8220,8737,3.4826453070445678,94.08263706077601,14778,7075,7703,8036,3987,4049,223,136,87,2893,1276,1617,3623,1675,1948,3,1,2,16957,1083,1096,1253,1495,1223,1116,971,969,976,1009,1300,1094,1089,763,663,468,223,95,42,29,8220,577,568,602,730,579,566,500,450,447,436,633,488,538,376,320,232,101,47,16,14,8737,506,528,651,765,644,550,471,519,529,573,667,606,551,387,343,236,122,48,26,15,3248,1611,1637,1490,1552,95,60,26,25,93.66,92.49,94.81,4.77,5.9,3.67,1.57,1.61,1.53,13525,6473,7052,7409,4213,3196,54.78,65.09,45.32,3432,11242,2283,30.53,20.31,50.84,15874,7643,8231,2275,3877,143,137,2854,2017,1953,1764,180,114,238,322,38.76,29.77,47.1,1.76,1.87,1.66,30.69,37.34,24.5,23.42,25.55,21.43,1.85,2.36,1.39,3.53,3.11,3.91,0,0,16957,0,0,100,1223,579,644,141,28,113,11.53,4.84,17.55,16957,601,16352,4,3.54,NA
Bagmati,Kavrepalanchok,Namobuddha,NP03,NP0324,NP0324306,7148,26160,12496,13664,3.65976496922216,91.4519906323185,22435,10543,11892,13941,7016,6925,426,219,207,2357,923,1434,5691,2371,3320,20,14,6,26160,1724,2001,2202,2288,2009,2095,1916,1785,1647,1472,1607,1370,1352,1009,715,474,291,137,43,23,12496,935,1018,1080,1085,920,1000,940,810,757,669,709,650,617,500,337,231,142,67,19,10,13664,789,983,1122,1203,1089,1095,976,975,890,803,898,720,735,509,378,243,149,70,24,13,5609,2771,2838,2582,2701,148,106,40,30,94.19,93.18,95.17,4.53,5.34,3.74,1.25,1.44,1.06,20233,9463,10770,13236,7241,5995,65.42,76.52,55.66,5927,17541,2692,33.79,15.35,49.14,24436,11561,12875,2270,4808,350,268,4873,3890,3351,3060,324,289,393,560,28.97,19.63,37.34,2.53,3.03,2.08,35.86,42.15,30.21,26.24,28.99,23.77,2.51,2.8,2.24,3.9,3.4,4.35,0,3441,22719,0,13.15,86.85,2009,920,1089,190,31,159,9.46,3.37,14.6,26160,811,25341,8,3.1,NA
Bagmati,Kavrepalanchok,Panauti,NP03,NP0324,NP0324305,12806,51504,25015,26489,4.0218647508980165,94.43542602589754,44304,21106,23198,23646,12487,11159,1014,532,482,6588,2624,3964,13040,5453,7587,16,10,6,51504,3368,3832,3977,4440,4780,4635,4459,3966,3652,3001,3036,2359,2038,1504,1046,736,377,205,62,31,25015,1859,2050,2052,2272,2273,2159,2082,1848,1683,1388,1438,1129,958,703,478,331,177,90,33,12,26489,1509,1782,1925,2168,2507,2476,2377,2118,1969,1613,1598,1230,1080,801,568,405,200,115,29,19,10413,5440,4973,5105,4751,249,168,86,54,94.65,93.84,95.54,4,4.58,3.38,1.34,1.58,1.09,40327,19054,21273,31347,16811,14536,77.73,88.23,68.33,11177,36366,3961,30.73,10.89,41.63,48136,23156,24980,2330,6794,722,584,9060,7542,8950,7817,1577,1413,517,830,18.95,10.06,27.2,2.71,3.12,2.34,34.49,39.13,30.19,34.83,38.65,31.29,6.21,6.81,5.66,2.8,2.23,3.32,8212,32755,10537,15.94,63.6,20.46,4780,2273,2507,362,73,289,7.57,3.21,11.53,51504,949,50554,1,1.84,NA
Bagmati,Kavrepalanchok,Bethanchowk,NP03,NP0324,NP0324403,3861,14959,7150,7809,3.8743848743848743,91.56101933666282,12566,5927,6639,8606,4080,4526,78,45,33,1133,497,636,2746,1303,1443,3,2,1,14959,1161,1232,1246,1326,1259,1245,1032,1018,961,795,914,747,693,498,369,261,126,54,9,13,7150,590,633,626,639,543,582,494,455,457,368,423,350,350,243,177,119,65,26,3,7,7809,571,599,620,687,716,663,538,563,504,427,491,397,343,255,192,142,61,28,6,6,3260,1631,1629,1515,1509,76,89,40,31,92.76,92.89,92.63,5.06,4.66,5.46,2.18,2.45,1.9,11320,5301,6019,7472,3974,3498,66.01,74.97,58.12,3639,9990,1330,36.43,13.31,49.74,13798,6560,7238,1362,2549,196,165,2846,2304,1794,1706,170,150,192,364,28.34,20.76,35.22,2.62,2.99,2.28,37.32,43.38,31.83,25.37,27.35,23.57,2.32,2.59,2.07,4.03,2.93,5.03,0,0,14959,0,0,100,1259,543,716,123,28,95,9.77,5.16,13.27,14959,331,14628,0,2.21,NA
Bagmati,Kavrepalanchok,Roshi,NP03,NP0324,NP0324404,6075,23790,11486,12304,3.916049382716049,93.351755526658,20349,9761,10588,12554,6261,6293,344,188,156,3652,1600,2052,3788,1704,2084,11,8,3,23790,1631,1810,2223,2267,1932,1732,1495,1409,1457,1329,1584,1226,1187,910,722,479,217,133,30,17,11486,833,892,1042,1105,924,879,728,660,675,584,734,611,582,451,358,235,104,71,14,4,12304,798,918,1181,1162,1008,853,767,749,782,745,850,615,605,459,364,244,113,62,16,13,5402,2606,2796,2411,2631,168,145,27,20,93.34,92.52,94.1,5.79,6.45,5.19,0.87,1.04,0.72,18126,8719,9407,11412,6333,5079,62.96,72.63,53.99,5664,15618,2508,36.27,16.06,52.32,22159,10653,11506,2409,4346,253,246,4772,3812,2615,2447,225,155,379,500,30.48,22.61,37.77,2.25,2.37,2.14,38.74,44.79,33.13,22.84,24.55,21.27,1.71,2.11,1.35,3.97,3.56,4.35,0,0,23790,0,0,100,1932,924,1008,244,57,187,12.63,6.17,18.55,23790,665,23125,0,2.8,NA
Bagmati,Kavrepalanchok,Mahabharat,NP03,NP0324,NP0324407,3174,16079,7880,8199,5.065847511027095,96.10928161970972,13086,6393,6693,7508,3759,3749,146,87,59,2175,1030,1145,3247,1511,1736,10,6,4,16079,1426,1567,1956,1907,1470,1121,871,901,871,827,833,627,638,379,295,220,108,36,15,11,7880,727,760,971,904,723,552,430,432,412,399,410,323,326,191,140,97,52,20,8,3,8199,699,807,985,1003,747,569,441,469,459,428,423,304,312,188,155,123,56,16,7,8,4688,2279,2409,2038,2178,162,141,79,90,89.93,89.43,90.41,6.46,7.11,5.85,3.6,3.47,3.74,11130,5422,5708,6963,3845,3118,62.56,70.91,54.63,4949,10066,1064,49.17,10.57,59.74,14653,7153,7500,1665,2689,145,174,3435,2909,1586,1378,97,66,225,284,29.71,23.28,35.85,2.18,2.03,2.32,43.29,48.02,38.79,20.23,22.17,18.37,1.11,1.36,0.88,3.47,3.15,3.79,0,0,16079,0,0,100,1470,723,747,238,62,176,16.19,8.58,23.56,16079,357,15720,2,2.22,NA
Bagmati,Kavrepalanchok,Khanikhola,NP03,NP0324,NP0324406,2398,12201,6049,6152,5.087989991659716,98.3257477243173,9817,4867,4950,4674,2351,2323,221,180,41,2976,1393,1583,1946,943,1003,0,0,0,12201,1220,1164,1425,1460,1236,981,724,711,601,568,596,416,379,263,206,137,59,36,11,8,6049,598,584,711,732,600,486,381,335,306,277,317,201,182,132,95,64,28,16,2,2,6152,622,580,714,728,636,495,343,376,295,291,279,215,197,131,111,73,31,20,9,6,3476,1728,1748,1438,1505,233,203,57,40,84.67,83.22,86.1,12.54,13.48,11.61,2.79,3.3,2.29,8392,4156,4236,5745,3215,2530,68.46,77.36,59.73,3809,7672,720,49.65,9.38,59.03,10981,5451,5530,986,1739,154,159,2926,2379,1191,1003,94,82,100,168,24.82,18.09,31.45,2.85,2.83,2.88,48.31,53.68,43.02,19.98,21.85,18.14,1.6,1.72,1.48,2.44,1.83,3.04,0,0,12201,0,0,100,1236,600,636,242,79,163,19.58,13.17,25.63,12201,280,11920,1,2.29,NA
Bagmati,Ramechhap,Umakunda,NP03,NP0321,NP0321404,4113,16590,8163,8427,4.033552151714077,96.86721253114987,14090,6927,7163,5204,2949,2255,467,372,95,3013,1246,1767,5383,2342,3041,23,18,5,16590,1135,1365,1600,1699,1533,1377,1123,1014,817,835,903,798,787,593,421,284,171,99,25,11,8163,573,663,793,840,734,698,576,498,413,390,420,394,390,318,177,127,89,50,14,6,8427,562,702,807,859,799,679,547,516,404,445,483,404,397,275,244,157,82,49,11,5,3920,1909,2011,1787,1913,90,74,32,24,94.39,93.61,95.13,4.18,4.71,3.68,1.43,1.68,1.19,12490,6134,6356,8554,4842,3712,68.49,78.94,58.4,4100,10886,1604,37.66,14.73,52.4,15455,7590,7865,1316,2660,210,191,3495,2720,2162,1925,199,128,208,241,25.73,17.34,33.82,2.59,2.77,2.43,40.21,46.05,34.58,26.44,28.48,24.48,2.12,2.62,1.63,2.91,2.74,3.06,0,0,16590,0,0,100,1533,734,799,150,29,121,9.78,3.95,15.14,16590,761,15829,0,4.59,NA
Bagmati,Ramechhap,Gokulganga,NP03,NP0321,NP0321403,4683,17798,8553,9245,3.800555199658339,92.51487290427258,14900,7118,7782,6496,3461,3035,611,369,242,3157,1311,1846,4620,1969,2651,16,8,8,17798,1425,1473,1544,1671,1696,1375,1187,998,918,923,1054,812,831,615,542,366,210,105,32,21,8553,705,730,769,855,781,685,554,481,435,404,471,397,409,299,261,159,82,51,17,8,9245,720,743,775,816,915,690,633,517,483,519,583,415,422,316,281,207,128,54,15,13,4032,2022,2010,1882,1905,110,71,30,33,93.92,93.08,94.78,4.49,5.44,3.53,1.56,1.48,1.64,13356,6349,7007,8774,4811,3963,65.69,75.78,56.56,4442,11465,1891,38.74,16.49,55.24,16373,7848,8525,1567,3076,221,194,3371,2733,2181,1887,205,189,303,446,28.36,19.97,36.08,2.53,2.82,2.28,37.28,42.95,32.06,24.85,27.79,22.13,2.41,2.61,2.22,4.57,3.86,5.23,0,0,17798,0,0,100,1696,781,915,189,28,161,11.14,3.59,17.6,17798,526,17272,0,2.96,NA
Bagmati,Ramechhap,Likhu Tamakoshi,NP03,NP0321,NP0321406,5296,18325,8497,9828,3.4601586102719035,86.45706145706146,15869,7266,8603,8694,4188,4506,208,107,101,3542,1419,2123,3424,1552,1872,1,0,1,18325,1105,1351,1885,1926,1358,1050,920,986,1012,1025,1294,1079,979,799,615,465,271,138,44,23,8497,573,658,909,924,612,477,419,398,422,445,603,508,491,360,269,213,125,61,20,10,9828,532,693,976,1002,746,573,501,588,590,580,691,571,488,439,346,252,146,77,24,13,4462,2151,2311,2021,2190,110,94,20,27,94.37,93.96,94.76,4.57,5.11,4.07,1.05,0.93,1.17,13984,6357,7627,8903,4744,4159,63.67,74.63,54.53,4341,11629,2355,37.33,20.25,57.58,17220,7924,9296,1631,3498,206,202,3791,3103,1810,1823,197,149,289,521,29.79,20.58,37.63,2.37,2.6,2.17,40.03,47.84,33.38,21.1,22.84,19.61,2.01,2.49,1.6,4.7,3.65,5.6,0,0,18325,0,0,100,1358,612,746,169,34,135,12.44,5.56,18.1,18325,592,17733,0,3.23,NA
Bagmati,Ramechhap,Ramechhap,NP03,NP0321,NP0321302,6627,24971,11758,13213,3.7680700165987626,88.98811776280935,21349,9942,11407,10743,5407,5336,398,262,136,4511,1751,2760,5669,2513,3156,28,9,19,24971,1692,1930,2490,2506,1992,1701,1447,1448,1426,1316,1567,1238,1201,1003,842,615,276,195,57,29,11758,865,951,1254,1235,863,793,687,590,633,612,707,588,591,488,372,289,126,84,18,12,13213,827,979,1236,1271,1129,908,760,858,793,704,860,650,610,515,470,326,150,111,39,17,5957,2970,2987,2759,2809,167,132,44,45,93.47,92.9,94.04,5.02,5.62,4.42,1.49,1.48,1.51,18859,8688,10171,11597,6365,5232,61.49,73.26,51.44,6112,15842,3017,38.58,19.04,57.63,23279,10893,12386,2372,4991,271,272,4637,3538,2936,2792,317,253,360,540,31.63,21.78,40.3,2.33,2.49,2.2,35.12,42.57,28.56,24.61,26.95,22.54,2.45,2.91,2.04,3.87,3.3,4.36,0,0,24971,0,0,100,1992,863,1129,249,43,206,12.5,4.98,18.25,24971,1046,23924,1,4.19,NA
Bagmati,Ramechhap,Manthali,NP03,NP0321,NP0321301,10991,39695,18480,21215,3.6115913019743426,87.10817817581899,33943,15515,18428,14701,7612,7089,779,419,360,7417,2863,4554,11011,4604,6407,35,17,18,39695,2564,3188,3859,3832,3198,2911,2635,2355,2274,2060,2401,2022,1932,1540,1203,900,428,261,89,43,18480,1313,1652,1897,1866,1377,1292,1193,1007,1032,904,1099,965,920,717,527,386,178,102,41,12,21215,1251,1536,1962,1966,1821,1619,1442,1348,1242,1156,1302,1057,1012,823,676,514,250,159,48,31,9454,4722,4732,4428,4463,222,215,71,54,94.04,93.77,94.32,4.62,4.7,4.54,1.32,1.5,1.14,30084,13618,16466,19614,10479,9135,65.2,76.95,55.48,9611,25620,4464,37.51,17.42,54.94,37131,17167,19964,3203,7382,527,428,7465,6186,4747,4548,742,596,483,824,28.51,18.66,36.98,2.57,3.07,2.14,36.76,43.48,30.99,25.03,27.65,22.78,3.6,4.32,2.99,3.52,2.81,4.13,8779,0,30916,22.12,0,77.88,3198,1377,1821,424,65,359,13.26,4.72,19.71,39695,977,38715,3,2.46,NA
Bagmati,Ramechhap,Khandadevi,NP03,NP0321,NP0321405,5501,19312,8995,10317,3.5106344301036176,87.18619753804401,16970,7785,9185,7194,3764,3430,566,313,253,5003,1989,3014,4093,1673,2420,114,46,68,19312,1087,1255,1752,1928,1462,1158,1059,1088,1108,1160,1342,1153,1112,988,741,471,268,121,40,19,8995,577,633,814,850,689,550,499,511,484,510,594,558,525,472,336,220,116,40,13,4,10317,510,622,938,1078,773,608,560,577,624,650,748,595,587,516,405,251,152,81,27,15,4211,1990,2221,1829,2039,91,105,70,77,91.85,91.91,91.81,4.65,4.57,4.73,3.49,3.52,3.47,15218,6971,8247,8434,4695,3739,55.42,67.35,45.34,4094,12570,2648,32.57,21.07,53.64,18225,8418,9807,2337,4560,167,138,3419,2589,2041,1999,201,149,253,372,37.84,27.76,46.5,1.67,1.98,1.41,32.97,40.62,26.4,22.17,24.25,20.38,1.92,2.39,1.52,3.43,3.01,3.79,0,0,19312,0,0,100,1462,689,773,186,41,145,12.72,5.95,18.76,19312,510,18802,0,2.64,NA
Bagmati,Ramechhap,Doramba,NP03,NP0321,NP0321402,5062,17686,8288,9398,3.493875938364283,88.18897637795276,15286,7036,8250,8027,3851,4176,540,318,222,3654,1523,2131,3056,1342,1714,9,2,7,17686,1142,1258,1633,1803,1381,1180,969,1005,968,971,1249,1005,988,760,643,396,209,86,23,17,8288,593,659,799,872,617,555,434,438,442,413,577,472,467,335,295,187,79,38,8,8,9398,549,599,834,931,764,625,535,567,526,558,672,533,521,425,348,209,130,48,15,9,4022,2014,2008,1824,1807,123,136,67,65,90.28,90.57,89.99,6.44,6.11,6.77,3.28,3.33,3.24,13653,6237,7416,6914,3869,3045,50.64,62.03,41.06,4033,11519,2134,35.01,18.53,53.54,16544,7695,8849,2424,4428,166,170,3103,2307,1741,1717,135,89,126,138,41.42,31.5,50.04,2.03,2.16,1.92,32.7,40.32,26.07,20.9,22.63,19.4,1.35,1.75,1.01,1.6,1.64,1.56,0,0,17686,0,0,100,1381,617,764,156,38,118,11.3,6.16,15.45,17686,471,17215,0,2.66,NA
Bagmati,Ramechhap,Sunapati,NP03,NP0321,NP0321401,4193,14658,6946,7712,3.4958263772954923,90.06742738589212,12803,5987,6816,6785,3423,3362,424,260,164,3093,1179,1914,2489,1120,1369,12,5,7,14658,875,980,1216,1318,1047,953,880,937,854,834,1020,884,906,741,544,332,174,111,34,18,6946,470,489,583,626,494,459,442,432,375,378,472,404,445,348,242,158,70,38,16,5,7712,405,491,633,692,553,494,438,505,479,456,548,480,461,393,302,174,104,73,18,13,3011,1460,1551,1347,1464,78,59,35,28,93.36,92.26,94.39,4.55,5.34,3.8,2.09,2.4,1.81,11587,5404,6183,6410,3736,2674,55.32,69.13,43.25,3071,9633,1954,31.88,20.28,52.16,13783,6476,7307,1710,3537,145,141,2574,1786,1723,1507,184,130,140,206,38.07,26.41,48.41,2.08,2.24,1.93,31.63,39.75,24.44,23.43,26.61,20.62,2.28,2.84,1.78,2.51,2.16,2.82,0,0,14658,0,0,100,1047,494,553,118,25,93,11.27,5.06,16.82,14658,612,14044,2,4.18,NA
Bagmati,Sindhuli,Dudhouli,NP03,NP0320,NP0320302,16110,70207,33852,36355,4.357976412166356,93.11511483977445,57797,27540,30257,28360,15471,12889,1747,899,848,19785,7842,11943,7848,3302,4546,57,26,31,70207,5852,6558,7246,7947,7016,5730,4594,4574,3808,3417,3701,2638,2322,1918,1406,827,352,200,70,31,33852,2996,3316,3665,3891,3145,2674,2083,2093,1746,1655,1854,1283,1136,941,675,397,170,94,28,10,36355,2856,3242,3581,4056,3871,3056,2511,2481,2062,1762,1847,1355,1186,977,731,430,182,106,42,21,18563,9303,9260,8365,8422,561,504,368,329,90.43,89.92,90.95,5.74,6.03,5.44,3.75,3.96,3.55,50551,23875,26676,32329,17311,15018,63.95,72.51,56.3,19656,45747,4804,42.97,10.5,53.47,64355,30856,33499,6894,11936,877,826,13172,11050,8569,8201,693,604,651,882,29.26,22.34,35.63,2.65,2.84,2.47,37.64,42.69,32.99,26.06,27.77,24.48,2.02,2.25,1.8,2.38,2.11,2.63,13106,0,57101,18.67,0,81.33,7016,3145,3871,1148,237,911,16.36,7.54,23.53,70207,1798,68407,2,2.56,NA
Bagmati,Sindhuli,Phikkal,NP03,NP0320,NP0320407,3436,15910,7787,8123,4.630384167636787,95.86359719315524,13049,6339,6710,7752,3926,3826,331,202,129,2618,1120,1498,2346,1091,1255,2,0,2,15910,1244,1617,2021,1916,1436,1095,1054,901,831,699,793,609,556,423,318,197,104,70,17,9,7787,665,783,973,900,705,548,504,421,382,362,395,295,280,218,162,93,56,37,5,3,8123,579,834,1048,1016,731,547,550,480,449,337,398,314,276,205,156,104,48,33,12,6,4840,2320,2520,2155,2341,122,126,39,50,92.89,92.89,92.9,5.12,5.26,5,1.84,1.68,1.98,11028,5366,5662,7533,4060,3473,68.31,75.66,61.34,4882,9890,1138,49.36,11.51,60.87,14666,7122,7544,1363,2260,155,175,3207,2874,1893,1674,193,118,311,443,24.7,19.14,29.96,2.25,2.18,2.32,41.46,45.03,38.1,24.32,26.58,22.19,2.12,2.71,1.56,5.14,4.37,5.87,0,0,15910,0,0,100,1436,705,731,201,38,163,14,5.39,22.3,15910,488,15422,0,3.07,NA
Bagmati,Sindhuli,Tinpatan,NP03,NP0320,NP0320406,7918,34889,17102,17787,4.406289467037131,96.14887277224939,29063,14074,14989,17011,8617,8394,1012,554,458,6441,2789,3652,4598,2113,2485,1,1,0,34889,2809,3017,3627,3990,3347,2725,2148,2118,1890,1826,1923,1462,1241,995,784,542,223,159,44,19,17102,1481,1547,1815,1926,1598,1296,1082,987,848,848,954,742,626,478,385,272,113,77,21,6,17787,1328,1470,1812,2064,1749,1429,1066,1131,1042,978,969,720,615,517,399,270,110,82,23,13,8996,4507,4489,4097,4199,274,190,136,99,92.22,90.9,93.54,5.16,6.08,4.23,2.61,3.02,2.21,25436,12259,13177,16594,9054,7540,65.24,73.86,57.22,9453,22670,2766,41.7,12.2,53.9,32080,15621,16459,3342,5726,413,366,6726,5479,4420,4222,501,388,219,278,28.27,21.39,34.79,2.43,2.64,2.22,38.05,43.06,33.29,26.94,28.3,25.65,2.77,3.21,2.36,1.55,1.4,1.69,0,0,34889,0,0,100,3347,1598,1749,521,117,404,15.57,7.32,23.1,34889,895,33994,0,2.57,NA
Bagmati,Sindhuli,Golanjor,NP03,NP0320,NP0320405,4527,18737,9229,9508,4.138944113099183,97.06562894404712,15777,7722,8055,7629,4416,3213,621,278,343,3410,1259,2151,4100,1761,2339,17,8,9,18737,1301,1659,2065,2020,1693,1484,1196,1168,1126,929,959,786,693,604,437,344,150,96,18,9,9229,664,843,1011,990,807,724,591,553,544,457,478,391,353,302,206,171,84,49,8,3,9508,637,816,1054,1030,886,760,605,615,582,472,481,395,340,302,231,173,66,47,10,6,4993,2479,2514,2247,2330,183,140,47,41,91.67,90.64,92.68,6.47,7.38,5.57,1.76,1.9,1.63,13712,6711,7001,8868,4993,3875,64.67,74.4,55.35,5025,12054,1658,41.69,13.75,55.44,17436,8565,8871,1764,3165,237,211,3849,3092,2322,2087,270,168,123,148,28.27,20.6,35.68,2.57,2.77,2.38,39.81,44.94,34.86,25.29,27.11,23.53,2.51,3.15,1.89,1.55,1.44,1.67,0,0,18737,0,0,100,1693,807,886,216,40,176,12.76,4.96,19.86,18737,549,18186,2,2.93,NA
Bagmati,Sindhuli,Kamalamai,NP03,NP0320,NP0320301,18135,71016,34316,36700,3.915963606286187,93.50408719346049,59474,28316,31158,30545,16402,14143,1835,965,870,11897,4600,7297,15161,6332,8829,36,17,19,71016,5409,6133,7049,7455,6602,5893,5438,5025,4226,3612,3699,2829,2300,1991,1463,1041,410,293,90,58,34316,2837,3163,3601,3760,3040,2579,2436,2331,1960,1777,1851,1396,1129,932,660,495,192,124,34,19,36700,2572,2970,3448,3695,3562,3314,3002,2694,2266,1835,1848,1433,1171,1059,803,546,218,169,56,39,17636,9012,8624,8383,8111,523,414,105,94,93.52,93.02,94.05,5.31,5.8,4.8,1.13,1.17,1.09,52425,24715,27710,38074,20157,17917,72.63,81.56,64.66,18591,47079,5346,39.49,11.36,50.84,65607,31479,34128,4658,9881,1095,990,13248,10976,10242,10053,1638,1308,598,920,22.16,14.8,28.95,3.18,3.48,2.9,36.92,42.09,32.16,30.93,32.54,29.46,4.49,5.2,3.83,2.31,1.9,2.7,12498,17110,41408,17.6,24.09,58.31,6602,3040,3562,772,109,663,11.69,3.59,18.61,71016,1601,69415,0,2.25,NA
Bagmati,Sindhuli,Sunkoshi,NP03,NP0320,NP0320404,4987,18375,8834,9541,3.6845799077601766,92.58987527512839,15877,7529,8348,8926,4626,4300,287,126,161,3243,1267,1976,3414,1509,1905,7,1,6,18375,1178,1320,1661,1990,1501,1271,1134,1146,1184,1070,1154,936,917,653,554,378,163,115,34,16,8834,615,690,845,945,674,616,555,504,560,498,554,453,430,312,277,162,75,54,12,3,9541,563,630,816,1045,827,655,579,642,624,572,600,483,487,341,277,216,88,61,22,13,4181,2116,2065,1955,1951,117,87,43,27,93.42,92.39,94.48,4.88,5.53,4.21,1.67,2.03,1.31,14216,6684,7532,9253,5102,4151,65.09,76.33,55.11,4159,12303,1913,33.8,15.55,49.35,17197,8219,8978,1625,3411,201,191,3568,2863,2408,2086,245,140,172,287,29.28,19.77,37.99,2.28,2.45,2.13,37.4,43.41,31.89,26.13,29.3,23.23,2.24,2.98,1.56,2.67,2.09,3.2,0,0,18375,0,0,100,1501,674,827,164,32,132,10.93,4.75,15.96,18375,539,17836,0,2.93,NA
Bagmati,Sindhuli,Ghyanglekha,NP03,NP0320,NP0320403,2868,12652,6153,6499,4.4114365411436545,94.67610401600245,10321,4970,5351,4130,2059,2071,335,202,133,4674,2142,2532,1179,565,614,3,2,1,12652,1101,1230,1559,1604,1103,821,674,722,657,597,635,537,507,314,254,200,66,52,15,4,6153,576,607,792,773,535,385,334,319,298,277,321,256,269,153,113,94,24,22,3,2,6499,525,623,767,831,568,436,340,403,359,320,314,281,238,161,141,106,42,30,12,2,3768,1871,1897,1680,1705,142,144,49,47,89.84,89.79,89.88,7.59,7.59,7.59,2.55,2.62,2.48,8762,4178,4584,5500,3039,2461,62.77,72.74,53.69,3890,7857,905,49.51,11.52,61.03,11551,5577,5974,1190,2162,172,156,2788,2297,1241,1125,91,39,95,195,29.02,21.34,36.19,2.84,3.08,2.61,44.02,49.99,38.45,20.48,22.25,18.83,1.13,1.63,0.65,2.51,1.7,3.26,0,0,12652,0,0,100,1103,535,568,186,41,145,16.86,7.66,25.53,12652,345,12306,1,2.73,NA
Bagmati,Sindhuli,Marin,NP03,NP0320,NP0320402,6044,28808,14184,14624,4.766379880873593,96.99124726477024,23119,11297,11822,11475,6524,4951,530,295,235,4460,1736,2724,6638,2734,3904,16,8,8,28808,2668,3021,3187,3469,2809,2316,1867,1782,1457,1273,1458,989,863,656,461,288,126,80,28,10,14184,1355,1532,1588,1723,1400,1107,908,848,684,606,746,494,406,317,222,134,66,29,14,5,14624,1313,1489,1599,1746,1409,1209,959,934,773,667,712,495,457,339,239,154,60,51,14,5,8282,4136,4146,3533,3605,423,349,175,191,86.19,85.42,86.95,9.32,10.23,8.42,4.42,4.23,4.61,19932,9709,10223,12014,6892,5122,60.27,70.99,50.1,8876,18283,1649,48.55,9.02,57.57,26140,12829,13311,3003,5278,399,369,6163,4696,2747,2502,193,138,324,328,31.68,23.41,39.65,2.94,3.11,2.77,41.54,48.04,35.28,20.08,21.41,18.8,1.27,1.5,1.04,2.49,2.53,2.46,0,0,28808,0,0,100,2809,1400,1409,487,132,355,17.34,9.43,25.2,28808,556,28251,1,1.93,NA
Bagmati,Sindhuli,Hariharpurgaghi,NP03,NP0320,NP0320401,5292,26505,12900,13605,5.008503401360544,94.8180815876516,21153,10276,10877,11639,6178,5461,322,199,123,4427,1726,2701,4756,2171,2585,9,2,7,26505,2563,2789,3243,3076,2589,2029,1705,1552,1309,1306,1346,872,735,553,397,253,96,68,13,11,12900,1264,1360,1577,1471,1244,1007,823,758,595,657,672,453,355,265,196,126,37,31,4,5,13605,1299,1429,1666,1605,1345,1022,882,794,714,649,674,419,380,288,201,127,59,37,9,6,7875,3830,4045,3189,3393,414,429,227,223,83.58,83.26,83.88,10.7,10.81,10.61,5.71,5.93,5.51,17910,8699,9211,10579,6058,4521,59.07,69.64,49.08,8595,16519,1391,52.03,8.42,60.45,23942,11636,12306,2890,4904,326,335,5673,4781,2408,1986,126,55,213,245,32.55,24.84,39.85,2.76,2.8,2.72,43.66,48.75,38.85,18.35,20.69,16.14,0.76,1.08,0.45,1.91,1.83,1.99,0,0,26505,0,0,100,2589,1244,1345,473,133,340,18.27,10.69,25.28,26505,729,25775,1,2.75,NA
Bagmati,Makwanpur,Indrasarowar,NP03,NP0331,NP0331405,3403,13534,6617,6917,3.9770790478989126,95.66285962122308,11531,5614,5917,6999,3533,3466,71,40,31,1835,809,1026,2618,1226,1392,8,6,2,13534,917,1086,1218,1269,1258,1271,1034,850,876,713,766,623,574,461,275,174,88,63,12,6,6617,480,523,584,619,623,629,542,412,415,313,376,285,278,239,127,93,45,25,6,3,6917,437,563,634,650,635,642,492,438,461,400,390,338,296,222,148,81,43,38,6,3,3064,1484,1580,1295,1421,156,127,33,32,88.64,87.26,89.94,9.24,10.51,8.04,2.12,2.22,2.03,10313,5030,5283,6771,3746,3025,65.65,74.47,57.26,3221,9234,1079,34.88,11.69,46.57,12617,6137,6480,1320,2283,122,156,3180,2541,1152,1181,109,85,254,234,28.56,21.51,35.23,2.2,1.99,2.41,45.34,51.82,39.21,18.49,18.77,18.23,1.54,1.78,1.31,3.87,4.14,3.61,0,0,13534,0,0,100,1258,623,635,171,62,109,13.59,9.95,17.17,13534,295,13239,0,2.18,NA
Bagmati,Makwanpur,Thaha,NP03,NP0331,NP0331301,9749,38870,19131,19739,3.987075597497179,96.91980343482446,32922,16031,16891,20353,10575,9778,364,173,191,4924,1968,2956,7268,3311,3957,13,4,9,38870,2672,3276,3573,3969,3500,3368,2998,2706,2406,1868,2175,1715,1570,1228,798,597,250,144,41,16,19131,1398,1702,1751,1996,1729,1638,1478,1300,1166,844,1045,822,760,581,381,297,134,82,19,8,19739,1274,1574,1822,1973,1771,1730,1520,1406,1240,1024,1130,893,810,647,417,300,116,62,22,8,9273,4665,4608,4161,4222,432,316,72,70,90.4,89.2,91.62,8.07,9.26,6.86,1.53,1.54,1.52,29349,14280,15069,20097,11220,8877,68.48,78.57,58.91,9521,26275,3074,36.24,11.7,47.94,36198,17733,18465,3124,6254,535,423,8817,6729,4174,3907,447,363,636,789,25.91,17.62,33.87,2.65,3.02,2.29,42.95,49.72,36.44,22.32,23.54,21.16,2.24,2.52,1.97,3.94,3.59,4.27,7615,0,31255,19.59,0,80.41,3500,1729,1771,429,97,332,12.26,5.61,18.75,38870,742,38128,0,1.91,NA
Bagmati,Makwanpur,Kailash,NP03,NP0331,NP0331403,4391,21856,11122,10734,4.977453882942382,103.61468231786846,17733,9031,8702,9487,5193,4294,446,258,188,3083,1416,1667,4717,2164,2553,0,0,0,21856,1978,2145,2588,2604,2282,1689,1294,1198,1126,935,1014,745,644,563,450,319,140,86,32,24,11122,1004,1087,1292,1330,1178,887,655,610,562,458,526,403,318,316,210,156,71,35,15,9,10734,974,1058,1296,1274,1104,802,639,588,564,477,488,342,326,247,240,163,69,51,17,15,6297,3161,3136,2623,2638,370,307,168,191,83.55,82.98,84.12,10.75,11.71,9.79,5.7,5.31,6.09,15145,7739,7406,9063,5180,3883,59.84,66.93,52.43,6711,13531,1614,49.6,11.93,61.53,19878,10118,9760,2701,3691,238,229,5512,4246,1280,1235,87,59,300,300,32.16,26.69,37.82,2.35,2.35,2.35,49.09,54.48,43.5,12.65,12.65,12.65,0.73,0.86,0.6,3.02,2.97,3.07,0,0,21856,0,0,100,2282,1178,1104,519,159,360,22.74,13.5,32.61,21856,479,21377,0,2.19,NA
Bagmati,Makwanpur,Raksirang,NP03,NP0331,NP0331402,5044,25996,13201,12795,5.153846153846154,103.17311449785072,20455,10417,10038,11485,6249,5236,147,80,67,3332,1519,1813,5487,2567,2920,4,2,2,25996,2729,2812,3085,2944,2835,2135,1587,1361,1244,1036,1091,786,744,519,512,302,148,81,31,14,13201,1359,1425,1569,1505,1428,1129,830,667,623,519,558,427,384,282,227,138,65,41,15,10,12795,1370,1387,1516,1439,1407,1006,757,694,621,517,533,359,360,237,285,164,83,40,16,4,7654,3884,3770,3056,3115,529,403,299,252,80.62,78.68,82.63,12.18,13.62,10.69,7.2,7.7,6.68,17370,8848,8522,11000,6308,4692,63.33,71.29,55.06,8626,15763,1607,54.72,10.19,64.92,23267,11842,11425,2854,4079,342,313,6918,5412,1432,1318,62,46,234,257,29.8,24.1,35.7,2.82,2.89,2.74,52.99,58.42,47.37,11.82,12.09,11.54,0.46,0.52,0.4,2.11,1.98,2.25,0,0,25996,0,0,100,2835,1428,1407,625,176,449,22.05,12.32,31.91,25996,375,25621,0,1.44,NA
Bagmati,Makwanpur,Manahari,NP03,NP0331,NP0331401,10724,47353,23395,23958,4.4156098470719884,97.6500542616245,38653,18873,19780,20307,11234,9073,620,372,248,5832,2421,3411,11784,4793,6991,110,53,57,47353,4229,4471,4614,5081,4708,4472,3884,3188,2555,2093,2124,1546,1431,1065,821,530,273,169,65,34,23395,2208,2314,2306,2519,2208,2139,1896,1584,1259,1005,1032,801,710,522,397,255,129,73,23,15,23958,2021,2157,2308,2562,2500,2333,1988,1604,1296,1088,1092,745,721,543,424,275,144,96,42,19,12062,6075,5987,5245,5436,679,397,150,152,88.55,86.34,90.8,8.92,11.18,6.63,2.5,2.47,2.54,34039,16567,17472,24709,13272,11437,72.59,80.11,65.46,13314,31082,2957,42.84,9.51,52.35,43124,21187,21937,3425,6169,683,628,11392,9006,4497,4857,401,366,789,911,22.25,16.17,28.12,3.04,3.22,2.86,47.3,53.77,41.05,21.69,21.23,22.14,1.78,1.89,1.67,3.94,3.72,4.15,9291,9542,28520,19.62,20.15,60.23,4708,2208,2500,770,170,600,16.36,7.7,24,47353,1161,46192,0,2.45,NA
Bagmati,Makwanpur,Hetauda,NP03,NP0331,NP0331201,46566,193576,95678,97898,4.157024438431473,97.73233365339435,163886,79939,83947,70085,44797,25288,5727,2973,2754,27002,9010,17992,60970,23109,37861,102,50,52,193576,14196,15494,15831,18102,18336,18278,17420,15779,13302,10204,10115,7508,6470,4777,3234,2250,1163,736,247,134,95678,7551,8188,8216,9355,8692,8325,8139,7580,6588,5080,4956,3728,3279,2384,1554,1042,544,331,107,39,97898,6645,7306,7615,8747,9644,9953,9281,8199,6714,5124,5159,3780,3191,2393,1680,1208,619,405,140,95,41894,21880,20014,20110,18807,1451,943,319,264,92.89,91.91,93.97,5.71,6.63,4.71,1.39,1.46,1.32,148055,71723,76332,119812,62820,56992,80.92,87.59,74.66,45521,135514,12541,33.59,9.25,42.85,179380,88127,91253,9192,19592,2727,2360,37461,30924,30295,29580,6590,5893,1862,2904,16.05,10.43,21.47,2.84,3.09,2.59,38.12,42.51,33.89,33.38,34.38,32.42,6.96,7.48,6.46,2.66,2.11,3.18,95786,78754,19036,49.48,40.68,9.83,18336,8692,9644,1769,338,1431,9.65,3.89,14.84,193576,4011,189558,7,2.07,NA
Bagmati,Makwanpur,Bhimphedi,NP03,NP0331,NP0331404,5085,21516,10683,10833,4.231268436578171,98.61534201052339,18003,8868,9135,9180,5226,3954,273,142,131,3781,1441,2340,4763,2055,2708,6,4,2,21516,1726,1787,1918,2206,2177,1903,1581,1395,1327,997,1208,877,823,640,419,322,108,74,23,5,10683,902,913,953,1105,1078,963,778,692,612,473,603,424,420,319,193,157,53,35,6,4,10833,824,874,965,1101,1099,940,803,703,715,524,605,453,403,321,226,165,55,39,17,1,4962,2478,2484,2142,2252,272,191,64,41,88.55,86.44,90.66,9.33,10.98,7.69,2.12,2.58,1.65,16085,7915,8170,11269,6309,4960,70.06,79.71,60.71,5431,14494,1591,37.47,10.98,48.45,19790,9781,10009,1652,3246,291,229,5543,4156,2028,2048,141,144,126,186,24.75,16.89,32.43,2.63,2.98,2.29,49.01,56.67,41.52,20.6,20.73,20.46,1.44,1.44,1.44,1.58,1.29,1.86,0,0,21516,0,0,100,2177,1078,1099,281,53,228,12.91,4.92,20.75,21516,504,21010,2,2.34,NA
Bagmati,Makwanpur,Makawanpurgadhi,NP03,NP0331,NP0331406,5285,24461,12273,12188,4.628382213812677,100.69740728585495,20191,10070,10121,12640,6748,5892,365,189,176,3810,1635,2175,3374,1498,1876,2,0,2,24461,2063,2207,2271,2551,2636,2225,1759,1460,1387,1195,1298,945,861,584,443,310,130,90,36,10,12273,1060,1143,1130,1252,1313,1172,881,725,647,592,648,476,445,288,217,149,63,42,22,8,12188,1003,1064,1141,1299,1323,1053,878,735,740,603,650,469,416,296,226,161,67,48,14,2,5975,3025,2950,2626,2690,340,218,59,42,88.97,86.81,91.19,9.34,11.24,7.39,1.69,1.95,1.42,17920,8940,8980,12999,7122,5877,72.54,79.66,65.45,6541,16317,1603,40.09,9.82,49.91,22398,11213,11185,1864,3137,305,314,6207,4695,2358,2352,215,233,264,454,22.33,16.62,28.05,2.76,2.72,2.81,48.67,55.36,41.98,21.03,21.03,21.03,2,1.92,2.08,3.21,2.35,4.06,2763,0,21698,11.3,0,88.7,2636,1313,1323,366,81,285,13.88,6.17,21.54,24461,458,24002,1,1.87,NA
Bagmati,Makwanpur,Bakaiya,NP03,NP0331,NP0331407,8913,40907,20058,20849,4.589588241893863,96.20605304810782,33323,16307,17016,14281,7774,6507,1245,849,396,7865,3357,4508,9876,4293,5583,56,34,22,40907,3526,4058,4408,4513,4013,3241,2821,2584,2403,2032,1974,1467,1326,1002,669,510,201,108,27,24,20058,1745,2006,2214,2237,1925,1542,1392,1229,1158,971,1002,770,669,465,326,253,91,50,7,6,20849,1781,2052,2194,2276,2088,1699,1429,1355,1245,1061,972,697,657,537,343,257,110,58,20,18,11124,5572,5552,4557,4666,557,459,458,427,82.91,81.78,84.04,9.13,10,8.27,7.96,8.22,7.69,28915,14093,14822,18081,9882,8199,62.53,70.12,55.32,11992,26374,2541,45.47,9.63,55.1,37381,18313,19068,4592,6983,469,489,9770,7886,2795,2872,230,206,457,632,30.96,25.08,36.62,2.56,2.56,2.56,47.23,53.35,41.36,15.16,15.26,15.06,1.17,1.26,1.08,2.91,2.5,3.31,0,0,40907,0,0,100,4013,1925,2088,677,168,509,16.87,8.73,24.38,40907,1145,39760,2,2.8,NA
Bagmati,Makwanpur,Bagmati,NP03,NP0331,NP0331408,6460,30425,14910,15515,4.709752321981425,96.10054785691267,25051,12144,12907,8272,4523,3749,1708,1125,583,9090,3859,5231,5968,2626,3342,13,11,2,30425,2617,2757,3292,3452,2925,2474,2091,1903,1713,1540,1568,1110,896,808,595,424,135,71,27,27,14910,1348,1418,1648,1646,1403,1208,1038,904,825,712,826,563,439,379,242,188,64,38,15,6,15515,1269,1339,1644,1806,1522,1266,1053,999,888,828,742,547,457,429,353,236,71,33,12,21,8129,4062,4067,3482,3531,423,389,157,147,86.27,85.72,86.82,9.99,10.41,9.56,3.74,3.87,3.61,21759,10496,11263,13390,7382,6008,61.54,70.33,53.34,8666,19672,2087,44.05,10.61,54.66,27808,13562,14246,3269,5375,320,275,7006,5697,2616,2407,178,133,173,359,31.08,24.1,37.73,2.14,2.36,1.93,45.68,51.66,39.99,18.06,19.29,16.9,1.12,1.31,0.93,1.91,1.28,2.52,0,0,30425,0,0,100,2925,1403,1522,493,126,367,16.85,8.98,24.11,30425,863,29562,0,2.84,NA
Bagmati,Chitawan,Rapti,NP03,NP0335,NP0335304,15215,66617,32677,33940,4.378376602037463,96.27872716558633,54791,26482,28309,23733,13918,9815,1837,1026,811,10531,3925,6606,18614,7581,11033,76,32,44,66617,5721,6105,5979,6656,6449,5855,5161,4663,4003,3353,3309,2566,2200,1649,1291,832,436,243,100,46,32677,2992,3203,3152,3454,3064,2627,2329,2137,1859,1587,1588,1277,1098,830,650,433,221,117,44,15,33940,2729,2902,2827,3202,3385,3228,2832,2526,2144,1766,1721,1289,1102,819,641,399,215,126,56,31,15919,8378,7541,7274,6657,730,574,374,310,87.51,86.82,88.28,8.19,8.71,7.61,4.3,4.46,4.11,48812,23330,25482,35640,18486,17154,73.01,79.24,67.32,17805,44215,4597,40.27,10.4,50.67,60896,29685,31211,5199,8646,902,740,13941,11998,8080,7819,968,1048,595,960,22.74,17.51,27.7,2.7,3.04,2.37,42.6,46.96,38.44,26.11,27.22,25.05,3.31,3.26,3.36,2.55,2,3.08,0,48942,17675,0,73.47,26.53,6449,3064,3385,1096,262,834,16.99,8.55,24.64,66617,1779,64837,1,2.67,NA
Bagmati,Chitawan,Kalika,NP03,NP0335,NP0335301,12258,52164,25491,26673,4.255506607929515,95.56855246878865,43378,20784,22594,19723,11787,7936,752,433,319,7019,2368,4651,15844,6175,9669,40,21,19,52164,4245,4541,4648,5190,5067,4762,4082,3780,3390,2617,2684,1847,1665,1311,998,684,315,208,83,47,25491,2304,2403,2372,2600,2362,2187,1874,1707,1557,1268,1333,925,828,662,467,326,139,120,38,19,26673,1941,2138,2276,2590,2705,2575,2208,2073,1833,1349,1351,922,837,649,531,358,176,88,45,28,12035,6224,5811,5591,5299,467,369,166,143,90.49,89.83,91.19,6.95,7.5,6.35,2.57,2.67,2.46,38730,18412,20318,28977,14963,14014,74.82,81.27,68.97,13434,35084,3646,38.29,10.39,48.68,47919,23187,24732,3602,6430,827,687,10948,9665,6655,6572,672,576,483,802,20.94,15.53,26,3.16,3.57,2.78,43.02,47.22,39.08,27.6,28.7,26.57,2.6,2.9,2.33,2.68,2.08,3.24,6380,30342,15442,12.23,58.17,29.6,5067,2362,2705,864,160,704,17.05,6.77,26.03,52164,1111,51053,0,2.13,NA
Bagmati,Chitawan,Ichchha Kamana,NP03,NP0335,NP0335401,6185,27643,14007,13636,4.469361358124495,102.72073921971253,22375,11314,11061,11967,6960,5007,670,396,274,3418,1343,2075,6298,2608,3690,22,7,15,27643,2622,2646,2930,3046,2647,2470,2017,1727,1523,1249,1225,910,765,650,539,333,182,98,45,19,14007,1335,1358,1503,1594,1285,1263,998,813,747,632,643,520,367,333,268,173,98,56,14,7,13636,1287,1288,1427,1452,1362,1207,1019,914,776,617,582,390,398,317,271,160,84,42,31,12,7379,3793,3586,3064,3017,485,364,244,205,82.41,80.78,84.13,11.51,12.79,10.15,6.08,6.43,5.72,19445,9811,9634,13342,7376,5966,68.61,75.18,61.93,8198,17579,1866,46.64,10.61,57.25,25021,12672,12349,2622,3838,377,324,6740,5358,2459,2299,252,179,222,351,25.82,20.69,31.08,2.8,2.98,2.62,48.35,53.19,43.39,19.02,19.4,18.62,1.72,1.99,1.45,2.29,1.75,2.84,0,0,27643,0,0,100,2647,1285,1362,549,144,405,20.74,11.21,29.74,27643,614,27029,0,2.22,NA
Bagmati,Chitawan,Bharatpur,NP03,NP0335,NP0335101,96591,369268,178897,190371,3.8230062842293795,93.97282149066822,317000,150448,166552,138319,80163,58156,9464,4428,5036,50773,18499,32274,118205,47239,70966,239,119,120,369268,23834,28434,29990,36188,36233,32867,30116,29025,26698,21164,20193,14923,12757,9615,7267,4889,2710,1443,629,293,178897,12831,15618,15953,18983,16980,14386,12870,12315,12178,10164,10080,7519,6304,4623,3435,2276,1308,666,296,112,190371,11003,12816,14037,17205,19253,18481,17246,16710,14520,11000,10113,7404,6453,4992,3832,2613,1402,777,333,181,78854,42430,36424,40005,34822,1905,1230,511,361,94.89,94.28,95.6,3.98,4.49,3.38,1.11,1.2,0.99,287010,134495,152515,243597,121851,121746,84.87,90.6,79.83,82258,260164,26846,31.62,10.32,41.94,345434,166066,179368,13078,31113,5180,4200,61875,58682,66699,66980,16212,13238,3022,5155,12.79,7.88,17.35,2.72,3.12,2.34,34.9,37.26,32.72,38.7,40.16,37.34,8.53,9.76,7.38,2.37,1.82,2.87,171311,180598,17359,46.39,48.91,4.7,36233,16980,19253,3208,489,2719,8.85,2.88,14.12,369268,7974,361277,17,2.16,NA
Bagmati,Chitawan,Ratnanagar,NP03,NP0335,NP0335302,22403,89905,43531,46374,4.0130786055439005,93.86940958295597,76742,36391,40351,31412,19233,12179,2957,1512,1445,12592,4317,8275,29671,11276,18395,110,53,57,89905,6151,7012,7100,8075,8330,7996,7363,7076,6440,5162,5339,3715,3273,2472,1784,1368,651,361,167,70,43531,3319,3821,3783,4184,3922,3468,3096,3116,3017,2435,2612,1864,1581,1214,835,662,323,181,65,33,46374,2832,3191,3317,3891,4408,4528,4267,3960,3423,2727,2727,1851,1692,1258,949,706,328,180,102,37,18675,10018,8657,9415,8237,469,322,131,97,94.52,93.98,95.15,4.24,4.68,3.72,1.22,1.31,1.12,69642,32608,37034,55701,28209,27492,79.98,86.51,74.23,20263,62769,6873,32.28,10.95,43.23,83754,40212,43542,4526,9645,1381,1168,14869,13805,15549,15149,3153,2529,734,1246,16.92,11.26,22.15,3.04,3.43,2.68,34.24,36.98,31.71,36.65,38.67,34.79,6.78,7.84,5.81,2.36,1.83,2.86,34280,55625,0,38.13,61.87,0,8330,3922,4408,754,120,634,9.05,3.06,14.38,89905,1642,88249,14,1.83,NA
Bagmati,Chitawan,Khairahani,NP03,NP0335,NP0335303,16395,67385,32332,35053,4.110094541018603,92.23746897555131,57286,26907,30379,27499,15419,12080,1545,828,717,10417,3538,6879,17653,7044,10609,172,78,94,67385,4788,5311,5189,5622,6273,6152,5489,5257,4713,3869,4134,2814,2577,1942,1371,963,504,274,96,47,32332,2574,2851,2761,2876,2845,2651,2252,2284,2220,1823,1990,1395,1279,958,642,482,243,134,50,22,35053,2214,2460,2428,2746,3428,3501,3237,2973,2493,2046,2144,1419,1298,984,729,481,261,140,46,25,13606,7236,6370,6801,6050,314,206,121,113,94.45,93.99,94.98,3.82,4.34,3.23,1.72,1.67,1.77,52097,24146,27951,40093,20280,19813,76.96,83.99,70.88,15288,46900,5197,32.6,11.08,43.68,62597,29758,32839,3988,8234,959,817,11778,10429,10938,10822,1562,1551,533,986,19.52,13.4,25.07,2.84,3.22,2.49,35.48,39.58,31.76,34.76,36.76,32.95,4.97,5.25,4.72,2.43,1.79,3,20044,47341,0,29.75,70.25,0,6273,2845,3428,663,122,541,10.57,4.29,15.78,67385,1508,65870,7,2.24,NA
Bagmati,Chitawan,Madi,NP03,NP0335,NP0335305,10120,38295,18083,20212,3.784090909090909,89.46665347318424,31975,14735,17240,19311,9299,10012,583,329,254,6001,2411,3590,6062,2689,3373,18,7,11,38295,3055,3265,3256,3443,3182,3283,2753,2517,2375,2156,2305,1838,1644,1279,912,605,241,117,47,22,18083,1675,1673,1690,1674,1433,1360,1143,1043,1044,953,1076,930,796,628,436,305,131,63,22,8,20212,1380,1592,1566,1769,1749,1923,1610,1474,1331,1203,1229,908,848,651,476,300,110,54,25,14,8573,4363,4210,3997,3878,286,261,80,71,91.86,91.61,92.11,6.38,6.56,6.2,1.76,1.83,1.69,28719,13045,15674,21318,10619,10699,74.23,81.4,68.26,9576,25496,3223,37.56,12.64,50.2,35240,16408,18832,2512,5065,657,559,7579,7664,4703,4446,474,369,483,729,21.5,15.31,26.9,3.45,4,2.97,43.25,46.19,40.7,25.96,28.66,23.61,2.39,2.89,1.96,3.44,2.94,3.87,5065,0,33230,13.23,0,86.77,3182,1433,1749,606,96,510,19.04,6.7,29.16,38295,1604,36690,1,4.19,NA
Gandaki,Gorkha,Chumanubri,NP04,NP0436,NP0436401,2068,5932,2845,3087,2.8684719535783367,92.16067379332685,4783,2251,2532,2622,1350,1272,59,29,30,1292,546,746,797,318,479,13,8,5,5932,653,496,290,336,419,465,471,417,443,373,387,295,318,195,204,106,39,18,4,3,2845,338,256,124,159,200,234,233,185,218,176,180,129,151,95,102,38,19,5,2,1,3087,315,240,166,177,219,231,238,232,225,197,207,166,167,100,102,68,20,13,2,2,972,472,500,341,350,46,50,79,92,71.09,72.25,70,9.88,9.75,10,17.59,16.74,18.4,4493,2127,2366,1460,932,528,32.49,43.82,22.32,1439,3924,569,36.67,14.5,51.17,5279,2507,2772,1266,1916,80,65,689,522,253,148,23,5,196,116,60.28,50.5,69.12,2.75,3.19,2.34,22.94,27.48,18.83,7.6,10.09,5.34,0.53,0.92,0.18,5.91,7.82,4.18,0,0,5932,0,0,100,419,200,219,39,9,30,9.31,4.5,13.7,5932,300,5609,23,5.06,NA
Gandaki,Gorkha,Ajirkot,NP04,NP0436,NP0436402,3622,12832,6211,6621,3.5427940364439534,93.8075819362634,11198,5382,5816,5764,2887,2877,271,173,98,1968,788,1180,3194,1533,1661,1,1,0,12832,747,887,1147,1144,1005,953,775,754,744,645,797,718,719,572,518,321,230,98,44,14,6211,385,444,582,588,466,459,384,340,329,280,353,345,351,283,233,171,135,51,23,9,6621,362,443,565,556,539,494,391,414,415,365,444,373,368,289,285,150,95,47,21,5,2724,1384,1340,1317,1279,42,38,21,19,95.3,95.16,95.45,2.94,3.03,2.84,1.47,1.52,1.42,10051,4800,5251,6780,3708,3072,67.46,77.25,58.5,2781,8254,1797,33.69,21.77,55.46,12085,5826,6259,1115,2206,82,82,2482,2203,1706,1267,248,186,193,315,27.48,19.14,35.25,1.36,1.41,1.31,38.77,42.6,35.2,24.6,29.28,20.24,3.59,4.26,2.97,4.2,3.31,5.03,0,0,12832,0,0,100,1005,466,539,120,17,103,11.94,3.65,19.11,12832,412,12420,0,3.21,NA
Gandaki,Gorkha,Barpak Sulikot,NP04,NP0436,NP0436403,6283,22636,10564,12072,3.6027375457583957,87.50828363154407,19297,8877,10420,6908,3597,3311,783,430,353,4164,1664,2500,6663,2897,3766,779,289,490,22636,1480,1859,2247,2252,1735,1529,1306,1230,1220,1095,1378,1195,1252,961,757,508,380,131,74,47,10564,761,926,1158,1073,763,683,561,558,517,460,605,538,606,463,353,222,193,76,31,17,12072,719,933,1089,1179,972,846,745,672,703,635,773,657,646,498,404,286,187,55,43,30,5512,2782,2730,2616,2580,126,108,27,31,94.27,94.03,94.51,4.25,4.53,3.96,1.05,0.97,1.14,17050,7719,9331,10649,5491,5158,62.46,71.14,55.28,5586,14192,2858,39.36,20.14,59.5,21156,9803,11353,2275,4209,204,197,4525,4079,2230,2165,229,224,340,479,30.65,23.21,37.07,1.9,2.08,1.74,40.67,46.16,35.93,20.77,22.75,19.07,2.14,2.34,1.97,3.87,3.47,4.22,0,0,22636,0,0,100,1735,763,972,209,27,182,12.05,3.54,18.72,22636,720,21890,26,3.18,NA
Gandaki,Gorkha,Dharche,NP04,NP0436,NP0436404,3808,14263,6832,7431,3.7455357142857144,91.93917373166465,11492,5438,6054,5840,2727,3113,259,185,74,2064,927,1137,3253,1539,1714,76,60,16,14263,1322,1449,1422,1290,1120,1163,883,869,721,678,659,564,573,474,493,270,162,84,36,31,6832,688,706,735,610,534,581,390,427,344,323,301,251,267,225,197,108,80,35,15,15,7431,634,743,687,680,586,582,493,442,377,355,358,313,306,249,296,162,82,49,21,16,3674,1803,1871,1697,1763,78,80,19,19,94.18,94.12,94.23,4.3,4.33,4.28,1.03,1.05,1.02,10070,4703,5367,5323,2974,2349,52.86,63.24,43.77,4193,8520,1550,49.21,18.19,67.41,12941,6144,6797,1766,3051,213,194,2541,2280,1090,843,82,56,452,373,37.22,28.74,44.89,3.15,3.47,2.85,37.25,41.36,33.54,14.94,17.74,12.4,1.07,1.33,0.82,6.38,7.36,5.49,0,0,14263,0,0,100,1120,534,586,109,16,93,9.73,3,15.87,14263,644,13609,10,4.52,NA
Gandaki,Gorkha,Aarughat,NP04,NP0436,NP0436406,6176,21572,10145,11427,3.4928756476683938,88.78095738163998,18289,8418,9871,9274,4596,4678,576,390,186,3518,1284,2234,4755,2070,2685,166,78,88,21572,1585,1698,2018,2030,1737,1542,1276,1314,1270,1084,1278,1072,1090,880,734,451,271,140,70,32,10145,852,875,993,1000,754,691,550,568,557,454,602,491,513,438,365,205,129,56,36,16,11427,733,823,1025,1030,983,851,726,746,713,630,676,581,577,442,369,246,142,84,34,16,4982,2506,2476,2309,2301,152,131,38,38,92.53,92.14,92.93,5.68,6.07,5.29,1.53,1.52,1.53,16271,7425,8846,10044,5245,4799,61.73,70.64,54.25,5301,13693,2578,38.71,18.83,57.54,19987,9293,10694,2213,4077,232,202,4081,3579,2131,2039,258,220,378,577,31.47,23.81,38.12,2.17,2.5,1.89,38.32,43.91,33.47,20.86,22.93,19.07,2.39,2.78,2.06,4.78,4.07,5.4,2922,0,18650,13.55,0,86.45,1737,754,983,266,43,223,15.31,5.7,22.69,21572,887,20682,3,4.11,NA
Gandaki,Gorkha,Bhimsenthapa,NP04,NP0436,NP0436407,5239,16986,7707,9279,3.2422217980530634,83.05851923698675,14820,6582,8238,7828,3683,4145,504,242,262,2370,930,1440,3993,1661,2332,125,66,59,16986,1010,1156,1480,1490,1060,989,883,952,1041,1024,1210,993,1071,932,674,485,273,168,52,43,7707,517,608,748,673,446,402,366,367,401,408,536,467,526,459,330,213,123,82,23,12,9279,493,548,732,817,614,587,517,585,640,616,674,526,545,473,344,272,150,86,29,31,3582,1788,1794,1690,1694,62,74,31,19,94.47,94.52,94.43,3.8,3.47,4.12,1.4,1.73,1.06,13340,5834,7506,8226,4248,3978,61.66,72.81,53,3646,10713,2627,34.03,24.52,58.56,15976,7190,8786,1623,3562,122,95,3094,2909,1848,1708,280,257,223,255,32.45,22.57,40.54,1.36,1.7,1.08,37.58,43.03,33.11,22.26,25.7,19.44,3.36,3.89,2.93,2.99,3.1,2.9,0,0,16986,0,0,100,1060,446,614,175,21,154,16.51,4.71,25.08,16986,751,16229,6,4.42,NA
Gandaki,Gorkha,Siranchowk,NP04,NP0436,NP0436405,5958,19719,9312,10407,3.309667673716012,89.47823580282503,17225,8038,9187,9458,4673,4785,183,107,76,2976,1159,1817,4575,2084,2491,33,15,18,19719,1164,1330,1549,1622,1384,1310,1053,1111,1242,1151,1415,1287,1247,1097,742,482,290,152,50,41,9312,605,669,776,839,623,586,482,484,539,506,623,605,591,536,371,218,146,70,20,23,10407,559,661,773,783,761,724,571,627,703,645,792,682,656,561,371,264,144,82,30,18,3850,1957,1893,1840,1787,92,79,24,25,94.21,94.02,94.4,4.44,4.7,4.17,1.27,1.23,1.32,15676,7262,8414,10455,5672,4783,66.69,78.11,56.85,4043,12822,2854,31.53,22.26,53.79,18555,8707,9848,1627,3674,170,155,3887,3357,2482,2038,295,187,246,437,28.57,18.69,37.31,1.75,1.95,1.57,39.04,44.64,34.09,24.36,28.51,20.69,2.6,3.39,1.9,3.68,2.83,4.44,0,0,19719,0,0,100,1384,623,761,237,30,207,17.12,4.82,27.2,19719,758,18936,25,3.84,NA
Gandaki,Gorkha,Palungtar,NP04,NP0436,NP0436301,11072,37409,17262,20147,3.378703034682081,85.68025016131435,32124,14523,17601,15643,7653,7990,587,285,302,5490,2080,3410,10328,4476,5852,76,29,47,37409,2400,2885,3394,3452,2756,2699,2383,2306,2369,1976,2369,2035,1967,1615,1230,780,405,259,86,43,17262,1222,1517,1722,1710,1196,1132,914,893,990,862,1094,998,899,780,537,393,202,133,46,22,20147,1178,1368,1672,1742,1560,1567,1469,1413,1379,1114,1275,1037,1068,835,693,387,203,126,40,21,8347,4255,4092,4037,3896,179,157,36,31,95.04,94.88,95.21,4.03,4.21,3.84,0.8,0.85,0.76,28730,12801,15929,20228,10213,10015,70.41,79.78,62.87,8679,24312,4418,35.7,18.17,53.87,35009,16040,18969,2637,5960,471,344,7226,7137,4678,4502,601,411,427,615,24.56,16.44,31.42,2.33,2.94,1.81,41.03,45.05,37.62,26.22,29.16,23.73,2.89,3.75,2.17,2.98,2.66,3.24,9261,0,28148,24.76,0,75.24,2756,1196,1560,464,51,413,16.84,4.26,26.47,37409,1290,36001,118,3.45,NA
Gandaki,Gorkha,Gorkha,NP04,NP0436,NP0436302,14988,52468,24257,28211,3.5006672004270083,85.98419056396442,44318,19926,24392,19538,10226,9312,976,580,396,7586,2656,4930,16079,6404,9675,139,60,79,52468,3622,4528,4878,4912,4465,4343,3987,3713,3264,2615,2886,2330,2192,1741,1286,838,446,261,87,74,24257,1943,2388,2503,2464,1906,1685,1560,1531,1410,1188,1360,1089,1021,809,590,394,214,132,39,31,28211,1679,2140,2375,2448,2559,2658,2427,2182,1854,1427,1526,1241,1171,932,696,444,232,129,48,43,12319,6380,5939,6053,5647,238,207,75,77,94.98,94.87,95.08,3.61,3.73,3.49,1.23,1.18,1.3,39440,17423,22017,30338,14964,15374,76.92,85.89,69.83,13028,34707,4733,37.54,13.64,51.17,48846,22314,26532,2595,6751,611,564,9835,9179,7234,7647,1357,1378,682,1013,19.13,11.63,25.44,2.41,2.74,2.13,38.93,44.08,34.6,30.47,32.42,28.82,5.6,6.08,5.19,3.47,3.06,3.82,7689,26925,17854,14.65,51.32,34.03,4465,1906,2559,586,87,499,13.12,4.56,19.5,52468,1556,50880,32,2.97,NA
Gandaki,Gorkha,Shahid Lakhan,NP04,NP0436,NP0436408,6856,23076,10807,12269,3.365810968494749,88.08378840981335,20044,9231,10813,12522,5949,6573,330,206,124,2299,922,1377,4837,2122,2715,56,32,24,23076,1442,1590,1792,1862,1756,1621,1516,1359,1282,1233,1554,1357,1379,1180,908,618,336,186,75,30,10807,782,794,920,912,780,703,659,615,528,509,701,632,616,584,435,315,187,95,29,11,12269,660,796,872,950,976,918,857,744,754,724,853,725,763,596,473,303,149,91,46,19,4462,2254,2208,2067,2069,133,90,32,35,92.69,91.7,93.7,5,5.9,4.08,1.5,1.42,1.59,18252,8311,9941,12132,6336,5796,66.47,76.24,58.3,4824,14919,3333,32.33,22.34,54.68,21634,10025,11609,2013,4186,221,209,4559,4002,2595,2406,252,247,385,559,28.65,20.08,36.06,1.99,2.2,1.8,39.57,45.48,34.47,23.12,25.89,20.73,2.31,2.51,2.13,4.36,3.84,4.82,0,0,23076,0,0,100,1756,780,976,269,30,239,15.32,3.85,24.49,23076,1036,22012,28,4.49,NA
Gandaki,Gorkha,Gandaki,NP04,NP0436,NP0436409,5659,21394,10289,11105,3.7805265948047357,92.65195857721747,18504,8810,9694,10322,5289,5033,358,164,194,2592,1043,1549,5091,2243,2848,141,71,70,21394,1393,1497,1794,2110,1872,1619,1300,1232,1289,1169,1305,1084,1052,915,693,530,293,143,70,34,10289,705,774,896,1017,886,763,632,539,570,508,628,540,551,443,329,246,148,72,27,15,11105,688,723,898,1093,986,856,668,693,719,661,677,544,501,472,364,284,145,71,43,19,4542,2282,2260,2103,2103,144,123,28,27,92.6,92.16,93.05,5.88,6.31,5.44,1.21,1.23,1.19,16710,7914,8796,11225,5988,5237,67.18,75.66,59.54,4684,14032,2678,33.38,19.08,52.47,20001,9584,10417,1973,3603,194,172,4357,3697,2438,2251,344,268,278,426,27.88,20.59,34.59,1.83,2.02,1.65,40.27,45.46,35.49,23.44,25.44,21.61,3.06,3.59,2.57,3.52,2.9,4.09,0,0,21394,0,0,100,1872,886,986,210,47,163,11.22,5.3,16.53,21394,602,20670,122,2.81,NA
Gandaki,Manang,Narpa Bhumi,NP04,NP0438,NP0438402,126,396,169,227,3.142857142857143,74.44933920704845,351,156,195,268,121,147,16,8,8,25,9,16,42,18,24,0,0,0,396,19,26,12,12,24,35,40,33,33,27,28,18,31,22,19,8,5,3,1,0,169,5,8,7,6,10,15,18,20,15,11,9,11,11,9,10,3,1,0,0,0,227,14,18,5,6,14,20,22,13,18,16,19,7,20,13,9,5,4,3,1,0,46,19,27,15,23,3,1,1,2,82.61,78.95,85.19,8.7,15.79,3.7,6.52,5.26,7.41,339,149,190,181,102,79,53.39,68.46,41.58,57,281,58,20.28,20.64,40.93,377,164,213,49,116,4,11,56,45,25,23,4,3,26,15,43.77,29.88,54.46,3.98,2.44,5.16,26.79,34.15,21.13,12.73,15.24,10.8,1.86,2.44,1.41,10.88,15.85,7.04,0,0,396,0,0,100,24,10,14,1,0,1,4.17,0,7.14,396,27,368,1,6.82,NA
Gandaki,Manang,Ngisyang,NP04,NP0438,NP0438401,561,1595,824,771,2.843137254901961,106.87418936446174,1443,748,695,1023,546,477,73,44,29,145,59,86,202,99,103,0,0,0,1595,83,69,73,106,96,143,159,140,138,104,100,99,70,79,53,31,33,11,5,3,824,42,34,35,65,50,83,86,79,74,50,60,48,34,33,16,9,19,4,1,2,771,41,35,38,41,46,60,73,61,64,54,40,51,36,46,37,22,14,7,4,1,196,102,94,91,84,11,9,0,1,89.29,89.22,89.36,10.2,10.78,9.57,0.51,0,1.06,1370,713,657,888,537,351,64.82,75.32,53.42,225,1155,215,19.48,18.61,38.1,1512,782,730,176,309,15,14,283,200,206,147,47,15,55,45,32.08,22.51,42.33,1.92,1.92,1.92,31.94,36.19,27.4,23.35,26.34,20.14,4.1,6.01,2.05,6.61,7.03,6.16,0,0,1595,0,0,100,96,50,46,3,2,1,3.13,4,2.17,1595,62,1533,0,3.89,NA
Gandaki,Manang,Chame,NP04,NP0438,NP0438403,389,1276,730,546,3.2802056555269923,133.6996336996337,1120,644,476,796,498,298,45,30,15,79,37,42,193,76,117,7,3,4,1276,81,75,75,61,109,159,151,130,105,90,83,55,33,36,13,13,4,1,1,1,730,42,44,34,33,57,88,98,84,61,57,57,29,18,14,6,5,2,1,0,0,546,39,31,41,28,52,71,53,46,44,33,26,26,15,22,7,8,2,0,1,1,187,94,93,90,86,4,6,0,1,94.12,95.74,92.47,5.35,4.26,6.45,0.53,0,1.08,1045,610,435,883,546,337,84.5,89.51,77.47,231,976,69,23.67,7.07,30.74,1195,688,507,66,98,21,10,253,188,242,159,75,13,31,39,13.72,9.59,19.33,2.59,3.05,1.97,36.9,36.77,37.08,33.56,35.17,31.36,7.36,10.9,2.56,5.86,4.51,7.69,0,0,1276,0,0,100,109,57,52,10,1,9,9.17,1.75,17.31,1276,73,1203,0,5.72,NA
Gandaki,Manang,Nason,NP04,NP0438,NP0438404,471,1671,828,843,3.5477707006369426,98.22064056939502,1500,750,750,802,435,367,217,124,93,252,100,152,222,88,134,7,3,4,1671,92,79,88,108,151,166,132,123,117,123,109,99,83,80,67,35,13,6,0,0,828,46,32,41,52,79,85,63,70,56,61,60,47,39,40,30,20,4,3,0,0,843,46,47,47,56,72,81,69,53,61,62,49,52,44,40,37,15,9,3,0,0,229,103,126,94,114,6,10,3,2,90.83,91.26,90.48,6.99,5.83,7.94,2.18,2.91,1.59,1412,709,703,1073,601,472,75.99,84.77,67.14,259,1211,201,21.39,16.6,37.99,1579,782,797,113,235,14,14,259,216,350,252,25,16,21,64,22.04,14.45,29.49,1.77,1.79,1.76,30.08,33.12,27.1,38.13,44.76,31.62,2.6,3.2,2.01,5.38,2.69,8.03,0,0,1671,0,0,100,151,79,72,14,1,13,9.27,1.27,18.06,1671,101,1569,1,6.04,NA
Gandaki,Mustang,Lo Ghekar Damodarkunda,NP04,NP0445,NP0445402,436,1292,609,683,2.963302752293578,89.16544655929722,1163,553,610,881,422,459,4,2,2,85,43,42,191,85,106,2,1,1,1292,75,54,20,25,95,114,99,100,83,124,113,115,100,83,50,22,16,4,0,0,609,31,25,6,10,49,57,51,43,47,50,52,54,47,40,24,17,5,1,0,0,683,44,29,14,15,46,57,48,57,36,74,61,61,53,43,26,5,11,3,0,0,83,35,48,22,39,1,2,9,6,73.49,62.86,81.25,3.61,2.86,4.17,18.07,25.71,12.5,1143,547,596,508,328,180,44.44,59.96,30.2,149,968,175,15.39,18.08,33.47,1217,578,639,232,426,9,12,171,106,89,60,14,13,63,22,54.07,40.14,66.67,1.73,1.56,1.88,22.76,29.58,16.59,12.24,15.4,9.39,2.22,2.42,2.03,6.98,10.9,3.44,0,0,1292,0,0,100,95,49,46,2,1,1,2.11,2.04,2.17,1292,67,1225,0,5.19,NA
Gandaki,Mustang,Gharpajhong,NP04,NP0445,NP0445404,1127,3712,1943,1769,3.2937000887311445,109.8360655737705,3152,1660,1492,2277,1289,988,59,36,23,262,102,160,544,228,316,10,5,5,3712,273,287,261,266,316,392,361,290,278,228,193,130,137,102,75,64,43,13,3,0,1943,137,146,136,135,166,215,196,164,143,116,111,69,67,51,33,29,22,4,3,0,1769,136,141,125,131,150,177,165,126,135,112,82,61,70,51,42,35,21,9,0,0,708,364,344,337,317,24,26,3,1,92.37,92.58,92.15,7.06,6.59,7.56,0.56,0.82,0.29,2891,1524,1367,2267,1311,956,78.42,86.02,69.93,821,2591,300,31.69,11.58,43.27,3439,1806,1633,219,415,59,39,756,656,567,412,152,62,53,49,18.44,12.13,25.41,2.85,3.27,2.39,41.06,41.86,40.17,28.47,31.4,25.23,6.22,8.42,3.8,2.97,2.93,3,0,0,3712,0,0,100,316,166,150,31,5,26,9.81,3.01,17.33,3712,111,3600,1,2.99,NA
Gandaki,Mustang,Varagung Muktichhetra,NP04,NP0445,NP0445403,723,2036,1015,1021,2.8160442600276627,99.41234084231147,1847,918,929,1505,785,720,28,13,15,141,56,85,155,54,101,18,10,8,2036,126,63,48,71,142,187,183,189,184,164,175,125,103,89,85,57,29,12,3,1,1015,61,36,21,32,77,94,90,91,96,77,92,67,56,45,42,25,9,2,2,0,1021,65,27,27,39,65,93,93,98,88,87,83,58,47,44,43,32,20,10,1,1,146,72,74,48,60,15,7,5,5,73.97,66.67,81.08,15.07,20.83,9.46,6.85,6.94,6.76,1799,897,902,1060,620,440,58.92,69.12,48.78,237,1523,276,15.56,18.12,33.68,1910,954,956,280,468,16,11,357,298,186,118,38,10,77,51,39.16,29.35,48.95,1.41,1.68,1.15,34.29,37.42,31.17,15.92,19.5,12.34,2.51,3.98,1.05,6.7,8.07,5.33,0,0,2036,0,0,100,142,77,65,17,5,12,11.97,6.49,18.46,2036,109,1924,3,5.35,NA
Gandaki,Mustang,Lomanthang,NP04,NP0445,NP0445401,488,1430,643,787,2.930327868852459,81.70266836086404,1318,587,731,725,381,344,63,24,39,211,70,141,317,112,205,2,0,2,1430,62,50,29,31,95,140,118,150,133,99,122,108,105,69,54,40,21,3,1,0,643,36,20,9,14,52,58,44,60,56,43,63,48,53,38,24,16,7,2,0,0,787,26,30,20,17,43,82,74,90,77,56,59,60,52,31,30,24,14,1,1,0,87,34,53,26,52,3,0,5,1,89.66,76.47,98.11,3.45,8.82,0,6.9,14.71,1.89,1289,578,711,572,328,244,44.38,56.75,34.32,141,1101,188,12.81,17.08,29.88,1368,607,761,255,468,8,11,210,169,108,91,10,6,16,16,52.85,42.01,61.5,1.39,1.32,1.45,27.7,34.6,22.21,14.55,17.79,11.96,1.17,1.65,0.79,2.34,2.64,2.1,0,0,1430,0,0,100,95,52,43,0,0,0,0,0,0,1430,89,1341,0,6.22,NA
Gandaki,Mustang,Thasang,NP04,NP0445,NP0445405,832,2856,1454,1402,3.4326923076923075,103.7089871611983,2439,1262,1177,1372,767,605,102,67,35,366,162,204,556,252,304,43,14,29,2856,210,207,194,233,270,267,224,205,197,176,164,124,111,96,63,62,39,6,5,3,1454,108,84,85,118,142,127,123,112,104,85,91,79,50,54,34,31,20,4,2,1,1402,102,123,109,115,128,140,101,93,93,91,73,45,61,42,29,31,19,2,3,2,529,227,302,204,279,9,14,8,5,91.3,89.87,92.38,4.35,3.96,4.64,2.46,3.52,1.66,2245,1177,1068,1689,963,726,75.23,81.82,67.98,611,1971,274,31,13.9,44.9,2646,1346,1300,219,352,16,28,541,523,459,331,68,29,43,37,21.58,16.27,27.08,1.66,1.19,2.15,40.21,40.19,40.23,29.86,34.1,25.46,3.67,5.05,2.23,3.02,3.19,2.85,0,0,2856,0,0,100,270,142,128,23,3,20,8.52,2.11,15.63,2856,142,2710,4,4.97,NA
Gandaki,Myagdi,Annapurna,NP04,NP0444,NP0444403,3600,12323,6086,6237,3.4230555555555555,97.57896424563091,10752,5257,5495,6282,3232,3050,150,93,57,2156,953,1203,2149,971,1178,15,8,7,12323,736,835,905,978,982,966,889,768,678,722,853,766,634,542,483,271,183,83,34,15,6086,402,427,455,519,493,476,434,396,314,348,415,361,291,263,213,137,83,35,17,7,6237,334,408,450,459,489,490,455,372,364,374,438,405,343,279,270,134,100,48,17,8,2332,1189,1143,1083,1057,82,67,14,12,91.77,91.08,92.48,6.39,6.9,5.86,1.11,1.18,1.05,9847,4802,5045,7648,4156,3492,77.67,86.55,69.22,2476,8236,1611,30.06,19.56,49.62,11587,5684,5903,657,1562,113,115,2718,2306,1890,1490,149,121,157,309,19.15,11.56,26.46,1.97,1.99,1.95,43.36,47.82,39.06,29.17,33.25,25.24,2.33,2.62,2.05,4.02,2.76,5.23,0,0,12323,0,0,100,982,493,489,107,14,93,10.9,2.84,19.02,12323,786,11525,12,6.38,NA
Gandaki,Myagdi,Raghuganga,NP04,NP0444,NP0444402,4153,14114,6767,7347,3.39850710329882,92.10562134204437,12029,5664,6365,6552,3294,3258,564,323,241,2392,970,1422,2470,1063,1407,51,14,37,14114,1010,1075,1216,1120,1172,1030,906,845,817,741,881,835,743,582,507,314,196,84,34,6,6767,530,573,579,606,588,473,440,380,373,322,395,410,334,259,221,145,88,34,16,1,7347,480,502,637,514,584,557,466,465,444,419,486,425,409,323,286,169,108,50,18,5,2960,1488,1472,1390,1396,73,57,18,12,94.12,93.41,94.84,4.39,4.91,3.87,1.01,1.21,0.82,10813,5085,5728,7250,4054,3196,67.05,79.72,55.8,3301,9090,1723,36.31,18.95,55.27,13104,6237,6867,1061,2545,127,119,2933,2355,1892,1584,122,95,102,169,27.52,17.01,37.06,1.88,2.04,1.73,40.35,47.03,34.29,26.53,30.34,23.07,1.66,1.96,1.38,2.07,1.64,2.46,0,3840,10274,0,27.21,72.79,1172,588,584,170,21,149,14.51,3.57,25.51,14114,814,13274,26,5.77,NA
Gandaki,Myagdi,Dhawalagiri,NP04,NP0444,NP0444401,3176,12616,6113,6503,3.972292191435768,94.00276795325235,10229,4899,5330,5401,2706,2695,275,173,102,2372,1039,1333,2143,968,1175,38,13,25,12616,1133,1254,1413,1136,1068,870,682,681,626,585,657,520,486,443,430,340,181,64,29,18,6113,569,645,678,572,532,434,333,300,260,269,308,249,242,207,194,171,94,32,13,11,6503,564,609,735,564,536,436,349,381,366,316,349,271,244,236,236,169,87,32,16,7,3364,1682,1682,1564,1589,92,77,22,12,93.73,92.98,94.47,5.02,5.47,4.58,1.01,1.31,0.71,8816,4221,4595,6121,3314,2807,69.43,78.51,61.09,3800,7311,1505,51.98,20.59,72.56,11483,5544,5939,926,1793,134,145,2803,2385,1337,1170,110,49,234,397,23.68,16.7,30.19,2.43,2.42,2.44,45.18,50.56,40.16,21.83,24.12,19.7,1.38,1.98,0.83,5.5,4.22,6.68,0,0,12616,0,0,100,1068,532,536,163,30,133,15.26,5.64,24.81,12616,841,11725,50,6.67,NA
Gandaki,Myagdi,Malika,NP04,NP0444,NP0444404,4590,18332,8867,9465,3.993899782135076,93.68198626518753,14885,7095,7790,7667,3763,3904,251,159,92,3163,1355,1808,3650,1744,1906,154,74,80,18332,1626,1821,2010,1910,1652,1405,1066,1049,944,785,888,815,700,591,456,296,182,76,46,14,8867,843,929,1024,935,825,661,505,460,432,342,409,391,328,272,223,137,86,41,20,4,9465,783,892,986,975,827,744,561,589,512,443,479,424,372,319,233,159,96,35,26,10,4947,2523,2424,2334,2251,169,146,13,19,92.68,92.51,92.86,6.37,6.7,6.02,0.65,0.52,0.78,12875,6071,6804,9271,5010,4261,72.01,82.52,62.62,5457,11214,1661,48.66,14.81,63.47,16706,8024,8682,1089,2560,268,259,4047,3378,2209,1930,150,98,261,457,21.84,13.57,29.49,3.15,3.34,2.98,44.45,50.44,38.91,24.78,27.53,22.23,1.48,1.87,1.13,4.3,3.25,5.26,0,0,18332,0,0,100,1652,825,827,278,46,232,16.83,5.58,28.05,18332,625,17691,16,3.41,NA
Gandaki,Myagdi,Mangala,NP04,NP0444,NP0444405,3911,14688,6927,7761,3.7555612375351575,89.25396211828372,12179,5614,6565,6382,3125,3257,168,104,64,2811,1106,1705,2736,1236,1500,82,43,39,14688,1188,1321,1354,1266,1240,1087,951,828,804,730,846,720,701,578,463,318,170,80,29,14,6927,642,671,666,650,582,483,407,354,350,308,393,337,323,260,212,143,92,38,12,4,7761,546,650,688,616,658,604,544,474,454,422,453,383,378,318,251,175,78,42,17,10,3438,1712,1726,1614,1629,81,81,13,14,94.33,94.28,94.38,4.71,4.73,4.69,0.79,0.76,0.81,10825,4948,5877,8264,4186,4078,76.34,84.6,69.39,3863,9173,1652,42.11,18.01,60.12,13500,6285,7215,768,1805,245,174,2961,2659,1908,1749,141,132,262,696,19.06,12.22,25.02,3.1,3.9,2.41,41.63,47.11,36.85,27.09,30.36,24.24,2.02,2.24,1.83,7.1,4.17,9.65,0,0,14688,0,0,100,1240,582,658,225,30,195,18.15,5.15,29.64,14688,920,13766,2,6.26,NA
Gandaki,Myagdi,Beni,NP04,NP0444,NP0444301,9336,32697,15361,17336,3.502249357326478,88.60752191970465,27335,12513,14822,12631,6271,6360,1246,581,665,4373,1750,2623,8355,3587,4768,730,324,406,32697,2313,3049,3191,3335,3017,2639,2461,2292,2029,1584,1607,1381,1111,919,739,533,302,130,49,16,15361,1234,1614,1670,1687,1414,1074,1042,965,858,721,759,617,524,432,309,236,129,52,20,4,17336,1079,1435,1521,1648,1603,1565,1419,1327,1171,863,848,764,587,487,430,297,173,78,29,12,8233,4295,3938,4097,3790,145,107,40,31,95.8,95.39,96.24,3.06,3.38,2.72,0.86,0.93,0.79,24144,10843,13301,19200,9662,9538,79.52,89.11,71.71,8553,21456,2688,39.86,12.53,52.39,30384,14127,16257,1246,3826,428,350,5566,5390,5722,5375,837,721,328,595,16.69,8.82,23.53,2.56,3.03,2.15,36.06,39.4,33.15,36.52,40.5,33.06,5.13,5.92,4.44,3.04,2.32,3.66,12387,13110,7200,37.88,40.1,22.02,3017,1414,1603,392,49,343,12.99,3.47,21.4,32697,1099,31509,89,3.36,NA
Gandaki,Kaski,Madi,NP04,NP0439,NP0439403,4094,16142,8017,8125,3.9428431851489987,98.67076923076922,13983,6867,7116,6676,3647,3029,468,304,164,2823,1122,1701,3792,1664,2128,224,130,94,16142,1014,1145,1309,1425,1409,1263,1090,972,911,837,910,840,888,747,641,385,209,92,35,20,8017,515,635,657,754,738,645,548,449,430,360,437,401,438,331,308,190,102,48,20,11,8125,499,510,652,671,671,618,542,523,481,477,473,439,450,416,333,195,107,44,15,9,3309,1747,1562,1651,1476,59,56,26,17,94.5,94.5,94.49,3.48,3.38,3.59,1.3,1.49,1.09,12674,6210,6464,9328,5205,4123,73.6,83.82,63.78,3468,10545,2129,32.89,20.19,53.08,15128,7502,7626,1018,2341,148,127,3288,2812,2574,1888,285,171,189,287,22.2,13.57,30.7,1.82,1.97,1.67,40.32,43.83,36.87,29.49,34.31,24.76,3.01,3.8,2.24,3.15,2.52,3.76,0,0,16142,0,0,100,1409,738,671,171,18,153,12.14,2.44,22.8,16142,828,15284,30,5.13,NA
Gandaki,Kaski,Machhapuchchhre,NP04,NP0439,NP0439402,6151,22898,11173,11725,3.722646724109901,95.29211087420043,19523,9353,10170,8617,4530,4087,793,455,338,3476,1435,2041,6031,2661,3370,606,272,334,22898,1510,1865,2027,2081,1982,1812,1641,1542,1381,1231,1211,1121,1092,838,717,427,253,98,53,16,11173,820,1000,1070,1071,972,835,747,695,600,596,561,563,491,395,369,194,121,44,23,6,11725,690,865,957,1010,1010,977,894,847,781,635,650,558,601,443,348,233,132,54,30,10,5121,2692,2429,2528,2291,110,91,35,27,94.1,93.91,94.32,3.93,4.09,3.75,1.21,1.3,1.11,17496,8283,9213,13390,6987,6403,76.53,84.35,69.5,5402,15094,2402,35.79,15.91,51.7,21388,10353,11035,1328,2825,294,217,4462,4177,3565,3022,404,335,300,459,19.42,12.83,25.6,2.39,2.84,1.97,40.39,43.1,37.85,30.8,34.43,27.39,3.46,3.9,3.04,3.55,2.9,4.16,0,6456,16442,0,28.19,71.81,1982,972,1010,191,19,172,9.64,1.95,17.03,22898,845,21674,379,3.69,NA
Gandaki,Kaski,Annapurna,NP04,NP0439,NP0439401,6049,22099,10686,11413,3.65333112911225,93.63007097169894,18718,8900,9818,8148,4308,3840,378,228,150,4231,1685,2546,5199,2320,2879,762,359,403,22099,1567,1814,1906,1934,1851,1841,1537,1450,1321,1245,1260,1073,1061,739,629,427,276,104,44,20,10686,830,956,991,990,929,858,679,629,622,542,588,500,504,352,301,200,133,52,24,6,11413,737,858,915,944,922,983,858,821,699,703,672,573,557,387,328,227,143,52,20,14,4893,2538,2355,2376,2221,95,88,38,16,93.95,93.62,94.31,3.74,3.74,3.74,1.1,1.5,0.68,16812,7909,8903,12691,6695,5996,75.49,84.65,67.35,5287,14573,2239,36.28,15.36,51.64,20532,9856,10676,1266,2930,329,275,4032,3840,3472,2903,449,284,308,444,20.44,12.84,27.44,2.94,3.34,2.58,38.34,40.91,35.97,31.05,35.23,27.19,3.57,4.56,2.66,3.66,3.13,4.16,4505,4371,13223,20.39,19.78,59.84,1851,929,922,230,22,208,12.43,2.37,22.56,22099,840,20913,346,3.8,NA
Gandaki,Kaski,Pokhara,NP04,NP0439,NP0439101,140459,513504,247495,266009,3.6558995863561607,93.0400851099023,441601,208320,233281,167144,98996,68148,17162,8353,8809,65684,23599,42085,182785,73801,108984,8826,3571,5255,513504,32078,39825,41903,50637,53355,47698,43624,41353,36082,28338,26004,19602,17265,12775,9507,6527,3834,1870,824,403,247495,17400,21775,22352,26518,25487,20879,18766,18122,16406,13639,12676,9488,8311,5843,4107,2740,1708,763,351,164,266009,14678,18050,19551,24119,27868,26819,24858,23231,19676,14699,13328,10114,8954,6932,5400,3787,2126,1107,473,239,110191,59121,51070,55891,48791,2401,1596,474,369,95,94.54,95.54,3.63,4.06,3.13,0.77,0.8,0.72,399698,185968,213730,347268,173592,173676,86.88,93.35,81.26,113806,363958,35740,31.27,9.82,41.09,481426,230095,251331,12929,40374,7466,6009,78856,76911,101556,98995,24325,20791,4963,8251,11.07,5.62,16.06,2.8,3.24,2.39,32.36,34.27,30.6,41.66,44.14,39.39,9.37,10.57,8.27,2.74,2.16,3.28,302790,169942,40772,58.97,33.09,7.94,53355,25487,27868,3556,489,3067,6.66,1.92,11.01,513504,8946,503494,1064,1.74,NA
Gandaki,Kaski,Rupa,NP04,NP0439,NP0439404,3663,14891,7113,7778,4.065247065247065,91.4502442787349,12751,5986,6765,6401,3336,3065,302,195,107,2062,789,1273,3575,1507,2068,411,159,252,14891,995,1145,1156,1321,1343,1256,1060,986,831,741,844,783,720,595,508,323,169,72,27,16,7113,497,630,557,661,654,601,492,451,362,333,404,351,335,289,208,154,81,31,11,11,7778,498,515,599,660,689,655,568,535,469,408,440,432,385,306,300,169,88,41,16,5,3088,1573,1515,1459,1410,76,72,17,16,92.91,92.75,93.07,4.79,4.83,4.75,1.07,1.08,1.06,11595,5429,6166,9235,4874,4361,79.65,89.78,70.73,3296,9885,1710,33.34,17.3,50.64,13896,6616,7280,575,1811,181,140,2724,2664,2564,2073,373,274,199,318,17.17,8.69,24.88,2.31,2.74,1.92,38.77,41.17,36.59,33.37,38.75,28.48,4.66,5.64,3.76,3.72,3.01,4.37,0,0,14891,0,0,100,1343,654,689,186,21,165,13.85,3.21,23.95,14891,588,14288,15,3.95,NA
Gandaki,Lamjung,Dordi,NP04,NP0437,NP0437403,4524,16050,7772,8278,3.547745358090186,93.88741241845857,13966,6724,7242,9256,4647,4609,122,73,49,1662,702,960,2827,1259,1568,99,43,56,16050,975,1109,1345,1313,1273,1169,1001,971,808,844,1112,955,931,802,666,327,251,133,39,26,7772,510,538,647,680,639,572,485,420,352,379,492,490,450,380,343,166,127,73,19,10,8278,465,571,698,633,634,597,516,551,456,465,620,465,481,422,323,161,124,60,20,16,3247,1594,1653,1461,1537,111,98,20,16,92.33,91.66,92.98,6.44,6.96,5.93,1.11,1.25,0.97,12621,6077,6544,8821,4778,4043,69.89,78.62,61.78,3429,10377,2244,33.04,21.62,54.67,15075,7262,7813,1324,2517,135,127,3263,2888,2024,1492,146,151,370,638,25.48,18.23,32.22,1.74,1.86,1.63,40.8,44.93,36.96,23.32,27.87,19.1,1.97,2.01,1.93,6.69,5.1,8.17,0,0,16050,0,0,100,1273,639,634,136,15,121,10.68,2.35,19.09,16050,871,15172,7,5.43,NA
Gandaki,Lamjung,Marshyangdi,NP04,NP0437,NP0437402,4550,17080,8330,8750,3.753846153846154,95.19999999999999,14911,7185,7726,5053,2613,2440,319,218,101,5425,2434,2991,4030,1879,2151,84,41,43,17080,965,1204,1492,1485,1382,1231,1062,1063,961,996,1069,1031,927,812,678,369,193,88,34,38,8330,513,632,729,759,694,553,483,482,452,449,502,500,455,413,335,197,109,40,16,17,8750,452,572,763,726,688,678,579,581,509,547,567,531,472,399,343,172,84,48,18,21,3596,1813,1783,1710,1700,70,61,29,16,94.83,94.32,95.34,3.64,3.86,3.42,1.25,1.6,0.9,13419,6456,6963,9011,4993,4018,67.15,77.34,57.71,3661,11207,2212,32.67,19.74,52.4,16115,7817,8298,1492,2961,176,162,3609,2909,2167,1782,164,158,209,326,27.63,19.09,35.68,2.1,2.25,1.95,40.45,46.17,35.06,24.51,27.72,21.48,2,2.1,1.9,3.32,2.67,3.93,0,0,17080,0,0,100,1382,694,688,160,25,135,11.58,3.6,19.62,17080,882,16160,38,5.16,NA
Gandaki,Lamjung,Kwhola Sothar,NP04,NP0437,NP0437401,2276,7960,3841,4119,3.4973637961335675,93.25078902646273,6909,3319,3590,2674,1529,1145,153,76,77,1814,747,1067,2145,912,1233,123,55,68,7960,508,543,686,594,612,536,561,451,418,407,496,494,488,425,324,205,130,54,18,10,3841,245,277,344,298,290,282,277,245,169,187,224,231,221,191,153,113,58,25,6,5,4119,263,266,342,296,322,254,284,206,249,220,272,263,267,234,171,92,72,29,12,5,1603,803,800,755,754,38,37,8,6,94.14,94.02,94.25,4.68,4.73,4.63,0.87,1,0.75,6223,2975,3248,3860,2181,1679,62.03,73.31,51.69,1737,5057,1166,34.35,23.06,57.41,7452,3596,3856,816,1585,72,68,1557,1288,952,675,65,56,134,184,32.22,22.69,41.1,1.88,2,1.76,38.18,43.3,33.4,21.83,26.47,17.51,1.62,1.81,1.45,4.27,3.73,4.77,0,0,7960,0,0,100,612,290,322,69,5,64,11.27,1.72,19.88,7960,509,7436,15,6.39,NA
Gandaki,Lamjung,Madhya Nepal,NP04,NP0437,NP0437301,6427,21971,10076,11895,3.418546755873658,84.70786044556536,18860,8426,10434,5790,2956,2834,715,361,354,4776,1875,2901,7352,3140,4212,227,94,133,21971,1384,1727,1903,1869,1733,1773,1473,1390,1178,1155,1431,1218,1199,897,734,452,244,120,51,40,10076,752,898,983,991,769,697,581,533,478,474,619,567,565,399,330,212,123,71,19,15,11895,632,829,920,878,964,1076,892,857,700,681,812,651,634,498,404,240,121,49,32,25,4763,2477,2286,2325,2148,102,103,43,28,93.91,93.86,93.96,4.3,4.12,4.51,1.49,1.74,1.22,16957,7443,9514,12709,6370,6339,74.95,85.58,66.63,5014,14419,2538,34.77,17.6,52.38,20587,9324,11263,1132,3194,295,287,3963,3999,3251,2963,460,422,223,398,21.01,12.14,28.36,2.83,3.16,2.55,38.67,42.5,35.51,30.18,34.87,26.31,4.28,4.93,3.75,3.02,2.39,3.53,0,0,21971,0,0,100,1733,769,964,232,21,211,13.39,2.73,21.89,21971,501,21451,19,2.28,NA
Gandaki,Lamjung,Bensishahar,NP04,NP0437,NP0437302,11038,38232,17879,20353,3.463670954883131,87.84454380189652,32923,15018,17905,12784,6836,5948,1087,572,515,6068,2216,3852,12790,5314,7476,194,80,114,38232,2276,3033,3491,3585,3397,3157,2834,2736,2314,1924,2263,1892,1675,1347,1001,630,396,192,55,34,17879,1241,1620,1824,1813,1512,1292,1106,1131,1023,856,1052,911,777,646,422,312,196,102,25,18,20353,1035,1413,1667,1772,1885,1865,1728,1605,1291,1068,1211,981,898,701,579,318,200,90,30,16,8707,4555,4152,4325,3975,165,138,52,33,95.33,94.95,95.74,3.48,3.62,3.32,0.98,1.14,0.79,29432,13194,16238,22753,11386,11367,77.31,86.3,70,8800,25777,3655,34.14,14.18,48.32,35956,16638,19318,1859,4899,537,471,6654,6072,6261,6207,1007,1009,320,660,18.8,11.17,25.36,2.8,3.23,2.44,35.39,39.99,31.43,34.68,37.63,32.13,5.61,6.05,5.22,2.73,1.92,3.42,17806,0,20426,46.57,0,53.43,3397,1512,1885,358,40,318,10.54,2.65,16.87,38232,985,37214,33,2.58,NA
Gandaki,Lamjung,Sundarbazar,NP04,NP0437,NP0437303,7829,27043,12511,14532,3.4542087112019413,86.09276080374346,23301,10485,12816,9055,4739,4316,967,451,516,4341,1569,2772,8721,3626,5095,217,100,117,27043,1590,2152,2440,2560,2184,2115,1924,1897,1624,1477,1671,1370,1290,943,821,504,300,112,42,27,12511,879,1147,1242,1315,969,835,748,767,715,674,768,633,595,421,351,228,141,49,22,12,14532,711,1005,1198,1245,1215,1280,1176,1130,909,803,903,737,695,522,470,276,159,63,20,15,6073,3150,2923,3027,2819,95,78,25,25,96.26,96.1,96.44,2.85,3.02,2.67,0.82,0.79,0.86,20861,9243,11618,16190,8053,8137,77.61,87.13,70.04,6182,18112,2749,34.13,15.18,49.31,25453,11632,13821,1218,3502,386,299,4337,4492,4625,4298,813,737,253,493,18.54,10.47,25.34,2.69,3.32,2.16,34.69,37.29,32.5,35.06,39.76,31.1,6.09,6.99,5.33,2.93,2.18,3.57,6486,9833,10724,23.98,36.36,39.66,2184,969,1215,247,27,220,11.31,2.79,18.11,27043,687,26292,64,2.54,NA
Gandaki,Lamjung,Rainas,NP04,NP0437,NP0437304,4961,17402,8202,9200,3.507760532150776,89.15217391304347,15081,6942,8139,6166,3121,3045,585,341,244,3599,1393,2206,4684,2067,2617,47,20,27,17402,1045,1276,1456,1590,1378,1202,1081,1062,1043,996,1211,1012,917,815,593,345,193,124,44,19,8202,573,687,718,804,637,537,488,404,443,428,571,484,434,367,278,181,92,56,15,5,9200,472,589,738,786,741,665,593,658,600,568,640,528,483,448,315,164,101,68,29,14,3678,1882,1796,1784,1724,80,56,15,12,95.38,94.79,95.99,3.7,4.25,3.12,0.73,0.8,0.67,13625,6224,7401,9773,5077,4696,71.73,81.57,63.45,3777,11492,2133,32.87,18.56,51.43,16357,7629,8728,1178,2726,174,139,3290,3111,2426,2046,339,275,222,431,23.87,15.44,31.23,1.91,2.28,1.59,39.13,43.12,35.64,27.34,31.8,23.44,3.75,4.44,3.15,3.99,2.91,4.94,6427,0,10975,36.93,0,63.07,1378,637,741,206,24,182,14.95,3.77,24.56,17402,586,16813,3,3.37,NA
Gandaki,Lamjung,Dudhapokhari,NP04,NP0437,NP0437404,2469,8592,4179,4413,3.479951397326853,94.6974847042828,7468,3619,3849,4028,2098,1930,216,141,75,961,426,535,2235,935,1300,28,19,9,8592,555,569,645,644,661,599,491,495,434,454,551,520,549,475,404,262,168,74,30,12,4179,288,272,289,339,323,324,260,237,194,195,254,239,265,244,173,144,82,40,13,4,4413,267,297,356,305,338,275,231,258,240,259,297,281,284,231,231,118,86,34,17,8,1630,786,844,717,795,53,38,16,9,92.76,91.22,94.19,5.58,6.74,4.5,1.53,2.04,1.07,6823,3330,3493,4423,2524,1899,64.82,75.8,54.37,1769,5398,1425,32.77,26.4,59.17,8037,3891,4146,821,1611,71,93,1715,1358,996,768,71,44,217,272,30.26,21.1,38.86,2.04,1.82,2.24,38.24,44.08,32.75,21.95,25.6,18.52,1.43,1.82,1.06,6.08,5.58,6.56,0,0,8592,0,0,100,661,323,338,70,7,63,10.59,2.17,18.64,8592,511,8080,1,5.95,NA
Gandaki,Tanahu,Bhanu,NP04,NP0440,NP0440303,12705,42794,19517,23277,3.368280204643841,83.8467156420501,36715,16304,20411,16842,8155,8687,1301,758,543,7727,2702,5025,10538,4554,5984,307,135,172,42794,2815,3264,3719,3653,3219,3234,2956,2756,2489,2318,2628,2371,2266,1891,1510,903,451,237,83,31,19517,1475,1738,1858,1824,1334,1308,1178,1115,1059,956,1161,1101,1021,885,704,417,211,122,42,8,23277,1340,1526,1861,1829,1885,1926,1778,1641,1430,1362,1467,1270,1245,1006,806,486,240,115,41,23,9182,4686,4496,4412,4233,198,192,46,35,94.15,94.15,94.15,4.25,4.23,4.27,0.88,0.98,0.78,32996,14446,18550,24210,12231,11979,73.37,84.67,64.58,9798,27890,5106,35.13,18.31,53.44,39979,18042,21937,2283,6624,475,366,7988,7775,6098,5705,711,656,487,811,22.28,12.65,30.2,2.1,2.63,1.67,39.43,44.27,35.44,29.52,33.8,26.01,3.42,3.94,2.99,3.25,2.7,3.7,15406,0,27388,36,0,64,3219,1334,1885,555,58,497,17.24,4.35,26.37,42794,1238,41437,119,2.89,NA
Gandaki,Tanahu,Byas,NP04,NP0440,NP0440302,22585,78939,36157,42782,3.4951959264998895,84.51451545042308,66815,29664,37151,30899,15455,15444,2229,1125,1104,9524,3431,6093,23812,9491,14321,351,162,189,78939,5274,6850,7281,8268,7243,6769,6189,5778,5050,4239,4037,3091,2942,2169,1700,1079,551,285,101,43,36157,2795,3698,3822,4263,3007,2548,2317,2261,2154,1892,1899,1448,1348,1012,764,464,274,129,41,21,42782,2479,3152,3459,4005,4236,4221,3872,3517,2896,2347,2138,1643,1594,1157,936,615,277,156,60,22,18990,10013,8977,9448,8549,436,357,79,52,94.77,94.36,95.23,4.18,4.35,3.98,0.69,0.79,0.58,59534,25842,33692,49007,23226,25781,82.32,89.88,76.52,19405,53606,5928,36.2,11.06,47.26,73665,33362,40303,2750,8012,1115,918,14308,14892,12453,12893,1921,2041,815,1547,14.61,8.24,19.88,2.76,3.34,2.28,39.64,42.89,36.95,34.41,37.33,31.99,5.38,5.76,5.06,3.21,2.44,3.84,34056,15277,29606,43.14,19.35,37.5,7243,3007,4236,984,120,864,13.59,3.99,20.4,78939,1695,77162,82,2.15,NA
Gandaki,Tanahu,Myagde,NP04,NP0440,NP0440401,6515,23578,10882,12696,3.61903300076746,85.71203528670446,19981,9008,10973,9726,4664,5062,574,358,216,3937,1569,2368,5423,2226,3197,321,191,130,23578,1592,2005,2086,2280,2113,1962,1671,1575,1386,1310,1253,1123,1127,823,572,374,187,95,29,15,10882,829,1045,1083,1123,958,790,711,628,595,545,560,510,539,389,246,175,91,45,15,5,12696,763,960,1003,1157,1155,1172,960,947,791,765,693,613,588,434,326,199,96,50,14,10,5465,2805,2660,2650,2558,135,88,13,8,95.3,94.47,96.17,4.08,4.81,3.31,0.38,0.46,0.3,17895,7925,9970,14040,6906,7134,78.46,87.14,71.55,5683,15800,2095,35.97,13.26,49.23,21986,10053,11933,1053,2844,336,306,4449,4379,3633,3611,365,399,217,394,17.72,10.47,23.83,2.92,3.34,2.56,40.15,44.26,36.7,32.95,36.14,30.26,3.47,3.63,3.34,2.78,2.16,3.3,0,0,23578,0,0,100,2113,958,1155,323,55,268,15.29,5.74,23.2,23578,554,22901,123,2.35,NA
Gandaki,Tanahu,Shuklagandaki,NP04,NP0440,NP0440301,15272,55620,25890,29730,3.6419591409114718,87.08375378405651,47153,21265,25888,21218,10977,10241,1556,782,774,7148,2483,4665,16475,6699,9776,756,324,432,55620,3800,4667,4966,5613,5219,4743,4406,4008,3447,2962,2901,2255,2077,1695,1243,823,443,219,85,48,25890,2094,2531,2557,2841,2360,1905,1798,1583,1444,1346,1348,1058,972,793,543,359,191,113,31,23,29730,1706,2136,2409,2772,2859,2838,2608,2425,2003,1616,1553,1197,1105,902,700,464,252,106,54,25,12904,6736,6168,6319,5844,325,254,58,36,94.26,93.81,94.75,4.49,4.82,4.12,0.73,0.86,0.58,42187,18708,23479,35549,17063,18486,84.27,91.21,78.73,13433,37631,4556,35.7,12.11,47.8,51820,23796,28024,1726,5039,835,674,10215,10160,9136,9586,1139,1241,745,1324,13.05,7.25,17.98,2.91,3.51,2.41,39.32,42.93,36.25,36.13,38.39,34.21,4.59,4.79,4.43,3.99,3.13,4.72,13486,21347,20787,24.25,38.38,37.37,5219,2360,2859,587,91,496,11.25,3.86,17.35,55620,1169,54360,91,2.1,NA
Gandaki,Tanahu,Bhimad,NP04,NP0440,NP0440304,7970,29248,13384,15864,3.669761606022585,84.36712052445789,24522,10909,13613,12801,6076,6725,362,212,150,4467,1710,2757,6708,2831,3877,184,80,104,29248,2201,2525,2577,2876,2524,2306,2098,1903,1649,1455,1509,1387,1323,1144,799,508,261,128,51,24,13384,1173,1302,1284,1392,1115,929,866,765,668,630,671,623,617,539,360,231,121,62,25,11,15864,1028,1223,1293,1484,1409,1377,1232,1138,981,825,838,764,706,605,439,277,140,66,26,13,6768,3393,3375,3186,3188,162,147,24,21,94.18,93.9,94.46,4.57,4.77,4.36,0.66,0.71,0.62,21945,9625,12320,16565,8233,8332,75.48,85.54,67.63,7303,19030,2915,38.38,15.32,53.69,27047,12211,14836,1419,3958,366,344,5688,5576,4148,4174,308,319,282,465,19.88,11.62,26.68,2.63,3,2.32,41.65,46.58,37.58,30.77,33.97,28.13,2.32,2.52,2.15,2.76,2.31,3.13,7253,0,21995,24.8,0,75.2,2524,1115,1409,434,60,374,17.19,5.38,26.54,29248,717,28425,106,2.45,NA
Gandaki,Tanahu,Ghiring,NP04,NP0440,NP0440402,3783,14334,6568,7766,3.789056304520222,84.57378315735257,12003,5341,6662,7424,3327,4097,394,200,194,2266,936,1330,1721,782,939,198,96,102,14334,1115,1216,1294,1436,1251,1022,866,800,723,743,912,782,739,587,434,231,106,47,23,7,6568,575,652,628,663,542,430,365,332,284,304,393,380,336,273,217,107,52,24,10,1,7766,540,564,666,773,709,592,501,468,439,439,519,402,403,314,217,124,54,23,13,6,3377,1687,1690,1542,1522,114,134,17,20,90.73,91.4,90.06,7.34,6.76,7.93,1.1,1.01,1.18,10709,4713,5996,7241,3663,3578,67.62,77.72,59.67,3625,9274,1435,39.09,15.47,54.56,13219,5993,7226,1065,2404,130,118,2896,2644,1532,1594,136,108,234,358,26.24,17.77,33.27,1.88,2.17,1.63,41.91,48.32,36.59,23.65,25.56,22.06,1.85,2.27,1.49,4.48,3.9,4.95,0,0,14334,0,0,100,1251,542,709,306,55,251,24.46,10.15,35.4,14334,413,13860,61,2.88,NA
Gandaki,Tanahu,Rhishing,NP04,NP0440,NP0440403,4669,17918,8208,9710,3.8376526022702935,84.53141091658084,15380,6970,8410,9148,4189,4959,426,237,189,2277,963,1314,3395,1540,1855,134,41,93,17918,1203,1335,1651,1930,1543,1296,898,940,1037,1006,1166,971,868,796,606,335,199,84,43,11,8208,600,638,792,875,687,581,399,363,439,435,545,473,401,396,269,162,94,36,22,1,9710,603,697,859,1055,856,715,499,577,598,571,621,498,467,400,337,173,105,48,21,10,4151,1969,2182,1793,1977,128,165,41,33,90.82,91.06,90.6,7.06,6.5,7.56,1.78,2.08,1.51,13729,6178,7551,9071,4777,4294,66.07,77.32,56.87,4189,11655,2074,35.94,17.79,53.74,16715,7608,9107,1446,3282,158,155,3796,3453,1844,1798,147,127,217,292,28.29,19.01,36.04,1.87,2.08,1.7,43.37,49.89,37.92,21.79,24.24,19.74,1.64,1.93,1.39,3.05,2.85,3.21,0,0,17918,0,0,100,1543,687,856,319,47,272,20.67,6.84,31.78,17918,756,17091,71,4.22,NA
Gandaki,Tanahu,Devghat,NP04,NP0440,NP0440406,3670,14584,6973,7611,3.973841961852861,91.61739587439233,12392,5860,6532,6087,3288,2799,411,268,143,2169,711,1458,3579,1528,2051,146,65,81,14584,1059,1133,1305,1335,1283,1162,997,876,861,798,901,718,578,511,453,313,172,72,37,20,6973,549,564,641,652,598,570,470,392,384,349,446,354,265,249,219,137,78,31,18,7,7611,510,569,664,683,685,592,527,484,477,449,455,364,313,262,234,176,94,41,19,13,3250,1598,1652,1434,1484,131,127,25,31,89.78,89.74,89.83,7.94,8.2,7.69,1.72,1.56,1.88,11087,5219,5868,7828,4234,3594,70.61,81.13,61.25,3497,9509,1578,36.78,16.59,53.37,13525,6424,7101,1011,2295,138,146,3222,2668,1600,1457,234,140,219,395,24.44,15.74,32.32,2.1,2.15,2.06,43.55,50.16,37.57,22.6,24.91,20.52,2.77,3.64,1.97,4.54,3.41,5.56,0,0,14584,0,0,100,1283,598,685,235,43,192,18.32,7.19,28.03,14584,545,14014,25,3.74,NA
Gandaki,Tanahu,Bandipur,NP04,NP0440,NP0440404,5208,18532,8882,9650,3.5583717357910905,92.04145077720207,15816,7419,8397,8357,4341,4016,314,167,147,2423,910,1513,4523,1927,2596,199,74,125,18532,1243,1473,1634,1748,1525,1483,1368,1282,1200,1052,1086,913,815,626,487,298,184,80,23,12,8882,690,773,835,882,733,638,598,552,538,463,544,461,390,280,239,136,82,37,10,1,9650,553,700,799,866,792,845,770,730,662,589,542,452,425,346,248,162,102,43,13,11,4122,2111,2011,1940,1862,133,118,32,21,92.24,91.9,92.59,6.09,6.3,5.87,1.29,1.52,1.04,14182,6584,7598,10772,5667,5105,75.96,86.07,67.19,4350,12472,1710,34.88,13.71,48.59,17289,8192,9097,988,2522,225,212,3880,3427,2518,2284,344,317,237,335,20.3,12.06,27.72,2.53,2.75,2.33,42.26,47.36,37.67,27.77,30.74,25.11,3.82,4.2,3.48,3.31,2.89,3.68,3978,0,14554,21.47,0,78.53,1525,733,792,227,34,193,14.89,4.64,24.37,18532,645,17765,122,3.48,NA
Gandaki,Tanahu,Aanbu Khaireni,NP04,NP0440,NP0440405,6136,22252,10617,11635,3.626466753585398,91.25053717232488,18740,8742,9998,8990,4980,4010,733,391,342,2886,981,1905,5987,2313,3674,144,77,67,22252,1600,1912,2078,2010,1974,1987,1924,1677,1419,1183,1162,886,809,652,483,254,113,73,33,23,10617,866,1009,1071,999,911,823,780,759,652,568,575,429,399,308,237,133,48,33,9,8,11635,734,903,1007,1011,1063,1164,1144,918,767,615,587,457,410,344,246,121,65,40,24,15,5193,2691,2502,2504,2347,152,127,22,18,93.41,93.05,93.8,5.37,5.65,5.08,0.77,0.82,0.72,16662,7671,8991,13094,6576,6518,78.59,85.73,72.49,5590,15031,1631,37.19,10.85,48.04,20652,9751,10901,1153,2524,306,253,4612,4335,2997,3020,427,459,256,310,17.8,11.82,23.15,2.71,3.14,2.32,43.32,47.3,39.77,29.14,30.74,27.7,4.29,4.38,4.21,2.74,2.63,2.84,9440,0,12812,42.42,0,57.58,1974,911,1063,237,44,193,12.01,4.83,18.16,22252,975,21245,32,4.38,NA
Gandaki,Nawalparasi East,Gaidakot,NP04,NP0447,NP0447304,20191,79349,37929,41420,3.92991927096231,91.57170449058427,67261,31425,35836,25848,15307,10541,2178,1055,1123,9931,3424,6507,28602,11322,17280,702,317,385,79349,5517,6571,6815,7769,7931,6888,6332,5983,5424,4406,4212,2975,2676,2112,1499,1101,622,304,128,84,37929,2965,3539,3647,4025,3655,2930,2653,2472,2426,2086,2039,1451,1262,997,731,503,318,152,52,26,41420,2552,3032,3168,3744,4276,3958,3679,3511,2998,2320,2173,1524,1414,1115,768,598,304,152,76,58,17820,9516,8304,8956,7881,420,322,108,68,94.48,94.12,94.91,4.16,4.41,3.88,0.99,1.13,0.82,60446,27778,32668,49667,24752,24915,82.17,89.11,76.27,18903,54596,5850,34.62,10.72,45.34,73832,34964,38868,3223,7886,1105,960,13360,12286,13818,14078,2669,2323,789,1335,15.05,9.22,20.29,2.8,3.16,2.47,34.74,38.21,31.61,37.78,39.52,36.22,6.76,7.63,5.98,2.88,2.26,3.43,35926,34446,8977,45.28,43.41,11.31,7931,3655,4276,760,121,639,9.58,3.31,14.94,79349,2015,77192,142,2.54,NA
Gandaki,Nawalparasi East,Bulingtar,NP04,NP0447,NP0447402,3402,14637,7040,7597,4.302469135802469,92.66815848361195,12454,5897,6557,7210,3625,3585,88,53,35,1502,633,869,3374,1450,1924,280,136,144,14637,1043,1140,1429,1477,1368,1118,830,856,883,938,970,720,595,497,362,256,92,38,21,4,7040,555,588,696,678,653,539,385,360,374,437,454,361,314,251,182,131,51,19,10,2,7597,488,552,733,799,715,579,445,496,509,501,516,359,281,246,180,125,41,19,11,2,3472,1710,1762,1568,1599,115,141,20,12,91.22,91.7,90.75,7.37,6.73,8,0.92,1.17,0.68,11025,5201,5824,7417,4055,3362,67.27,77.97,57.73,3612,9755,1270,37.03,13.02,50.05,13594,6485,7109,1175,2477,156,114,3439,2926,1451,1270,121,59,143,263,26.86,18.12,34.84,1.99,2.41,1.6,46.82,53.03,41.16,20.02,22.37,17.86,1.32,1.87,0.83,2.99,2.21,3.7,0,0,14637,0,0,100,1368,653,715,321,68,253,23.46,10.41,35.38,14637,907,13665,65,6.2,NA
Gandaki,Nawalparasi East,Baudikali,NP04,NP0447,NP0447401,2913,11338,5180,6158,3.8922073463783042,84.11822020136408,9506,4225,5281,5917,2690,3227,125,69,56,1555,616,939,1897,844,1053,12,6,6,11338,892,940,1019,1009,985,830,742,640,696,598,710,617,561,467,288,191,92,30,18,13,5180,469,486,490,488,400,336,292,270,284,256,327,283,261,224,137,100,44,17,11,5,6158,423,454,529,521,585,494,450,370,412,342,383,334,300,243,151,91,48,13,7,8,2591,1279,1312,1158,1184,97,108,20,19,90.39,90.54,90.24,7.91,7.58,8.23,1.51,1.56,1.45,8487,3735,4752,5988,2981,3007,70.55,79.81,63.28,2851,7388,1099,38.59,14.88,53.47,10446,4711,5735,776,1768,158,155,2430,2258,1071,1118,98,76,178,360,24.35,16.47,30.83,3,3.35,2.7,44.88,51.58,39.37,20.96,22.73,19.49,1.67,2.08,1.33,5.15,3.78,6.28,0,0,11338,0,0,100,985,400,585,203,28,175,20.61,7,29.91,11338,520,10811,7,4.59,NA
Gandaki,Nawalparasi East,Hupsekot,NP04,NP0447,NP0447403,6179,26583,12153,14430,4.3021524518530505,84.22037422037421,22097,9783,12314,10959,4998,5961,656,367,289,5664,2202,3462,4394,2024,2370,424,192,232,26583,2028,2458,2807,2813,2476,2192,1991,1784,1650,1285,1322,1041,853,705,553,337,162,74,29,23,12153,1108,1262,1396,1331,1066,807,768,734,722,559,617,480,393,336,266,153,94,44,10,7,14430,920,1196,1411,1482,1410,1385,1223,1050,928,726,705,561,460,369,287,184,68,30,19,16,6941,3462,3479,3165,3162,241,271,48,35,91.15,91.42,90.89,7.38,6.96,7.79,1.2,1.39,1.01,19290,8387,10903,13633,6715,6918,70.67,80.06,63.45,7293,17407,1883,41.9,10.82,52.71,24555,11045,13510,1772,4051,452,383,5538,5257,2832,3168,178,199,273,452,23.71,16.04,29.99,3.4,4.09,2.83,43.96,50.14,38.91,24.43,25.64,23.45,1.54,1.61,1.47,2.95,2.47,3.35,0,5535,21048,0,20.82,79.18,2476,1066,1410,494,89,405,19.95,8.35,28.72,26583,873,25706,4,3.28,NA
Gandaki,Nawalparasi East,Devchuli,NP04,NP0447,NP0447303,14493,58003,27336,30667,4.002138963637618,89.13816154172237,48338,22102,26236,20220,11036,9184,1888,877,1011,8688,2980,5708,16783,6913,9870,759,296,463,58003,4400,5265,5296,5693,5246,5146,4887,4509,3787,2863,2909,2193,1844,1422,1103,794,375,165,69,37,27336,2377,2857,2816,2882,2317,1985,1981,1895,1691,1329,1382,1074,896,639,525,373,180,90,33,14,30667,2023,2408,2480,2811,2929,3161,2906,2614,2096,1534,1527,1119,948,783,578,421,195,75,36,23,13906,7394,6512,6898,6144,384,286,77,66,93.79,93.29,94.35,4.82,5.19,4.39,1.03,1.04,1.01,43042,19286,23756,34953,16880,18073,81.21,87.52,76.08,14961,39077,3965,38.29,10.15,48.43,53603,24959,28644,2544,5802,994,848,11123,10501,8406,9128,1242,1240,650,1125,15.57,10.19,20.26,3.44,3.98,2.96,40.34,44.57,36.66,32.71,33.68,31.87,4.63,4.98,4.33,3.31,2.6,3.93,5918,42161,9924,10.2,72.69,17.11,5246,2317,2929,709,113,596,13.52,4.88,20.35,58003,1809,56127,67,3.12,NA
Gandaki,Nawalparasi East,Kawasoti,NP04,NP0447,NP0447302,22166,86821,40523,46298,3.9168546422448793,87.52645902630783,72594,32893,39701,35208,18192,17016,2455,1152,1303,12440,4299,8141,21842,8993,12849,649,257,392,86821,6684,7543,7550,8433,8019,7806,7301,6832,5826,4375,4556,3287,2756,2181,1702,1075,520,240,95,40,40523,3594,4036,3999,4327,3486,3025,2832,2805,2496,2056,2189,1592,1257,1062,814,523,255,115,42,18,46298,3090,3507,3551,4106,4533,4781,4469,4027,3330,2319,2367,1695,1499,1119,888,552,265,125,53,22,20063,10657,9406,9990,8910,491,388,118,63,94.2,93.74,94.73,4.38,4.61,4.13,0.9,1.11,0.67,65044,28894,36150,53183,25653,27530,81.76,88.78,76.15,21777,59191,5853,36.79,9.89,46.68,80137,36929,43208,3415,8728,1547,1279,15684,14527,13363,14796,2031,2031,889,1847,15.15,9.25,20.2,3.53,4.19,2.96,37.7,42.47,33.62,35.14,36.19,34.24,5.07,5.5,4.7,3.41,2.41,4.27,29437,57384,0,33.91,66.09,0,8019,3486,4533,900,126,774,11.22,3.61,17.07,86821,2641,84128,52,3.04,NA
Gandaki,Nawalparasi East,Madhya Bindu,NP04,NP0447,NP0447301,15430,61091,27980,33111,3.959235255994815,84.5036392739573,50982,22646,28336,21667,11247,10420,2121,1103,1018,9186,3189,5997,17171,6739,10432,837,368,469,61091,4795,5314,5331,5930,5544,5189,4834,4368,3808,3135,3448,2527,2222,1792,1351,829,394,172,52,56,27980,2525,2809,2739,2928,2354,1910,1853,1756,1622,1448,1559,1192,1025,859,665,403,205,83,22,23,33111,2270,2505,2592,3002,3190,3279,2981,2612,2186,1687,1889,1335,1197,933,686,426,189,89,30,33,14133,7295,6838,6869,6480,338,299,59,35,94.45,94.16,94.76,4.51,4.63,4.37,0.67,0.81,0.51,45651,19907,25744,34650,16692,17958,75.9,83.85,69.76,15440,41005,4646,37.65,11.33,48.98,56296,25455,30841,3337,7896,1015,876,11724,10856,8012,8980,751,897,616,1336,19.95,13.11,25.6,3.36,3.99,2.84,40.11,46.06,35.2,30.18,31.48,29.12,2.93,2.95,2.91,3.47,2.42,4.33,6407,27757,26927,10.49,45.44,44.08,5544,2354,3190,800,111,689,14.43,4.72,21.6,61091,2179,58876,36,3.57,NA
Gandaki,Nawalparasi East,Binayi Tribeni,NP04,NP0447,NP0447404,9076,38370,18129,20241,4.227633318642574,89.56573291833408,31760,14604,17156,14512,7940,6572,1121,709,412,5160,1712,3448,10191,3937,6254,776,306,470,38370,3119,3491,3555,3849,3468,3315,3101,2787,2477,1904,1895,1440,1307,1090,781,428,213,92,36,22,18129,1653,1872,1793,1891,1523,1371,1324,1227,1103,896,890,660,620,538,379,206,109,52,12,10,20241,1466,1619,1762,1958,1945,1944,1777,1560,1374,1008,1005,780,687,552,402,222,104,40,24,12,9289,4792,4497,4469,4206,245,217,64,66,93.39,93.26,93.53,4.97,5.11,4.83,1.4,1.34,1.47,28205,12811,15394,22058,11053,11005,78.21,86.28,71.49,10165,25543,2662,39.8,10.42,50.22,35251,16476,18775,1832,4425,562,504,7944,7463,5311,5298,471,452,356,633,17.75,11.12,23.57,3.02,3.41,2.68,43.71,48.22,39.75,30.1,32.23,28.22,2.62,2.86,2.41,2.81,2.16,3.37,0,4304,34066,0,11.22,88.78,3468,1523,1945,562,81,481,16.21,5.32,24.73,38370,1116,37161,93,2.91,NA
Gandaki,Syangja,Putalibazar,NP04,NP0441,NP0441301,11881,41743,19266,22477,3.5134247958926017,85.71428571428571,36076,16213,19863,14044,7009,7035,1339,717,622,8806,3304,5502,11331,4938,6393,556,245,311,41743,2574,3093,3441,3579,3381,3236,2913,2808,2646,2349,2629,2145,2141,1719,1341,894,475,214,122,43,19266,1362,1691,1766,1826,1512,1319,1187,1157,1100,996,1186,962,994,774,595,436,240,99,48,16,22477,1212,1402,1675,1753,1869,1917,1726,1651,1546,1353,1443,1183,1147,945,746,458,235,115,74,27,8633,4521,4112,4321,3931,158,135,26,35,95.59,95.58,95.6,3.39,3.49,3.28,0.71,0.58,0.85,32635,14447,18188,26038,12855,13183,79.79,88.98,72.48,9108,27827,4808,32.73,17.28,50.01,39169,17904,21265,1645,5045,457,429,6728,6694,7447,7350,1239,1043,388,704,17.08,9.19,23.72,2.26,2.55,2.02,34.27,37.58,31.48,37.78,41.59,34.56,5.83,6.92,4.9,2.79,2.17,3.31,6623,17838,17282,15.87,42.73,41.4,3381,1512,1869,338,24,314,10,1.59,16.8,41743,829,40904,10,1.99,NA
Gandaki,Syangja,Phedikhola,NP04,NP0441,NP0441402,3165,10899,5012,5887,3.4436018957345973,85.13674197384067,9358,4155,5203,3292,1599,1693,309,212,97,2531,897,1634,3173,1423,1750,53,24,29,10899,683,858,905,931,826,762,693,708,658,587,631,605,591,536,402,274,138,76,25,10,5012,375,482,471,471,369,290,286,313,268,241,277,263,243,248,170,117,76,37,13,2,5887,308,376,434,460,457,472,407,395,390,346,354,342,348,288,232,157,62,39,12,8,2320,1233,1087,1203,1054,22,26,5,3,97.28,97.57,96.96,2.07,1.78,2.39,0.34,0.41,0.28,8453,3684,4769,6512,3249,3263,77.04,88.19,68.42,2446,6992,1461,34.98,20.9,55.88,10216,4637,5579,454,1512,118,89,1898,1785,1741,1697,315,261,111,235,19.24,9.79,27.1,2.03,2.54,1.6,36.05,40.93,31.99,33.65,37.55,30.42,5.64,6.79,4.68,3.39,2.39,4.21,0,0,10899,0,0,100,826,369,457,85,7,78,10.29,1.9,17.07,10899,289,10607,3,2.65,NA
Gandaki,Syangja,Aandhikhola,NP04,NP0441,NP0441401,3992,13094,5955,7139,3.280060120240481,83.41504412382686,11233,4992,6241,3609,1924,1685,206,153,53,2918,1113,1805,4460,1786,2674,40,16,24,13094,882,979,1032,1176,955,822,749,731,720,755,869,781,780,642,504,347,233,86,36,15,5955,462,501,518,595,434,358,287,298,273,272,385,330,375,287,242,158,121,40,14,5,7139,420,478,514,581,521,464,462,433,447,483,484,451,405,355,262,189,112,46,22,10,2744,1385,1359,1316,1305,50,40,13,10,95.52,95.02,96.03,3.28,3.61,2.94,0.84,0.94,0.74,10201,4474,5727,7333,3759,3574,71.89,84.02,62.41,2893,8338,1863,34.7,22.34,57.04,12212,5493,6719,727,2163,149,153,2121,2135,2092,1878,270,196,134,194,23.67,13.24,32.19,2.47,2.71,2.28,34.85,38.61,31.78,32.51,38.08,27.95,3.82,4.92,2.92,2.69,2.44,2.89,0,0,13094,0,0,100,955,434,521,114,7,107,11.94,1.61,20.54,13094,541,12547,6,4.13,NA
Gandaki,Syangja,Arjun Choupari,NP04,NP0441,NP0441403,3808,14045,6472,7573,3.6882878151260505,85.46150798890795,11956,5360,6596,5406,2561,2845,476,237,239,4203,1776,2427,1832,773,1059,39,13,26,14045,968,1121,1204,1413,1185,1000,828,792,763,789,827,775,749,570,469,325,161,70,26,10,6472,510,602,591,721,527,439,338,307,308,305,369,345,358,269,199,157,79,35,10,3,7573,458,519,613,692,658,561,490,485,455,484,458,430,391,301,270,168,82,35,16,7,3186,1621,1565,1547,1505,55,50,17,6,95.79,95.43,96.17,3.3,3.39,3.19,0.72,1.05,0.38,10752,4769,5983,8107,4129,3978,75.4,86.58,66.49,3293,9121,1631,36.1,17.88,53.99,13077,5962,7115,680,2034,167,162,2523,2442,2197,2054,263,202,132,221,20.75,11.41,28.59,2.52,2.8,2.28,37.97,42.32,34.32,32.51,36.85,28.87,3.56,4.41,2.84,2.7,2.21,3.11,0,1961,12084,0,13.96,86.04,1185,527,658,164,11,153,13.84,2.09,23.25,14045,469,13566,10,3.34,NA
Gandaki,Syangja,Bhirkot,NP04,NP0441,NP0441302,6171,22645,10267,12378,3.6695835358936963,82.94554855388593,19387,8597,10790,8041,3760,4281,795,452,343,3558,1315,2243,6817,2997,3820,176,73,103,22645,1455,1803,2048,2195,1834,1681,1427,1459,1398,1305,1303,1087,1053,945,802,458,231,96,41,24,10267,753,917,1067,1119,826,645,581,568,564,556,573,466,478,404,340,231,98,49,21,11,12378,702,886,981,1076,1008,1036,846,891,834,749,730,621,575,541,462,227,133,47,20,13,5177,2664,2513,2540,2404,86,78,20,19,95.5,95.35,95.66,3.17,3.23,3.1,0.75,0.75,0.76,17339,7530,9809,13782,6687,7095,79.49,88.8,72.33,5306,14742,2597,35.99,17.62,53.61,21190,9514,11676,857,2722,278,211,3977,4113,3675,3701,427,397,300,532,16.89,9.01,23.31,2.31,2.92,1.81,38.18,41.8,35.23,34.81,38.63,31.7,3.89,4.49,3.4,3.93,3.15,4.56,0,13182,9463,0,58.21,41.79,1834,826,1008,200,14,186,10.91,1.69,18.45,22645,663,21941,41,2.93,NA
Gandaki,Syangja,Biruwa,NP04,NP0441,NP0441404,3954,14001,6591,7410,3.540971168437026,88.94736842105263,12344,5709,6635,8305,3849,4456,189,98,91,2031,909,1122,1644,774,870,175,79,96,14001,765,892,992,1184,1149,1009,887,792,779,821,962,852,868,768,576,334,214,98,43,16,6591,415,467,500,597,536,463,418,360,306,341,428,403,396,350,254,175,99,59,18,6,7410,350,425,492,587,613,546,469,432,473,480,534,449,472,418,322,159,115,39,25,10,2594,1327,1267,1248,1201,57,47,13,13,94.41,94.05,94.79,4.01,4.3,3.71,1,0.98,1.03,11352,5209,6143,8635,4553,4082,76.07,87.41,66.45,2649,9303,2049,28.47,22.03,50.5,13236,6176,7060,669,2065,123,112,2602,2308,2342,2014,189,160,251,401,20.66,10.83,29.25,1.78,1.99,1.59,37.1,42.13,32.69,32.91,37.92,28.53,2.64,3.06,2.27,4.93,4.06,5.68,0,0,14001,0,0,100,1149,536,613,139,13,126,12.1,2.43,20.55,14001,518,13475,8,3.7,NA
Gandaki,Syangja,Harinas,NP04,NP0441,NP0441405,3582,13191,6018,7173,3.6825795644891124,83.89795064826433,11301,5026,6275,5124,2483,2641,304,147,157,3106,1143,1963,2744,1247,1497,23,6,17,13191,881,1009,1058,1166,1041,969,852,748,699,730,767,718,704,640,527,357,189,72,44,20,6018,466,526,500,561,484,406,358,309,281,297,332,327,316,284,243,157,106,32,25,8,7173,415,483,558,605,557,563,494,439,418,433,435,391,388,356,284,200,83,40,19,12,2755,1352,1403,1280,1321,61,67,5,14,94.41,94.67,94.16,4.65,4.51,4.78,0.69,0.37,1,10243,4526,5717,7631,3863,3768,74.5,85.35,65.91,2948,8394,1849,35.12,22.03,57.15,12310,5552,6758,687,1975,151,115,2485,2298,1823,1812,146,127,260,431,21.62,12.37,29.22,2.16,2.72,1.7,38.85,44.76,34,29.53,32.84,26.81,2.22,2.63,1.88,5.61,4.68,6.38,0,0,13191,0,0,100,1041,484,557,158,17,141,15.18,3.51,25.31,13191,510,12677,4,3.87,NA
Gandaki,Syangja,Chapakot,NP04,NP0441,NP0441305,6251,22969,10416,12553,3.6744520876659736,82.97618099259141,19480,8529,10951,9074,4058,5016,1165,607,558,3772,1463,2309,5404,2370,3034,65,31,34,22969,1582,1907,2055,2180,1908,1796,1524,1373,1240,1251,1374,1206,1093,941,719,442,222,89,46,21,10416,854,1033,1027,1019,838,711,635,559,496,503,595,530,497,439,316,189,104,42,18,11,12553,728,874,1028,1161,1070,1085,889,814,744,748,779,676,596,502,403,253,118,47,28,10,5230,2662,2568,2526,2450,102,89,28,26,95.14,94.89,95.4,3.65,3.83,3.47,1.03,1.05,1.01,17425,7502,9923,13187,6382,6805,75.68,85.07,68.58,5544,14945,2480,37.1,16.59,53.69,21387,9562,11825,1148,3145,290,230,4199,4118,3303,3537,384,368,238,427,20.07,12.01,26.6,2.43,3.03,1.95,38.89,43.91,34.82,31.98,34.54,29.91,3.52,4.02,3.11,3.11,2.49,3.61,7216,0,15753,31.42,0,68.58,1908,838,1070,279,29,250,14.62,3.46,23.36,22969,566,22385,18,2.46,NA
Gandaki,Syangja,Walling,NP04,NP0441,NP0441304,13424,50488,23482,27006,3.761025029797378,86.9510479152781,43108,19519,23589,16745,8604,8141,1918,986,932,9186,3494,5692,14820,6262,8558,439,173,266,50488,3313,4067,4180,4955,4597,4206,3906,3305,3061,2759,2778,2335,2136,1821,1405,864,489,201,63,47,23482,1782,2181,2188,2517,2111,1713,1667,1411,1250,1179,1236,1037,984,817,632,397,223,107,30,20,27006,1531,1886,1992,2438,2486,2493,2239,1894,1811,1580,1542,1298,1152,1004,773,467,266,94,33,27,11113,5832,5281,5598,5054,171,169,49,43,95.85,95.99,95.7,3.06,2.93,3.2,0.83,0.84,0.81,38928,17331,21597,31249,15415,15834,80.27,88.94,73.32,11560,34038,4890,33.96,14.37,48.33,47175,21700,25475,1989,5818,635,522,8189,8012,8934,9124,1369,1282,584,717,16.55,9.17,22.84,2.45,2.93,2.05,34.34,37.74,31.45,38.28,41.17,35.82,5.62,6.31,5.03,2.76,2.69,2.81,8566,24124,17798,16.97,47.78,35.25,4597,2111,2486,434,41,393,9.44,1.94,15.81,50488,1246,49207,35,2.47,NA
Gandaki,Syangja,Galyang,NP04,NP0441,NP0441303,7933,31034,14154,16880,3.912013109794529,83.85071090047393,26274,11690,14584,13751,6363,7388,1417,725,692,4173,1695,2478,6639,2804,3835,294,103,191,31034,2309,2451,2482,3150,2794,2535,2107,1916,1802,1654,1751,1528,1399,1162,870,589,339,135,41,20,14154,1187,1277,1282,1536,1198,1053,904,808,738,686,723,676,615,535,400,275,161,71,20,9,16880,1122,1174,1200,1614,1596,1482,1203,1108,1064,968,1028,852,784,627,470,314,178,64,21,11,6754,3446,3308,3289,3161,125,115,21,22,95.5,95.44,95.56,3.55,3.63,3.48,0.64,0.61,0.67,23792,10408,13384,19123,9233,9890,80.38,88.71,73.89,7242,20636,3156,35.09,15.29,50.39,28725,12967,15758,1210,3530,392,355,5328,5354,5024,5361,697,673,316,485,16.5,9.33,22.4,2.6,3.02,2.25,37.19,41.09,33.98,36.15,38.74,34.02,4.77,5.38,4.27,2.79,2.44,3.08,5158,6334,19542,16.62,20.41,62.97,2794,1198,1596,268,22,246,9.59,1.84,15.41,31034,606,30408,20,1.95,NA
Gandaki,Syangja,Kaligandaki,NP04,NP0441,NP0441406,4762,17955,8144,9811,3.77047459050819,83.00886759759453,15329,6728,8601,5651,2787,2864,915,501,414,3864,1365,2499,4834,2053,2781,65,22,43,17955,1226,1400,1473,1580,1508,1400,1231,1162,1055,963,1021,919,890,795,583,380,229,89,38,13,8144,671,745,755,741,646,559,524,470,456,410,417,390,388,354,264,181,113,40,14,6,9811,555,655,718,839,862,841,707,692,599,553,604,529,502,441,319,199,116,49,24,7,3796,1939,1857,1860,1751,63,83,13,18,95.13,95.93,94.29,3.85,3.25,4.47,0.82,0.67,0.97,13856,5973,7883,10936,5218,5718,78.93,87.36,72.54,4099,11729,2127,34.95,18.13,53.08,16729,7473,9256,784,2194,225,192,3156,3239,2790,2989,327,309,191,333,17.8,10.49,23.7,2.49,3.01,2.07,38.23,42.23,34.99,34.54,37.33,32.29,3.8,4.38,3.34,3.13,2.56,3.6,7369,0,10586,41.04,0,58.96,1508,646,862,149,13,136,9.88,2.01,15.78,17955,331,17598,26,1.84,NA
Gandaki,Parbat,Modi,NP04,NP0442,NP0442402,5404,18794,8853,9941,3.4777942264988897,89.05542701941455,15943,7293,8650,7756,3841,3915,521,268,253,2699,1014,1685,4854,2120,2734,113,50,63,18794,1277,1574,1713,1580,1443,1422,1229,1131,1130,991,1184,953,952,812,654,426,183,83,39,18,8853,697,863,898,786,679,593,505,477,473,442,507,429,428,381,318,221,90,42,17,7,9941,580,711,815,794,764,829,724,654,657,549,677,524,524,431,336,205,93,41,22,11,4253,2243,2010,2139,1925,75,63,20,19,95.56,95.36,95.77,3.24,3.34,3.13,0.92,0.89,0.95,14230,6395,7835,10380,5318,5062,72.94,83.16,64.61,4564,12015,2215,37.99,18.44,56.42,17517,8156,9361,1113,2796,283,229,3234,2974,2996,2844,309,206,221,312,22.32,13.65,29.87,2.92,3.47,2.45,35.44,39.65,31.77,33.34,36.73,30.38,2.94,3.79,2.2,3.04,2.71,3.33,6655,0,12139,35.41,0,64.59,1443,679,764,170,18,152,11.78,2.65,19.9,18794,728,17996,70,3.87,NA
Gandaki,Parbat,Jaljala,NP04,NP0442,NP0442401,5961,21119,10075,11044,3.5428619359167923,91.22600507062658,17832,8319,9513,7292,3884,3408,433,230,203,3484,1382,2102,6581,2803,3778,42,20,22,21119,1489,1798,2009,2104,1970,1692,1464,1469,1256,1115,1111,958,862,694,478,326,190,83,34,17,10075,800,956,1066,1081,949,727,608,609,560,496,530,444,396,321,235,150,85,41,14,7,11044,689,842,943,1023,1021,965,856,860,696,619,581,514,466,373,243,176,105,42,20,10,5053,2644,2409,2502,2263,79,89,49,41,94.3,94.63,93.94,3.32,2.99,3.69,1.78,1.85,1.7,15823,7253,8570,12036,6177,5859,76.07,85.16,68.37,5296,14001,1822,37.83,13.01,50.84,19630,9275,10355,1142,2762,275,232,3824,3479,3432,3172,384,295,218,415,19.89,12.31,26.67,2.58,2.96,2.24,37.2,41.23,33.6,33.64,37,30.63,3.46,4.14,2.85,3.22,2.35,4.01,4197,5080,11842,19.87,24.05,56.07,1970,949,1021,294,45,249,14.92,4.74,24.39,21119,606,20500,13,2.87,NA
Gandaki,Parbat,Kushma,NP04,NP0442,NP0442301,10962,38101,17853,20248,3.4757343550447,88.17167127617542,32025,14598,17427,13470,6940,6530,1495,719,776,6127,2330,3797,10596,4493,6103,337,116,221,38101,2659,3417,3555,3558,3080,3017,2864,2468,2335,2082,2099,1756,1633,1248,995,688,399,151,71,26,17853,1423,1832,1861,1850,1347,1187,1213,1068,1010,923,992,793,741,580,430,301,185,74,33,10,20248,1236,1585,1694,1708,1733,1830,1651,1400,1325,1159,1107,963,892,668,565,387,214,77,38,16,9118,4811,4307,4569,4119,169,128,57,51,95.28,94.97,95.64,3.26,3.51,2.97,1.18,1.18,1.18,28470,12737,15733,22121,11077,11044,77.7,86.97,70.2,9631,24892,3578,38.69,14.37,53.07,35442,16430,19012,1750,4741,531,441,6097,5876,6477,6620,1189,798,386,536,18.31,10.65,24.94,2.74,3.23,2.32,33.78,37.11,30.91,36.95,39.42,34.82,5.61,7.24,4.2,2.6,2.35,2.82,13055,12026,13020,34.26,31.56,34.17,3080,1347,1733,381,43,338,12.37,3.19,19.5,38101,985,37033,83,2.59,NA
Gandaki,Parbat,Phalebas,NP04,NP0442,NP0442302,5737,20468,9365,11103,3.5677183196792748,84.34657299828875,17359,7687,9672,4490,2450,2040,1292,764,528,5500,1915,3585,5934,2499,3435,143,59,84,20468,1432,1677,1794,1864,1624,1500,1282,1100,1106,1115,1281,1084,1083,914,693,499,240,109,44,27,9365,781,897,918,901,677,588,553,465,420,452,570,490,506,398,318,226,124,49,22,10,11103,651,780,876,963,947,912,729,635,686,663,711,594,577,516,375,273,116,60,22,17,4588,2353,2235,2214,2120,94,82,34,24,94.46,94.09,94.85,3.84,3.99,3.67,1.26,1.44,1.07,15565,6769,8796,11567,5782,5785,74.31,85.42,65.77,4903,13039,2526,37.6,19.37,56.98,19036,8584,10452,1048,3064,261,209,3061,3038,3533,3458,477,300,204,383,21.6,12.21,29.31,2.47,3.04,2,32.04,35.66,29.07,36.73,41.16,33.08,4.08,5.56,2.87,3.08,2.38,3.66,0,10391,10077,0,50.77,49.23,1624,677,947,228,23,205,14.04,3.4,21.65,20468,785,19634,49,3.84,NA
Gandaki,Parbat,Mahashila,NP04,NP0442,NP0442404,2057,8116,3808,4308,3.94555177442878,88.3936861652739,6853,3164,3689,3623,1667,1956,310,173,137,1164,484,680,1625,775,850,131,65,66,8116,591,672,679,798,703,648,509,480,461,369,469,372,385,346,275,193,95,47,21,3,3808,302,342,353,390,314,306,239,202,191,160,197,178,161,149,138,98,53,22,13,0,4308,289,330,326,408,389,342,270,278,270,209,272,194,224,197,137,95,42,25,8,3,1825,931,894,872,847,47,37,8,6,94.19,93.66,94.74,4.6,5.05,4.14,0.77,0.86,0.67,6174,2811,3363,4834,2468,2366,78.3,87.8,70.35,1942,5194,980,37.39,18.87,56.26,7525,3506,4019,355,1003,93,99,1414,1372,1414,1252,130,103,100,190,18.05,10.13,24.96,2.55,2.65,2.46,37.02,40.33,34.14,35.43,40.33,31.15,3.1,3.71,2.56,3.85,2.85,4.73,0,0,8116,0,0,100,703,314,389,112,12,100,15.93,3.82,25.71,8116,326,7774,16,4.02,NA
Gandaki,Parbat,Bihadi,NP04,NP0442,NP0442403,2723,10828,5113,5715,3.976496511200881,89.46631671041119,9081,4189,4892,3422,1717,1705,760,389,371,2267,874,1393,2446,1127,1319,186,82,104,10828,806,941,984,1050,993,816,685,636,548,517,628,503,536,436,318,233,117,65,14,2,5113,433,491,488,522,456,363,303,279,220,205,300,215,261,221,142,116,53,37,6,2,5715,373,450,496,528,537,453,382,357,328,312,328,288,275,215,176,117,64,28,8,0,2546,1292,1254,1208,1189,68,57,14,8,94.15,93.5,94.82,4.91,5.26,4.55,0.86,1.08,0.64,8097,3701,4396,6128,3132,2996,75.68,84.63,68.15,2731,6912,1185,39.51,17.14,56.66,10022,4680,5342,601,1434,126,103,1802,1742,1817,1697,219,170,115,196,20.31,12.84,26.84,2.28,2.69,1.93,35.36,38.5,32.61,35.06,38.82,31.77,3.88,4.68,3.18,3.1,2.46,3.67,0,0,10828,0,0,100,993,456,537,151,23,128,15.21,5.04,23.84,10828,370,10428,30,3.42,NA
Gandaki,Parbat,Paiyu,NP04,NP0442,NP0442405,3268,12725,5929,6796,3.8938188494492043,87.24249558563861,10614,4814,5800,4811,2261,2550,409,220,189,2439,968,1471,2763,1276,1487,192,89,103,12725,1001,1110,1132,1225,1117,1000,888,726,692,612,693,633,592,471,374,221,150,56,21,11,5929,532,583,598,612,467,432,388,292,303,252,315,277,266,213,179,103,79,27,8,3,6796,469,527,534,613,650,568,500,434,389,360,378,356,326,258,195,118,71,29,13,8,2966,1553,1413,1444,1345,74,56,24,9,94.03,92.98,95.19,4.38,4.76,3.96,1.11,1.55,0.64,9482,4216,5266,7337,3632,3705,77.38,86.15,70.36,3243,8178,1304,39.66,15.95,55.6,11724,5397,6327,610,1558,154,128,2003,1972,2149,2203,291,272,190,194,18.49,11.3,24.62,2.41,2.85,2.02,33.9,37.11,31.17,37.12,39.82,34.82,4.8,5.39,4.3,3.28,3.52,3.07,0,0,12725,0,0,100,1117,467,650,160,14,146,14.32,3,22.46,12725,444,12276,5,3.49,NA
Gandaki,Baglung,Baglung,NP04,NP0443,NP0443303,15924,56102,26080,30022,3.5231097714142177,86.86962893877823,47655,21448,26207,15103,8341,6762,1828,918,910,11244,4060,7184,19189,8005,11184,291,124,167,56102,3677,4770,5257,5547,5005,4388,4158,3887,3583,3004,3051,2371,2162,1889,1460,1026,515,215,96,41,26080,2012,2620,2832,2753,2146,1740,1748,1594,1508,1338,1396,1048,980,825,660,463,263,97,42,15,30022,1665,2150,2425,2794,2859,2648,2410,2293,2075,1666,1655,1323,1182,1064,800,563,252,118,54,26,13282,7105,6177,6780,5944,222,161,71,54,95.8,95.43,96.23,2.88,3.12,2.61,0.94,1,0.87,42398,18616,23782,34030,16662,17368,80.26,89.5,73.03,13704,37156,5242,36.88,14.11,50.99,52425,24068,28357,2077,6492,803,634,8919,8658,9931,10107,1764,1457,574,1009,16.35,8.63,22.89,2.74,3.34,2.24,33.53,37.06,30.53,38.22,41.26,35.64,6.14,7.33,5.14,3.02,2.38,3.56,21893,24217,9992,39.02,43.17,17.81,5005,2146,2859,543,66,477,10.85,3.08,16.68,56102,1535,54532,35,2.74,NA
Gandaki,Baglung,Kathekhola,NP04,NP0443,NP0443405,5892,22526,10256,12270,3.8231500339443314,83.58598207008964,18886,8313,10573,6780,3279,3501,734,403,331,5861,2187,3674,5435,2405,3030,76,39,37,22526,1680,1960,2007,2079,1977,1739,1469,1259,1191,1208,1322,1132,1083,874,675,469,232,89,55,26,10256,916,1027,1037,1009,884,692,605,478,471,433,546,519,509,407,312,219,122,38,25,7,12270,764,933,970,1070,1093,1047,864,781,720,775,776,613,574,467,363,250,110,51,30,19,5164,2648,2516,2490,2366,120,100,33,41,94.04,94.03,94.04,4.26,4.53,3.97,1.43,1.25,1.63,16879,7276,9603,12470,6053,6417,73.88,83.19,66.82,5647,14459,2420,39.06,16.74,55.79,20846,9340,11506,1260,3227,294,257,3864,3615,3239,3305,321,356,362,746,21.52,13.49,28.05,2.64,3.15,2.23,35.88,41.37,31.42,31.39,34.68,28.72,3.25,3.44,3.09,5.32,3.88,6.48,6394,2504,13628,28.38,11.12,60.5,1977,884,1093,265,25,240,13.4,2.83,21.96,22526,656,21863,7,2.91,NA
Gandaki,Baglung,Tarakhola,NP04,NP0443,NP0443404,2337,10120,4922,5198,4.330338040222507,94.69026548672566,8441,4028,4413,4254,2164,2090,326,202,124,2298,899,1399,1529,747,782,34,16,18,10120,773,906,998,1010,933,790,686,563,578,539,607,420,440,329,240,167,80,37,13,11,4922,410,484,523,518,471,356,310,261,228,225,290,202,215,159,111,86,41,22,6,4,5198,363,422,475,492,462,434,376,302,350,314,317,218,225,170,129,81,39,15,7,7,2495,1314,1181,1250,1136,48,40,12,2,95.63,95.13,96.19,3.53,3.65,3.39,0.56,0.91,0.17,7443,3505,3938,5810,3000,2810,78.06,85.59,71.36,2677,6566,877,40.77,13.36,54.13,9347,4512,4835,517,1133,127,120,2172,1914,1453,1231,98,86,145,351,17.65,11.46,23.43,2.64,2.81,2.48,43.71,48.14,39.59,28.72,32.2,25.46,1.97,2.17,1.78,5.31,3.21,7.26,0,0,10120,0,0,100,933,471,462,148,24,124,15.86,5.1,26.84,10120,342,9777,1,3.38,NA
Gandaki,Baglung,Tamankhola,NP04,NP0443,NP0443402,2611,9982,4593,5389,3.8230563002680964,85.22917053256633,8058,3613,4445,2809,1425,1384,148,95,53,2497,939,1558,2567,1135,1432,37,19,18,9982,868,1056,1095,928,889,732,535,585,510,493,473,422,457,344,272,175,77,46,16,9,4593,450,530,538,452,375,309,218,240,200,216,229,184,216,155,119,82,42,23,8,7,5389,418,526,557,476,514,423,317,345,310,277,244,238,241,189,153,93,35,23,8,2,2746,1359,1387,1272,1293,75,73,10,11,93.41,93.6,93.22,5.39,5.52,5.26,0.76,0.74,0.79,6963,3075,3888,4840,2388,2452,69.51,77.66,63.07,3019,6024,939,50.12,15.59,65.7,9114,4143,4971,736,1482,149,157,2154,2173,890,839,74,60,140,260,24.34,17.76,29.81,3.36,3.6,3.16,47.48,51.99,43.71,18.97,21.48,16.88,1.47,1.79,1.21,4.39,3.38,5.23,0,0,9982,0,0,100,889,375,514,161,16,145,18.11,4.27,28.21,9982,321,9638,23,3.22,NA
Gandaki,Baglung,Dhorpatan,NP04,NP0443,NP0443301,7485,30068,13967,16101,4.017100868403474,86.74616483448233,23232,10377,12855,8721,4370,4351,771,470,301,5895,2293,3602,7541,3108,4433,304,136,168,30068,3203,3633,3725,3168,2662,2371,2021,1719,1481,1213,1074,959,945,720,597,301,169,73,27,7,13967,1678,1912,1945,1501,1070,948,804,698,632,546,491,455,403,340,273,140,88,30,11,2,16101,1525,1721,1780,1667,1592,1423,1217,1021,849,667,583,504,542,380,324,161,81,43,16,5,9306,4827,4479,4498,4150,225,219,95,95,92.93,93.18,92.65,4.77,4.66,4.89,2.04,1.97,2.12,19507,8432,11075,14378,6960,7418,73.71,82.54,66.98,10561,17613,1894,59.96,10.75,70.71,26865,12289,14576,1592,3758,616,563,6467,6196,2986,3079,227,187,401,793,19.91,12.95,25.78,4.39,5.01,3.86,47.14,52.62,42.51,22.58,24.3,21.12,1.54,1.85,1.28,4.44,3.26,5.44,5868,0,24200,19.52,0,80.48,2662,1070,1592,565,88,477,21.22,8.22,29.96,30068,980,29072,16,3.26,NA
Gandaki,Baglung,Dhorpatan,NP04,NP0443,NP0443598,7485,30068,13967,16101,4.017100868403474,86.74616483448233,23232,10377,12855,8721,4370,4351,771,470,301,5895,2293,3602,7541,3108,4433,304,136,168,30068,3203,3633,3725,3168,2662,2371,2021,1719,1481,1213,1074,959,945,720,597,301,169,73,27,7,13967,1678,1912,1945,1501,1070,948,804,698,632,546,491,455,403,340,273,140,88,30,11,2,16101,1525,1721,1780,1667,1592,1423,1217,1021,849,667,583,504,542,380,324,161,81,43,16,5,9306,4827,4479,4498,4150,225,219,95,95,92.93,93.18,92.65,4.77,4.66,4.89,2.04,1.97,2.12,19507,8432,11075,14378,6960,7418,73.71,82.54,66.98,10561,17613,1894,59.96,10.75,70.71,26865,12289,14576,1592,3758,616,563,6467,6196,2986,3079,227,187,401,793,19.91,12.95,25.78,4.39,5.01,3.86,47.14,52.62,42.51,22.58,24.3,21.12,1.54,1.85,1.28,4.44,3.26,5.44,5868,0,24200,19.52,0,80.48,2662,1070,1592,565,88,477,21.22,8.22,29.96,30068,980,29072,16,3.26,NA
Gandaki,Baglung,Nisikhola,NP04,NP0443,NP0443401,5635,23119,10560,12559,4.102750665483585,84.08312763755076,18149,7991,10158,6310,3294,3016,409,253,156,4874,1735,3139,6443,2671,3772,113,38,75,23119,2425,2545,2741,2500,2055,1711,1360,1194,1067,962,998,872,850,641,558,396,144,55,26,19,10560,1278,1291,1314,1166,877,671,557,496,431,423,440,390,381,304,235,200,65,22,11,8,12559,1147,1254,1427,1334,1178,1040,803,698,636,539,558,482,469,337,323,196,79,33,15,11,6816,3336,3480,3045,3184,211,209,72,74,91.39,91.28,91.49,6.16,6.32,6.01,2.14,2.16,2.13,15408,6677,8731,9926,4964,4962,64.42,74.34,56.83,7711,13569,1839,56.83,13.55,70.38,20694,9282,11412,1867,3910,298,282,4779,4794,2011,1997,162,115,165,314,27.92,20.11,34.26,2.8,3.21,2.47,46.26,51.49,42.01,19.37,21.67,17.5,1.34,1.75,1.01,2.31,1.78,2.75,0,0,23119,0,0,100,2055,877,1178,356,54,302,17.32,6.16,25.64,23119,875,22208,36,3.78,NA
Gandaki,Baglung,Badigad,NP04,NP0443,NP0443403,6745,28839,13400,15439,4.275611564121571,86.79318608718182,22980,10366,12614,7369,3684,3685,1161,594,567,6573,2619,3954,7782,3438,4344,95,31,64,28839,2674,3185,3168,3051,2408,2125,1946,1696,1457,1206,1328,1145,1108,867,674,437,222,93,29,20,13400,1366,1668,1584,1443,1018,817,848,687,625,487,598,557,551,405,313,228,128,56,15,6,15439,1308,1517,1584,1608,1390,1308,1098,1009,832,719,730,588,557,462,361,209,94,37,14,14,8208,4149,4059,3822,3762,239,226,78,64,92.4,92.12,92.68,5.67,5.76,5.57,1.73,1.88,1.58,19812,8782,11030,15146,7277,7869,76.45,82.86,71.34,9027,17470,2342,51.67,13.41,65.08,26165,12034,14131,1586,3243,474,374,6167,5855,2993,3298,272,290,542,1071,18.46,13.18,22.95,3.24,3.94,2.65,45.95,51.25,41.43,24.04,24.87,23.34,2.15,2.26,2.05,6.16,4.5,7.58,2961,0,25878,10.27,0,89.73,2408,1018,1390,399,52,347,16.57,5.11,24.96,28839,917,27884,38,3.18,NA
Gandaki,Baglung,Galkot,NP04,NP0443,NP0443302,7714,30588,14372,16216,3.9652579725175006,88.62851504686729,25506,11692,13814,8033,4110,3923,1422,790,632,7899,3088,4811,8108,3679,4429,44,25,19,30588,2251,2831,2841,3046,2815,2392,1914,1731,1696,1428,1641,1388,1432,1153,889,611,336,124,44,25,14372,1233,1447,1468,1552,1266,1037,861,730,687,592,738,596,640,542,424,291,163,72,23,10,16216,1018,1384,1373,1494,1549,1355,1053,1001,1009,836,903,792,792,611,465,320,173,52,21,15,7479,3849,3630,3653,3467,142,113,41,42,95.2,94.91,95.51,3.41,3.69,3.11,1.11,1.07,1.16,22665,10224,12441,17308,8667,8641,76.36,84.77,69.46,7923,19483,3182,40.67,16.33,57,28337,13139,15198,1627,3864,389,359,5589,5337,4626,4325,512,548,396,765,19.38,12.38,25.42,2.64,2.96,2.36,38.56,42.54,35.12,31.59,35.21,28.46,3.74,3.9,3.61,4.1,3.01,5.03,7022,0,23566,22.96,0,77.04,2815,1266,1549,314,36,278,11.15,2.84,17.95,30588,841,29698,49,2.75,NA
Gandaki,Baglung,Bareng,NP04,NP0443,NP0443406,2925,11158,5102,6056,3.8147008547008547,84.24702774108323,9386,4184,5202,3688,1695,1993,504,274,230,2418,907,1511,2742,1293,1449,34,15,19,11158,818,954,1111,1145,1031,823,737,631,604,532,622,483,506,398,367,227,107,35,17,10,5102,430,488,565,555,436,327,311,260,240,197,269,238,236,188,174,110,53,15,8,2,6056,388,466,546,590,595,496,426,371,364,335,353,245,270,210,193,117,54,20,9,8,2759,1395,1364,1318,1280,57,65,15,18,94.16,94.48,93.84,4.42,4.09,4.77,1.2,1.08,1.32,8275,3619,4656,5982,2977,3005,72.29,82.26,64.54,2883,7114,1161,40.53,16.32,56.85,10340,4672,5668,690,1693,116,100,2125,2042,1495,1484,121,126,125,223,23.05,14.77,29.87,2.09,2.48,1.76,40.3,45.48,36.03,28.81,32,26.18,2.39,2.59,2.22,3.37,2.68,3.93,0,0,11158,0,0,100,1031,436,595,175,20,155,16.97,4.59,26.05,11158,412,10731,15,3.69,NA
Gandaki,Baglung,Jaimuni,NP04,NP0443,NP0443304,6828,24628,11222,13406,3.606912712360867,83.70878711024913,20705,9173,11532,9106,4268,4838,1135,637,498,5263,1962,3301,5163,2284,2879,38,22,16,24628,1854,2069,2123,2273,2065,1823,1524,1431,1340,1301,1423,1286,1238,1000,853,540,272,106,63,44,11222,976,1073,1038,1110,908,759,649,562,534,477,610,584,551,458,398,273,158,52,33,19,13406,878,996,1085,1163,1157,1064,875,869,806,824,813,702,687,542,455,267,114,54,30,25,5545,2790,2755,2598,2597,142,129,40,26,93.69,93.12,94.26,4.89,5.09,4.68,1.19,1.43,0.94,18582,8135,10447,13882,6875,7007,74.71,84.51,67.07,6046,15704,2878,38.5,18.33,56.83,22774,10246,12528,1314,3486,227,239,4266,4326,3637,3446,360,279,442,752,21.08,12.82,27.83,2.05,2.22,1.91,37.73,41.64,34.53,31.1,35.5,27.51,2.81,3.51,2.23,5.24,4.31,6,0,2528,22100,0,10.26,89.74,2065,908,1157,372,30,342,18.01,3.3,29.56,24628,730,23892,6,2.96,NA
