province,district,municipality,adm1_pcode,adm2_pcode,adm3_pcode,ward,affected,theme,disaggregation,variable,value
Bagmati,Rasuwa,Uttargaya,NP03,NP0329,NP0329403,1,affected,population projections 2026,total,population_total,1165
Bagmati,Rasuwa,Uttargaya,NP03,NP0329,NP0329403,1,affected,population projections 2026,male,population_overall_male,555
Bagmati,Rasuwa,Uttargaya,NP03,NP0329,NP0329403,1,affected,population projections 2026,female,population_overall_female,610
Bagmati,Rasuwa,Uttargaya,NP03,NP0329,NP0329403,1,affected,population projections 2026,total,age_group_0_4,80
Bagmati,Rasuwa,Uttargaya,NP03,NP0329,NP0329403,1,affected,population projections 2026,male,age_group_0_4,42
Bagmati,Rasuwa,Uttargaya,NP03,NP0329,NP0329403,1,affected,population projections 2026,female,age_group_0_4,38
Bagmati,Rasuwa,Uttargaya,NP03,NP0329,NP0329403,1,affected,population projections 2026,total,age_group_5_9,117
Bagmati,Rasuwa,Uttargaya,NP03,NP0329,NP0329403,1,affected,population projections 2026,male,age_group_5_9,53
Bagmati,Rasuwa,Uttargaya,NP03,NP0329,NP0329403,1,affected,population projections 2026,female,age_group_5_9,64
Bagmati,Rasuwa,Uttargaya,NP03,NP0329,NP0329403,1,affected,population projections 2026,total,age_group_10_14,126
Bagmati,Rasuwa,Uttargaya,NP03,NP0329,NP0329403,1,affected,population projections 2026,male,age_group_10_14,59
Bagmati,Rasuwa,Uttargaya,NP03,NP0329,NP0329403,1,affected,population projections 2026,female,age_group_10_14,67
Bagmati,Rasuwa,Uttargaya,NP03,NP0329,NP0329403,1,affected,population projections 2026,total,age_group_15_19,93
Bagmati,Rasuwa,Uttargaya,NP03,NP0329,NP0329403,1,affected,population projections 2026,male,age_group_15_19,47
Bagmati,Rasuwa,Uttargaya,NP03,NP0329,NP0329403,1,affected,population projections 2026,female,age_group_15_19,46
Bagmati,Rasuwa,Uttargaya,NP03,NP0329,NP0329403,1,affected,population projections 2026,total,age_group_20_24,88
Bagmati,Rasuwa,Uttargaya,NP03,NP0329,NP0329403,1,affected,population projections 2026,male,age_group_20_24,36
Bagmati,Rasuwa,Uttargaya,NP03,NP0329,NP0329403,1,affected,population projections 2026,female,age_group_20_24,52
Bagmati,Rasuwa,Uttargaya,NP03,NP0329,NP0329403,1,affected,population projections 2026,total,age_group_25_29,92
Bagmati,Rasuwa,Uttargaya,NP03,NP0329,NP0329403,1,affected,population projections 2026,male,age_group_25_29,42
Bagmati,Rasuwa,Uttargaya,NP03,NP0329,NP0329403,1,affected,population projections 2026,female,age_group_25_29,50
Bagmati,Rasuwa,Uttargaya,NP03,NP0329,NP0329403,1,affected,population projections 2026,total,age_group_30_34,80
Bagmati,Rasuwa,Uttargaya,NP03,NP0329,NP0329403,1,affected,population projections 2026,male,age_group_30_34,36
Bagmati,Rasuwa,Uttargaya,NP03,NP0329,NP0329403,1,affected,population projections 2026,female,age_group_30_34,44
Bagmati,Rasuwa,Uttargaya,NP03,NP0329,NP0329403,1,affected,population projections 2026,total,age_group_35_39,85
Bagmati,Rasuwa,Uttargaya,NP03,NP0329,NP0329403,1,affected,population projections 2026,male,age_group_35_39,45
Bagmati,Rasuwa,Uttargaya,NP03,NP0329,NP0329403,1,affected,population projections 2026,female,age_group_35_39,40
Bagmati,Rasuwa,Uttargaya,NP03,NP0329,NP0329403,1,affected,population projections 2026,total,age_group_40_44,98
Bagmati,Rasuwa,Uttargaya,NP03,NP0329,NP0329403,1,affected,population projections 2026,male,age_group_40_44,48
Bagmati,Rasuwa,Uttargaya,NP03,NP0329,NP0329403,1,affected,population projections 2026,female,age_group_40_44,50
Bagmati,Rasuwa,Uttargaya,NP03,NP0329,NP0329403,1,affected,population projections 2026,total,age_group_45_49,65
Bagmati,Rasuwa,Uttargaya,NP03,NP0329,NP0329403,1,affected,population projections 2026,male,age_group_45_49,30
Bagmati,Rasuwa,Uttargaya,NP03,NP0329,NP0329403,1,affected,population projections 2026,female,age_group_45_49,35
Bagmati,Rasuwa,Uttargaya,NP03,NP0329,NP0329403,1,affected,population projections 2026,total,age_group_50_54,43
Bagmati,Rasuwa,Uttargaya,NP03,NP0329,NP0329403,1,affected,population projections 2026,male,age_group_50_54,22
Bagmati,Rasuwa,Uttargaya,NP03,NP0329,NP0329403,1,affected,population projections 2026,female,age_group_50_54,21
Bagmati,Rasuwa,Uttargaya,NP03,NP0329,NP0329403,1,affected,population projections 2026,total,age_group_55_59,47
Bagmati,Rasuwa,Uttargaya,NP03,NP0329,NP0329403,1,affected,population projections 2026,male,age_group_55_59,22
Bagmati,Rasuwa,Uttargaya,NP03,NP0329,NP0329403,1,affected,population projections 2026,female,age_group_55_59,25
Bagmati,Rasuwa,Uttargaya,NP03,NP0329,NP0329403,1,affected,population projections 2026,total,age_group_60_64,45
Bagmati,Rasuwa,Uttargaya,NP03,NP0329,NP0329403,1,affected,population projections 2026,male,age_group_60_64,22
Bagmati,Rasuwa,Uttargaya,NP03,NP0329,NP0329403,1,affected,population projections 2026,female,age_group_60_64,23
Bagmati,Rasuwa,Uttargaya,NP03,NP0329,NP0329403,1,affected,population projections 2026,total,age_group_65_69,37
Bagmati,Rasuwa,Uttargaya,NP03,NP0329,NP0329403,1,affected,population projections 2026,male,age_group_65_69,16
Bagmati,Rasuwa,Uttargaya,NP03,NP0329,NP0329403,1,affected,population projections 2026,female,age_group_65_69,21
Bagmati,Rasuwa,Uttargaya,NP03,NP0329,NP0329403,1,affected,population projections 2026,total,age_group_70_74,32
Bagmati,Rasuwa,Uttargaya,NP03,NP0329,NP0329403,1,affected,population projections 2026,male,age_group_70_74,17
Bagmati,Rasuwa,Uttargaya,NP03,NP0329,NP0329403,1,affected,population projections 2026,female,age_group_70_74,15
Bagmati,Rasuwa,Uttargaya,NP03,NP0329,NP0329403,1,affected,population projections 2026,total,age_group_75_79,21
Bagmati,Rasuwa,Uttargaya,NP03,NP0329,NP0329403,1,affected,population projections 2026,male,age_group_75_79,11
Bagmati,Rasuwa,Uttargaya,NP03,NP0329,NP0329403,1,affected,population projections 2026,female,age_group_75_79,10
Bagmati,Rasuwa,Uttargaya,NP03,NP0329,NP0329403,1,affected,population projections 2026,total,age_group_80_84,11
Bagmati,Rasuwa,Uttargaya,NP03,NP0329,NP0329403,1,affected,population projections 2026,male,age_group_80_84,5
Bagmati,Rasuwa,Uttargaya,NP03,NP0329,NP0329403,1,affected,population projections 2026,female,age_group_80_84,6
Bagmati,Rasuwa,Uttargaya,NP03,NP0329,NP0329403,1,affected,population projections 2026,total,age_group_85_89,5
Bagmati,Rasuwa,Uttargaya,NP03,NP0329,NP0329403,1,affected,population projections 2026,male,age_group_85_89,2
Bagmati,Rasuwa,Uttargaya,NP03,NP0329,NP0329403,1,affected,population projections 2026,female,age_group_85_89,3
Bagmati,Rasuwa,Uttargaya,NP03,NP0329,NP0329403,1,affected,population projections 2026,total,age_group_90_94,0
Bagmati,Rasuwa,Uttargaya,NP03,NP0329,NP0329403,1,affected,population projections 2026,male,age_group_90_94,0
Bagmati,Rasuwa,Uttargaya,NP03,NP0329,NP0329403,1,affected,population projections 2026,female,age_group_90_94,0
Bagmati,Rasuwa,Uttargaya,NP03,NP0329,NP0329403,1,affected,population projections 2026,total,age_group_95plus,0
Bagmati,Rasuwa,Uttargaya,NP03,NP0329,NP0329403,1,affected,population projections 2026,male,age_group_95plus,0
Bagmati,Rasuwa,Uttargaya,NP03,NP0329,NP0329403,1,affected,population projections 2026,female,age_group_95plus,0
Bagmati,Rasuwa,Uttargaya,NP03,NP0329,NP0329403,2,affected,population projections 2026,total,population_total,1233
Bagmati,Rasuwa,Uttargaya,NP03,NP0329,NP0329403,2,affected,population projections 2026,male,population_overall_male,569
Bagmati,Rasuwa,Uttargaya,NP03,NP0329,NP0329403,2,affected,population projections 2026,female,population_overall_female,664
Bagmati,Rasuwa,Uttargaya,NP03,NP0329,NP0329403,2,affected,population projections 2026,total,age_group_0_4,95
Bagmati,Rasuwa,Uttargaya,NP03,NP0329,NP0329403,2,affected,population projections 2026,male,age_group_0_4,50
Bagmati,Rasuwa,Uttargaya,NP03,NP0329,NP0329403,2,affected,population projections 2026,female,age_group_0_4,45
Bagmati,Rasuwa,Uttargaya,NP03,NP0329,NP0329403,2,affected,population projections 2026,total,age_group_5_9,103
Bagmati,Rasuwa,Uttargaya,NP03,NP0329,NP0329403,2,affected,population projections 2026,male,age_group_5_9,45
Bagmati,Rasuwa,Uttargaya,NP03,NP0329,NP0329403,2,affected,population projections 2026,female,age_group_5_9,58
Bagmati,Rasuwa,Uttargaya,NP03,NP0329,NP0329403,2,affected,population projections 2026,total,age_group_10_14,94
Bagmati,Rasuwa,Uttargaya,NP03,NP0329,NP0329403,2,affected,population projections 2026,male,age_group_10_14,38
Bagmati,Rasuwa,Uttargaya,NP03,NP0329,NP0329403,2,affected,population projections 2026,female,age_group_10_14,56
Bagmati,Rasuwa,Uttargaya,NP03,NP0329,NP0329403,2,affected,population projections 2026,total,age_group_15_19,98
Bagmati,Rasuwa,Uttargaya,NP03,NP0329,NP0329403,2,affected,population projections 2026,male,age_group_15_19,39
Bagmati,Rasuwa,Uttargaya,NP03,NP0329,NP0329403,2,affected,population projections 2026,female,age_group_15_19,59
Bagmati,Rasuwa,Uttargaya,NP03,NP0329,NP0329403,2,affected,population projections 2026,total,age_group_20_24,93
Bagmati,Rasuwa,Uttargaya,NP03,NP0329,NP0329403,2,affected,population projections 2026,male,age_group_20_24,40
Bagmati,Rasuwa,Uttargaya,NP03,NP0329,NP0329403,2,affected,population projections 2026,female,age_group_20_24,53
Bagmati,Rasuwa,Uttargaya,NP03,NP0329,NP0329403,2,affected,population projections 2026,total,age_group_25_29,113
Bagmati,Rasuwa,Uttargaya,NP03,NP0329,NP0329403,2,affected,population projections 2026,male,age_group_25_29,52
Bagmati,Rasuwa,Uttargaya,NP03,NP0329,NP0329403,2,affected,population projections 2026,female,age_group_25_29,61
Bagmati,Rasuwa,Uttargaya,NP03,NP0329,NP0329403,2,affected,population projections 2026,total,age_group_30_34,119
Bagmati,Rasuwa,Uttargaya,NP03,NP0329,NP0329403,2,affected,population projections 2026,male,age_group_30_34,58
Bagmati,Rasuwa,Uttargaya,NP03,NP0329,NP0329403,2,affected,population projections 2026,female,age_group_30_34,61
Bagmati,Rasuwa,Uttargaya,NP03,NP0329,NP0329403,2,affected,population projections 2026,total,age_group_35_39,103
Bagmati,Rasuwa,Uttargaya,NP03,NP0329,NP0329403,2,affected,population projections 2026,male,age_group_35_39,46
Bagmati,Rasuwa,Uttargaya,NP03,NP0329,NP0329403,2,affected,population projections 2026,female,age_group_35_39,57
Bagmati,Rasuwa,Uttargaya,NP03,NP0329,NP0329403,2,affected,population projections 2026,total,age_group_40_44,69
Bagmati,Rasuwa,Uttargaya,NP03,NP0329,NP0329403,2,affected,population projections 2026,male,age_group_40_44,35
Bagmati,Rasuwa,Uttargaya,NP03,NP0329,NP0329403,2,affected,population projections 2026,female,age_group_40_44,34
Bagmati,Rasuwa,Uttargaya,NP03,NP0329,NP0329403,2,affected,population projections 2026,total,age_group_45_49,56
Bagmati,Rasuwa,Uttargaya,NP03,NP0329,NP0329403,2,affected,population projections 2026,male,age_group_45_49,23
Bagmati,Rasuwa,Uttargaya,NP03,NP0329,NP0329403,2,affected,population projections 2026,female,age_group_45_49,33
Bagmati,Rasuwa,Uttargaya,NP03,NP0329,NP0329403,2,affected,population projections 2026,total,age_group_50_54,51
Bagmati,Rasuwa,Uttargaya,NP03,NP0329,NP0329403,2,affected,population projections 2026,male,age_group_50_54,21
Bagmati,Rasuwa,Uttargaya,NP03,NP0329,NP0329403,2,affected,population projections 2026,female,age_group_50_54,30
Bagmati,Rasuwa,Uttargaya,NP03,NP0329,NP0329403,2,affected,population projections 2026,total,age_group_55_59,68
Bagmati,Rasuwa,Uttargaya,NP03,NP0329,NP0329403,2,affected,population projections 2026,male,age_group_55_59,34
Bagmati,Rasuwa,Uttargaya,NP03,NP0329,NP0329403,2,affected,population projections 2026,female,age_group_55_59,34
Bagmati,Rasuwa,Uttargaya,NP03,NP0329,NP0329403,2,affected,population projections 2026,total,age_group_60_64,46
Bagmati,Rasuwa,Uttargaya,NP03,NP0329,NP0329403,2,affected,population projections 2026,male,age_group_60_64,23
Bagmati,Rasuwa,Uttargaya,NP03,NP0329,NP0329403,2,affected,population projections 2026,female,age_group_60_64,23
Bagmati,Rasuwa,Uttargaya,NP03,NP0329,NP0329403,2,affected,population projections 2026,total,age_group_65_69,42
Bagmati,Rasuwa,Uttargaya,NP03,NP0329,NP0329403,2,affected,population projections 2026,male,age_group_65_69,25
Bagmati,Rasuwa,Uttargaya,NP03,NP0329,NP0329403,2,affected,population projections 2026,female,age_group_65_69,17
Bagmati,Rasuwa,Uttargaya,NP03,NP0329,NP0329403,2,affected,population projections 2026,total,age_group_70_74,33
Bagmati,Rasuwa,Uttargaya,NP03,NP0329,NP0329403,2,affected,population projections 2026,male,age_group_70_74,18
Bagmati,Rasuwa,Uttargaya,NP03,NP0329,NP0329403,2,affected,population projections 2026,female,age_group_70_74,15
Bagmati,Rasuwa,Uttargaya,NP03,NP0329,NP0329403,2,affected,population projections 2026,total,age_group_75_79,25
Bagmati,Rasuwa,Uttargaya,NP03,NP0329,NP0329403,2,affected,population projections 2026,male,age_group_75_79,12
Bagmati,Rasuwa,Uttargaya,NP03,NP0329,NP0329403,2,affected,population projections 2026,female,age_group_75_79,13
Bagmati,Rasuwa,Uttargaya,NP03,NP0329,NP0329403,2,affected,population projections 2026,total,age_group_80_84,14
Bagmati,Rasuwa,Uttargaya,NP03,NP0329,NP0329403,2,affected,population projections 2026,male,age_group_80_84,6
Bagmati,Rasuwa,Uttargaya,NP03,NP0329,NP0329403,2,affected,population projections 2026,female,age_group_80_84,8
Bagmati,Rasuwa,Uttargaya,NP03,NP0329,NP0329403,2,affected,population projections 2026,total,age_group_85_89,7
Bagmati,Rasuwa,Uttargaya,NP03,NP0329,NP0329403,2,affected,population projections 2026,male,age_group_85_89,4
Bagmati,Rasuwa,Uttargaya,NP03,NP0329,NP0329403,2,affected,population projections 2026,female,age_group_85_89,3
Bagmati,Rasuwa,Uttargaya,NP03,NP0329,NP0329403,2,affected,population projections 2026,total,age_group_90_94,4
Bagmati,Rasuwa,Uttargaya,NP03,NP0329,NP0329403,2,affected,population projections 2026,male,age_group_90_94,0
Bagmati,Rasuwa,Uttargaya,NP03,NP0329,NP0329403,2,affected,population projections 2026,female,age_group_90_94,4
Bagmati,Rasuwa,Uttargaya,NP03,NP0329,NP0329403,2,affected,population projections 2026,total,age_group_95plus,0
Bagmati,Rasuwa,Uttargaya,NP03,NP0329,NP0329403,2,affected,population projections 2026,male,age_group_95plus,0
Bagmati,Rasuwa,Uttargaya,NP03,NP0329,NP0329403,2,affected,population projections 2026,female,age_group_95plus,0
Bagmati,Rasuwa,Uttargaya,NP03,NP0329,NP0329403,3,affected,population projections 2026,total,population_total,1080
Bagmati,Rasuwa,Uttargaya,NP03,NP0329,NP0329403,3,affected,population projections 2026,male,population_overall_male,525
Bagmati,Rasuwa,Uttargaya,NP03,NP0329,NP0329403,3,affected,population projections 2026,female,population_overall_female,555
Bagmati,Rasuwa,Uttargaya,NP03,NP0329,NP0329403,3,affected,population projections 2026,total,age_group_0_4,84
Bagmati,Rasuwa,Uttargaya,NP03,NP0329,NP0329403,3,affected,population projections 2026,male,age_group_0_4,44
Bagmati,Rasuwa,Uttargaya,NP03,NP0329,NP0329403,3,affected,population projections 2026,female,age_group_0_4,40
Bagmati,Rasuwa,Uttargaya,NP03,NP0329,NP0329403,3,affected,population projections 2026,total,age_group_5_9,67
Bagmati,Rasuwa,Uttargaya,NP03,NP0329,NP0329403,3,affected,population projections 2026,male,age_group_5_9,37
Bagmati,Rasuwa,Uttargaya,NP03,NP0329,NP0329403,3,affected,population projections 2026,female,age_group_5_9,30
Bagmati,Rasuwa,Uttargaya,NP03,NP0329,NP0329403,3,affected,population projections 2026,total,age_group_10_14,84
Bagmati,Rasuwa,Uttargaya,NP03,NP0329,NP0329403,3,affected,population projections 2026,male,age_group_10_14,44
Bagmati,Rasuwa,Uttargaya,NP03,NP0329,NP0329403,3,affected,population projections 2026,female,age_group_10_14,40
Bagmati,Rasuwa,Uttargaya,NP03,NP0329,NP0329403,3,affected,population projections 2026,total,age_group_15_19,84
Bagmati,Rasuwa,Uttargaya,NP03,NP0329,NP0329403,3,affected,population projections 2026,male,age_group_15_19,40
Bagmati,Rasuwa,Uttargaya,NP03,NP0329,NP0329403,3,affected,population projections 2026,female,age_group_15_19,44
Bagmati,Rasuwa,Uttargaya,NP03,NP0329,NP0329403,3,affected,population projections 2026,total,age_group_20_24,90
Bagmati,Rasuwa,Uttargaya,NP03,NP0329,NP0329403,3,affected,population projections 2026,male,age_group_20_24,42
Bagmati,Rasuwa,Uttargaya,NP03,NP0329,NP0329403,3,affected,population projections 2026,female,age_group_20_24,48
Bagmati,Rasuwa,Uttargaya,NP03,NP0329,NP0329403,3,affected,population projections 2026,total,age_group_25_29,87
Bagmati,Rasuwa,Uttargaya,NP03,NP0329,NP0329403,3,affected,population projections 2026,male,age_group_25_29,39
Bagmati,Rasuwa,Uttargaya,NP03,NP0329,NP0329403,3,affected,population projections 2026,female,age_group_25_29,48
Bagmati,Rasuwa,Uttargaya,NP03,NP0329,NP0329403,3,affected,population projections 2026,total,age_group_30_34,98
Bagmati,Rasuwa,Uttargaya,NP03,NP0329,NP0329403,3,affected,population projections 2026,male,age_group_30_34,35
Bagmati,Rasuwa,Uttargaya,NP03,NP0329,NP0329403,3,affected,population projections 2026,female,age_group_30_34,63
Bagmati,Rasuwa,Uttargaya,NP03,NP0329,NP0329403,3,affected,population projections 2026,total,age_group_35_39,79
Bagmati,Rasuwa,Uttargaya,NP03,NP0329,NP0329403,3,affected,population projections 2026,male,age_group_35_39,36
Bagmati,Rasuwa,Uttargaya,NP03,NP0329,NP0329403,3,affected,population projections 2026,female,age_group_35_39,43
Bagmati,Rasuwa,Uttargaya,NP03,NP0329,NP0329403,3,affected,population projections 2026,total,age_group_40_44,71
Bagmati,Rasuwa,Uttargaya,NP03,NP0329,NP0329403,3,affected,population projections 2026,male,age_group_40_44,33
Bagmati,Rasuwa,Uttargaya,NP03,NP0329,NP0329403,3,affected,population projections 2026,female,age_group_40_44,38
Bagmati,Rasuwa,Uttargaya,NP03,NP0329,NP0329403,3,affected,population projections 2026,total,age_group_45_49,62
Bagmati,Rasuwa,Uttargaya,NP03,NP0329,NP0329403,3,affected,population projections 2026,male,age_group_45_49,30
Bagmati,Rasuwa,Uttargaya,NP03,NP0329,NP0329403,3,affected,population projections 2026,female,age_group_45_49,32
Bagmati,Rasuwa,Uttargaya,NP03,NP0329,NP0329403,3,affected,population projections 2026,total,age_group_50_54,54
Bagmati,Rasuwa,Uttargaya,NP03,NP0329,NP0329403,3,affected,population projections 2026,male,age_group_50_54,30
Bagmati,Rasuwa,Uttargaya,NP03,NP0329,NP0329403,3,affected,population projections 2026,female,age_group_50_54,24
Bagmati,Rasuwa,Uttargaya,NP03,NP0329,NP0329403,3,affected,population projections 2026,total,age_group_55_59,53
Bagmati,Rasuwa,Uttargaya,NP03,NP0329,NP0329403,3,affected,population projections 2026,male,age_group_55_59,25
Bagmati,Rasuwa,Uttargaya,NP03,NP0329,NP0329403,3,affected,population projections 2026,female,age_group_55_59,28
Bagmati,Rasuwa,Uttargaya,NP03,NP0329,NP0329403,3,affected,population projections 2026,total,age_group_60_64,44
Bagmati,Rasuwa,Uttargaya,NP03,NP0329,NP0329403,3,affected,population projections 2026,male,age_group_60_64,25
Bagmati,Rasuwa,Uttargaya,NP03,NP0329,NP0329403,3,affected,population projections 2026,female,age_group_60_64,19
Bagmati,Rasuwa,Uttargaya,NP03,NP0329,NP0329403,3,affected,population projections 2026,total,age_group_65_69,43
Bagmati,Rasuwa,Uttargaya,NP03,NP0329,NP0329403,3,affected,population projections 2026,male,age_group_65_69,23
Bagmati,Rasuwa,Uttargaya,NP03,NP0329,NP0329403,3,affected,population projections 2026,female,age_group_65_69,20
Bagmati,Rasuwa,Uttargaya,NP03,NP0329,NP0329403,3,affected,population projections 2026,total,age_group_70_74,29
Bagmati,Rasuwa,Uttargaya,NP03,NP0329,NP0329403,3,affected,population projections 2026,male,age_group_70_74,15
Bagmati,Rasuwa,Uttargaya,NP03,NP0329,NP0329403,3,affected,population projections 2026,female,age_group_70_74,14
Bagmati,Rasuwa,Uttargaya,NP03,NP0329,NP0329403,3,affected,population projections 2026,total,age_group_75_79,20
Bagmati,Rasuwa,Uttargaya,NP03,NP0329,NP0329403,3,affected,population projections 2026,male,age_group_75_79,11
Bagmati,Rasuwa,Uttargaya,NP03,NP0329,NP0329403,3,affected,population projections 2026,female,age_group_75_79,9
Bagmati,Rasuwa,Uttargaya,NP03,NP0329,NP0329403,3,affected,population projections 2026,total,age_group_80_84,23
Bagmati,Rasuwa,Uttargaya,NP03,NP0329,NP0329403,3,affected,population projections 2026,male,age_group_80_84,13
Bagmati,Rasuwa,Uttargaya,NP03,NP0329,NP0329403,3,affected,population projections 2026,female,age_group_80_84,10
Bagmati,Rasuwa,Uttargaya,NP03,NP0329,NP0329403,3,affected,population projections 2026,total,age_group_85_89,8
Bagmati,Rasuwa,Uttargaya,NP03,NP0329,NP0329403,3,affected,population projections 2026,male,age_group_85_89,3
Bagmati,Rasuwa,Uttargaya,NP03,NP0329,NP0329403,3,affected,population projections 2026,female,age_group_85_89,5
Bagmati,Rasuwa,Uttargaya,NP03,NP0329,NP0329403,3,affected,population projections 2026,total,age_group_90_94,0
Bagmati,Rasuwa,Uttargaya,NP03,NP0329,NP0329403,3,affected,population projections 2026,male,age_group_90_94,0
Bagmati,Rasuwa,Uttargaya,NP03,NP0329,NP0329403,3,affected,population projections 2026,female,age_group_90_94,0
Bagmati,Rasuwa,Uttargaya,NP03,NP0329,NP0329403,3,affected,population projections 2026,total,age_group_95plus,0
Bagmati,Rasuwa,Uttargaya,NP03,NP0329,NP0329403,3,affected,population projections 2026,male,age_group_95plus,0
Bagmati,Rasuwa,Uttargaya,NP03,NP0329,NP0329403,3,affected,population projections 2026,female,age_group_95plus,0
Bagmati,Rasuwa,Uttargaya,NP03,NP0329,NP0329403,4,affected,population projections 2026,total,population_total,1986
Bagmati,Rasuwa,Uttargaya,NP03,NP0329,NP0329403,4,affected,population projections 2026,male,population_overall_male,947
Bagmati,Rasuwa,Uttargaya,NP03,NP0329,NP0329403,4,affected,population projections 2026,female,population_overall_female,1039
Bagmati,Rasuwa,Uttargaya,NP03,NP0329,NP0329403,4,affected,population projections 2026,total,age_group_0_4,154
Bagmati,Rasuwa,Uttargaya,NP03,NP0329,NP0329403,4,affected,population projections 2026,male,age_group_0_4,80
Bagmati,Rasuwa,Uttargaya,NP03,NP0329,NP0329403,4,affected,population projections 2026,female,age_group_0_4,74
Bagmati,Rasuwa,Uttargaya,NP03,NP0329,NP0329403,4,affected,population projections 2026,total,age_group_5_9,154
Bagmati,Rasuwa,Uttargaya,NP03,NP0329,NP0329403,4,affected,population projections 2026,male,age_group_5_9,76
Bagmati,Rasuwa,Uttargaya,NP03,NP0329,NP0329403,4,affected,population projections 2026,female,age_group_5_9,78
Bagmati,Rasuwa,Uttargaya,NP03,NP0329,NP0329403,4,affected,population projections 2026,total,age_group_10_14,142
Bagmati,Rasuwa,Uttargaya,NP03,NP0329,NP0329403,4,affected,population projections 2026,male,age_group_10_14,75
Bagmati,Rasuwa,Uttargaya,NP03,NP0329,NP0329403,4,affected,population projections 2026,female,age_group_10_14,67
Bagmati,Rasuwa,Uttargaya,NP03,NP0329,NP0329403,4,affected,population projections 2026,total,age_group_15_19,131
Bagmati,Rasuwa,Uttargaya,NP03,NP0329,NP0329403,4,affected,population projections 2026,male,age_group_15_19,68
Bagmati,Rasuwa,Uttargaya,NP03,NP0329,NP0329403,4,affected,population projections 2026,female,age_group_15_19,63
Bagmati,Rasuwa,Uttargaya,NP03,NP0329,NP0329403,4,affected,population projections 2026,total,age_group_20_24,143
Bagmati,Rasuwa,Uttargaya,NP03,NP0329,NP0329403,4,affected,population projections 2026,male,age_group_20_24,65
Bagmati,Rasuwa,Uttargaya,NP03,NP0329,NP0329403,4,affected,population projections 2026,female,age_group_20_24,78
Bagmati,Rasuwa,Uttargaya,NP03,NP0329,NP0329403,4,affected,population projections 2026,total,age_group_25_29,178
Bagmati,Rasuwa,Uttargaya,NP03,NP0329,NP0329403,4,affected,population projections 2026,male,age_group_25_29,79
Bagmati,Rasuwa,Uttargaya,NP03,NP0329,NP0329403,4,affected,population projections 2026,female,age_group_25_29,99
Bagmati,Rasuwa,Uttargaya,NP03,NP0329,NP0329403,4,affected,population projections 2026,total,age_group_30_34,189
Bagmati,Rasuwa,Uttargaya,NP03,NP0329,NP0329403,4,affected,population projections 2026,male,age_group_30_34,80
Bagmati,Rasuwa,Uttargaya,NP03,NP0329,NP0329403,4,affected,population projections 2026,female,age_group_30_34,109
Bagmati,Rasuwa,Uttargaya,NP03,NP0329,NP0329403,4,affected,population projections 2026,total,age_group_35_39,151
Bagmati,Rasuwa,Uttargaya,NP03,NP0329,NP0329403,4,affected,population projections 2026,male,age_group_35_39,67
Bagmati,Rasuwa,Uttargaya,NP03,NP0329,NP0329403,4,affected,population projections 2026,female,age_group_35_39,84
Bagmati,Rasuwa,Uttargaya,NP03,NP0329,NP0329403,4,affected,population projections 2026,total,age_group_40_44,131
Bagmati,Rasuwa,Uttargaya,NP03,NP0329,NP0329403,4,affected,population projections 2026,male,age_group_40_44,64
Bagmati,Rasuwa,Uttargaya,NP03,NP0329,NP0329403,4,affected,population projections 2026,female,age_group_40_44,67
Bagmati,Rasuwa,Uttargaya,NP03,NP0329,NP0329403,4,affected,population projections 2026,total,age_group_45_49,109
Bagmati,Rasuwa,Uttargaya,NP03,NP0329,NP0329403,4,affected,population projections 2026,male,age_group_45_49,50
Bagmati,Rasuwa,Uttargaya,NP03,NP0329,NP0329403,4,affected,population projections 2026,female,age_group_45_49,59
Bagmati,Rasuwa,Uttargaya,NP03,NP0329,NP0329403,4,affected,population projections 2026,total,age_group_50_54,101
Bagmati,Rasuwa,Uttargaya,NP03,NP0329,NP0329403,4,affected,population projections 2026,male,age_group_50_54,52
Bagmati,Rasuwa,Uttargaya,NP03,NP0329,NP0329403,4,affected,population projections 2026,female,age_group_50_54,49
Bagmati,Rasuwa,Uttargaya,NP03,NP0329,NP0329403,4,affected,population projections 2026,total,age_group_55_59,90
Bagmati,Rasuwa,Uttargaya,NP03,NP0329,NP0329403,4,affected,population projections 2026,male,age_group_55_59,47
Bagmati,Rasuwa,Uttargaya,NP03,NP0329,NP0329403,4,affected,population projections 2026,female,age_group_55_59,43
Bagmati,Rasuwa,Uttargaya,NP03,NP0329,NP0329403,4,affected,population projections 2026,total,age_group_60_64,99
Bagmati,Rasuwa,Uttargaya,NP03,NP0329,NP0329403,4,affected,population projections 2026,male,age_group_60_64,51
Bagmati,Rasuwa,Uttargaya,NP03,NP0329,NP0329403,4,affected,population projections 2026,female,age_group_60_64,48
Bagmati,Rasuwa,Uttargaya,NP03,NP0329,NP0329403,4,affected,population projections 2026,total,age_group_65_69,88
Bagmati,Rasuwa,Uttargaya,NP03,NP0329,NP0329403,4,affected,population projections 2026,male,age_group_65_69,40
Bagmati,Rasuwa,Uttargaya,NP03,NP0329,NP0329403,4,affected,population projections 2026,female,age_group_65_69,48
Bagmati,Rasuwa,Uttargaya,NP03,NP0329,NP0329403,4,affected,population projections 2026,total,age_group_70_74,59
Bagmati,Rasuwa,Uttargaya,NP03,NP0329,NP0329403,4,affected,population projections 2026,male,age_group_70_74,25
Bagmati,Rasuwa,Uttargaya,NP03,NP0329,NP0329403,4,affected,population projections 2026,female,age_group_70_74,34
Bagmati,Rasuwa,Uttargaya,NP03,NP0329,NP0329403,4,affected,population projections 2026,total,age_group_75_79,32
Bagmati,Rasuwa,Uttargaya,NP03,NP0329,NP0329403,4,affected,population projections 2026,male,age_group_75_79,16
Bagmati,Rasuwa,Uttargaya,NP03,NP0329,NP0329403,4,affected,population projections 2026,female,age_group_75_79,16
Bagmati,Rasuwa,Uttargaya,NP03,NP0329,NP0329403,4,affected,population projections 2026,total,age_group_80_84,23
Bagmati,Rasuwa,Uttargaya,NP03,NP0329,NP0329403,4,affected,population projections 2026,male,age_group_80_84,9
Bagmati,Rasuwa,Uttargaya,NP03,NP0329,NP0329403,4,affected,population projections 2026,female,age_group_80_84,14
Bagmati,Rasuwa,Uttargaya,NP03,NP0329,NP0329403,4,affected,population projections 2026,total,age_group_85_89,11
Bagmati,Rasuwa,Uttargaya,NP03,NP0329,NP0329403,4,affected,population projections 2026,male,age_group_85_89,3
Bagmati,Rasuwa,Uttargaya,NP03,NP0329,NP0329403,4,affected,population projections 2026,female,age_group_85_89,8
Bagmati,Rasuwa,Uttargaya,NP03,NP0329,NP0329403,4,affected,population projections 2026,total,age_group_90_94,1
Bagmati,Rasuwa,Uttargaya,NP03,NP0329,NP0329403,4,affected,population projections 2026,male,age_group_90_94,0
Bagmati,Rasuwa,Uttargaya,NP03,NP0329,NP0329403,4,affected,population projections 2026,female,age_group_90_94,1
Bagmati,Rasuwa,Uttargaya,NP03,NP0329,NP0329403,4,affected,population projections 2026,total,age_group_95plus,0
Bagmati,Rasuwa,Uttargaya,NP03,NP0329,NP0329403,4,affected,population projections 2026,male,age_group_95plus,0
Bagmati,Rasuwa,Uttargaya,NP03,NP0329,NP0329403,4,affected,population projections 2026,female,age_group_95plus,0
Bagmati,Rasuwa,Uttargaya,NP03,NP0329,NP0329403,5,affected,population projections 2026,total,population_total,2836
Bagmati,Rasuwa,Uttargaya,NP03,NP0329,NP0329403,5,affected,population projections 2026,male,population_overall_male,1345
Bagmati,Rasuwa,Uttargaya,NP03,NP0329,NP0329403,5,affected,population projections 2026,female,population_overall_female,1491
Bagmati,Rasuwa,Uttargaya,NP03,NP0329,NP0329403,5,affected,population projections 2026,total,age_group_0_4,222
Bagmati,Rasuwa,Uttargaya,NP03,NP0329,NP0329403,5,affected,population projections 2026,male,age_group_0_4,117
Bagmati,Rasuwa,Uttargaya,NP03,NP0329,NP0329403,5,affected,population projections 2026,female,age_group_0_4,105
Bagmati,Rasuwa,Uttargaya,NP03,NP0329,NP0329403,5,affected,population projections 2026,total,age_group_5_9,189
Bagmati,Rasuwa,Uttargaya,NP03,NP0329,NP0329403,5,affected,population projections 2026,male,age_group_5_9,99
Bagmati,Rasuwa,Uttargaya,NP03,NP0329,NP0329403,5,affected,population projections 2026,female,age_group_5_9,90
Bagmati,Rasuwa,Uttargaya,NP03,NP0329,NP0329403,5,affected,population projections 2026,total,age_group_10_14,225
Bagmati,Rasuwa,Uttargaya,NP03,NP0329,NP0329403,5,affected,population projections 2026,male,age_group_10_14,116
Bagmati,Rasuwa,Uttargaya,NP03,NP0329,NP0329403,5,affected,population projections 2026,female,age_group_10_14,109
Bagmati,Rasuwa,Uttargaya,NP03,NP0329,NP0329403,5,affected,population projections 2026,total,age_group_15_19,203
Bagmati,Rasuwa,Uttargaya,NP03,NP0329,NP0329403,5,affected,population projections 2026,male,age_group_15_19,105
Bagmati,Rasuwa,Uttargaya,NP03,NP0329,NP0329403,5,affected,population projections 2026,female,age_group_15_19,98
Bagmati,Rasuwa,Uttargaya,NP03,NP0329,NP0329403,5,affected,population projections 2026,total,age_group_20_24,225
Bagmati,Rasuwa,Uttargaya,NP03,NP0329,NP0329403,5,affected,population projections 2026,male,age_group_20_24,97
Bagmati,Rasuwa,Uttargaya,NP03,NP0329,NP0329403,5,affected,population projections 2026,female,age_group_20_24,128
Bagmati,Rasuwa,Uttargaya,NP03,NP0329,NP0329403,5,affected,population projections 2026,total,age_group_25_29,229
Bagmati,Rasuwa,Uttargaya,NP03,NP0329,NP0329403,5,affected,population projections 2026,male,age_group_25_29,93
Bagmati,Rasuwa,Uttargaya,NP03,NP0329,NP0329403,5,affected,population projections 2026,female,age_group_25_29,136
Bagmati,Rasuwa,Uttargaya,NP03,NP0329,NP0329403,5,affected,population projections 2026,total,age_group_30_34,226
Bagmati,Rasuwa,Uttargaya,NP03,NP0329,NP0329403,5,affected,population projections 2026,male,age_group_30_34,94
Bagmati,Rasuwa,Uttargaya,NP03,NP0329,NP0329403,5,affected,population projections 2026,female,age_group_30_34,132
Bagmati,Rasuwa,Uttargaya,NP03,NP0329,NP0329403,5,affected,population projections 2026,total,age_group_35_39,260
Bagmati,Rasuwa,Uttargaya,NP03,NP0329,NP0329403,5,affected,population projections 2026,male,age_group_35_39,123
Bagmati,Rasuwa,Uttargaya,NP03,NP0329,NP0329403,5,affected,population projections 2026,female,age_group_35_39,137
Bagmati,Rasuwa,Uttargaya,NP03,NP0329,NP0329403,5,affected,population projections 2026,total,age_group_40_44,204
Bagmati,Rasuwa,Uttargaya,NP03,NP0329,NP0329403,5,affected,population projections 2026,male,age_group_40_44,94
Bagmati,Rasuwa,Uttargaya,NP03,NP0329,NP0329403,5,affected,population projections 2026,female,age_group_40_44,110
Bagmati,Rasuwa,Uttargaya,NP03,NP0329,NP0329403,5,affected,population projections 2026,total,age_group_45_49,168
Bagmati,Rasuwa,Uttargaya,NP03,NP0329,NP0329403,5,affected,population projections 2026,male,age_group_45_49,69
Bagmati,Rasuwa,Uttargaya,NP03,NP0329,NP0329403,5,affected,population projections 2026,female,age_group_45_49,99
Bagmati,Rasuwa,Uttargaya,NP03,NP0329,NP0329403,5,affected,population projections 2026,total,age_group_50_54,153
Bagmati,Rasuwa,Uttargaya,NP03,NP0329,NP0329403,5,affected,population projections 2026,male,age_group_50_54,79
Bagmati,Rasuwa,Uttargaya,NP03,NP0329,NP0329403,5,affected,population projections 2026,female,age_group_50_54,74
Bagmati,Rasuwa,Uttargaya,NP03,NP0329,NP0329403,5,affected,population projections 2026,total,age_group_55_59,147
Bagmati,Rasuwa,Uttargaya,NP03,NP0329,NP0329403,5,affected,population projections 2026,male,age_group_55_59,67
Bagmati,Rasuwa,Uttargaya,NP03,NP0329,NP0329403,5,affected,population projections 2026,female,age_group_55_59,80
Bagmati,Rasuwa,Uttargaya,NP03,NP0329,NP0329403,5,affected,population projections 2026,total,age_group_60_64,123
Bagmati,Rasuwa,Uttargaya,NP03,NP0329,NP0329403,5,affected,population projections 2026,male,age_group_60_64,65
Bagmati,Rasuwa,Uttargaya,NP03,NP0329,NP0329403,5,affected,population projections 2026,female,age_group_60_64,58
Bagmati,Rasuwa,Uttargaya,NP03,NP0329,NP0329403,5,affected,population projections 2026,total,age_group_65_69,92
Bagmati,Rasuwa,Uttargaya,NP03,NP0329,NP0329403,5,affected,population projections 2026,male,age_group_65_69,52
Bagmati,Rasuwa,Uttargaya,NP03,NP0329,NP0329403,5,affected,population projections 2026,female,age_group_65_69,40
Bagmati,Rasuwa,Uttargaya,NP03,NP0329,NP0329403,5,affected,population projections 2026,total,age_group_70_74,72
Bagmati,Rasuwa,Uttargaya,NP03,NP0329,NP0329403,5,affected,population projections 2026,male,age_group_70_74,32
Bagmati,Rasuwa,Uttargaya,NP03,NP0329,NP0329403,5,affected,population projections 2026,female,age_group_70_74,40
Bagmati,Rasuwa,Uttargaya,NP03,NP0329,NP0329403,5,affected,population projections 2026,total,age_group_75_79,49
Bagmati,Rasuwa,Uttargaya,NP03,NP0329,NP0329403,5,affected,population projections 2026,male,age_group_75_79,21
Bagmati,Rasuwa,Uttargaya,NP03,NP0329,NP0329403,5,affected,population projections 2026,female,age_group_75_79,28
Bagmati,Rasuwa,Uttargaya,NP03,NP0329,NP0329403,5,affected,population projections 2026,total,age_group_80_84,30
Bagmati,Rasuwa,Uttargaya,NP03,NP0329,NP0329403,5,affected,population projections 2026,male,age_group_80_84,12
Bagmati,Rasuwa,Uttargaya,NP03,NP0329,NP0329403,5,affected,population projections 2026,female,age_group_80_84,18
Bagmati,Rasuwa,Uttargaya,NP03,NP0329,NP0329403,5,affected,population projections 2026,total,age_group_85_89,13
Bagmati,Rasuwa,Uttargaya,NP03,NP0329,NP0329403,5,affected,population projections 2026,male,age_group_85_89,7
Bagmati,Rasuwa,Uttargaya,NP03,NP0329,NP0329403,5,affected,population projections 2026,female,age_group_85_89,6
Bagmati,Rasuwa,Uttargaya,NP03,NP0329,NP0329403,5,affected,population projections 2026,total,age_group_90_94,6
Bagmati,Rasuwa,Uttargaya,NP03,NP0329,NP0329403,5,affected,population projections 2026,male,age_group_90_94,3
Bagmati,Rasuwa,Uttargaya,NP03,NP0329,NP0329403,5,affected,population projections 2026,female,age_group_90_94,3
Bagmati,Rasuwa,Uttargaya,NP03,NP0329,NP0329403,5,affected,population projections 2026,total,age_group_95plus,0
Bagmati,Rasuwa,Uttargaya,NP03,NP0329,NP0329403,5,affected,population projections 2026,male,age_group_95plus,0
Bagmati,Rasuwa,Uttargaya,NP03,NP0329,NP0329403,5,affected,population projections 2026,female,age_group_95plus,0
Bagmati,Rasuwa,Gosaikunda,NP03,NP0329,NP0329402,1,affected,population projections 2026,total,population_total,822
Bagmati,Rasuwa,Gosaikunda,NP03,NP0329,NP0329402,1,affected,population projections 2026,male,population_overall_male,422
Bagmati,Rasuwa,Gosaikunda,NP03,NP0329,NP0329402,1,affected,population projections 2026,female,population_overall_female,400
Bagmati,Rasuwa,Gosaikunda,NP03,NP0329,NP0329402,1,affected,population projections 2026,total,age_group_0_4,49
Bagmati,Rasuwa,Gosaikunda,NP03,NP0329,NP0329402,1,affected,population projections 2026,male,age_group_0_4,25
Bagmati,Rasuwa,Gosaikunda,NP03,NP0329,NP0329402,1,affected,population projections 2026,female,age_group_0_4,24
Bagmati,Rasuwa,Gosaikunda,NP03,NP0329,NP0329402,1,affected,population projections 2026,total,age_group_5_9,83
Bagmati,Rasuwa,Gosaikunda,NP03,NP0329,NP0329402,1,affected,population projections 2026,male,age_group_5_9,39
Bagmati,Rasuwa,Gosaikunda,NP03,NP0329,NP0329402,1,affected,population projections 2026,female,age_group_5_9,44
Bagmati,Rasuwa,Gosaikunda,NP03,NP0329,NP0329402,1,affected,population projections 2026,total,age_group_10_14,53
Bagmati,Rasuwa,Gosaikunda,NP03,NP0329,NP0329402,1,affected,population projections 2026,male,age_group_10_14,28
Bagmati,Rasuwa,Gosaikunda,NP03,NP0329,NP0329402,1,affected,population projections 2026,female,age_group_10_14,25
Bagmati,Rasuwa,Gosaikunda,NP03,NP0329,NP0329402,1,affected,population projections 2026,total,age_group_15_19,31
Bagmati,Rasuwa,Gosaikunda,NP03,NP0329,NP0329402,1,affected,population projections 2026,male,age_group_15_19,20
Bagmati,Rasuwa,Gosaikunda,NP03,NP0329,NP0329402,1,affected,population projections 2026,female,age_group_15_19,11
Bagmati,Rasuwa,Gosaikunda,NP03,NP0329,NP0329402,1,affected,population projections 2026,total,age_group_20_24,52
Bagmati,Rasuwa,Gosaikunda,NP03,NP0329,NP0329402,1,affected,population projections 2026,male,age_group_20_24,28
Bagmati,Rasuwa,Gosaikunda,NP03,NP0329,NP0329402,1,affected,population projections 2026,female,age_group_20_24,24
Bagmati,Rasuwa,Gosaikunda,NP03,NP0329,NP0329402,1,affected,population projections 2026,total,age_group_25_29,73
Bagmati,Rasuwa,Gosaikunda,NP03,NP0329,NP0329402,1,affected,population projections 2026,male,age_group_25_29,41
Bagmati,Rasuwa,Gosaikunda,NP03,NP0329,NP0329402,1,affected,population projections 2026,female,age_group_25_29,32
Bagmati,Rasuwa,Gosaikunda,NP03,NP0329,NP0329402,1,affected,population projections 2026,total,age_group_30_34,62
Bagmati,Rasuwa,Gosaikunda,NP03,NP0329,NP0329402,1,affected,population projections 2026,male,age_group_30_34,30
Bagmati,Rasuwa,Gosaikunda,NP03,NP0329,NP0329402,1,affected,population projections 2026,female,age_group_30_34,32
Bagmati,Rasuwa,Gosaikunda,NP03,NP0329,NP0329402,1,affected,population projections 2026,total,age_group_35_39,59
Bagmati,Rasuwa,Gosaikunda,NP03,NP0329,NP0329402,1,affected,population projections 2026,male,age_group_35_39,29
Bagmati,Rasuwa,Gosaikunda,NP03,NP0329,NP0329402,1,affected,population projections 2026,female,age_group_35_39,30
Bagmati,Rasuwa,Gosaikunda,NP03,NP0329,NP0329402,1,affected,population projections 2026,total,age_group_40_44,48
Bagmati,Rasuwa,Gosaikunda,NP03,NP0329,NP0329402,1,affected,population projections 2026,male,age_group_40_44,25
Bagmati,Rasuwa,Gosaikunda,NP03,NP0329,NP0329402,1,affected,population projections 2026,female,age_group_40_44,23
Bagmati,Rasuwa,Gosaikunda,NP03,NP0329,NP0329402,1,affected,population projections 2026,total,age_group_45_49,58
Bagmati,Rasuwa,Gosaikunda,NP03,NP0329,NP0329402,1,affected,population projections 2026,male,age_group_45_49,25
Bagmati,Rasuwa,Gosaikunda,NP03,NP0329,NP0329402,1,affected,population projections 2026,female,age_group_45_49,33
Bagmati,Rasuwa,Gosaikunda,NP03,NP0329,NP0329402,1,affected,population projections 2026,total,age_group_50_54,51
Bagmati,Rasuwa,Gosaikunda,NP03,NP0329,NP0329402,1,affected,population projections 2026,male,age_group_50_54,29
Bagmati,Rasuwa,Gosaikunda,NP03,NP0329,NP0329402,1,affected,population projections 2026,female,age_group_50_54,22
Bagmati,Rasuwa,Gosaikunda,NP03,NP0329,NP0329402,1,affected,population projections 2026,total,age_group_55_59,56
Bagmati,Rasuwa,Gosaikunda,NP03,NP0329,NP0329402,1,affected,population projections 2026,male,age_group_55_59,27
Bagmati,Rasuwa,Gosaikunda,NP03,NP0329,NP0329402,1,affected,population projections 2026,female,age_group_55_59,29
Bagmati,Rasuwa,Gosaikunda,NP03,NP0329,NP0329402,1,affected,population projections 2026,total,age_group_60_64,39
Bagmati,Rasuwa,Gosaikunda,NP03,NP0329,NP0329402,1,affected,population projections 2026,male,age_group_60_64,19
Bagmati,Rasuwa,Gosaikunda,NP03,NP0329,NP0329402,1,affected,population projections 2026,female,age_group_60_64,20
Bagmati,Rasuwa,Gosaikunda,NP03,NP0329,NP0329402,1,affected,population projections 2026,total,age_group_65_69,31
Bagmati,Rasuwa,Gosaikunda,NP03,NP0329,NP0329402,1,affected,population projections 2026,male,age_group_65_69,15
Bagmati,Rasuwa,Gosaikunda,NP03,NP0329,NP0329402,1,affected,population projections 2026,female,age_group_65_69,16
Bagmati,Rasuwa,Gosaikunda,NP03,NP0329,NP0329402,1,affected,population projections 2026,total,age_group_70_74,29
Bagmati,Rasuwa,Gosaikunda,NP03,NP0329,NP0329402,1,affected,population projections 2026,male,age_group_70_74,18
Bagmati,Rasuwa,Gosaikunda,NP03,NP0329,NP0329402,1,affected,population projections 2026,female,age_group_70_74,11
Bagmati,Rasuwa,Gosaikunda,NP03,NP0329,NP0329402,1,affected,population projections 2026,total,age_group_75_79,31
Bagmati,Rasuwa,Gosaikunda,NP03,NP0329,NP0329402,1,affected,population projections 2026,male,age_group_75_79,16
Bagmati,Rasuwa,Gosaikunda,NP03,NP0329,NP0329402,1,affected,population projections 2026,female,age_group_75_79,15
Bagmati,Rasuwa,Gosaikunda,NP03,NP0329,NP0329402,1,affected,population projections 2026,total,age_group_80_84,15
Bagmati,Rasuwa,Gosaikunda,NP03,NP0329,NP0329402,1,affected,population projections 2026,male,age_group_80_84,8
Bagmati,Rasuwa,Gosaikunda,NP03,NP0329,NP0329402,1,affected,population projections 2026,female,age_group_80_84,7
Bagmati,Rasuwa,Gosaikunda,NP03,NP0329,NP0329402,1,affected,population projections 2026,total,age_group_85_89,2
Bagmati,Rasuwa,Gosaikunda,NP03,NP0329,NP0329402,1,affected,population projections 2026,male,age_group_85_89,0
Bagmati,Rasuwa,Gosaikunda,NP03,NP0329,NP0329402,1,affected,population projections 2026,female,age_group_85_89,2
Bagmati,Rasuwa,Gosaikunda,NP03,NP0329,NP0329402,1,affected,population projections 2026,total,age_group_90_94,0
Bagmati,Rasuwa,Gosaikunda,NP03,NP0329,NP0329402,1,affected,population projections 2026,male,age_group_90_94,0
Bagmati,Rasuwa,Gosaikunda,NP03,NP0329,NP0329402,1,affected,population projections 2026,female,age_group_90_94,0
Bagmati,Rasuwa,Gosaikunda,NP03,NP0329,NP0329402,1,affected,population projections 2026,total,age_group_95plus,0
Bagmati,Rasuwa,Gosaikunda,NP03,NP0329,NP0329402,1,affected,population projections 2026,male,age_group_95plus,0
Bagmati,Rasuwa,Gosaikunda,NP03,NP0329,NP0329402,1,affected,population projections 2026,female,age_group_95plus,0
Bagmati,Rasuwa,Gosaikunda,NP03,NP0329,NP0329402,2,affected,population projections 2026,total,population_total,558
Bagmati,Rasuwa,Gosaikunda,NP03,NP0329,NP0329402,2,affected,population projections 2026,male,population_overall_male,296
Bagmati,Rasuwa,Gosaikunda,NP03,NP0329,NP0329402,2,affected,population projections 2026,female,population_overall_female,262
Bagmati,Rasuwa,Gosaikunda,NP03,NP0329,NP0329402,2,affected,population projections 2026,total,age_group_0_4,38
Bagmati,Rasuwa,Gosaikunda,NP03,NP0329,NP0329402,2,affected,population projections 2026,male,age_group_0_4,20
Bagmati,Rasuwa,Gosaikunda,NP03,NP0329,NP0329402,2,affected,population projections 2026,female,age_group_0_4,18
Bagmati,Rasuwa,Gosaikunda,NP03,NP0329,NP0329402,2,affected,population projections 2026,total,age_group_5_9,40
Bagmati,Rasuwa,Gosaikunda,NP03,NP0329,NP0329402,2,affected,population projections 2026,male,age_group_5_9,21
Bagmati,Rasuwa,Gosaikunda,NP03,NP0329,NP0329402,2,affected,population projections 2026,female,age_group_5_9,19
Bagmati,Rasuwa,Gosaikunda,NP03,NP0329,NP0329402,2,affected,population projections 2026,total,age_group_10_14,23
Bagmati,Rasuwa,Gosaikunda,NP03,NP0329,NP0329402,2,affected,population projections 2026,male,age_group_10_14,12
Bagmati,Rasuwa,Gosaikunda,NP03,NP0329,NP0329402,2,affected,population projections 2026,female,age_group_10_14,11
Bagmati,Rasuwa,Gosaikunda,NP03,NP0329,NP0329402,2,affected,population projections 2026,total,age_group_15_19,14
Bagmati,Rasuwa,Gosaikunda,NP03,NP0329,NP0329402,2,affected,population projections 2026,male,age_group_15_19,6
Bagmati,Rasuwa,Gosaikunda,NP03,NP0329,NP0329402,2,affected,population projections 2026,female,age_group_15_19,8
Bagmati,Rasuwa,Gosaikunda,NP03,NP0329,NP0329402,2,affected,population projections 2026,total,age_group_20_24,28
Bagmati,Rasuwa,Gosaikunda,NP03,NP0329,NP0329402,2,affected,population projections 2026,male,age_group_20_24,17
Bagmati,Rasuwa,Gosaikunda,NP03,NP0329,NP0329402,2,affected,population projections 2026,female,age_group_20_24,11
Bagmati,Rasuwa,Gosaikunda,NP03,NP0329,NP0329402,2,affected,population projections 2026,total,age_group_25_29,49
Bagmati,Rasuwa,Gosaikunda,NP03,NP0329,NP0329402,2,affected,population projections 2026,male,age_group_25_29,26
Bagmati,Rasuwa,Gosaikunda,NP03,NP0329,NP0329402,2,affected,population projections 2026,female,age_group_25_29,23
Bagmati,Rasuwa,Gosaikunda,NP03,NP0329,NP0329402,2,affected,population projections 2026,total,age_group_30_34,64
Bagmati,Rasuwa,Gosaikunda,NP03,NP0329,NP0329402,2,affected,population projections 2026,male,age_group_30_34,34
Bagmati,Rasuwa,Gosaikunda,NP03,NP0329,NP0329402,2,affected,population projections 2026,female,age_group_30_34,30
Bagmati,Rasuwa,Gosaikunda,NP03,NP0329,NP0329402,2,affected,population projections 2026,total,age_group_35_39,66
Bagmati,Rasuwa,Gosaikunda,NP03,NP0329,NP0329402,2,affected,population projections 2026,male,age_group_35_39,34
Bagmati,Rasuwa,Gosaikunda,NP03,NP0329,NP0329402,2,affected,population projections 2026,female,age_group_35_39,32
Bagmati,Rasuwa,Gosaikunda,NP03,NP0329,NP0329402,2,affected,population projections 2026,total,age_group_40_44,49
Bagmati,Rasuwa,Gosaikunda,NP03,NP0329,NP0329402,2,affected,population projections 2026,male,age_group_40_44,27
Bagmati,Rasuwa,Gosaikunda,NP03,NP0329,NP0329402,2,affected,population projections 2026,female,age_group_40_44,22
Bagmati,Rasuwa,Gosaikunda,NP03,NP0329,NP0329402,2,affected,population projections 2026,total,age_group_45_49,52
Bagmati,Rasuwa,Gosaikunda,NP03,NP0329,NP0329402,2,affected,population projections 2026,male,age_group_45_49,28
Bagmati,Rasuwa,Gosaikunda,NP03,NP0329,NP0329402,2,affected,population projections 2026,female,age_group_45_49,24
Bagmati,Rasuwa,Gosaikunda,NP03,NP0329,NP0329402,2,affected,population projections 2026,total,age_group_50_54,32
Bagmati,Rasuwa,Gosaikunda,NP03,NP0329,NP0329402,2,affected,population projections 2026,male,age_group_50_54,21
Bagmati,Rasuwa,Gosaikunda,NP03,NP0329,NP0329402,2,affected,population projections 2026,female,age_group_50_54,11
Bagmati,Rasuwa,Gosaikunda,NP03,NP0329,NP0329402,2,affected,population projections 2026,total,age_group_55_59,35
Bagmati,Rasuwa,Gosaikunda,NP03,NP0329,NP0329402,2,affected,population projections 2026,male,age_group_55_59,17
Bagmati,Rasuwa,Gosaikunda,NP03,NP0329,NP0329402,2,affected,population projections 2026,female,age_group_55_59,18
Bagmati,Rasuwa,Gosaikunda,NP03,NP0329,NP0329402,2,affected,population projections 2026,total,age_group_60_64,30
Bagmati,Rasuwa,Gosaikunda,NP03,NP0329,NP0329402,2,affected,population projections 2026,male,age_group_60_64,16
Bagmati,Rasuwa,Gosaikunda,NP03,NP0329,NP0329402,2,affected,population projections 2026,female,age_group_60_64,14
Bagmati,Rasuwa,Gosaikunda,NP03,NP0329,NP0329402,2,affected,population projections 2026,total,age_group_65_69,24
Bagmati,Rasuwa,Gosaikunda,NP03,NP0329,NP0329402,2,affected,population projections 2026,male,age_group_65_69,14
Bagmati,Rasuwa,Gosaikunda,NP03,NP0329,NP0329402,2,affected,population projections 2026,female,age_group_65_69,10
Bagmati,Rasuwa,Gosaikunda,NP03,NP0329,NP0329402,2,affected,population projections 2026,total,age_group_70_74,9
Bagmati,Rasuwa,Gosaikunda,NP03,NP0329,NP0329402,2,affected,population projections 2026,male,age_group_70_74,3
Bagmati,Rasuwa,Gosaikunda,NP03,NP0329,NP0329402,2,affected,population projections 2026,female,age_group_70_74,6
Bagmati,Rasuwa,Gosaikunda,NP03,NP0329,NP0329402,2,affected,population projections 2026,total,age_group_75_79,5
Bagmati,Rasuwa,Gosaikunda,NP03,NP0329,NP0329402,2,affected,population projections 2026,male,age_group_75_79,0
Bagmati,Rasuwa,Gosaikunda,NP03,NP0329,NP0329402,2,affected,population projections 2026,female,age_group_75_79,5
Bagmati,Rasuwa,Gosaikunda,NP03,NP0329,NP0329402,2,affected,population projections 2026,total,age_group_80_84,0
Bagmati,Rasuwa,Gosaikunda,NP03,NP0329,NP0329402,2,affected,population projections 2026,male,age_group_80_84,0
Bagmati,Rasuwa,Gosaikunda,NP03,NP0329,NP0329402,2,affected,population projections 2026,female,age_group_80_84,0
Bagmati,Rasuwa,Gosaikunda,NP03,NP0329,NP0329402,2,affected,population projections 2026,total,age_group_85_89,0
Bagmati,Rasuwa,Gosaikunda,NP03,NP0329,NP0329402,2,affected,population projections 2026,male,age_group_85_89,0
Bagmati,Rasuwa,Gosaikunda,NP03,NP0329,NP0329402,2,affected,population projections 2026,female,age_group_85_89,0
Bagmati,Rasuwa,Gosaikunda,NP03,NP0329,NP0329402,2,affected,population projections 2026,total,age_group_90_94,0
Bagmati,Rasuwa,Gosaikunda,NP03,NP0329,NP0329402,2,affected,population projections 2026,male,age_group_90_94,0
Bagmati,Rasuwa,Gosaikunda,NP03,NP0329,NP0329402,2,affected,population projections 2026,female,age_group_90_94,0
Bagmati,Rasuwa,Gosaikunda,NP03,NP0329,NP0329402,2,affected,population projections 2026,total,age_group_95plus,0
Bagmati,Rasuwa,Gosaikunda,NP03,NP0329,NP0329402,2,affected,population projections 2026,male,age_group_95plus,0
Bagmati,Rasuwa,Gosaikunda,NP03,NP0329,NP0329402,2,affected,population projections 2026,female,age_group_95plus,0
Bagmati,Rasuwa,Gosaikunda,NP03,NP0329,NP0329402,3,affected,population projections 2026,total,population_total,495
Bagmati,Rasuwa,Gosaikunda,NP03,NP0329,NP0329402,3,affected,population projections 2026,male,population_overall_male,251
Bagmati,Rasuwa,Gosaikunda,NP03,NP0329,NP0329402,3,affected,population projections 2026,female,population_overall_female,244
Bagmati,Rasuwa,Gosaikunda,NP03,NP0329,NP0329402,3,affected,population projections 2026,total,age_group_0_4,27
Bagmati,Rasuwa,Gosaikunda,NP03,NP0329,NP0329402,3,affected,population projections 2026,male,age_group_0_4,15
Bagmati,Rasuwa,Gosaikunda,NP03,NP0329,NP0329402,3,affected,population projections 2026,female,age_group_0_4,12
Bagmati,Rasuwa,Gosaikunda,NP03,NP0329,NP0329402,3,affected,population projections 2026,total,age_group_5_9,30
Bagmati,Rasuwa,Gosaikunda,NP03,NP0329,NP0329402,3,affected,population projections 2026,male,age_group_5_9,19
Bagmati,Rasuwa,Gosaikunda,NP03,NP0329,NP0329402,3,affected,population projections 2026,female,age_group_5_9,11
Bagmati,Rasuwa,Gosaikunda,NP03,NP0329,NP0329402,3,affected,population projections 2026,total,age_group_10_14,25
Bagmati,Rasuwa,Gosaikunda,NP03,NP0329,NP0329402,3,affected,population projections 2026,male,age_group_10_14,12
Bagmati,Rasuwa,Gosaikunda,NP03,NP0329,NP0329402,3,affected,population projections 2026,female,age_group_10_14,13
Bagmati,Rasuwa,Gosaikunda,NP03,NP0329,NP0329402,3,affected,population projections 2026,total,age_group_15_19,20
Bagmati,Rasuwa,Gosaikunda,NP03,NP0329,NP0329402,3,affected,population projections 2026,male,age_group_15_19,12
Bagmati,Rasuwa,Gosaikunda,NP03,NP0329,NP0329402,3,affected,population projections 2026,female,age_group_15_19,8
Bagmati,Rasuwa,Gosaikunda,NP03,NP0329,NP0329402,3,affected,population projections 2026,total,age_group_20_24,23
Bagmati,Rasuwa,Gosaikunda,NP03,NP0329,NP0329402,3,affected,population projections 2026,male,age_group_20_24,13
Bagmati,Rasuwa,Gosaikunda,NP03,NP0329,NP0329402,3,affected,population projections 2026,female,age_group_20_24,10
Bagmati,Rasuwa,Gosaikunda,NP03,NP0329,NP0329402,3,affected,population projections 2026,total,age_group_25_29,33
Bagmati,Rasuwa,Gosaikunda,NP03,NP0329,NP0329402,3,affected,population projections 2026,male,age_group_25_29,22
Bagmati,Rasuwa,Gosaikunda,NP03,NP0329,NP0329402,3,affected,population projections 2026,female,age_group_25_29,11
Bagmati,Rasuwa,Gosaikunda,NP03,NP0329,NP0329402,3,affected,population projections 2026,total,age_group_30_34,46
Bagmati,Rasuwa,Gosaikunda,NP03,NP0329,NP0329402,3,affected,population projections 2026,male,age_group_30_34,24
Bagmati,Rasuwa,Gosaikunda,NP03,NP0329,NP0329402,3,affected,population projections 2026,female,age_group_30_34,22
Bagmati,Rasuwa,Gosaikunda,NP03,NP0329,NP0329402,3,affected,population projections 2026,total,age_group_35_39,38
Bagmati,Rasuwa,Gosaikunda,NP03,NP0329,NP0329402,3,affected,population projections 2026,male,age_group_35_39,16
Bagmati,Rasuwa,Gosaikunda,NP03,NP0329,NP0329402,3,affected,population projections 2026,female,age_group_35_39,22
Bagmati,Rasuwa,Gosaikunda,NP03,NP0329,NP0329402,3,affected,population projections 2026,total,age_group_40_44,26
Bagmati,Rasuwa,Gosaikunda,NP03,NP0329,NP0329402,3,affected,population projections 2026,male,age_group_40_44,15
Bagmati,Rasuwa,Gosaikunda,NP03,NP0329,NP0329402,3,affected,population projections 2026,female,age_group_40_44,11
Bagmati,Rasuwa,Gosaikunda,NP03,NP0329,NP0329402,3,affected,population projections 2026,total,age_group_45_49,43
Bagmati,Rasuwa,Gosaikunda,NP03,NP0329,NP0329402,3,affected,population projections 2026,male,age_group_45_49,19
Bagmati,Rasuwa,Gosaikunda,NP03,NP0329,NP0329402,3,affected,population projections 2026,female,age_group_45_49,24
Bagmati,Rasuwa,Gosaikunda,NP03,NP0329,NP0329402,3,affected,population projections 2026,total,age_group_50_54,40
Bagmati,Rasuwa,Gosaikunda,NP03,NP0329,NP0329402,3,affected,population projections 2026,male,age_group_50_54,17
Bagmati,Rasuwa,Gosaikunda,NP03,NP0329,NP0329402,3,affected,population projections 2026,female,age_group_50_54,23
Bagmati,Rasuwa,Gosaikunda,NP03,NP0329,NP0329402,3,affected,population projections 2026,total,age_group_55_59,35
Bagmati,Rasuwa,Gosaikunda,NP03,NP0329,NP0329402,3,affected,population projections 2026,male,age_group_55_59,16
Bagmati,Rasuwa,Gosaikunda,NP03,NP0329,NP0329402,3,affected,population projections 2026,female,age_group_55_59,19
Bagmati,Rasuwa,Gosaikunda,NP03,NP0329,NP0329402,3,affected,population projections 2026,total,age_group_60_64,25
Bagmati,Rasuwa,Gosaikunda,NP03,NP0329,NP0329402,3,affected,population projections 2026,male,age_group_60_64,10
Bagmati,Rasuwa,Gosaikunda,NP03,NP0329,NP0329402,3,affected,population projections 2026,female,age_group_60_64,15
Bagmati,Rasuwa,Gosaikunda,NP03,NP0329,NP0329402,3,affected,population projections 2026,total,age_group_65_69,31
Bagmati,Rasuwa,Gosaikunda,NP03,NP0329,NP0329402,3,affected,population projections 2026,male,age_group_65_69,17
Bagmati,Rasuwa,Gosaikunda,NP03,NP0329,NP0329402,3,affected,population projections 2026,female,age_group_65_69,14
Bagmati,Rasuwa,Gosaikunda,NP03,NP0329,NP0329402,3,affected,population projections 2026,total,age_group_70_74,22
Bagmati,Rasuwa,Gosaikunda,NP03,NP0329,NP0329402,3,affected,population projections 2026,male,age_group_70_74,12
Bagmati,Rasuwa,Gosaikunda,NP03,NP0329,NP0329402,3,affected,population projections 2026,female,age_group_70_74,10
Bagmati,Rasuwa,Gosaikunda,NP03,NP0329,NP0329402,3,affected,population projections 2026,total,age_group_75_79,21
Bagmati,Rasuwa,Gosaikunda,NP03,NP0329,NP0329402,3,affected,population projections 2026,male,age_group_75_79,8
Bagmati,Rasuwa,Gosaikunda,NP03,NP0329,NP0329402,3,affected,population projections 2026,female,age_group_75_79,13
Bagmati,Rasuwa,Gosaikunda,NP03,NP0329,NP0329402,3,affected,population projections 2026,total,age_group_80_84,7
Bagmati,Rasuwa,Gosaikunda,NP03,NP0329,NP0329402,3,affected,population projections 2026,male,age_group_80_84,2
Bagmati,Rasuwa,Gosaikunda,NP03,NP0329,NP0329402,3,affected,population projections 2026,female,age_group_80_84,5
Bagmati,Rasuwa,Gosaikunda,NP03,NP0329,NP0329402,3,affected,population projections 2026,total,age_group_85_89,3
Bagmati,Rasuwa,Gosaikunda,NP03,NP0329,NP0329402,3,affected,population projections 2026,male,age_group_85_89,2
Bagmati,Rasuwa,Gosaikunda,NP03,NP0329,NP0329402,3,affected,population projections 2026,female,age_group_85_89,1
Bagmati,Rasuwa,Gosaikunda,NP03,NP0329,NP0329402,3,affected,population projections 2026,total,age_group_90_94,0
Bagmati,Rasuwa,Gosaikunda,NP03,NP0329,NP0329402,3,affected,population projections 2026,male,age_group_90_94,0
Bagmati,Rasuwa,Gosaikunda,NP03,NP0329,NP0329402,3,affected,population projections 2026,female,age_group_90_94,0
Bagmati,Rasuwa,Gosaikunda,NP03,NP0329,NP0329402,3,affected,population projections 2026,total,age_group_95plus,0
Bagmati,Rasuwa,Gosaikunda,NP03,NP0329,NP0329402,3,affected,population projections 2026,male,age_group_95plus,0
Bagmati,Rasuwa,Gosaikunda,NP03,NP0329,NP0329402,3,affected,population projections 2026,female,age_group_95plus,0
Bagmati,Rasuwa,Gosaikunda,NP03,NP0329,NP0329402,4,NA,population projections 2026,total,population_total,431
Bagmati,Rasuwa,Gosaikunda,NP03,NP0329,NP0329402,4,NA,population projections 2026,male,population_overall_male,228
Bagmati,Rasuwa,Gosaikunda,NP03,NP0329,NP0329402,4,NA,population projections 2026,female,population_overall_female,203
Bagmati,Rasuwa,Gosaikunda,NP03,NP0329,NP0329402,4,NA,population projections 2026,total,age_group_0_4,33
Bagmati,Rasuwa,Gosaikunda,NP03,NP0329,NP0329402,4,NA,population projections 2026,male,age_group_0_4,18
Bagmati,Rasuwa,Gosaikunda,NP03,NP0329,NP0329402,4,NA,population projections 2026,female,age_group_0_4,15
Bagmati,Rasuwa,Gosaikunda,NP03,NP0329,NP0329402,4,NA,population projections 2026,total,age_group_5_9,11
Bagmati,Rasuwa,Gosaikunda,NP03,NP0329,NP0329402,4,NA,population projections 2026,male,age_group_5_9,3
Bagmati,Rasuwa,Gosaikunda,NP03,NP0329,NP0329402,4,NA,population projections 2026,female,age_group_5_9,8
Bagmati,Rasuwa,Gosaikunda,NP03,NP0329,NP0329402,4,NA,population projections 2026,total,age_group_10_14,11
Bagmati,Rasuwa,Gosaikunda,NP03,NP0329,NP0329402,4,NA,population projections 2026,male,age_group_10_14,5
Bagmati,Rasuwa,Gosaikunda,NP03,NP0329,NP0329402,4,NA,population projections 2026,female,age_group_10_14,6
Bagmati,Rasuwa,Gosaikunda,NP03,NP0329,NP0329402,4,NA,population projections 2026,total,age_group_15_19,28
Bagmati,Rasuwa,Gosaikunda,NP03,NP0329,NP0329402,4,NA,population projections 2026,male,age_group_15_19,14
Bagmati,Rasuwa,Gosaikunda,NP03,NP0329,NP0329402,4,NA,population projections 2026,female,age_group_15_19,14
Bagmati,Rasuwa,Gosaikunda,NP03,NP0329,NP0329402,4,NA,population projections 2026,total,age_group_20_24,70
Bagmati,Rasuwa,Gosaikunda,NP03,NP0329,NP0329402,4,NA,population projections 2026,male,age_group_20_24,39
Bagmati,Rasuwa,Gosaikunda,NP03,NP0329,NP0329402,4,NA,population projections 2026,female,age_group_20_24,31
Bagmati,Rasuwa,Gosaikunda,NP03,NP0329,NP0329402,4,NA,population projections 2026,total,age_group_25_29,55
Bagmati,Rasuwa,Gosaikunda,NP03,NP0329,NP0329402,4,NA,population projections 2026,male,age_group_25_29,36
Bagmati,Rasuwa,Gosaikunda,NP03,NP0329,NP0329402,4,NA,population projections 2026,female,age_group_25_29,19
Bagmati,Rasuwa,Gosaikunda,NP03,NP0329,NP0329402,4,NA,population projections 2026,total,age_group_30_34,37
Bagmati,Rasuwa,Gosaikunda,NP03,NP0329,NP0329402,4,NA,population projections 2026,male,age_group_30_34,22
Bagmati,Rasuwa,Gosaikunda,NP03,NP0329,NP0329402,4,NA,population projections 2026,female,age_group_30_34,15
Bagmati,Rasuwa,Gosaikunda,NP03,NP0329,NP0329402,4,NA,population projections 2026,total,age_group_35_39,21
Bagmati,Rasuwa,Gosaikunda,NP03,NP0329,NP0329402,4,NA,population projections 2026,male,age_group_35_39,11
Bagmati,Rasuwa,Gosaikunda,NP03,NP0329,NP0329402,4,NA,population projections 2026,female,age_group_35_39,10
Bagmati,Rasuwa,Gosaikunda,NP03,NP0329,NP0329402,4,NA,population projections 2026,total,age_group_40_44,29
Bagmati,Rasuwa,Gosaikunda,NP03,NP0329,NP0329402,4,NA,population projections 2026,male,age_group_40_44,10
Bagmati,Rasuwa,Gosaikunda,NP03,NP0329,NP0329402,4,NA,population projections 2026,female,age_group_40_44,19
Bagmati,Rasuwa,Gosaikunda,NP03,NP0329,NP0329402,4,NA,population projections 2026,total,age_group_45_49,38
Bagmati,Rasuwa,Gosaikunda,NP03,NP0329,NP0329402,4,NA,population projections 2026,male,age_group_45_49,20
Bagmati,Rasuwa,Gosaikunda,NP03,NP0329,NP0329402,4,NA,population projections 2026,female,age_group_45_49,18
Bagmati,Rasuwa,Gosaikunda,NP03,NP0329,NP0329402,4,NA,population projections 2026,total,age_group_50_54,32
Bagmati,Rasuwa,Gosaikunda,NP03,NP0329,NP0329402,4,NA,population projections 2026,male,age_group_50_54,19
Bagmati,Rasuwa,Gosaikunda,NP03,NP0329,NP0329402,4,NA,population projections 2026,female,age_group_50_54,13
Bagmati,Rasuwa,Gosaikunda,NP03,NP0329,NP0329402,4,NA,population projections 2026,total,age_group_55_59,20
Bagmati,Rasuwa,Gosaikunda,NP03,NP0329,NP0329402,4,NA,population projections 2026,male,age_group_55_59,10
Bagmati,Rasuwa,Gosaikunda,NP03,NP0329,NP0329402,4,NA,population projections 2026,female,age_group_55_59,10
Bagmati,Rasuwa,Gosaikunda,NP03,NP0329,NP0329402,4,NA,population projections 2026,total,age_group_60_64,11
Bagmati,Rasuwa,Gosaikunda,NP03,NP0329,NP0329402,4,NA,population projections 2026,male,age_group_60_64,5
Bagmati,Rasuwa,Gosaikunda,NP03,NP0329,NP0329402,4,NA,population projections 2026,female,age_group_60_64,6
Bagmati,Rasuwa,Gosaikunda,NP03,NP0329,NP0329402,4,NA,population projections 2026,total,age_group_65_69,14
Bagmati,Rasuwa,Gosaikunda,NP03,NP0329,NP0329402,4,NA,population projections 2026,male,age_group_65_69,5
Bagmati,Rasuwa,Gosaikunda,NP03,NP0329,NP0329402,4,NA,population projections 2026,female,age_group_65_69,9
Bagmati,Rasuwa,Gosaikunda,NP03,NP0329,NP0329402,4,NA,population projections 2026,total,age_group_70_74,9
Bagmati,Rasuwa,Gosaikunda,NP03,NP0329,NP0329402,4,NA,population projections 2026,male,age_group_70_74,5
Bagmati,Rasuwa,Gosaikunda,NP03,NP0329,NP0329402,4,NA,population projections 2026,female,age_group_70_74,4
Bagmati,Rasuwa,Gosaikunda,NP03,NP0329,NP0329402,4,NA,population projections 2026,total,age_group_75_79,9
Bagmati,Rasuwa,Gosaikunda,NP03,NP0329,NP0329402,4,NA,population projections 2026,male,age_group_75_79,5
Bagmati,Rasuwa,Gosaikunda,NP03,NP0329,NP0329402,4,NA,population projections 2026,female,age_group_75_79,4
Bagmati,Rasuwa,Gosaikunda,NP03,NP0329,NP0329402,4,NA,population projections 2026,total,age_group_80_84,3
Bagmati,Rasuwa,Gosaikunda,NP03,NP0329,NP0329402,4,NA,population projections 2026,male,age_group_80_84,1
Bagmati,Rasuwa,Gosaikunda,NP03,NP0329,NP0329402,4,NA,population projections 2026,female,age_group_80_84,2
Bagmati,Rasuwa,Gosaikunda,NP03,NP0329,NP0329402,4,NA,population projections 2026,total,age_group_85_89,0
Bagmati,Rasuwa,Gosaikunda,NP03,NP0329,NP0329402,4,NA,population projections 2026,male,age_group_85_89,0
Bagmati,Rasuwa,Gosaikunda,NP03,NP0329,NP0329402,4,NA,population projections 2026,female,age_group_85_89,0
Bagmati,Rasuwa,Gosaikunda,NP03,NP0329,NP0329402,4,NA,population projections 2026,total,age_group_90_94,0
Bagmati,Rasuwa,Gosaikunda,NP03,NP0329,NP0329402,4,NA,population projections 2026,male,age_group_90_94,0
Bagmati,Rasuwa,Gosaikunda,NP03,NP0329,NP0329402,4,NA,population projections 2026,female,age_group_90_94,0
Bagmati,Rasuwa,Gosaikunda,NP03,NP0329,NP0329402,4,NA,population projections 2026,total,age_group_95plus,0
Bagmati,Rasuwa,Gosaikunda,NP03,NP0329,NP0329402,4,NA,population projections 2026,male,age_group_95plus,0
Bagmati,Rasuwa,Gosaikunda,NP03,NP0329,NP0329402,4,NA,population projections 2026,female,age_group_95plus,0
Bagmati,Rasuwa,Gosaikunda,NP03,NP0329,NP0329402,5,affected,population projections 2026,total,population_total,2518
Bagmati,Rasuwa,Gosaikunda,NP03,NP0329,NP0329402,5,affected,population projections 2026,male,population_overall_male,1326
Bagmati,Rasuwa,Gosaikunda,NP03,NP0329,NP0329402,5,affected,population projections 2026,female,population_overall_female,1192
Bagmati,Rasuwa,Gosaikunda,NP03,NP0329,NP0329402,5,affected,population projections 2026,total,age_group_0_4,168
Bagmati,Rasuwa,Gosaikunda,NP03,NP0329,NP0329402,5,affected,population projections 2026,male,age_group_0_4,89
Bagmati,Rasuwa,Gosaikunda,NP03,NP0329,NP0329402,5,affected,population projections 2026,female,age_group_0_4,79
Bagmati,Rasuwa,Gosaikunda,NP03,NP0329,NP0329402,5,affected,population projections 2026,total,age_group_5_9,162
Bagmati,Rasuwa,Gosaikunda,NP03,NP0329,NP0329402,5,affected,population projections 2026,male,age_group_5_9,80
Bagmati,Rasuwa,Gosaikunda,NP03,NP0329,NP0329402,5,affected,population projections 2026,female,age_group_5_9,82
Bagmati,Rasuwa,Gosaikunda,NP03,NP0329,NP0329402,5,affected,population projections 2026,total,age_group_10_14,156
Bagmati,Rasuwa,Gosaikunda,NP03,NP0329,NP0329402,5,affected,population projections 2026,male,age_group_10_14,69
Bagmati,Rasuwa,Gosaikunda,NP03,NP0329,NP0329402,5,affected,population projections 2026,female,age_group_10_14,87
Bagmati,Rasuwa,Gosaikunda,NP03,NP0329,NP0329402,5,affected,population projections 2026,total,age_group_15_19,167
Bagmati,Rasuwa,Gosaikunda,NP03,NP0329,NP0329402,5,affected,population projections 2026,male,age_group_15_19,99
Bagmati,Rasuwa,Gosaikunda,NP03,NP0329,NP0329402,5,affected,population projections 2026,female,age_group_15_19,68
Bagmati,Rasuwa,Gosaikunda,NP03,NP0329,NP0329402,5,affected,population projections 2026,total,age_group_20_24,227
Bagmati,Rasuwa,Gosaikunda,NP03,NP0329,NP0329402,5,affected,population projections 2026,male,age_group_20_24,143
Bagmati,Rasuwa,Gosaikunda,NP03,NP0329,NP0329402,5,affected,population projections 2026,female,age_group_20_24,84
Bagmati,Rasuwa,Gosaikunda,NP03,NP0329,NP0329402,5,affected,population projections 2026,total,age_group_25_29,254
Bagmati,Rasuwa,Gosaikunda,NP03,NP0329,NP0329402,5,affected,population projections 2026,male,age_group_25_29,150
Bagmati,Rasuwa,Gosaikunda,NP03,NP0329,NP0329402,5,affected,population projections 2026,female,age_group_25_29,104
Bagmati,Rasuwa,Gosaikunda,NP03,NP0329,NP0329402,5,affected,population projections 2026,total,age_group_30_34,240
Bagmati,Rasuwa,Gosaikunda,NP03,NP0329,NP0329402,5,affected,population projections 2026,male,age_group_30_34,128
Bagmati,Rasuwa,Gosaikunda,NP03,NP0329,NP0329402,5,affected,population projections 2026,female,age_group_30_34,112
Bagmati,Rasuwa,Gosaikunda,NP03,NP0329,NP0329402,5,affected,population projections 2026,total,age_group_35_39,219
Bagmati,Rasuwa,Gosaikunda,NP03,NP0329,NP0329402,5,affected,population projections 2026,male,age_group_35_39,105
Bagmati,Rasuwa,Gosaikunda,NP03,NP0329,NP0329402,5,affected,population projections 2026,female,age_group_35_39,114
Bagmati,Rasuwa,Gosaikunda,NP03,NP0329,NP0329402,5,affected,population projections 2026,total,age_group_40_44,177
Bagmati,Rasuwa,Gosaikunda,NP03,NP0329,NP0329402,5,affected,population projections 2026,male,age_group_40_44,88
Bagmati,Rasuwa,Gosaikunda,NP03,NP0329,NP0329402,5,affected,population projections 2026,female,age_group_40_44,89
Bagmati,Rasuwa,Gosaikunda,NP03,NP0329,NP0329402,5,affected,population projections 2026,total,age_group_45_49,154
Bagmati,Rasuwa,Gosaikunda,NP03,NP0329,NP0329402,5,affected,population projections 2026,male,age_group_45_49,76
Bagmati,Rasuwa,Gosaikunda,NP03,NP0329,NP0329402,5,affected,population projections 2026,female,age_group_45_49,78
Bagmati,Rasuwa,Gosaikunda,NP03,NP0329,NP0329402,5,affected,population projections 2026,total,age_group_50_54,140
Bagmati,Rasuwa,Gosaikunda,NP03,NP0329,NP0329402,5,affected,population projections 2026,male,age_group_50_54,67
Bagmati,Rasuwa,Gosaikunda,NP03,NP0329,NP0329402,5,affected,population projections 2026,female,age_group_50_54,73
Bagmati,Rasuwa,Gosaikunda,NP03,NP0329,NP0329402,5,affected,population projections 2026,total,age_group_55_59,128
Bagmati,Rasuwa,Gosaikunda,NP03,NP0329,NP0329402,5,affected,population projections 2026,male,age_group_55_59,62
Bagmati,Rasuwa,Gosaikunda,NP03,NP0329,NP0329402,5,affected,population projections 2026,female,age_group_55_59,66
Bagmati,Rasuwa,Gosaikunda,NP03,NP0329,NP0329402,5,affected,population projections 2026,total,age_group_60_64,107
Bagmati,Rasuwa,Gosaikunda,NP03,NP0329,NP0329402,5,affected,population projections 2026,male,age_group_60_64,60
Bagmati,Rasuwa,Gosaikunda,NP03,NP0329,NP0329402,5,affected,population projections 2026,female,age_group_60_64,47
Bagmati,Rasuwa,Gosaikunda,NP03,NP0329,NP0329402,5,affected,population projections 2026,total,age_group_65_69,78
Bagmati,Rasuwa,Gosaikunda,NP03,NP0329,NP0329402,5,affected,population projections 2026,male,age_group_65_69,42
Bagmati,Rasuwa,Gosaikunda,NP03,NP0329,NP0329402,5,affected,population projections 2026,female,age_group_65_69,36
Bagmati,Rasuwa,Gosaikunda,NP03,NP0329,NP0329402,5,affected,population projections 2026,total,age_group_70_74,59
Bagmati,Rasuwa,Gosaikunda,NP03,NP0329,NP0329402,5,affected,population projections 2026,male,age_group_70_74,27
Bagmati,Rasuwa,Gosaikunda,NP03,NP0329,NP0329402,5,affected,population projections 2026,female,age_group_70_74,32
Bagmati,Rasuwa,Gosaikunda,NP03,NP0329,NP0329402,5,affected,population projections 2026,total,age_group_75_79,41
Bagmati,Rasuwa,Gosaikunda,NP03,NP0329,NP0329402,5,affected,population projections 2026,male,age_group_75_79,21
Bagmati,Rasuwa,Gosaikunda,NP03,NP0329,NP0329402,5,affected,population projections 2026,female,age_group_75_79,20
Bagmati,Rasuwa,Gosaikunda,NP03,NP0329,NP0329402,5,affected,population projections 2026,total,age_group_80_84,22
Bagmati,Rasuwa,Gosaikunda,NP03,NP0329,NP0329402,5,affected,population projections 2026,male,age_group_80_84,12
Bagmati,Rasuwa,Gosaikunda,NP03,NP0329,NP0329402,5,affected,population projections 2026,female,age_group_80_84,10
Bagmati,Rasuwa,Gosaikunda,NP03,NP0329,NP0329402,5,affected,population projections 2026,total,age_group_85_89,15
Bagmati,Rasuwa,Gosaikunda,NP03,NP0329,NP0329402,5,affected,population projections 2026,male,age_group_85_89,6
Bagmati,Rasuwa,Gosaikunda,NP03,NP0329,NP0329402,5,affected,population projections 2026,female,age_group_85_89,9
Bagmati,Rasuwa,Gosaikunda,NP03,NP0329,NP0329402,5,affected,population projections 2026,total,age_group_90_94,4
Bagmati,Rasuwa,Gosaikunda,NP03,NP0329,NP0329402,5,affected,population projections 2026,male,age_group_90_94,2
Bagmati,Rasuwa,Gosaikunda,NP03,NP0329,NP0329402,5,affected,population projections 2026,female,age_group_90_94,2
Bagmati,Rasuwa,Gosaikunda,NP03,NP0329,NP0329402,5,affected,population projections 2026,total,age_group_95plus,0
Bagmati,Rasuwa,Gosaikunda,NP03,NP0329,NP0329402,5,affected,population projections 2026,male,age_group_95plus,0
Bagmati,Rasuwa,Gosaikunda,NP03,NP0329,NP0329402,5,affected,population projections 2026,female,age_group_95plus,0
Bagmati,Rasuwa,Gosaikunda,NP03,NP0329,NP0329402,6,NA,population projections 2026,total,population_total,3099
Bagmati,Rasuwa,Gosaikunda,NP03,NP0329,NP0329402,6,NA,population projections 2026,male,population_overall_male,1602
Bagmati,Rasuwa,Gosaikunda,NP03,NP0329,NP0329402,6,NA,population projections 2026,female,population_overall_female,1497
Bagmati,Rasuwa,Gosaikunda,NP03,NP0329,NP0329402,6,NA,population projections 2026,total,age_group_0_4,220
Bagmati,Rasuwa,Gosaikunda,NP03,NP0329,NP0329402,6,NA,population projections 2026,male,age_group_0_4,115
Bagmati,Rasuwa,Gosaikunda,NP03,NP0329,NP0329402,6,NA,population projections 2026,female,age_group_0_4,105
Bagmati,Rasuwa,Gosaikunda,NP03,NP0329,NP0329402,6,NA,population projections 2026,total,age_group_5_9,244
Bagmati,Rasuwa,Gosaikunda,NP03,NP0329,NP0329402,6,NA,population projections 2026,male,age_group_5_9,122
Bagmati,Rasuwa,Gosaikunda,NP03,NP0329,NP0329402,6,NA,population projections 2026,female,age_group_5_9,122
Bagmati,Rasuwa,Gosaikunda,NP03,NP0329,NP0329402,6,NA,population projections 2026,total,age_group_10_14,248
Bagmati,Rasuwa,Gosaikunda,NP03,NP0329,NP0329402,6,NA,population projections 2026,male,age_group_10_14,130
Bagmati,Rasuwa,Gosaikunda,NP03,NP0329,NP0329402,6,NA,population projections 2026,female,age_group_10_14,118
Bagmati,Rasuwa,Gosaikunda,NP03,NP0329,NP0329402,6,NA,population projections 2026,total,age_group_15_19,258
Bagmati,Rasuwa,Gosaikunda,NP03,NP0329,NP0329402,6,NA,population projections 2026,male,age_group_15_19,127
Bagmati,Rasuwa,Gosaikunda,NP03,NP0329,NP0329402,6,NA,population projections 2026,female,age_group_15_19,131
Bagmati,Rasuwa,Gosaikunda,NP03,NP0329,NP0329402,6,NA,population projections 2026,total,age_group_20_24,277
Bagmati,Rasuwa,Gosaikunda,NP03,NP0329,NP0329402,6,NA,population projections 2026,male,age_group_20_24,163
Bagmati,Rasuwa,Gosaikunda,NP03,NP0329,NP0329402,6,NA,population projections 2026,female,age_group_20_24,114
Bagmati,Rasuwa,Gosaikunda,NP03,NP0329,NP0329402,6,NA,population projections 2026,total,age_group_25_29,283
Bagmati,Rasuwa,Gosaikunda,NP03,NP0329,NP0329402,6,NA,population projections 2026,male,age_group_25_29,149
Bagmati,Rasuwa,Gosaikunda,NP03,NP0329,NP0329402,6,NA,population projections 2026,female,age_group_25_29,134
Bagmati,Rasuwa,Gosaikunda,NP03,NP0329,NP0329402,6,NA,population projections 2026,total,age_group_30_34,296
Bagmati,Rasuwa,Gosaikunda,NP03,NP0329,NP0329402,6,NA,population projections 2026,male,age_group_30_34,149
Bagmati,Rasuwa,Gosaikunda,NP03,NP0329,NP0329402,6,NA,population projections 2026,female,age_group_30_34,147
Bagmati,Rasuwa,Gosaikunda,NP03,NP0329,NP0329402,6,NA,population projections 2026,total,age_group_35_39,267
Bagmati,Rasuwa,Gosaikunda,NP03,NP0329,NP0329402,6,NA,population projections 2026,male,age_group_35_39,117
Bagmati,Rasuwa,Gosaikunda,NP03,NP0329,NP0329402,6,NA,population projections 2026,female,age_group_35_39,150
Bagmati,Rasuwa,Gosaikunda,NP03,NP0329,NP0329402,6,NA,population projections 2026,total,age_group_40_44,244
Bagmati,Rasuwa,Gosaikunda,NP03,NP0329,NP0329402,6,NA,population projections 2026,male,age_group_40_44,124
Bagmati,Rasuwa,Gosaikunda,NP03,NP0329,NP0329402,6,NA,population projections 2026,female,age_group_40_44,120
Bagmati,Rasuwa,Gosaikunda,NP03,NP0329,NP0329402,6,NA,population projections 2026,total,age_group_45_49,191
Bagmati,Rasuwa,Gosaikunda,NP03,NP0329,NP0329402,6,NA,population projections 2026,male,age_group_45_49,98
Bagmati,Rasuwa,Gosaikunda,NP03,NP0329,NP0329402,6,NA,population projections 2026,female,age_group_45_49,93
Bagmati,Rasuwa,Gosaikunda,NP03,NP0329,NP0329402,6,NA,population projections 2026,total,age_group_50_54,154
Bagmati,Rasuwa,Gosaikunda,NP03,NP0329,NP0329402,6,NA,population projections 2026,male,age_group_50_54,82
Bagmati,Rasuwa,Gosaikunda,NP03,NP0329,NP0329402,6,NA,population projections 2026,female,age_group_50_54,72
Bagmati,Rasuwa,Gosaikunda,NP03,NP0329,NP0329402,6,NA,population projections 2026,total,age_group_55_59,134
Bagmati,Rasuwa,Gosaikunda,NP03,NP0329,NP0329402,6,NA,population projections 2026,male,age_group_55_59,72
Bagmati,Rasuwa,Gosaikunda,NP03,NP0329,NP0329402,6,NA,population projections 2026,female,age_group_55_59,62
Bagmati,Rasuwa,Gosaikunda,NP03,NP0329,NP0329402,6,NA,population projections 2026,total,age_group_60_64,93
Bagmati,Rasuwa,Gosaikunda,NP03,NP0329,NP0329402,6,NA,population projections 2026,male,age_group_60_64,52
Bagmati,Rasuwa,Gosaikunda,NP03,NP0329,NP0329402,6,NA,population projections 2026,female,age_group_60_64,41
Bagmati,Rasuwa,Gosaikunda,NP03,NP0329,NP0329402,6,NA,population projections 2026,total,age_group_65_69,73
Bagmati,Rasuwa,Gosaikunda,NP03,NP0329,NP0329402,6,NA,population projections 2026,male,age_group_65_69,37
Bagmati,Rasuwa,Gosaikunda,NP03,NP0329,NP0329402,6,NA,population projections 2026,female,age_group_65_69,36
Bagmati,Rasuwa,Gosaikunda,NP03,NP0329,NP0329402,6,NA,population projections 2026,total,age_group_70_74,61
Bagmati,Rasuwa,Gosaikunda,NP03,NP0329,NP0329402,6,NA,population projections 2026,male,age_group_70_74,35
Bagmati,Rasuwa,Gosaikunda,NP03,NP0329,NP0329402,6,NA,population projections 2026,female,age_group_70_74,26
Bagmati,Rasuwa,Gosaikunda,NP03,NP0329,NP0329402,6,NA,population projections 2026,total,age_group_75_79,34
Bagmati,Rasuwa,Gosaikunda,NP03,NP0329,NP0329402,6,NA,population projections 2026,male,age_group_75_79,19
Bagmati,Rasuwa,Gosaikunda,NP03,NP0329,NP0329402,6,NA,population projections 2026,female,age_group_75_79,15
Bagmati,Rasuwa,Gosaikunda,NP03,NP0329,NP0329402,6,NA,population projections 2026,total,age_group_80_84,12
Bagmati,Rasuwa,Gosaikunda,NP03,NP0329,NP0329402,6,NA,population projections 2026,male,age_group_80_84,7
Bagmati,Rasuwa,Gosaikunda,NP03,NP0329,NP0329402,6,NA,population projections 2026,female,age_group_80_84,5
Bagmati,Rasuwa,Gosaikunda,NP03,NP0329,NP0329402,6,NA,population projections 2026,total,age_group_85_89,9
Bagmati,Rasuwa,Gosaikunda,NP03,NP0329,NP0329402,6,NA,population projections 2026,male,age_group_85_89,4
Bagmati,Rasuwa,Gosaikunda,NP03,NP0329,NP0329402,6,NA,population projections 2026,female,age_group_85_89,5
Bagmati,Rasuwa,Gosaikunda,NP03,NP0329,NP0329402,6,NA,population projections 2026,total,age_group_90_94,1
Bagmati,Rasuwa,Gosaikunda,NP03,NP0329,NP0329402,6,NA,population projections 2026,male,age_group_90_94,0
Bagmati,Rasuwa,Gosaikunda,NP03,NP0329,NP0329402,6,NA,population projections 2026,female,age_group_90_94,1
Bagmati,Rasuwa,Gosaikunda,NP03,NP0329,NP0329402,6,NA,population projections 2026,total,age_group_95plus,0
Bagmati,Rasuwa,Gosaikunda,NP03,NP0329,NP0329402,6,NA,population projections 2026,male,age_group_95plus,0
Bagmati,Rasuwa,Gosaikunda,NP03,NP0329,NP0329402,6,NA,population projections 2026,female,age_group_95plus,0
Bagmati,Rasuwa,Aamachhodingmo,NP03,NP0329,NP0329401,1,affected,population projections 2026,total,population_total,1455
Bagmati,Rasuwa,Aamachhodingmo,NP03,NP0329,NP0329401,1,affected,population projections 2026,male,population_overall_male,734
Bagmati,Rasuwa,Aamachhodingmo,NP03,NP0329,NP0329401,1,affected,population projections 2026,female,population_overall_female,721
Bagmati,Rasuwa,Aamachhodingmo,NP03,NP0329,NP0329401,1,affected,population projections 2026,total,age_group_0_4,145
Bagmati,Rasuwa,Aamachhodingmo,NP03,NP0329,NP0329401,1,affected,population projections 2026,male,age_group_0_4,75
Bagmati,Rasuwa,Aamachhodingmo,NP03,NP0329,NP0329401,1,affected,population projections 2026,female,age_group_0_4,70
Bagmati,Rasuwa,Aamachhodingmo,NP03,NP0329,NP0329401,1,affected,population projections 2026,total,age_group_5_9,136
Bagmati,Rasuwa,Aamachhodingmo,NP03,NP0329,NP0329401,1,affected,population projections 2026,male,age_group_5_9,66
Bagmati,Rasuwa,Aamachhodingmo,NP03,NP0329,NP0329401,1,affected,population projections 2026,female,age_group_5_9,70
Bagmati,Rasuwa,Aamachhodingmo,NP03,NP0329,NP0329401,1,affected,population projections 2026,total,age_group_10_14,149
Bagmati,Rasuwa,Aamachhodingmo,NP03,NP0329,NP0329401,1,affected,population projections 2026,male,age_group_10_14,74
Bagmati,Rasuwa,Aamachhodingmo,NP03,NP0329,NP0329401,1,affected,population projections 2026,female,age_group_10_14,75
Bagmati,Rasuwa,Aamachhodingmo,NP03,NP0329,NP0329401,1,affected,population projections 2026,total,age_group_15_19,136
Bagmati,Rasuwa,Aamachhodingmo,NP03,NP0329,NP0329401,1,affected,population projections 2026,male,age_group_15_19,70
Bagmati,Rasuwa,Aamachhodingmo,NP03,NP0329,NP0329401,1,affected,population projections 2026,female,age_group_15_19,66
Bagmati,Rasuwa,Aamachhodingmo,NP03,NP0329,NP0329401,1,affected,population projections 2026,total,age_group_20_24,135
Bagmati,Rasuwa,Aamachhodingmo,NP03,NP0329,NP0329401,1,affected,population projections 2026,male,age_group_20_24,72
Bagmati,Rasuwa,Aamachhodingmo,NP03,NP0329,NP0329401,1,affected,population projections 2026,female,age_group_20_24,63
Bagmati,Rasuwa,Aamachhodingmo,NP03,NP0329,NP0329401,1,affected,population projections 2026,total,age_group_25_29,119
Bagmati,Rasuwa,Aamachhodingmo,NP03,NP0329,NP0329401,1,affected,population projections 2026,male,age_group_25_29,61
Bagmati,Rasuwa,Aamachhodingmo,NP03,NP0329,NP0329401,1,affected,population projections 2026,female,age_group_25_29,58
Bagmati,Rasuwa,Aamachhodingmo,NP03,NP0329,NP0329401,1,affected,population projections 2026,total,age_group_30_34,109
Bagmati,Rasuwa,Aamachhodingmo,NP03,NP0329,NP0329401,1,affected,population projections 2026,male,age_group_30_34,50
Bagmati,Rasuwa,Aamachhodingmo,NP03,NP0329,NP0329401,1,affected,population projections 2026,female,age_group_30_34,59
Bagmati,Rasuwa,Aamachhodingmo,NP03,NP0329,NP0329401,1,affected,population projections 2026,total,age_group_35_39,93
Bagmati,Rasuwa,Aamachhodingmo,NP03,NP0329,NP0329401,1,affected,population projections 2026,male,age_group_35_39,39
Bagmati,Rasuwa,Aamachhodingmo,NP03,NP0329,NP0329401,1,affected,population projections 2026,female,age_group_35_39,54
Bagmati,Rasuwa,Aamachhodingmo,NP03,NP0329,NP0329401,1,affected,population projections 2026,total,age_group_40_44,94
Bagmati,Rasuwa,Aamachhodingmo,NP03,NP0329,NP0329401,1,affected,population projections 2026,male,age_group_40_44,48
Bagmati,Rasuwa,Aamachhodingmo,NP03,NP0329,NP0329401,1,affected,population projections 2026,female,age_group_40_44,46
Bagmati,Rasuwa,Aamachhodingmo,NP03,NP0329,NP0329401,1,affected,population projections 2026,total,age_group_45_49,75
Bagmati,Rasuwa,Aamachhodingmo,NP03,NP0329,NP0329401,1,affected,population projections 2026,male,age_group_45_49,43
Bagmati,Rasuwa,Aamachhodingmo,NP03,NP0329,NP0329401,1,affected,population projections 2026,female,age_group_45_49,32
Bagmati,Rasuwa,Aamachhodingmo,NP03,NP0329,NP0329401,1,affected,population projections 2026,total,age_group_50_54,63
Bagmati,Rasuwa,Aamachhodingmo,NP03,NP0329,NP0329401,1,affected,population projections 2026,male,age_group_50_54,31
Bagmati,Rasuwa,Aamachhodingmo,NP03,NP0329,NP0329401,1,affected,population projections 2026,female,age_group_50_54,32
Bagmati,Rasuwa,Aamachhodingmo,NP03,NP0329,NP0329401,1,affected,population projections 2026,total,age_group_55_59,52
Bagmati,Rasuwa,Aamachhodingmo,NP03,NP0329,NP0329401,1,affected,population projections 2026,male,age_group_55_59,25
Bagmati,Rasuwa,Aamachhodingmo,NP03,NP0329,NP0329401,1,affected,population projections 2026,female,age_group_55_59,27
Bagmati,Rasuwa,Aamachhodingmo,NP03,NP0329,NP0329401,1,affected,population projections 2026,total,age_group_60_64,45
Bagmati,Rasuwa,Aamachhodingmo,NP03,NP0329,NP0329401,1,affected,population projections 2026,male,age_group_60_64,26
Bagmati,Rasuwa,Aamachhodingmo,NP03,NP0329,NP0329401,1,affected,population projections 2026,female,age_group_60_64,19
Bagmati,Rasuwa,Aamachhodingmo,NP03,NP0329,NP0329401,1,affected,population projections 2026,total,age_group_65_69,36
Bagmati,Rasuwa,Aamachhodingmo,NP03,NP0329,NP0329401,1,affected,population projections 2026,male,age_group_65_69,21
Bagmati,Rasuwa,Aamachhodingmo,NP03,NP0329,NP0329401,1,affected,population projections 2026,female,age_group_65_69,15
Bagmati,Rasuwa,Aamachhodingmo,NP03,NP0329,NP0329401,1,affected,population projections 2026,total,age_group_70_74,29
Bagmati,Rasuwa,Aamachhodingmo,NP03,NP0329,NP0329401,1,affected,population projections 2026,male,age_group_70_74,14
Bagmati,Rasuwa,Aamachhodingmo,NP03,NP0329,NP0329401,1,affected,population projections 2026,female,age_group_70_74,15
Bagmati,Rasuwa,Aamachhodingmo,NP03,NP0329,NP0329401,1,affected,population projections 2026,total,age_group_75_79,23
Bagmati,Rasuwa,Aamachhodingmo,NP03,NP0329,NP0329401,1,affected,population projections 2026,male,age_group_75_79,12
Bagmati,Rasuwa,Aamachhodingmo,NP03,NP0329,NP0329401,1,affected,population projections 2026,female,age_group_75_79,11
Bagmati,Rasuwa,Aamachhodingmo,NP03,NP0329,NP0329401,1,affected,population projections 2026,total,age_group_80_84,13
Bagmati,Rasuwa,Aamachhodingmo,NP03,NP0329,NP0329401,1,affected,population projections 2026,male,age_group_80_84,5
Bagmati,Rasuwa,Aamachhodingmo,NP03,NP0329,NP0329401,1,affected,population projections 2026,female,age_group_80_84,8
Bagmati,Rasuwa,Aamachhodingmo,NP03,NP0329,NP0329401,1,affected,population projections 2026,total,age_group_85_89,3
Bagmati,Rasuwa,Aamachhodingmo,NP03,NP0329,NP0329401,1,affected,population projections 2026,male,age_group_85_89,2
Bagmati,Rasuwa,Aamachhodingmo,NP03,NP0329,NP0329401,1,affected,population projections 2026,female,age_group_85_89,1
Bagmati,Rasuwa,Aamachhodingmo,NP03,NP0329,NP0329401,1,affected,population projections 2026,total,age_group_90_94,0
Bagmati,Rasuwa,Aamachhodingmo,NP03,NP0329,NP0329401,1,affected,population projections 2026,male,age_group_90_94,0
Bagmati,Rasuwa,Aamachhodingmo,NP03,NP0329,NP0329401,1,affected,population projections 2026,female,age_group_90_94,0
Bagmati,Rasuwa,Aamachhodingmo,NP03,NP0329,NP0329401,1,affected,population projections 2026,total,age_group_95plus,0
Bagmati,Rasuwa,Aamachhodingmo,NP03,NP0329,NP0329401,1,affected,population projections 2026,male,age_group_95plus,0
Bagmati,Rasuwa,Aamachhodingmo,NP03,NP0329,NP0329401,1,affected,population projections 2026,female,age_group_95plus,0
Bagmati,Rasuwa,Aamachhodingmo,NP03,NP0329,NP0329401,2,NA,population projections 2026,total,population_total,942
Bagmati,Rasuwa,Aamachhodingmo,NP03,NP0329,NP0329401,2,NA,population projections 2026,male,population_overall_male,497
Bagmati,Rasuwa,Aamachhodingmo,NP03,NP0329,NP0329401,2,NA,population projections 2026,female,population_overall_female,445
Bagmati,Rasuwa,Aamachhodingmo,NP03,NP0329,NP0329401,2,NA,population projections 2026,total,age_group_0_4,85
Bagmati,Rasuwa,Aamachhodingmo,NP03,NP0329,NP0329401,2,NA,population projections 2026,male,age_group_0_4,45
Bagmati,Rasuwa,Aamachhodingmo,NP03,NP0329,NP0329401,2,NA,population projections 2026,female,age_group_0_4,40
Bagmati,Rasuwa,Aamachhodingmo,NP03,NP0329,NP0329401,2,NA,population projections 2026,total,age_group_5_9,108
Bagmati,Rasuwa,Aamachhodingmo,NP03,NP0329,NP0329401,2,NA,population projections 2026,male,age_group_5_9,58
Bagmati,Rasuwa,Aamachhodingmo,NP03,NP0329,NP0329401,2,NA,population projections 2026,female,age_group_5_9,50
Bagmati,Rasuwa,Aamachhodingmo,NP03,NP0329,NP0329401,2,NA,population projections 2026,total,age_group_10_14,92
Bagmati,Rasuwa,Aamachhodingmo,NP03,NP0329,NP0329401,2,NA,population projections 2026,male,age_group_10_14,51
Bagmati,Rasuwa,Aamachhodingmo,NP03,NP0329,NP0329401,2,NA,population projections 2026,female,age_group_10_14,41
Bagmati,Rasuwa,Aamachhodingmo,NP03,NP0329,NP0329401,2,NA,population projections 2026,total,age_group_15_19,80
Bagmati,Rasuwa,Aamachhodingmo,NP03,NP0329,NP0329401,2,NA,population projections 2026,male,age_group_15_19,43
Bagmati,Rasuwa,Aamachhodingmo,NP03,NP0329,NP0329401,2,NA,population projections 2026,female,age_group_15_19,37
Bagmati,Rasuwa,Aamachhodingmo,NP03,NP0329,NP0329401,2,NA,population projections 2026,total,age_group_20_24,75
Bagmati,Rasuwa,Aamachhodingmo,NP03,NP0329,NP0329401,2,NA,population projections 2026,male,age_group_20_24,37
Bagmati,Rasuwa,Aamachhodingmo,NP03,NP0329,NP0329401,2,NA,population projections 2026,female,age_group_20_24,38
Bagmati,Rasuwa,Aamachhodingmo,NP03,NP0329,NP0329401,2,NA,population projections 2026,total,age_group_25_29,76
Bagmati,Rasuwa,Aamachhodingmo,NP03,NP0329,NP0329401,2,NA,population projections 2026,male,age_group_25_29,42
Bagmati,Rasuwa,Aamachhodingmo,NP03,NP0329,NP0329401,2,NA,population projections 2026,female,age_group_25_29,34
Bagmati,Rasuwa,Aamachhodingmo,NP03,NP0329,NP0329401,2,NA,population projections 2026,total,age_group_30_34,69
Bagmati,Rasuwa,Aamachhodingmo,NP03,NP0329,NP0329401,2,NA,population projections 2026,male,age_group_30_34,37
Bagmati,Rasuwa,Aamachhodingmo,NP03,NP0329,NP0329401,2,NA,population projections 2026,female,age_group_30_34,32
Bagmati,Rasuwa,Aamachhodingmo,NP03,NP0329,NP0329401,2,NA,population projections 2026,total,age_group_35_39,56
Bagmati,Rasuwa,Aamachhodingmo,NP03,NP0329,NP0329401,2,NA,population projections 2026,male,age_group_35_39,30
Bagmati,Rasuwa,Aamachhodingmo,NP03,NP0329,NP0329401,2,NA,population projections 2026,female,age_group_35_39,26
Bagmati,Rasuwa,Aamachhodingmo,NP03,NP0329,NP0329401,2,NA,population projections 2026,total,age_group_40_44,56
Bagmati,Rasuwa,Aamachhodingmo,NP03,NP0329,NP0329401,2,NA,population projections 2026,male,age_group_40_44,27
Bagmati,Rasuwa,Aamachhodingmo,NP03,NP0329,NP0329401,2,NA,population projections 2026,female,age_group_40_44,29
Bagmati,Rasuwa,Aamachhodingmo,NP03,NP0329,NP0329401,2,NA,population projections 2026,total,age_group_45_49,45
Bagmati,Rasuwa,Aamachhodingmo,NP03,NP0329,NP0329401,2,NA,population projections 2026,male,age_group_45_49,24
Bagmati,Rasuwa,Aamachhodingmo,NP03,NP0329,NP0329401,2,NA,population projections 2026,female,age_group_45_49,21
Bagmati,Rasuwa,Aamachhodingmo,NP03,NP0329,NP0329401,2,NA,population projections 2026,total,age_group_50_54,43
Bagmati,Rasuwa,Aamachhodingmo,NP03,NP0329,NP0329401,2,NA,population projections 2026,male,age_group_50_54,23
Bagmati,Rasuwa,Aamachhodingmo,NP03,NP0329,NP0329401,2,NA,population projections 2026,female,age_group_50_54,20
Bagmati,Rasuwa,Aamachhodingmo,NP03,NP0329,NP0329401,2,NA,population projections 2026,total,age_group_55_59,36
Bagmati,Rasuwa,Aamachhodingmo,NP03,NP0329,NP0329401,2,NA,population projections 2026,male,age_group_55_59,16
Bagmati,Rasuwa,Aamachhodingmo,NP03,NP0329,NP0329401,2,NA,population projections 2026,female,age_group_55_59,20
Bagmati,Rasuwa,Aamachhodingmo,NP03,NP0329,NP0329401,2,NA,population projections 2026,total,age_group_60_64,37
Bagmati,Rasuwa,Aamachhodingmo,NP03,NP0329,NP0329401,2,NA,population projections 2026,male,age_group_60_64,17
Bagmati,Rasuwa,Aamachhodingmo,NP03,NP0329,NP0329401,2,NA,population projections 2026,female,age_group_60_64,20
Bagmati,Rasuwa,Aamachhodingmo,NP03,NP0329,NP0329401,2,NA,population projections 2026,total,age_group_65_69,33
Bagmati,Rasuwa,Aamachhodingmo,NP03,NP0329,NP0329401,2,NA,population projections 2026,male,age_group_65_69,18
Bagmati,Rasuwa,Aamachhodingmo,NP03,NP0329,NP0329401,2,NA,population projections 2026,female,age_group_65_69,15
Bagmati,Rasuwa,Aamachhodingmo,NP03,NP0329,NP0329401,2,NA,population projections 2026,total,age_group_70_74,23
Bagmati,Rasuwa,Aamachhodingmo,NP03,NP0329,NP0329401,2,NA,population projections 2026,male,age_group_70_74,13
Bagmati,Rasuwa,Aamachhodingmo,NP03,NP0329,NP0329401,2,NA,population projections 2026,female,age_group_70_74,10
Bagmati,Rasuwa,Aamachhodingmo,NP03,NP0329,NP0329401,2,NA,population projections 2026,total,age_group_75_79,13
Bagmati,Rasuwa,Aamachhodingmo,NP03,NP0329,NP0329401,2,NA,population projections 2026,male,age_group_75_79,6
Bagmati,Rasuwa,Aamachhodingmo,NP03,NP0329,NP0329401,2,NA,population projections 2026,female,age_group_75_79,7
Bagmati,Rasuwa,Aamachhodingmo,NP03,NP0329,NP0329401,2,NA,population projections 2026,total,age_group_80_84,10
Bagmati,Rasuwa,Aamachhodingmo,NP03,NP0329,NP0329401,2,NA,population projections 2026,male,age_group_80_84,5
Bagmati,Rasuwa,Aamachhodingmo,NP03,NP0329,NP0329401,2,NA,population projections 2026,female,age_group_80_84,5
Bagmati,Rasuwa,Aamachhodingmo,NP03,NP0329,NP0329401,2,NA,population projections 2026,total,age_group_85_89,5
Bagmati,Rasuwa,Aamachhodingmo,NP03,NP0329,NP0329401,2,NA,population projections 2026,male,age_group_85_89,5
Bagmati,Rasuwa,Aamachhodingmo,NP03,NP0329,NP0329401,2,NA,population projections 2026,female,age_group_85_89,0
Bagmati,Rasuwa,Aamachhodingmo,NP03,NP0329,NP0329401,2,NA,population projections 2026,total,age_group_90_94,0
Bagmati,Rasuwa,Aamachhodingmo,NP03,NP0329,NP0329401,2,NA,population projections 2026,male,age_group_90_94,0
Bagmati,Rasuwa,Aamachhodingmo,NP03,NP0329,NP0329401,2,NA,population projections 2026,female,age_group_90_94,0
Bagmati,Rasuwa,Aamachhodingmo,NP03,NP0329,NP0329401,2,NA,population projections 2026,total,age_group_95plus,0
Bagmati,Rasuwa,Aamachhodingmo,NP03,NP0329,NP0329401,2,NA,population projections 2026,male,age_group_95plus,0
Bagmati,Rasuwa,Aamachhodingmo,NP03,NP0329,NP0329401,2,NA,population projections 2026,female,age_group_95plus,0
Bagmati,Rasuwa,Aamachhodingmo,NP03,NP0329,NP0329401,3,NA,population projections 2026,total,population_total,1284
Bagmati,Rasuwa,Aamachhodingmo,NP03,NP0329,NP0329401,3,NA,population projections 2026,male,population_overall_male,675
Bagmati,Rasuwa,Aamachhodingmo,NP03,NP0329,NP0329401,3,NA,population projections 2026,female,population_overall_female,609
Bagmati,Rasuwa,Aamachhodingmo,NP03,NP0329,NP0329401,3,NA,population projections 2026,total,age_group_0_4,105
Bagmati,Rasuwa,Aamachhodingmo,NP03,NP0329,NP0329401,3,NA,population projections 2026,male,age_group_0_4,55
Bagmati,Rasuwa,Aamachhodingmo,NP03,NP0329,NP0329401,3,NA,population projections 2026,female,age_group_0_4,50
Bagmati,Rasuwa,Aamachhodingmo,NP03,NP0329,NP0329401,3,NA,population projections 2026,total,age_group_5_9,117
Bagmati,Rasuwa,Aamachhodingmo,NP03,NP0329,NP0329401,3,NA,population projections 2026,male,age_group_5_9,69
Bagmati,Rasuwa,Aamachhodingmo,NP03,NP0329,NP0329401,3,NA,population projections 2026,female,age_group_5_9,48
Bagmati,Rasuwa,Aamachhodingmo,NP03,NP0329,NP0329401,3,NA,population projections 2026,total,age_group_10_14,120
Bagmati,Rasuwa,Aamachhodingmo,NP03,NP0329,NP0329401,3,NA,population projections 2026,male,age_group_10_14,65
Bagmati,Rasuwa,Aamachhodingmo,NP03,NP0329,NP0329401,3,NA,population projections 2026,female,age_group_10_14,55
Bagmati,Rasuwa,Aamachhodingmo,NP03,NP0329,NP0329401,3,NA,population projections 2026,total,age_group_15_19,101
Bagmati,Rasuwa,Aamachhodingmo,NP03,NP0329,NP0329401,3,NA,population projections 2026,male,age_group_15_19,50
Bagmati,Rasuwa,Aamachhodingmo,NP03,NP0329,NP0329401,3,NA,population projections 2026,female,age_group_15_19,51
Bagmati,Rasuwa,Aamachhodingmo,NP03,NP0329,NP0329401,3,NA,population projections 2026,total,age_group_20_24,107
Bagmati,Rasuwa,Aamachhodingmo,NP03,NP0329,NP0329401,3,NA,population projections 2026,male,age_group_20_24,58
Bagmati,Rasuwa,Aamachhodingmo,NP03,NP0329,NP0329401,3,NA,population projections 2026,female,age_group_20_24,49
Bagmati,Rasuwa,Aamachhodingmo,NP03,NP0329,NP0329401,3,NA,population projections 2026,total,age_group_25_29,111
Bagmati,Rasuwa,Aamachhodingmo,NP03,NP0329,NP0329401,3,NA,population projections 2026,male,age_group_25_29,66
Bagmati,Rasuwa,Aamachhodingmo,NP03,NP0329,NP0329401,3,NA,population projections 2026,female,age_group_25_29,45
Bagmati,Rasuwa,Aamachhodingmo,NP03,NP0329,NP0329401,3,NA,population projections 2026,total,age_group_30_34,88
Bagmati,Rasuwa,Aamachhodingmo,NP03,NP0329,NP0329401,3,NA,population projections 2026,male,age_group_30_34,50
Bagmati,Rasuwa,Aamachhodingmo,NP03,NP0329,NP0329401,3,NA,population projections 2026,female,age_group_30_34,38
Bagmati,Rasuwa,Aamachhodingmo,NP03,NP0329,NP0329401,3,NA,population projections 2026,total,age_group_35_39,77
Bagmati,Rasuwa,Aamachhodingmo,NP03,NP0329,NP0329401,3,NA,population projections 2026,male,age_group_35_39,36
Bagmati,Rasuwa,Aamachhodingmo,NP03,NP0329,NP0329401,3,NA,population projections 2026,female,age_group_35_39,41
Bagmati,Rasuwa,Aamachhodingmo,NP03,NP0329,NP0329401,3,NA,population projections 2026,total,age_group_40_44,55
Bagmati,Rasuwa,Aamachhodingmo,NP03,NP0329,NP0329401,3,NA,population projections 2026,male,age_group_40_44,29
Bagmati,Rasuwa,Aamachhodingmo,NP03,NP0329,NP0329401,3,NA,population projections 2026,female,age_group_40_44,26
Bagmati,Rasuwa,Aamachhodingmo,NP03,NP0329,NP0329401,3,NA,population projections 2026,total,age_group_45_49,72
Bagmati,Rasuwa,Aamachhodingmo,NP03,NP0329,NP0329401,3,NA,population projections 2026,male,age_group_45_49,34
Bagmati,Rasuwa,Aamachhodingmo,NP03,NP0329,NP0329401,3,NA,population projections 2026,female,age_group_45_49,38
Bagmati,Rasuwa,Aamachhodingmo,NP03,NP0329,NP0329401,3,NA,population projections 2026,total,age_group_50_54,83
Bagmati,Rasuwa,Aamachhodingmo,NP03,NP0329,NP0329401,3,NA,population projections 2026,male,age_group_50_54,37
Bagmati,Rasuwa,Aamachhodingmo,NP03,NP0329,NP0329401,3,NA,population projections 2026,female,age_group_50_54,46
Bagmati,Rasuwa,Aamachhodingmo,NP03,NP0329,NP0329401,3,NA,population projections 2026,total,age_group_55_59,51
Bagmati,Rasuwa,Aamachhodingmo,NP03,NP0329,NP0329401,3,NA,population projections 2026,male,age_group_55_59,28
Bagmati,Rasuwa,Aamachhodingmo,NP03,NP0329,NP0329401,3,NA,population projections 2026,female,age_group_55_59,23
Bagmati,Rasuwa,Aamachhodingmo,NP03,NP0329,NP0329401,3,NA,population projections 2026,total,age_group_60_64,56
Bagmati,Rasuwa,Aamachhodingmo,NP03,NP0329,NP0329401,3,NA,population projections 2026,male,age_group_60_64,30
Bagmati,Rasuwa,Aamachhodingmo,NP03,NP0329,NP0329401,3,NA,population projections 2026,female,age_group_60_64,26
Bagmati,Rasuwa,Aamachhodingmo,NP03,NP0329,NP0329401,3,NA,population projections 2026,total,age_group_65_69,45
Bagmati,Rasuwa,Aamachhodingmo,NP03,NP0329,NP0329401,3,NA,population projections 2026,male,age_group_65_69,23
Bagmati,Rasuwa,Aamachhodingmo,NP03,NP0329,NP0329401,3,NA,population projections 2026,female,age_group_65_69,22
Bagmati,Rasuwa,Aamachhodingmo,NP03,NP0329,NP0329401,3,NA,population projections 2026,total,age_group_70_74,39
Bagmati,Rasuwa,Aamachhodingmo,NP03,NP0329,NP0329401,3,NA,population projections 2026,male,age_group_70_74,19
Bagmati,Rasuwa,Aamachhodingmo,NP03,NP0329,NP0329401,3,NA,population projections 2026,female,age_group_70_74,20
Bagmati,Rasuwa,Aamachhodingmo,NP03,NP0329,NP0329401,3,NA,population projections 2026,total,age_group_75_79,27
Bagmati,Rasuwa,Aamachhodingmo,NP03,NP0329,NP0329401,3,NA,population projections 2026,male,age_group_75_79,13
Bagmati,Rasuwa,Aamachhodingmo,NP03,NP0329,NP0329401,3,NA,population projections 2026,female,age_group_75_79,14
Bagmati,Rasuwa,Aamachhodingmo,NP03,NP0329,NP0329401,3,NA,population projections 2026,total,age_group_80_84,19
Bagmati,Rasuwa,Aamachhodingmo,NP03,NP0329,NP0329401,3,NA,population projections 2026,male,age_group_80_84,9
Bagmati,Rasuwa,Aamachhodingmo,NP03,NP0329,NP0329401,3,NA,population projections 2026,female,age_group_80_84,10
Bagmati,Rasuwa,Aamachhodingmo,NP03,NP0329,NP0329401,3,NA,population projections 2026,total,age_group_85_89,11
Bagmati,Rasuwa,Aamachhodingmo,NP03,NP0329,NP0329401,3,NA,population projections 2026,male,age_group_85_89,4
Bagmati,Rasuwa,Aamachhodingmo,NP03,NP0329,NP0329401,3,NA,population projections 2026,female,age_group_85_89,7
Bagmati,Rasuwa,Aamachhodingmo,NP03,NP0329,NP0329401,3,NA,population projections 2026,total,age_group_90_94,0
Bagmati,Rasuwa,Aamachhodingmo,NP03,NP0329,NP0329401,3,NA,population projections 2026,male,age_group_90_94,0
Bagmati,Rasuwa,Aamachhodingmo,NP03,NP0329,NP0329401,3,NA,population projections 2026,female,age_group_90_94,0
Bagmati,Rasuwa,Aamachhodingmo,NP03,NP0329,NP0329401,3,NA,population projections 2026,total,age_group_95plus,0
Bagmati,Rasuwa,Aamachhodingmo,NP03,NP0329,NP0329401,3,NA,population projections 2026,male,age_group_95plus,0
Bagmati,Rasuwa,Aamachhodingmo,NP03,NP0329,NP0329401,3,NA,population projections 2026,female,age_group_95plus,0
Bagmati,Rasuwa,Aamachhodingmo,NP03,NP0329,NP0329401,4,NA,population projections 2026,total,population_total,1044
Bagmati,Rasuwa,Aamachhodingmo,NP03,NP0329,NP0329401,4,NA,population projections 2026,male,population_overall_male,537
Bagmati,Rasuwa,Aamachhodingmo,NP03,NP0329,NP0329401,4,NA,population projections 2026,female,population_overall_female,507
Bagmati,Rasuwa,Aamachhodingmo,NP03,NP0329,NP0329401,4,NA,population projections 2026,total,age_group_0_4,95
Bagmati,Rasuwa,Aamachhodingmo,NP03,NP0329,NP0329401,4,NA,population projections 2026,male,age_group_0_4,50
Bagmati,Rasuwa,Aamachhodingmo,NP03,NP0329,NP0329401,4,NA,population projections 2026,female,age_group_0_4,45
Bagmati,Rasuwa,Aamachhodingmo,NP03,NP0329,NP0329401,4,NA,population projections 2026,total,age_group_5_9,105
Bagmati,Rasuwa,Aamachhodingmo,NP03,NP0329,NP0329401,4,NA,population projections 2026,male,age_group_5_9,62
Bagmati,Rasuwa,Aamachhodingmo,NP03,NP0329,NP0329401,4,NA,population projections 2026,female,age_group_5_9,43
Bagmati,Rasuwa,Aamachhodingmo,NP03,NP0329,NP0329401,4,NA,population projections 2026,total,age_group_10_14,95
Bagmati,Rasuwa,Aamachhodingmo,NP03,NP0329,NP0329401,4,NA,population projections 2026,male,age_group_10_14,51
Bagmati,Rasuwa,Aamachhodingmo,NP03,NP0329,NP0329401,4,NA,population projections 2026,female,age_group_10_14,44
Bagmati,Rasuwa,Aamachhodingmo,NP03,NP0329,NP0329401,4,NA,population projections 2026,total,age_group_15_19,78
Bagmati,Rasuwa,Aamachhodingmo,NP03,NP0329,NP0329401,4,NA,population projections 2026,male,age_group_15_19,39
Bagmati,Rasuwa,Aamachhodingmo,NP03,NP0329,NP0329401,4,NA,population projections 2026,female,age_group_15_19,39
Bagmati,Rasuwa,Aamachhodingmo,NP03,NP0329,NP0329401,4,NA,population projections 2026,total,age_group_20_24,82
Bagmati,Rasuwa,Aamachhodingmo,NP03,NP0329,NP0329401,4,NA,population projections 2026,male,age_group_20_24,43
Bagmati,Rasuwa,Aamachhodingmo,NP03,NP0329,NP0329401,4,NA,population projections 2026,female,age_group_20_24,39
Bagmati,Rasuwa,Aamachhodingmo,NP03,NP0329,NP0329401,4,NA,population projections 2026,total,age_group_25_29,73
Bagmati,Rasuwa,Aamachhodingmo,NP03,NP0329,NP0329401,4,NA,population projections 2026,male,age_group_25_29,33
Bagmati,Rasuwa,Aamachhodingmo,NP03,NP0329,NP0329401,4,NA,population projections 2026,female,age_group_25_29,40
Bagmati,Rasuwa,Aamachhodingmo,NP03,NP0329,NP0329401,4,NA,population projections 2026,total,age_group_30_34,76
Bagmati,Rasuwa,Aamachhodingmo,NP03,NP0329,NP0329401,4,NA,population projections 2026,male,age_group_30_34,37
Bagmati,Rasuwa,Aamachhodingmo,NP03,NP0329,NP0329401,4,NA,population projections 2026,female,age_group_30_34,39
Bagmati,Rasuwa,Aamachhodingmo,NP03,NP0329,NP0329401,4,NA,population projections 2026,total,age_group_35_39,67
Bagmati,Rasuwa,Aamachhodingmo,NP03,NP0329,NP0329401,4,NA,population projections 2026,male,age_group_35_39,34
Bagmati,Rasuwa,Aamachhodingmo,NP03,NP0329,NP0329401,4,NA,population projections 2026,female,age_group_35_39,33
Bagmati,Rasuwa,Aamachhodingmo,NP03,NP0329,NP0329401,4,NA,population projections 2026,total,age_group_40_44,53
Bagmati,Rasuwa,Aamachhodingmo,NP03,NP0329,NP0329401,4,NA,population projections 2026,male,age_group_40_44,26
Bagmati,Rasuwa,Aamachhodingmo,NP03,NP0329,NP0329401,4,NA,population projections 2026,female,age_group_40_44,27
Bagmati,Rasuwa,Aamachhodingmo,NP03,NP0329,NP0329401,4,NA,population projections 2026,total,age_group_45_49,62
Bagmati,Rasuwa,Aamachhodingmo,NP03,NP0329,NP0329401,4,NA,population projections 2026,male,age_group_45_49,32
Bagmati,Rasuwa,Aamachhodingmo,NP03,NP0329,NP0329401,4,NA,population projections 2026,female,age_group_45_49,30
Bagmati,Rasuwa,Aamachhodingmo,NP03,NP0329,NP0329401,4,NA,population projections 2026,total,age_group_50_54,63
Bagmati,Rasuwa,Aamachhodingmo,NP03,NP0329,NP0329401,4,NA,population projections 2026,male,age_group_50_54,33
Bagmati,Rasuwa,Aamachhodingmo,NP03,NP0329,NP0329401,4,NA,population projections 2026,female,age_group_50_54,30
Bagmati,Rasuwa,Aamachhodingmo,NP03,NP0329,NP0329401,4,NA,population projections 2026,total,age_group_55_59,55
Bagmati,Rasuwa,Aamachhodingmo,NP03,NP0329,NP0329401,4,NA,population projections 2026,male,age_group_55_59,29
Bagmati,Rasuwa,Aamachhodingmo,NP03,NP0329,NP0329401,4,NA,population projections 2026,female,age_group_55_59,26
Bagmati,Rasuwa,Aamachhodingmo,NP03,NP0329,NP0329401,4,NA,population projections 2026,total,age_group_60_64,41
Bagmati,Rasuwa,Aamachhodingmo,NP03,NP0329,NP0329401,4,NA,population projections 2026,male,age_group_60_64,16
Bagmati,Rasuwa,Aamachhodingmo,NP03,NP0329,NP0329401,4,NA,population projections 2026,female,age_group_60_64,25
Bagmati,Rasuwa,Aamachhodingmo,NP03,NP0329,NP0329401,4,NA,population projections 2026,total,age_group_65_69,40
Bagmati,Rasuwa,Aamachhodingmo,NP03,NP0329,NP0329401,4,NA,population projections 2026,male,age_group_65_69,22
Bagmati,Rasuwa,Aamachhodingmo,NP03,NP0329,NP0329401,4,NA,population projections 2026,female,age_group_65_69,18
Bagmati,Rasuwa,Aamachhodingmo,NP03,NP0329,NP0329401,4,NA,population projections 2026,total,age_group_70_74,29
Bagmati,Rasuwa,Aamachhodingmo,NP03,NP0329,NP0329401,4,NA,population projections 2026,male,age_group_70_74,15
Bagmati,Rasuwa,Aamachhodingmo,NP03,NP0329,NP0329401,4,NA,population projections 2026,female,age_group_70_74,14
Bagmati,Rasuwa,Aamachhodingmo,NP03,NP0329,NP0329401,4,NA,population projections 2026,total,age_group_75_79,15
Bagmati,Rasuwa,Aamachhodingmo,NP03,NP0329,NP0329401,4,NA,population projections 2026,male,age_group_75_79,8
Bagmati,Rasuwa,Aamachhodingmo,NP03,NP0329,NP0329401,4,NA,population projections 2026,female,age_group_75_79,7
Bagmati,Rasuwa,Aamachhodingmo,NP03,NP0329,NP0329401,4,NA,population projections 2026,total,age_group_80_84,11
Bagmati,Rasuwa,Aamachhodingmo,NP03,NP0329,NP0329401,4,NA,population projections 2026,male,age_group_80_84,5
Bagmati,Rasuwa,Aamachhodingmo,NP03,NP0329,NP0329401,4,NA,population projections 2026,female,age_group_80_84,6
Bagmati,Rasuwa,Aamachhodingmo,NP03,NP0329,NP0329401,4,NA,population projections 2026,total,age_group_85_89,4
Bagmati,Rasuwa,Aamachhodingmo,NP03,NP0329,NP0329401,4,NA,population projections 2026,male,age_group_85_89,2
Bagmati,Rasuwa,Aamachhodingmo,NP03,NP0329,NP0329401,4,NA,population projections 2026,female,age_group_85_89,2
Bagmati,Rasuwa,Aamachhodingmo,NP03,NP0329,NP0329401,4,NA,population projections 2026,total,age_group_90_94,0
Bagmati,Rasuwa,Aamachhodingmo,NP03,NP0329,NP0329401,4,NA,population projections 2026,male,age_group_90_94,0
Bagmati,Rasuwa,Aamachhodingmo,NP03,NP0329,NP0329401,4,NA,population projections 2026,female,age_group_90_94,0
Bagmati,Rasuwa,Aamachhodingmo,NP03,NP0329,NP0329401,4,NA,population projections 2026,total,age_group_95plus,0
Bagmati,Rasuwa,Aamachhodingmo,NP03,NP0329,NP0329401,4,NA,population projections 2026,male,age_group_95plus,0
Bagmati,Rasuwa,Aamachhodingmo,NP03,NP0329,NP0329401,4,NA,population projections 2026,female,age_group_95plus,0
Bagmati,Rasuwa,Aamachhodingmo,NP03,NP0329,NP0329401,5,NA,population projections 2026,total,population_total,1704
Bagmati,Rasuwa,Aamachhodingmo,NP03,NP0329,NP0329401,5,NA,population projections 2026,male,population_overall_male,891
Bagmati,Rasuwa,Aamachhodingmo,NP03,NP0329,NP0329401,5,NA,population projections 2026,female,population_overall_female,813
Bagmati,Rasuwa,Aamachhodingmo,NP03,NP0329,NP0329401,5,NA,population projections 2026,total,age_group_0_4,153
Bagmati,Rasuwa,Aamachhodingmo,NP03,NP0329,NP0329401,5,NA,population projections 2026,male,age_group_0_4,81
Bagmati,Rasuwa,Aamachhodingmo,NP03,NP0329,NP0329401,5,NA,population projections 2026,female,age_group_0_4,72
Bagmati,Rasuwa,Aamachhodingmo,NP03,NP0329,NP0329401,5,NA,population projections 2026,total,age_group_5_9,167
Bagmati,Rasuwa,Aamachhodingmo,NP03,NP0329,NP0329401,5,NA,population projections 2026,male,age_group_5_9,88
Bagmati,Rasuwa,Aamachhodingmo,NP03,NP0329,NP0329401,5,NA,population projections 2026,female,age_group_5_9,79
Bagmati,Rasuwa,Aamachhodingmo,NP03,NP0329,NP0329401,5,NA,population projections 2026,total,age_group_10_14,154
Bagmati,Rasuwa,Aamachhodingmo,NP03,NP0329,NP0329401,5,NA,population projections 2026,male,age_group_10_14,75
Bagmati,Rasuwa,Aamachhodingmo,NP03,NP0329,NP0329401,5,NA,population projections 2026,female,age_group_10_14,79
Bagmati,Rasuwa,Aamachhodingmo,NP03,NP0329,NP0329401,5,NA,population projections 2026,total,age_group_15_19,112
Bagmati,Rasuwa,Aamachhodingmo,NP03,NP0329,NP0329401,5,NA,population projections 2026,male,age_group_15_19,60
Bagmati,Rasuwa,Aamachhodingmo,NP03,NP0329,NP0329401,5,NA,population projections 2026,female,age_group_15_19,52
Bagmati,Rasuwa,Aamachhodingmo,NP03,NP0329,NP0329401,5,NA,population projections 2026,total,age_group_20_24,99
Bagmati,Rasuwa,Aamachhodingmo,NP03,NP0329,NP0329401,5,NA,population projections 2026,male,age_group_20_24,52
Bagmati,Rasuwa,Aamachhodingmo,NP03,NP0329,NP0329401,5,NA,population projections 2026,female,age_group_20_24,47
Bagmati,Rasuwa,Aamachhodingmo,NP03,NP0329,NP0329401,5,NA,population projections 2026,total,age_group_25_29,138
Bagmati,Rasuwa,Aamachhodingmo,NP03,NP0329,NP0329401,5,NA,population projections 2026,male,age_group_25_29,72
Bagmati,Rasuwa,Aamachhodingmo,NP03,NP0329,NP0329401,5,NA,population projections 2026,female,age_group_25_29,66
Bagmati,Rasuwa,Aamachhodingmo,NP03,NP0329,NP0329401,5,NA,population projections 2026,total,age_group_30_34,145
Bagmati,Rasuwa,Aamachhodingmo,NP03,NP0329,NP0329401,5,NA,population projections 2026,male,age_group_30_34,79
Bagmati,Rasuwa,Aamachhodingmo,NP03,NP0329,NP0329401,5,NA,population projections 2026,female,age_group_30_34,66
Bagmati,Rasuwa,Aamachhodingmo,NP03,NP0329,NP0329401,5,NA,population projections 2026,total,age_group_35_39,125
Bagmati,Rasuwa,Aamachhodingmo,NP03,NP0329,NP0329401,5,NA,population projections 2026,male,age_group_35_39,63
Bagmati,Rasuwa,Aamachhodingmo,NP03,NP0329,NP0329401,5,NA,population projections 2026,female,age_group_35_39,62
Bagmati,Rasuwa,Aamachhodingmo,NP03,NP0329,NP0329401,5,NA,population projections 2026,total,age_group_40_44,109
Bagmati,Rasuwa,Aamachhodingmo,NP03,NP0329,NP0329401,5,NA,population projections 2026,male,age_group_40_44,56
Bagmati,Rasuwa,Aamachhodingmo,NP03,NP0329,NP0329401,5,NA,population projections 2026,female,age_group_40_44,53
Bagmati,Rasuwa,Aamachhodingmo,NP03,NP0329,NP0329401,5,NA,population projections 2026,total,age_group_45_49,106
Bagmati,Rasuwa,Aamachhodingmo,NP03,NP0329,NP0329401,5,NA,population projections 2026,male,age_group_45_49,65
Bagmati,Rasuwa,Aamachhodingmo,NP03,NP0329,NP0329401,5,NA,population projections 2026,female,age_group_45_49,41
Bagmati,Rasuwa,Aamachhodingmo,NP03,NP0329,NP0329401,5,NA,population projections 2026,total,age_group_50_54,83
Bagmati,Rasuwa,Aamachhodingmo,NP03,NP0329,NP0329401,5,NA,population projections 2026,male,age_group_50_54,41
Bagmati,Rasuwa,Aamachhodingmo,NP03,NP0329,NP0329401,5,NA,population projections 2026,female,age_group_50_54,42
Bagmati,Rasuwa,Aamachhodingmo,NP03,NP0329,NP0329401,5,NA,population projections 2026,total,age_group_55_59,78
Bagmati,Rasuwa,Aamachhodingmo,NP03,NP0329,NP0329401,5,NA,population projections 2026,male,age_group_55_59,43
Bagmati,Rasuwa,Aamachhodingmo,NP03,NP0329,NP0329401,5,NA,population projections 2026,female,age_group_55_59,35
Bagmati,Rasuwa,Aamachhodingmo,NP03,NP0329,NP0329401,5,NA,population projections 2026,total,age_group_60_64,59
Bagmati,Rasuwa,Aamachhodingmo,NP03,NP0329,NP0329401,5,NA,population projections 2026,male,age_group_60_64,29
Bagmati,Rasuwa,Aamachhodingmo,NP03,NP0329,NP0329401,5,NA,population projections 2026,female,age_group_60_64,30
Bagmati,Rasuwa,Aamachhodingmo,NP03,NP0329,NP0329401,5,NA,population projections 2026,total,age_group_65_69,59
Bagmati,Rasuwa,Aamachhodingmo,NP03,NP0329,NP0329401,5,NA,population projections 2026,male,age_group_65_69,29
Bagmati,Rasuwa,Aamachhodingmo,NP03,NP0329,NP0329401,5,NA,population projections 2026,female,age_group_65_69,30
Bagmati,Rasuwa,Aamachhodingmo,NP03,NP0329,NP0329401,5,NA,population projections 2026,total,age_group_70_74,51
Bagmati,Rasuwa,Aamachhodingmo,NP03,NP0329,NP0329401,5,NA,population projections 2026,male,age_group_70_74,25
Bagmati,Rasuwa,Aamachhodingmo,NP03,NP0329,NP0329401,5,NA,population projections 2026,female,age_group_70_74,26
Bagmati,Rasuwa,Aamachhodingmo,NP03,NP0329,NP0329401,5,NA,population projections 2026,total,age_group_75_79,34
Bagmati,Rasuwa,Aamachhodingmo,NP03,NP0329,NP0329401,5,NA,population projections 2026,male,age_group_75_79,18
Bagmati,Rasuwa,Aamachhodingmo,NP03,NP0329,NP0329401,5,NA,population projections 2026,female,age_group_75_79,16
Bagmati,Rasuwa,Aamachhodingmo,NP03,NP0329,NP0329401,5,NA,population projections 2026,total,age_group_80_84,22
Bagmati,Rasuwa,Aamachhodingmo,NP03,NP0329,NP0329401,5,NA,population projections 2026,male,age_group_80_84,10
Bagmati,Rasuwa,Aamachhodingmo,NP03,NP0329,NP0329401,5,NA,population projections 2026,female,age_group_80_84,12
Bagmati,Rasuwa,Aamachhodingmo,NP03,NP0329,NP0329401,5,NA,population projections 2026,total,age_group_85_89,10
Bagmati,Rasuwa,Aamachhodingmo,NP03,NP0329,NP0329401,5,NA,population projections 2026,male,age_group_85_89,5
Bagmati,Rasuwa,Aamachhodingmo,NP03,NP0329,NP0329401,5,NA,population projections 2026,female,age_group_85_89,5
Bagmati,Rasuwa,Aamachhodingmo,NP03,NP0329,NP0329401,5,NA,population projections 2026,total,age_group_90_94,0
Bagmati,Rasuwa,Aamachhodingmo,NP03,NP0329,NP0329401,5,NA,population projections 2026,male,age_group_90_94,0
Bagmati,Rasuwa,Aamachhodingmo,NP03,NP0329,NP0329401,5,NA,population projections 2026,female,age_group_90_94,0
Bagmati,Rasuwa,Aamachhodingmo,NP03,NP0329,NP0329401,5,NA,population projections 2026,total,age_group_95plus,0
Bagmati,Rasuwa,Aamachhodingmo,NP03,NP0329,NP0329401,5,NA,population projections 2026,male,age_group_95plus,0
Bagmati,Rasuwa,Aamachhodingmo,NP03,NP0329,NP0329401,5,NA,population projections 2026,female,age_group_95plus,0
Bagmati,Rasuwa,Kalika,NP03,NP0329,NP0329404,1,affected,population projections 2026,total,population_total,2493
Bagmati,Rasuwa,Kalika,NP03,NP0329,NP0329404,1,affected,population projections 2026,male,population_overall_male,1195
Bagmati,Rasuwa,Kalika,NP03,NP0329,NP0329404,1,affected,population projections 2026,female,population_overall_female,1298
Bagmati,Rasuwa,Kalika,NP03,NP0329,NP0329404,1,affected,population projections 2026,total,age_group_0_4,172
Bagmati,Rasuwa,Kalika,NP03,NP0329,NP0329404,1,affected,population projections 2026,male,age_group_0_4,91
Bagmati,Rasuwa,Kalika,NP03,NP0329,NP0329404,1,affected,population projections 2026,female,age_group_0_4,81
Bagmati,Rasuwa,Kalika,NP03,NP0329,NP0329404,1,affected,population projections 2026,total,age_group_5_9,209
Bagmati,Rasuwa,Kalika,NP03,NP0329,NP0329404,1,affected,population projections 2026,male,age_group_5_9,109
Bagmati,Rasuwa,Kalika,NP03,NP0329,NP0329404,1,affected,population projections 2026,female,age_group_5_9,100
Bagmati,Rasuwa,Kalika,NP03,NP0329,NP0329404,1,affected,population projections 2026,total,age_group_10_14,251
Bagmati,Rasuwa,Kalika,NP03,NP0329,NP0329404,1,affected,population projections 2026,male,age_group_10_14,128
Bagmati,Rasuwa,Kalika,NP03,NP0329,NP0329404,1,affected,population projections 2026,female,age_group_10_14,123
Bagmati,Rasuwa,Kalika,NP03,NP0329,NP0329404,1,affected,population projections 2026,total,age_group_15_19,256
Bagmati,Rasuwa,Kalika,NP03,NP0329,NP0329404,1,affected,population projections 2026,male,age_group_15_19,124
Bagmati,Rasuwa,Kalika,NP03,NP0329,NP0329404,1,affected,population projections 2026,female,age_group_15_19,132
Bagmati,Rasuwa,Kalika,NP03,NP0329,NP0329404,1,affected,population projections 2026,total,age_group_20_24,227
Bagmati,Rasuwa,Kalika,NP03,NP0329,NP0329404,1,affected,population projections 2026,male,age_group_20_24,101
Bagmati,Rasuwa,Kalika,NP03,NP0329,NP0329404,1,affected,population projections 2026,female,age_group_20_24,126
Bagmati,Rasuwa,Kalika,NP03,NP0329,NP0329404,1,affected,population projections 2026,total,age_group_25_29,191
Bagmati,Rasuwa,Kalika,NP03,NP0329,NP0329404,1,affected,population projections 2026,male,age_group_25_29,88
Bagmati,Rasuwa,Kalika,NP03,NP0329,NP0329404,1,affected,population projections 2026,female,age_group_25_29,103
Bagmati,Rasuwa,Kalika,NP03,NP0329,NP0329404,1,affected,population projections 2026,total,age_group_30_34,165
Bagmati,Rasuwa,Kalika,NP03,NP0329,NP0329404,1,affected,population projections 2026,male,age_group_30_34,67
Bagmati,Rasuwa,Kalika,NP03,NP0329,NP0329404,1,affected,population projections 2026,female,age_group_30_34,98
Bagmati,Rasuwa,Kalika,NP03,NP0329,NP0329404,1,affected,population projections 2026,total,age_group_35_39,221
Bagmati,Rasuwa,Kalika,NP03,NP0329,NP0329404,1,affected,population projections 2026,male,age_group_35_39,90
Bagmati,Rasuwa,Kalika,NP03,NP0329,NP0329404,1,affected,population projections 2026,female,age_group_35_39,131
Bagmati,Rasuwa,Kalika,NP03,NP0329,NP0329404,1,affected,population projections 2026,total,age_group_40_44,192
Bagmati,Rasuwa,Kalika,NP03,NP0329,NP0329404,1,affected,population projections 2026,male,age_group_40_44,88
Bagmati,Rasuwa,Kalika,NP03,NP0329,NP0329404,1,affected,population projections 2026,female,age_group_40_44,104
Bagmati,Rasuwa,Kalika,NP03,NP0329,NP0329404,1,affected,population projections 2026,total,age_group_45_49,152
Bagmati,Rasuwa,Kalika,NP03,NP0329,NP0329404,1,affected,population projections 2026,male,age_group_45_49,76
Bagmati,Rasuwa,Kalika,NP03,NP0329,NP0329404,1,affected,population projections 2026,female,age_group_45_49,76
Bagmati,Rasuwa,Kalika,NP03,NP0329,NP0329404,1,affected,population projections 2026,total,age_group_50_54,110
Bagmati,Rasuwa,Kalika,NP03,NP0329,NP0329404,1,affected,population projections 2026,male,age_group_50_54,58
Bagmati,Rasuwa,Kalika,NP03,NP0329,NP0329404,1,affected,population projections 2026,female,age_group_50_54,52
Bagmati,Rasuwa,Kalika,NP03,NP0329,NP0329404,1,affected,population projections 2026,total,age_group_55_59,83
Bagmati,Rasuwa,Kalika,NP03,NP0329,NP0329404,1,affected,population projections 2026,male,age_group_55_59,42
Bagmati,Rasuwa,Kalika,NP03,NP0329,NP0329404,1,affected,population projections 2026,female,age_group_55_59,41
Bagmati,Rasuwa,Kalika,NP03,NP0329,NP0329404,1,affected,population projections 2026,total,age_group_60_64,62
Bagmati,Rasuwa,Kalika,NP03,NP0329,NP0329404,1,affected,population projections 2026,male,age_group_60_64,33
Bagmati,Rasuwa,Kalika,NP03,NP0329,NP0329404,1,affected,population projections 2026,female,age_group_60_64,29
Bagmati,Rasuwa,Kalika,NP03,NP0329,NP0329404,1,affected,population projections 2026,total,age_group_65_69,64
Bagmati,Rasuwa,Kalika,NP03,NP0329,NP0329404,1,affected,population projections 2026,male,age_group_65_69,33
Bagmati,Rasuwa,Kalika,NP03,NP0329,NP0329404,1,affected,population projections 2026,female,age_group_65_69,31
Bagmati,Rasuwa,Kalika,NP03,NP0329,NP0329404,1,affected,population projections 2026,total,age_group_70_74,62
Bagmati,Rasuwa,Kalika,NP03,NP0329,NP0329404,1,affected,population projections 2026,male,age_group_70_74,29
Bagmati,Rasuwa,Kalika,NP03,NP0329,NP0329404,1,affected,population projections 2026,female,age_group_70_74,33
Bagmati,Rasuwa,Kalika,NP03,NP0329,NP0329404,1,affected,population projections 2026,total,age_group_75_79,54
Bagmati,Rasuwa,Kalika,NP03,NP0329,NP0329404,1,affected,population projections 2026,male,age_group_75_79,29
Bagmati,Rasuwa,Kalika,NP03,NP0329,NP0329404,1,affected,population projections 2026,female,age_group_75_79,25
Bagmati,Rasuwa,Kalika,NP03,NP0329,NP0329404,1,affected,population projections 2026,total,age_group_80_84,12
Bagmati,Rasuwa,Kalika,NP03,NP0329,NP0329404,1,affected,population projections 2026,male,age_group_80_84,6
Bagmati,Rasuwa,Kalika,NP03,NP0329,NP0329404,1,affected,population projections 2026,female,age_group_80_84,6
Bagmati,Rasuwa,Kalika,NP03,NP0329,NP0329404,1,affected,population projections 2026,total,age_group_85_89,6
Bagmati,Rasuwa,Kalika,NP03,NP0329,NP0329404,1,affected,population projections 2026,male,age_group_85_89,1
Bagmati,Rasuwa,Kalika,NP03,NP0329,NP0329404,1,affected,population projections 2026,female,age_group_85_89,5
Bagmati,Rasuwa,Kalika,NP03,NP0329,NP0329404,1,affected,population projections 2026,total,age_group_90_94,4
Bagmati,Rasuwa,Kalika,NP03,NP0329,NP0329404,1,affected,population projections 2026,male,age_group_90_94,2
Bagmati,Rasuwa,Kalika,NP03,NP0329,NP0329404,1,affected,population projections 2026,female,age_group_90_94,2
Bagmati,Rasuwa,Kalika,NP03,NP0329,NP0329404,1,affected,population projections 2026,total,age_group_95plus,0
Bagmati,Rasuwa,Kalika,NP03,NP0329,NP0329404,1,affected,population projections 2026,male,age_group_95plus,0
Bagmati,Rasuwa,Kalika,NP03,NP0329,NP0329404,1,affected,population projections 2026,female,age_group_95plus,0
Bagmati,Rasuwa,Kalika,NP03,NP0329,NP0329404,2,affected,population projections 2026,total,population_total,2826
Bagmati,Rasuwa,Kalika,NP03,NP0329,NP0329404,2,affected,population projections 2026,male,population_overall_male,1326
Bagmati,Rasuwa,Kalika,NP03,NP0329,NP0329404,2,affected,population projections 2026,female,population_overall_female,1500
Bagmati,Rasuwa,Kalika,NP03,NP0329,NP0329404,2,affected,population projections 2026,total,age_group_0_4,212
Bagmati,Rasuwa,Kalika,NP03,NP0329,NP0329404,2,affected,population projections 2026,male,age_group_0_4,111
Bagmati,Rasuwa,Kalika,NP03,NP0329,NP0329404,2,affected,population projections 2026,female,age_group_0_4,101
Bagmati,Rasuwa,Kalika,NP03,NP0329,NP0329404,2,affected,population projections 2026,total,age_group_5_9,222
Bagmati,Rasuwa,Kalika,NP03,NP0329,NP0329404,2,affected,population projections 2026,male,age_group_5_9,111
Bagmati,Rasuwa,Kalika,NP03,NP0329,NP0329404,2,affected,population projections 2026,female,age_group_5_9,111
Bagmati,Rasuwa,Kalika,NP03,NP0329,NP0329404,2,affected,population projections 2026,total,age_group_10_14,214
Bagmati,Rasuwa,Kalika,NP03,NP0329,NP0329404,2,affected,population projections 2026,male,age_group_10_14,111
Bagmati,Rasuwa,Kalika,NP03,NP0329,NP0329404,2,affected,population projections 2026,female,age_group_10_14,103
Bagmati,Rasuwa,Kalika,NP03,NP0329,NP0329404,2,affected,population projections 2026,total,age_group_15_19,207
Bagmati,Rasuwa,Kalika,NP03,NP0329,NP0329404,2,affected,population projections 2026,male,age_group_15_19,97
Bagmati,Rasuwa,Kalika,NP03,NP0329,NP0329404,2,affected,population projections 2026,female,age_group_15_19,110
Bagmati,Rasuwa,Kalika,NP03,NP0329,NP0329404,2,affected,population projections 2026,total,age_group_20_24,222
Bagmati,Rasuwa,Kalika,NP03,NP0329,NP0329404,2,affected,population projections 2026,male,age_group_20_24,91
Bagmati,Rasuwa,Kalika,NP03,NP0329,NP0329404,2,affected,population projections 2026,female,age_group_20_24,131
Bagmati,Rasuwa,Kalika,NP03,NP0329,NP0329404,2,affected,population projections 2026,total,age_group_25_29,232
Bagmati,Rasuwa,Kalika,NP03,NP0329,NP0329404,2,affected,population projections 2026,male,age_group_25_29,97
Bagmati,Rasuwa,Kalika,NP03,NP0329,NP0329404,2,affected,population projections 2026,female,age_group_25_29,135
Bagmati,Rasuwa,Kalika,NP03,NP0329,NP0329404,2,affected,population projections 2026,total,age_group_30_34,267
Bagmati,Rasuwa,Kalika,NP03,NP0329,NP0329404,2,affected,population projections 2026,male,age_group_30_34,114
Bagmati,Rasuwa,Kalika,NP03,NP0329,NP0329404,2,affected,population projections 2026,female,age_group_30_34,153
Bagmati,Rasuwa,Kalika,NP03,NP0329,NP0329404,2,affected,population projections 2026,total,age_group_35_39,245
Bagmati,Rasuwa,Kalika,NP03,NP0329,NP0329404,2,affected,population projections 2026,male,age_group_35_39,110
Bagmati,Rasuwa,Kalika,NP03,NP0329,NP0329404,2,affected,population projections 2026,female,age_group_35_39,135
Bagmati,Rasuwa,Kalika,NP03,NP0329,NP0329404,2,affected,population projections 2026,total,age_group_40_44,199
Bagmati,Rasuwa,Kalika,NP03,NP0329,NP0329404,2,affected,population projections 2026,male,age_group_40_44,96
Bagmati,Rasuwa,Kalika,NP03,NP0329,NP0329404,2,affected,population projections 2026,female,age_group_40_44,103
Bagmati,Rasuwa,Kalika,NP03,NP0329,NP0329404,2,affected,population projections 2026,total,age_group_45_49,171
Bagmati,Rasuwa,Kalika,NP03,NP0329,NP0329404,2,affected,population projections 2026,male,age_group_45_49,82
Bagmati,Rasuwa,Kalika,NP03,NP0329,NP0329404,2,affected,population projections 2026,female,age_group_45_49,89
Bagmati,Rasuwa,Kalika,NP03,NP0329,NP0329404,2,affected,population projections 2026,total,age_group_50_54,146
Bagmati,Rasuwa,Kalika,NP03,NP0329,NP0329404,2,affected,population projections 2026,male,age_group_50_54,66
Bagmati,Rasuwa,Kalika,NP03,NP0329,NP0329404,2,affected,population projections 2026,female,age_group_50_54,80
Bagmati,Rasuwa,Kalika,NP03,NP0329,NP0329404,2,affected,population projections 2026,total,age_group_55_59,141
Bagmati,Rasuwa,Kalika,NP03,NP0329,NP0329404,2,affected,population projections 2026,male,age_group_55_59,67
Bagmati,Rasuwa,Kalika,NP03,NP0329,NP0329404,2,affected,population projections 2026,female,age_group_55_59,74
Bagmati,Rasuwa,Kalika,NP03,NP0329,NP0329404,2,affected,population projections 2026,total,age_group_60_64,104
Bagmati,Rasuwa,Kalika,NP03,NP0329,NP0329404,2,affected,population projections 2026,male,age_group_60_64,54
Bagmati,Rasuwa,Kalika,NP03,NP0329,NP0329404,2,affected,population projections 2026,female,age_group_60_64,50
Bagmati,Rasuwa,Kalika,NP03,NP0329,NP0329404,2,affected,population projections 2026,total,age_group_65_69,89
Bagmati,Rasuwa,Kalika,NP03,NP0329,NP0329404,2,affected,population projections 2026,male,age_group_65_69,47
Bagmati,Rasuwa,Kalika,NP03,NP0329,NP0329404,2,affected,population projections 2026,female,age_group_65_69,42
Bagmati,Rasuwa,Kalika,NP03,NP0329,NP0329404,2,affected,population projections 2026,total,age_group_70_74,76
Bagmati,Rasuwa,Kalika,NP03,NP0329,NP0329404,2,affected,population projections 2026,male,age_group_70_74,34
Bagmati,Rasuwa,Kalika,NP03,NP0329,NP0329404,2,affected,population projections 2026,female,age_group_70_74,42
Bagmati,Rasuwa,Kalika,NP03,NP0329,NP0329404,2,affected,population projections 2026,total,age_group_75_79,41
Bagmati,Rasuwa,Kalika,NP03,NP0329,NP0329404,2,affected,population projections 2026,male,age_group_75_79,20
Bagmati,Rasuwa,Kalika,NP03,NP0329,NP0329404,2,affected,population projections 2026,female,age_group_75_79,21
Bagmati,Rasuwa,Kalika,NP03,NP0329,NP0329404,2,affected,population projections 2026,total,age_group_80_84,20
Bagmati,Rasuwa,Kalika,NP03,NP0329,NP0329404,2,affected,population projections 2026,male,age_group_80_84,10
Bagmati,Rasuwa,Kalika,NP03,NP0329,NP0329404,2,affected,population projections 2026,female,age_group_80_84,10
Bagmati,Rasuwa,Kalika,NP03,NP0329,NP0329404,2,affected,population projections 2026,total,age_group_85_89,10
Bagmati,Rasuwa,Kalika,NP03,NP0329,NP0329404,2,affected,population projections 2026,male,age_group_85_89,5
Bagmati,Rasuwa,Kalika,NP03,NP0329,NP0329404,2,affected,population projections 2026,female,age_group_85_89,5
Bagmati,Rasuwa,Kalika,NP03,NP0329,NP0329404,2,affected,population projections 2026,total,age_group_90_94,8
Bagmati,Rasuwa,Kalika,NP03,NP0329,NP0329404,2,affected,population projections 2026,male,age_group_90_94,3
Bagmati,Rasuwa,Kalika,NP03,NP0329,NP0329404,2,affected,population projections 2026,female,age_group_90_94,5
Bagmati,Rasuwa,Kalika,NP03,NP0329,NP0329404,2,affected,population projections 2026,total,age_group_95plus,0
Bagmati,Rasuwa,Kalika,NP03,NP0329,NP0329404,2,affected,population projections 2026,male,age_group_95plus,0
Bagmati,Rasuwa,Kalika,NP03,NP0329,NP0329404,2,affected,population projections 2026,female,age_group_95plus,0
Bagmati,Rasuwa,Kalika,NP03,NP0329,NP0329404,3,affected,population projections 2026,total,population_total,1594
Bagmati,Rasuwa,Kalika,NP03,NP0329,NP0329404,3,affected,population projections 2026,male,population_overall_male,754
Bagmati,Rasuwa,Kalika,NP03,NP0329,NP0329404,3,affected,population projections 2026,female,population_overall_female,840
Bagmati,Rasuwa,Kalika,NP03,NP0329,NP0329404,3,affected,population projections 2026,total,age_group_0_4,115
Bagmati,Rasuwa,Kalika,NP03,NP0329,NP0329404,3,affected,population projections 2026,male,age_group_0_4,60
Bagmati,Rasuwa,Kalika,NP03,NP0329,NP0329404,3,affected,population projections 2026,female,age_group_0_4,55
Bagmati,Rasuwa,Kalika,NP03,NP0329,NP0329404,3,affected,population projections 2026,total,age_group_5_9,104
Bagmati,Rasuwa,Kalika,NP03,NP0329,NP0329404,3,affected,population projections 2026,male,age_group_5_9,56
Bagmati,Rasuwa,Kalika,NP03,NP0329,NP0329404,3,affected,population projections 2026,female,age_group_5_9,48
Bagmati,Rasuwa,Kalika,NP03,NP0329,NP0329404,3,affected,population projections 2026,total,age_group_10_14,98
Bagmati,Rasuwa,Kalika,NP03,NP0329,NP0329404,3,affected,population projections 2026,male,age_group_10_14,50
Bagmati,Rasuwa,Kalika,NP03,NP0329,NP0329404,3,affected,population projections 2026,female,age_group_10_14,48
Bagmati,Rasuwa,Kalika,NP03,NP0329,NP0329404,3,affected,population projections 2026,total,age_group_15_19,106
Bagmati,Rasuwa,Kalika,NP03,NP0329,NP0329404,3,affected,population projections 2026,male,age_group_15_19,50
Bagmati,Rasuwa,Kalika,NP03,NP0329,NP0329404,3,affected,population projections 2026,female,age_group_15_19,56
Bagmati,Rasuwa,Kalika,NP03,NP0329,NP0329404,3,affected,population projections 2026,total,age_group_20_24,113
Bagmati,Rasuwa,Kalika,NP03,NP0329,NP0329404,3,affected,population projections 2026,male,age_group_20_24,51
Bagmati,Rasuwa,Kalika,NP03,NP0329,NP0329404,3,affected,population projections 2026,female,age_group_20_24,62
Bagmati,Rasuwa,Kalika,NP03,NP0329,NP0329404,3,affected,population projections 2026,total,age_group_25_29,142
Bagmati,Rasuwa,Kalika,NP03,NP0329,NP0329404,3,affected,population projections 2026,male,age_group_25_29,56
Bagmati,Rasuwa,Kalika,NP03,NP0329,NP0329404,3,affected,population projections 2026,female,age_group_25_29,86
Bagmati,Rasuwa,Kalika,NP03,NP0329,NP0329404,3,affected,population projections 2026,total,age_group_30_34,145
Bagmati,Rasuwa,Kalika,NP03,NP0329,NP0329404,3,affected,population projections 2026,male,age_group_30_34,64
Bagmati,Rasuwa,Kalika,NP03,NP0329,NP0329404,3,affected,population projections 2026,female,age_group_30_34,81
Bagmati,Rasuwa,Kalika,NP03,NP0329,NP0329404,3,affected,population projections 2026,total,age_group_35_39,139
Bagmati,Rasuwa,Kalika,NP03,NP0329,NP0329404,3,affected,population projections 2026,male,age_group_35_39,62
Bagmati,Rasuwa,Kalika,NP03,NP0329,NP0329404,3,affected,population projections 2026,female,age_group_35_39,77
Bagmati,Rasuwa,Kalika,NP03,NP0329,NP0329404,3,affected,population projections 2026,total,age_group_40_44,112
Bagmati,Rasuwa,Kalika,NP03,NP0329,NP0329404,3,affected,population projections 2026,male,age_group_40_44,53
Bagmati,Rasuwa,Kalika,NP03,NP0329,NP0329404,3,affected,population projections 2026,female,age_group_40_44,59
Bagmati,Rasuwa,Kalika,NP03,NP0329,NP0329404,3,affected,population projections 2026,total,age_group_45_49,97
Bagmati,Rasuwa,Kalika,NP03,NP0329,NP0329404,3,affected,population projections 2026,male,age_group_45_49,45
Bagmati,Rasuwa,Kalika,NP03,NP0329,NP0329404,3,affected,population projections 2026,female,age_group_45_49,52
Bagmati,Rasuwa,Kalika,NP03,NP0329,NP0329404,3,affected,population projections 2026,total,age_group_50_54,84
Bagmati,Rasuwa,Kalika,NP03,NP0329,NP0329404,3,affected,population projections 2026,male,age_group_50_54,39
Bagmati,Rasuwa,Kalika,NP03,NP0329,NP0329404,3,affected,population projections 2026,female,age_group_50_54,45
Bagmati,Rasuwa,Kalika,NP03,NP0329,NP0329404,3,affected,population projections 2026,total,age_group_55_59,72
Bagmati,Rasuwa,Kalika,NP03,NP0329,NP0329404,3,affected,population projections 2026,male,age_group_55_59,30
Bagmati,Rasuwa,Kalika,NP03,NP0329,NP0329404,3,affected,population projections 2026,female,age_group_55_59,42
Bagmati,Rasuwa,Kalika,NP03,NP0329,NP0329404,3,affected,population projections 2026,total,age_group_60_64,67
Bagmati,Rasuwa,Kalika,NP03,NP0329,NP0329404,3,affected,population projections 2026,male,age_group_60_64,30
Bagmati,Rasuwa,Kalika,NP03,NP0329,NP0329404,3,affected,population projections 2026,female,age_group_60_64,37
Bagmati,Rasuwa,Kalika,NP03,NP0329,NP0329404,3,affected,population projections 2026,total,age_group_65_69,63
Bagmati,Rasuwa,Kalika,NP03,NP0329,NP0329404,3,affected,population projections 2026,male,age_group_65_69,33
Bagmati,Rasuwa,Kalika,NP03,NP0329,NP0329404,3,affected,population projections 2026,female,age_group_65_69,30
Bagmati,Rasuwa,Kalika,NP03,NP0329,NP0329404,3,affected,population projections 2026,total,age_group_70_74,62
Bagmati,Rasuwa,Kalika,NP03,NP0329,NP0329404,3,affected,population projections 2026,male,age_group_70_74,37
Bagmati,Rasuwa,Kalika,NP03,NP0329,NP0329404,3,affected,population projections 2026,female,age_group_70_74,25
Bagmati,Rasuwa,Kalika,NP03,NP0329,NP0329404,3,affected,population projections 2026,total,age_group_75_79,40
Bagmati,Rasuwa,Kalika,NP03,NP0329,NP0329404,3,affected,population projections 2026,male,age_group_75_79,20
Bagmati,Rasuwa,Kalika,NP03,NP0329,NP0329404,3,affected,population projections 2026,female,age_group_75_79,20
Bagmati,Rasuwa,Kalika,NP03,NP0329,NP0329404,3,affected,population projections 2026,total,age_group_80_84,24
Bagmati,Rasuwa,Kalika,NP03,NP0329,NP0329404,3,affected,population projections 2026,male,age_group_80_84,12
Bagmati,Rasuwa,Kalika,NP03,NP0329,NP0329404,3,affected,population projections 2026,female,age_group_80_84,12
Bagmati,Rasuwa,Kalika,NP03,NP0329,NP0329404,3,affected,population projections 2026,total,age_group_85_89,10
Bagmati,Rasuwa,Kalika,NP03,NP0329,NP0329404,3,affected,population projections 2026,male,age_group_85_89,5
Bagmati,Rasuwa,Kalika,NP03,NP0329,NP0329404,3,affected,population projections 2026,female,age_group_85_89,5
Bagmati,Rasuwa,Kalika,NP03,NP0329,NP0329404,3,affected,population projections 2026,total,age_group_90_94,1
Bagmati,Rasuwa,Kalika,NP03,NP0329,NP0329404,3,affected,population projections 2026,male,age_group_90_94,1
Bagmati,Rasuwa,Kalika,NP03,NP0329,NP0329404,3,affected,population projections 2026,female,age_group_90_94,0
Bagmati,Rasuwa,Kalika,NP03,NP0329,NP0329404,3,affected,population projections 2026,total,age_group_95plus,0
Bagmati,Rasuwa,Kalika,NP03,NP0329,NP0329404,3,affected,population projections 2026,male,age_group_95plus,0
Bagmati,Rasuwa,Kalika,NP03,NP0329,NP0329404,3,affected,population projections 2026,female,age_group_95plus,0
Bagmati,Rasuwa,Kalika,NP03,NP0329,NP0329404,4,affected,population projections 2026,total,population_total,986
Bagmati,Rasuwa,Kalika,NP03,NP0329,NP0329404,4,affected,population projections 2026,male,population_overall_male,467
Bagmati,Rasuwa,Kalika,NP03,NP0329,NP0329404,4,affected,population projections 2026,female,population_overall_female,519
Bagmati,Rasuwa,Kalika,NP03,NP0329,NP0329404,4,affected,population projections 2026,total,age_group_0_4,65
Bagmati,Rasuwa,Kalika,NP03,NP0329,NP0329404,4,affected,population projections 2026,male,age_group_0_4,35
Bagmati,Rasuwa,Kalika,NP03,NP0329,NP0329404,4,affected,population projections 2026,female,age_group_0_4,30
Bagmati,Rasuwa,Kalika,NP03,NP0329,NP0329404,4,affected,population projections 2026,total,age_group_5_9,53
Bagmati,Rasuwa,Kalika,NP03,NP0329,NP0329404,4,affected,population projections 2026,male,age_group_5_9,30
Bagmati,Rasuwa,Kalika,NP03,NP0329,NP0329404,4,affected,population projections 2026,female,age_group_5_9,23
Bagmati,Rasuwa,Kalika,NP03,NP0329,NP0329404,4,affected,population projections 2026,total,age_group_10_14,74
Bagmati,Rasuwa,Kalika,NP03,NP0329,NP0329404,4,affected,population projections 2026,male,age_group_10_14,39
Bagmati,Rasuwa,Kalika,NP03,NP0329,NP0329404,4,affected,population projections 2026,female,age_group_10_14,35
Bagmati,Rasuwa,Kalika,NP03,NP0329,NP0329404,4,affected,population projections 2026,total,age_group_15_19,81
Bagmati,Rasuwa,Kalika,NP03,NP0329,NP0329404,4,affected,population projections 2026,male,age_group_15_19,40
Bagmati,Rasuwa,Kalika,NP03,NP0329,NP0329404,4,affected,population projections 2026,female,age_group_15_19,41
Bagmati,Rasuwa,Kalika,NP03,NP0329,NP0329404,4,affected,population projections 2026,total,age_group_20_24,68
Bagmati,Rasuwa,Kalika,NP03,NP0329,NP0329404,4,affected,population projections 2026,male,age_group_20_24,28
Bagmati,Rasuwa,Kalika,NP03,NP0329,NP0329404,4,affected,population projections 2026,female,age_group_20_24,40
Bagmati,Rasuwa,Kalika,NP03,NP0329,NP0329404,4,affected,population projections 2026,total,age_group_25_29,66
Bagmati,Rasuwa,Kalika,NP03,NP0329,NP0329404,4,affected,population projections 2026,male,age_group_25_29,28
Bagmati,Rasuwa,Kalika,NP03,NP0329,NP0329404,4,affected,population projections 2026,female,age_group_25_29,38
Bagmati,Rasuwa,Kalika,NP03,NP0329,NP0329404,4,affected,population projections 2026,total,age_group_30_34,80
Bagmati,Rasuwa,Kalika,NP03,NP0329,NP0329404,4,affected,population projections 2026,male,age_group_30_34,31
Bagmati,Rasuwa,Kalika,NP03,NP0329,NP0329404,4,affected,population projections 2026,female,age_group_30_34,49
Bagmati,Rasuwa,Kalika,NP03,NP0329,NP0329404,4,affected,population projections 2026,total,age_group_35_39,93
Bagmati,Rasuwa,Kalika,NP03,NP0329,NP0329404,4,affected,population projections 2026,male,age_group_35_39,41
Bagmati,Rasuwa,Kalika,NP03,NP0329,NP0329404,4,affected,population projections 2026,female,age_group_35_39,52
Bagmati,Rasuwa,Kalika,NP03,NP0329,NP0329404,4,affected,population projections 2026,total,age_group_40_44,74
Bagmati,Rasuwa,Kalika,NP03,NP0329,NP0329404,4,affected,population projections 2026,male,age_group_40_44,39
Bagmati,Rasuwa,Kalika,NP03,NP0329,NP0329404,4,affected,population projections 2026,female,age_group_40_44,35
Bagmati,Rasuwa,Kalika,NP03,NP0329,NP0329404,4,affected,population projections 2026,total,age_group_45_49,50
Bagmati,Rasuwa,Kalika,NP03,NP0329,NP0329404,4,affected,population projections 2026,male,age_group_45_49,24
Bagmati,Rasuwa,Kalika,NP03,NP0329,NP0329404,4,affected,population projections 2026,female,age_group_45_49,26
Bagmati,Rasuwa,Kalika,NP03,NP0329,NP0329404,4,affected,population projections 2026,total,age_group_50_54,43
Bagmati,Rasuwa,Kalika,NP03,NP0329,NP0329404,4,affected,population projections 2026,male,age_group_50_54,17
Bagmati,Rasuwa,Kalika,NP03,NP0329,NP0329404,4,affected,population projections 2026,female,age_group_50_54,26
Bagmati,Rasuwa,Kalika,NP03,NP0329,NP0329404,4,affected,population projections 2026,total,age_group_55_59,57
Bagmati,Rasuwa,Kalika,NP03,NP0329,NP0329404,4,affected,population projections 2026,male,age_group_55_59,24
Bagmati,Rasuwa,Kalika,NP03,NP0329,NP0329404,4,affected,population projections 2026,female,age_group_55_59,33
Bagmati,Rasuwa,Kalika,NP03,NP0329,NP0329404,4,affected,population projections 2026,total,age_group_60_64,53
Bagmati,Rasuwa,Kalika,NP03,NP0329,NP0329404,4,affected,population projections 2026,male,age_group_60_64,27
Bagmati,Rasuwa,Kalika,NP03,NP0329,NP0329404,4,affected,population projections 2026,female,age_group_60_64,26
Bagmati,Rasuwa,Kalika,NP03,NP0329,NP0329404,4,affected,population projections 2026,total,age_group_65_69,52
Bagmati,Rasuwa,Kalika,NP03,NP0329,NP0329404,4,affected,population projections 2026,male,age_group_65_69,28
Bagmati,Rasuwa,Kalika,NP03,NP0329,NP0329404,4,affected,population projections 2026,female,age_group_65_69,24
Bagmati,Rasuwa,Kalika,NP03,NP0329,NP0329404,4,affected,population projections 2026,total,age_group_70_74,39
Bagmati,Rasuwa,Kalika,NP03,NP0329,NP0329404,4,affected,population projections 2026,male,age_group_70_74,21
Bagmati,Rasuwa,Kalika,NP03,NP0329,NP0329404,4,affected,population projections 2026,female,age_group_70_74,18
Bagmati,Rasuwa,Kalika,NP03,NP0329,NP0329404,4,affected,population projections 2026,total,age_group_75_79,18
Bagmati,Rasuwa,Kalika,NP03,NP0329,NP0329404,4,affected,population projections 2026,male,age_group_75_79,8
Bagmati,Rasuwa,Kalika,NP03,NP0329,NP0329404,4,affected,population projections 2026,female,age_group_75_79,10
Bagmati,Rasuwa,Kalika,NP03,NP0329,NP0329404,4,affected,population projections 2026,total,age_group_80_84,12
Bagmati,Rasuwa,Kalika,NP03,NP0329,NP0329404,4,affected,population projections 2026,male,age_group_80_84,5
Bagmati,Rasuwa,Kalika,NP03,NP0329,NP0329404,4,affected,population projections 2026,female,age_group_80_84,7
Bagmati,Rasuwa,Kalika,NP03,NP0329,NP0329404,4,affected,population projections 2026,total,age_group_85_89,7
Bagmati,Rasuwa,Kalika,NP03,NP0329,NP0329404,4,affected,population projections 2026,male,age_group_85_89,2
Bagmati,Rasuwa,Kalika,NP03,NP0329,NP0329404,4,affected,population projections 2026,female,age_group_85_89,5
Bagmati,Rasuwa,Kalika,NP03,NP0329,NP0329404,4,affected,population projections 2026,total,age_group_90_94,1
Bagmati,Rasuwa,Kalika,NP03,NP0329,NP0329404,4,affected,population projections 2026,male,age_group_90_94,0
Bagmati,Rasuwa,Kalika,NP03,NP0329,NP0329404,4,affected,population projections 2026,female,age_group_90_94,1
Bagmati,Rasuwa,Kalika,NP03,NP0329,NP0329404,4,affected,population projections 2026,total,age_group_95plus,0
Bagmati,Rasuwa,Kalika,NP03,NP0329,NP0329404,4,affected,population projections 2026,male,age_group_95plus,0
Bagmati,Rasuwa,Kalika,NP03,NP0329,NP0329404,4,affected,population projections 2026,female,age_group_95plus,0
Bagmati,Rasuwa,Kalika,NP03,NP0329,NP0329404,5,affected,population projections 2026,total,population_total,1885
Bagmati,Rasuwa,Kalika,NP03,NP0329,NP0329404,5,affected,population projections 2026,male,population_overall_male,904
Bagmati,Rasuwa,Kalika,NP03,NP0329,NP0329404,5,affected,population projections 2026,female,population_overall_female,981
Bagmati,Rasuwa,Kalika,NP03,NP0329,NP0329404,5,affected,population projections 2026,total,age_group_0_4,144
Bagmati,Rasuwa,Kalika,NP03,NP0329,NP0329404,5,affected,population projections 2026,male,age_group_0_4,75
Bagmati,Rasuwa,Kalika,NP03,NP0329,NP0329404,5,affected,population projections 2026,female,age_group_0_4,69
Bagmati,Rasuwa,Kalika,NP03,NP0329,NP0329404,5,affected,population projections 2026,total,age_group_5_9,123
Bagmati,Rasuwa,Kalika,NP03,NP0329,NP0329404,5,affected,population projections 2026,male,age_group_5_9,68
Bagmati,Rasuwa,Kalika,NP03,NP0329,NP0329404,5,affected,population projections 2026,female,age_group_5_9,55
Bagmati,Rasuwa,Kalika,NP03,NP0329,NP0329404,5,affected,population projections 2026,total,age_group_10_14,122
Bagmati,Rasuwa,Kalika,NP03,NP0329,NP0329404,5,affected,population projections 2026,male,age_group_10_14,72
Bagmati,Rasuwa,Kalika,NP03,NP0329,NP0329404,5,affected,population projections 2026,female,age_group_10_14,50
Bagmati,Rasuwa,Kalika,NP03,NP0329,NP0329404,5,affected,population projections 2026,total,age_group_15_19,140
Bagmati,Rasuwa,Kalika,NP03,NP0329,NP0329404,5,affected,population projections 2026,male,age_group_15_19,78
Bagmati,Rasuwa,Kalika,NP03,NP0329,NP0329404,5,affected,population projections 2026,female,age_group_15_19,62
Bagmati,Rasuwa,Kalika,NP03,NP0329,NP0329404,5,affected,population projections 2026,total,age_group_20_24,153
Bagmati,Rasuwa,Kalika,NP03,NP0329,NP0329404,5,affected,population projections 2026,male,age_group_20_24,72
Bagmati,Rasuwa,Kalika,NP03,NP0329,NP0329404,5,affected,population projections 2026,female,age_group_20_24,81
Bagmati,Rasuwa,Kalika,NP03,NP0329,NP0329404,5,affected,population projections 2026,total,age_group_25_29,156
Bagmati,Rasuwa,Kalika,NP03,NP0329,NP0329404,5,affected,population projections 2026,male,age_group_25_29,58
Bagmati,Rasuwa,Kalika,NP03,NP0329,NP0329404,5,affected,population projections 2026,female,age_group_25_29,98
Bagmati,Rasuwa,Kalika,NP03,NP0329,NP0329404,5,affected,population projections 2026,total,age_group_30_34,164
Bagmati,Rasuwa,Kalika,NP03,NP0329,NP0329404,5,affected,population projections 2026,male,age_group_30_34,67
Bagmati,Rasuwa,Kalika,NP03,NP0329,NP0329404,5,affected,population projections 2026,female,age_group_30_34,97
Bagmati,Rasuwa,Kalika,NP03,NP0329,NP0329404,5,affected,population projections 2026,total,age_group_35_39,155
Bagmati,Rasuwa,Kalika,NP03,NP0329,NP0329404,5,affected,population projections 2026,male,age_group_35_39,63
Bagmati,Rasuwa,Kalika,NP03,NP0329,NP0329404,5,affected,population projections 2026,female,age_group_35_39,92
Bagmati,Rasuwa,Kalika,NP03,NP0329,NP0329404,5,affected,population projections 2026,total,age_group_40_44,139
Bagmati,Rasuwa,Kalika,NP03,NP0329,NP0329404,5,affected,population projections 2026,male,age_group_40_44,63
Bagmati,Rasuwa,Kalika,NP03,NP0329,NP0329404,5,affected,population projections 2026,female,age_group_40_44,76
Bagmati,Rasuwa,Kalika,NP03,NP0329,NP0329404,5,affected,population projections 2026,total,age_group_45_49,125
Bagmati,Rasuwa,Kalika,NP03,NP0329,NP0329404,5,affected,population projections 2026,male,age_group_45_49,64
Bagmati,Rasuwa,Kalika,NP03,NP0329,NP0329404,5,affected,population projections 2026,female,age_group_45_49,61
Bagmati,Rasuwa,Kalika,NP03,NP0329,NP0329404,5,affected,population projections 2026,total,age_group_50_54,107
Bagmati,Rasuwa,Kalika,NP03,NP0329,NP0329404,5,affected,population projections 2026,male,age_group_50_54,49
Bagmati,Rasuwa,Kalika,NP03,NP0329,NP0329404,5,affected,population projections 2026,female,age_group_50_54,58
Bagmati,Rasuwa,Kalika,NP03,NP0329,NP0329404,5,affected,population projections 2026,total,age_group_55_59,90
Bagmati,Rasuwa,Kalika,NP03,NP0329,NP0329404,5,affected,population projections 2026,male,age_group_55_59,40
Bagmati,Rasuwa,Kalika,NP03,NP0329,NP0329404,5,affected,population projections 2026,female,age_group_55_59,50
Bagmati,Rasuwa,Kalika,NP03,NP0329,NP0329404,5,affected,population projections 2026,total,age_group_60_64,73
Bagmati,Rasuwa,Kalika,NP03,NP0329,NP0329404,5,affected,population projections 2026,male,age_group_60_64,38
Bagmati,Rasuwa,Kalika,NP03,NP0329,NP0329404,5,affected,population projections 2026,female,age_group_60_64,35
Bagmati,Rasuwa,Kalika,NP03,NP0329,NP0329404,5,affected,population projections 2026,total,age_group_65_69,66
Bagmati,Rasuwa,Kalika,NP03,NP0329,NP0329404,5,affected,population projections 2026,male,age_group_65_69,35
Bagmati,Rasuwa,Kalika,NP03,NP0329,NP0329404,5,affected,population projections 2026,female,age_group_65_69,31
Bagmati,Rasuwa,Kalika,NP03,NP0329,NP0329404,5,affected,population projections 2026,total,age_group_70_74,59
Bagmati,Rasuwa,Kalika,NP03,NP0329,NP0329404,5,affected,population projections 2026,male,age_group_70_74,29
Bagmati,Rasuwa,Kalika,NP03,NP0329,NP0329404,5,affected,population projections 2026,female,age_group_70_74,30
Bagmati,Rasuwa,Kalika,NP03,NP0329,NP0329404,5,affected,population projections 2026,total,age_group_75_79,43
Bagmati,Rasuwa,Kalika,NP03,NP0329,NP0329404,5,affected,population projections 2026,male,age_group_75_79,22
Bagmati,Rasuwa,Kalika,NP03,NP0329,NP0329404,5,affected,population projections 2026,female,age_group_75_79,21
Bagmati,Rasuwa,Kalika,NP03,NP0329,NP0329404,5,affected,population projections 2026,total,age_group_80_84,20
Bagmati,Rasuwa,Kalika,NP03,NP0329,NP0329404,5,affected,population projections 2026,male,age_group_80_84,9
Bagmati,Rasuwa,Kalika,NP03,NP0329,NP0329404,5,affected,population projections 2026,female,age_group_80_84,11
Bagmati,Rasuwa,Kalika,NP03,NP0329,NP0329404,5,affected,population projections 2026,total,age_group_85_89,6
Bagmati,Rasuwa,Kalika,NP03,NP0329,NP0329404,5,affected,population projections 2026,male,age_group_85_89,2
Bagmati,Rasuwa,Kalika,NP03,NP0329,NP0329404,5,affected,population projections 2026,female,age_group_85_89,4
Bagmati,Rasuwa,Kalika,NP03,NP0329,NP0329404,5,affected,population projections 2026,total,age_group_90_94,0
Bagmati,Rasuwa,Kalika,NP03,NP0329,NP0329404,5,affected,population projections 2026,male,age_group_90_94,0
Bagmati,Rasuwa,Kalika,NP03,NP0329,NP0329404,5,affected,population projections 2026,female,age_group_90_94,0
Bagmati,Rasuwa,Kalika,NP03,NP0329,NP0329404,5,affected,population projections 2026,total,age_group_95plus,0
Bagmati,Rasuwa,Kalika,NP03,NP0329,NP0329404,5,affected,population projections 2026,male,age_group_95plus,0
Bagmati,Rasuwa,Kalika,NP03,NP0329,NP0329404,5,affected,population projections 2026,female,age_group_95plus,0
Bagmati,Nuwakot,Tarakeshwor,NP03,NP0328,NP0328403,1,NA,population projections 2026,total,population_total,2544
Bagmati,Nuwakot,Tarakeshwor,NP03,NP0328,NP0328403,1,NA,population projections 2026,male,population_overall_male,1169
Bagmati,Nuwakot,Tarakeshwor,NP03,NP0328,NP0328403,1,NA,population projections 2026,female,population_overall_female,1375
Bagmati,Nuwakot,Tarakeshwor,NP03,NP0328,NP0328403,1,NA,population projections 2026,total,age_group_0_4,240
Bagmati,Nuwakot,Tarakeshwor,NP03,NP0328,NP0328403,1,NA,population projections 2026,male,age_group_0_4,125
Bagmati,Nuwakot,Tarakeshwor,NP03,NP0328,NP0328403,1,NA,population projections 2026,female,age_group_0_4,115
Bagmati,Nuwakot,Tarakeshwor,NP03,NP0328,NP0328403,1,NA,population projections 2026,total,age_group_5_9,196
Bagmati,Nuwakot,Tarakeshwor,NP03,NP0328,NP0328403,1,NA,population projections 2026,male,age_group_5_9,100
Bagmati,Nuwakot,Tarakeshwor,NP03,NP0328,NP0328403,1,NA,population projections 2026,female,age_group_5_9,96
Bagmati,Nuwakot,Tarakeshwor,NP03,NP0328,NP0328403,1,NA,population projections 2026,total,age_group_10_14,202
Bagmati,Nuwakot,Tarakeshwor,NP03,NP0328,NP0328403,1,NA,population projections 2026,male,age_group_10_14,96
Bagmati,Nuwakot,Tarakeshwor,NP03,NP0328,NP0328403,1,NA,population projections 2026,female,age_group_10_14,106
Bagmati,Nuwakot,Tarakeshwor,NP03,NP0328,NP0328403,1,NA,population projections 2026,total,age_group_15_19,197
Bagmati,Nuwakot,Tarakeshwor,NP03,NP0328,NP0328403,1,NA,population projections 2026,male,age_group_15_19,89
Bagmati,Nuwakot,Tarakeshwor,NP03,NP0328,NP0328403,1,NA,population projections 2026,female,age_group_15_19,108
Bagmati,Nuwakot,Tarakeshwor,NP03,NP0328,NP0328403,1,NA,population projections 2026,total,age_group_20_24,194
Bagmati,Nuwakot,Tarakeshwor,NP03,NP0328,NP0328403,1,NA,population projections 2026,male,age_group_20_24,73
Bagmati,Nuwakot,Tarakeshwor,NP03,NP0328,NP0328403,1,NA,population projections 2026,female,age_group_20_24,121
Bagmati,Nuwakot,Tarakeshwor,NP03,NP0328,NP0328403,1,NA,population projections 2026,total,age_group_25_29,178
Bagmati,Nuwakot,Tarakeshwor,NP03,NP0328,NP0328403,1,NA,population projections 2026,male,age_group_25_29,68
Bagmati,Nuwakot,Tarakeshwor,NP03,NP0328,NP0328403,1,NA,population projections 2026,female,age_group_25_29,110
Bagmati,Nuwakot,Tarakeshwor,NP03,NP0328,NP0328403,1,NA,population projections 2026,total,age_group_30_34,165
Bagmati,Nuwakot,Tarakeshwor,NP03,NP0328,NP0328403,1,NA,population projections 2026,male,age_group_30_34,75
Bagmati,Nuwakot,Tarakeshwor,NP03,NP0328,NP0328403,1,NA,population projections 2026,female,age_group_30_34,90
Bagmati,Nuwakot,Tarakeshwor,NP03,NP0328,NP0328403,1,NA,population projections 2026,total,age_group_35_39,135
Bagmati,Nuwakot,Tarakeshwor,NP03,NP0328,NP0328403,1,NA,population projections 2026,male,age_group_35_39,58
Bagmati,Nuwakot,Tarakeshwor,NP03,NP0328,NP0328403,1,NA,population projections 2026,female,age_group_35_39,77
Bagmati,Nuwakot,Tarakeshwor,NP03,NP0328,NP0328403,1,NA,population projections 2026,total,age_group_40_44,131
Bagmati,Nuwakot,Tarakeshwor,NP03,NP0328,NP0328403,1,NA,population projections 2026,male,age_group_40_44,56
Bagmati,Nuwakot,Tarakeshwor,NP03,NP0328,NP0328403,1,NA,population projections 2026,female,age_group_40_44,75
Bagmati,Nuwakot,Tarakeshwor,NP03,NP0328,NP0328403,1,NA,population projections 2026,total,age_group_45_49,137
Bagmati,Nuwakot,Tarakeshwor,NP03,NP0328,NP0328403,1,NA,population projections 2026,male,age_group_45_49,65
Bagmati,Nuwakot,Tarakeshwor,NP03,NP0328,NP0328403,1,NA,population projections 2026,female,age_group_45_49,72
Bagmati,Nuwakot,Tarakeshwor,NP03,NP0328,NP0328403,1,NA,population projections 2026,total,age_group_50_54,137
Bagmati,Nuwakot,Tarakeshwor,NP03,NP0328,NP0328403,1,NA,population projections 2026,male,age_group_50_54,66
Bagmati,Nuwakot,Tarakeshwor,NP03,NP0328,NP0328403,1,NA,population projections 2026,female,age_group_50_54,71
Bagmati,Nuwakot,Tarakeshwor,NP03,NP0328,NP0328403,1,NA,population projections 2026,total,age_group_55_59,139
Bagmati,Nuwakot,Tarakeshwor,NP03,NP0328,NP0328403,1,NA,population projections 2026,male,age_group_55_59,58
Bagmati,Nuwakot,Tarakeshwor,NP03,NP0328,NP0328403,1,NA,population projections 2026,female,age_group_55_59,81
Bagmati,Nuwakot,Tarakeshwor,NP03,NP0328,NP0328403,1,NA,population projections 2026,total,age_group_60_64,127
Bagmati,Nuwakot,Tarakeshwor,NP03,NP0328,NP0328403,1,NA,population projections 2026,male,age_group_60_64,63
Bagmati,Nuwakot,Tarakeshwor,NP03,NP0328,NP0328403,1,NA,population projections 2026,female,age_group_60_64,64
Bagmati,Nuwakot,Tarakeshwor,NP03,NP0328,NP0328403,1,NA,population projections 2026,total,age_group_65_69,134
Bagmati,Nuwakot,Tarakeshwor,NP03,NP0328,NP0328403,1,NA,population projections 2026,male,age_group_65_69,67
Bagmati,Nuwakot,Tarakeshwor,NP03,NP0328,NP0328403,1,NA,population projections 2026,female,age_group_65_69,67
Bagmati,Nuwakot,Tarakeshwor,NP03,NP0328,NP0328403,1,NA,population projections 2026,total,age_group_70_74,104
Bagmati,Nuwakot,Tarakeshwor,NP03,NP0328,NP0328403,1,NA,population projections 2026,male,age_group_70_74,54
Bagmati,Nuwakot,Tarakeshwor,NP03,NP0328,NP0328403,1,NA,population projections 2026,female,age_group_70_74,50
Bagmati,Nuwakot,Tarakeshwor,NP03,NP0328,NP0328403,1,NA,population projections 2026,total,age_group_75_79,73
Bagmati,Nuwakot,Tarakeshwor,NP03,NP0328,NP0328403,1,NA,population projections 2026,male,age_group_75_79,33
Bagmati,Nuwakot,Tarakeshwor,NP03,NP0328,NP0328403,1,NA,population projections 2026,female,age_group_75_79,40
Bagmati,Nuwakot,Tarakeshwor,NP03,NP0328,NP0328403,1,NA,population projections 2026,total,age_group_80_84,37
Bagmati,Nuwakot,Tarakeshwor,NP03,NP0328,NP0328403,1,NA,population projections 2026,male,age_group_80_84,17
Bagmati,Nuwakot,Tarakeshwor,NP03,NP0328,NP0328403,1,NA,population projections 2026,female,age_group_80_84,20
Bagmati,Nuwakot,Tarakeshwor,NP03,NP0328,NP0328403,1,NA,population projections 2026,total,age_group_85_89,10
Bagmati,Nuwakot,Tarakeshwor,NP03,NP0328,NP0328403,1,NA,population projections 2026,male,age_group_85_89,5
Bagmati,Nuwakot,Tarakeshwor,NP03,NP0328,NP0328403,1,NA,population projections 2026,female,age_group_85_89,5
Bagmati,Nuwakot,Tarakeshwor,NP03,NP0328,NP0328403,1,NA,population projections 2026,total,age_group_90_94,8
Bagmati,Nuwakot,Tarakeshwor,NP03,NP0328,NP0328403,1,NA,population projections 2026,male,age_group_90_94,1
Bagmati,Nuwakot,Tarakeshwor,NP03,NP0328,NP0328403,1,NA,population projections 2026,female,age_group_90_94,7
Bagmati,Nuwakot,Tarakeshwor,NP03,NP0328,NP0328403,1,NA,population projections 2026,total,age_group_95plus,0
Bagmati,Nuwakot,Tarakeshwor,NP03,NP0328,NP0328403,1,NA,population projections 2026,male,age_group_95plus,0
Bagmati,Nuwakot,Tarakeshwor,NP03,NP0328,NP0328403,1,NA,population projections 2026,female,age_group_95plus,0
Bagmati,Nuwakot,Tarakeshwor,NP03,NP0328,NP0328403,2,affected,population projections 2026,total,population_total,2020
Bagmati,Nuwakot,Tarakeshwor,NP03,NP0328,NP0328403,2,affected,population projections 2026,male,population_overall_male,921
Bagmati,Nuwakot,Tarakeshwor,NP03,NP0328,NP0328403,2,affected,population projections 2026,female,population_overall_female,1099
Bagmati,Nuwakot,Tarakeshwor,NP03,NP0328,NP0328403,2,affected,population projections 2026,total,age_group_0_4,174
Bagmati,Nuwakot,Tarakeshwor,NP03,NP0328,NP0328403,2,affected,population projections 2026,male,age_group_0_4,91
Bagmati,Nuwakot,Tarakeshwor,NP03,NP0328,NP0328403,2,affected,population projections 2026,female,age_group_0_4,83
Bagmati,Nuwakot,Tarakeshwor,NP03,NP0328,NP0328403,2,affected,population projections 2026,total,age_group_5_9,175
Bagmati,Nuwakot,Tarakeshwor,NP03,NP0328,NP0328403,2,affected,population projections 2026,male,age_group_5_9,88
Bagmati,Nuwakot,Tarakeshwor,NP03,NP0328,NP0328403,2,affected,population projections 2026,female,age_group_5_9,87
Bagmati,Nuwakot,Tarakeshwor,NP03,NP0328,NP0328403,2,affected,population projections 2026,total,age_group_10_14,189
Bagmati,Nuwakot,Tarakeshwor,NP03,NP0328,NP0328403,2,affected,population projections 2026,male,age_group_10_14,93
Bagmati,Nuwakot,Tarakeshwor,NP03,NP0328,NP0328403,2,affected,population projections 2026,female,age_group_10_14,96
Bagmati,Nuwakot,Tarakeshwor,NP03,NP0328,NP0328403,2,affected,population projections 2026,total,age_group_15_19,178
Bagmati,Nuwakot,Tarakeshwor,NP03,NP0328,NP0328403,2,affected,population projections 2026,male,age_group_15_19,85
Bagmati,Nuwakot,Tarakeshwor,NP03,NP0328,NP0328403,2,affected,population projections 2026,female,age_group_15_19,93
Bagmati,Nuwakot,Tarakeshwor,NP03,NP0328,NP0328403,2,affected,population projections 2026,total,age_group_20_24,124
Bagmati,Nuwakot,Tarakeshwor,NP03,NP0328,NP0328403,2,affected,population projections 2026,male,age_group_20_24,52
Bagmati,Nuwakot,Tarakeshwor,NP03,NP0328,NP0328403,2,affected,population projections 2026,female,age_group_20_24,72
Bagmati,Nuwakot,Tarakeshwor,NP03,NP0328,NP0328403,2,affected,population projections 2026,total,age_group_25_29,106
Bagmati,Nuwakot,Tarakeshwor,NP03,NP0328,NP0328403,2,affected,population projections 2026,male,age_group_25_29,35
Bagmati,Nuwakot,Tarakeshwor,NP03,NP0328,NP0328403,2,affected,population projections 2026,female,age_group_25_29,71
Bagmati,Nuwakot,Tarakeshwor,NP03,NP0328,NP0328403,2,affected,population projections 2026,total,age_group_30_34,133
Bagmati,Nuwakot,Tarakeshwor,NP03,NP0328,NP0328403,2,affected,population projections 2026,male,age_group_30_34,46
Bagmati,Nuwakot,Tarakeshwor,NP03,NP0328,NP0328403,2,affected,population projections 2026,female,age_group_30_34,87
Bagmati,Nuwakot,Tarakeshwor,NP03,NP0328,NP0328403,2,affected,population projections 2026,total,age_group_35_39,116
Bagmati,Nuwakot,Tarakeshwor,NP03,NP0328,NP0328403,2,affected,population projections 2026,male,age_group_35_39,49
Bagmati,Nuwakot,Tarakeshwor,NP03,NP0328,NP0328403,2,affected,population projections 2026,female,age_group_35_39,67
Bagmati,Nuwakot,Tarakeshwor,NP03,NP0328,NP0328403,2,affected,population projections 2026,total,age_group_40_44,120
Bagmati,Nuwakot,Tarakeshwor,NP03,NP0328,NP0328403,2,affected,population projections 2026,male,age_group_40_44,51
Bagmati,Nuwakot,Tarakeshwor,NP03,NP0328,NP0328403,2,affected,population projections 2026,female,age_group_40_44,69
Bagmati,Nuwakot,Tarakeshwor,NP03,NP0328,NP0328403,2,affected,population projections 2026,total,age_group_45_49,122
Bagmati,Nuwakot,Tarakeshwor,NP03,NP0328,NP0328403,2,affected,population projections 2026,male,age_group_45_49,53
Bagmati,Nuwakot,Tarakeshwor,NP03,NP0328,NP0328403,2,affected,population projections 2026,female,age_group_45_49,69
Bagmati,Nuwakot,Tarakeshwor,NP03,NP0328,NP0328403,2,affected,population projections 2026,total,age_group_50_54,103
Bagmati,Nuwakot,Tarakeshwor,NP03,NP0328,NP0328403,2,affected,population projections 2026,male,age_group_50_54,50
Bagmati,Nuwakot,Tarakeshwor,NP03,NP0328,NP0328403,2,affected,population projections 2026,female,age_group_50_54,53
Bagmati,Nuwakot,Tarakeshwor,NP03,NP0328,NP0328403,2,affected,population projections 2026,total,age_group_55_59,108
Bagmati,Nuwakot,Tarakeshwor,NP03,NP0328,NP0328403,2,affected,population projections 2026,male,age_group_55_59,48
Bagmati,Nuwakot,Tarakeshwor,NP03,NP0328,NP0328403,2,affected,population projections 2026,female,age_group_55_59,60
Bagmati,Nuwakot,Tarakeshwor,NP03,NP0328,NP0328403,2,affected,population projections 2026,total,age_group_60_64,107
Bagmati,Nuwakot,Tarakeshwor,NP03,NP0328,NP0328403,2,affected,population projections 2026,male,age_group_60_64,52
Bagmati,Nuwakot,Tarakeshwor,NP03,NP0328,NP0328403,2,affected,population projections 2026,female,age_group_60_64,55
Bagmati,Nuwakot,Tarakeshwor,NP03,NP0328,NP0328403,2,affected,population projections 2026,total,age_group_65_69,88
Bagmati,Nuwakot,Tarakeshwor,NP03,NP0328,NP0328403,2,affected,population projections 2026,male,age_group_65_69,44
Bagmati,Nuwakot,Tarakeshwor,NP03,NP0328,NP0328403,2,affected,population projections 2026,female,age_group_65_69,44
Bagmati,Nuwakot,Tarakeshwor,NP03,NP0328,NP0328403,2,affected,population projections 2026,total,age_group_70_74,68
Bagmati,Nuwakot,Tarakeshwor,NP03,NP0328,NP0328403,2,affected,population projections 2026,male,age_group_70_74,35
Bagmati,Nuwakot,Tarakeshwor,NP03,NP0328,NP0328403,2,affected,population projections 2026,female,age_group_70_74,33
Bagmati,Nuwakot,Tarakeshwor,NP03,NP0328,NP0328403,2,affected,population projections 2026,total,age_group_75_79,59
Bagmati,Nuwakot,Tarakeshwor,NP03,NP0328,NP0328403,2,affected,population projections 2026,male,age_group_75_79,26
Bagmati,Nuwakot,Tarakeshwor,NP03,NP0328,NP0328403,2,affected,population projections 2026,female,age_group_75_79,33
Bagmati,Nuwakot,Tarakeshwor,NP03,NP0328,NP0328403,2,affected,population projections 2026,total,age_group_80_84,34
Bagmati,Nuwakot,Tarakeshwor,NP03,NP0328,NP0328403,2,affected,population projections 2026,male,age_group_80_84,16
Bagmati,Nuwakot,Tarakeshwor,NP03,NP0328,NP0328403,2,affected,population projections 2026,female,age_group_80_84,18
Bagmati,Nuwakot,Tarakeshwor,NP03,NP0328,NP0328403,2,affected,population projections 2026,total,age_group_85_89,13
Bagmati,Nuwakot,Tarakeshwor,NP03,NP0328,NP0328403,2,affected,population projections 2026,male,age_group_85_89,6
Bagmati,Nuwakot,Tarakeshwor,NP03,NP0328,NP0328403,2,affected,population projections 2026,female,age_group_85_89,7
Bagmati,Nuwakot,Tarakeshwor,NP03,NP0328,NP0328403,2,affected,population projections 2026,total,age_group_90_94,3
Bagmati,Nuwakot,Tarakeshwor,NP03,NP0328,NP0328403,2,affected,population projections 2026,male,age_group_90_94,1
Bagmati,Nuwakot,Tarakeshwor,NP03,NP0328,NP0328403,2,affected,population projections 2026,female,age_group_90_94,2
Bagmati,Nuwakot,Tarakeshwor,NP03,NP0328,NP0328403,2,affected,population projections 2026,total,age_group_95plus,0
Bagmati,Nuwakot,Tarakeshwor,NP03,NP0328,NP0328403,2,affected,population projections 2026,male,age_group_95plus,0
Bagmati,Nuwakot,Tarakeshwor,NP03,NP0328,NP0328403,2,affected,population projections 2026,female,age_group_95plus,0
Bagmati,Nuwakot,Tarakeshwor,NP03,NP0328,NP0328403,3,NA,population projections 2026,total,population_total,2366
Bagmati,Nuwakot,Tarakeshwor,NP03,NP0328,NP0328403,3,NA,population projections 2026,male,population_overall_male,1037
Bagmati,Nuwakot,Tarakeshwor,NP03,NP0328,NP0328403,3,NA,population projections 2026,female,population_overall_female,1329
Bagmati,Nuwakot,Tarakeshwor,NP03,NP0328,NP0328403,3,NA,population projections 2026,total,age_group_0_4,212
Bagmati,Nuwakot,Tarakeshwor,NP03,NP0328,NP0328403,3,NA,population projections 2026,male,age_group_0_4,111
Bagmati,Nuwakot,Tarakeshwor,NP03,NP0328,NP0328403,3,NA,population projections 2026,female,age_group_0_4,101
Bagmati,Nuwakot,Tarakeshwor,NP03,NP0328,NP0328403,3,NA,population projections 2026,total,age_group_5_9,239
Bagmati,Nuwakot,Tarakeshwor,NP03,NP0328,NP0328403,3,NA,population projections 2026,male,age_group_5_9,125
Bagmati,Nuwakot,Tarakeshwor,NP03,NP0328,NP0328403,3,NA,population projections 2026,female,age_group_5_9,114
Bagmati,Nuwakot,Tarakeshwor,NP03,NP0328,NP0328403,3,NA,population projections 2026,total,age_group_10_14,261
Bagmati,Nuwakot,Tarakeshwor,NP03,NP0328,NP0328403,3,NA,population projections 2026,male,age_group_10_14,133
Bagmati,Nuwakot,Tarakeshwor,NP03,NP0328,NP0328403,3,NA,population projections 2026,female,age_group_10_14,128
Bagmati,Nuwakot,Tarakeshwor,NP03,NP0328,NP0328403,3,NA,population projections 2026,total,age_group_15_19,219
Bagmati,Nuwakot,Tarakeshwor,NP03,NP0328,NP0328403,3,NA,population projections 2026,male,age_group_15_19,103
Bagmati,Nuwakot,Tarakeshwor,NP03,NP0328,NP0328403,3,NA,population projections 2026,female,age_group_15_19,116
Bagmati,Nuwakot,Tarakeshwor,NP03,NP0328,NP0328403,3,NA,population projections 2026,total,age_group_20_24,135
Bagmati,Nuwakot,Tarakeshwor,NP03,NP0328,NP0328403,3,NA,population projections 2026,male,age_group_20_24,48
Bagmati,Nuwakot,Tarakeshwor,NP03,NP0328,NP0328403,3,NA,population projections 2026,female,age_group_20_24,87
Bagmati,Nuwakot,Tarakeshwor,NP03,NP0328,NP0328403,3,NA,population projections 2026,total,age_group_25_29,120
Bagmati,Nuwakot,Tarakeshwor,NP03,NP0328,NP0328403,3,NA,population projections 2026,male,age_group_25_29,36
Bagmati,Nuwakot,Tarakeshwor,NP03,NP0328,NP0328403,3,NA,population projections 2026,female,age_group_25_29,84
Bagmati,Nuwakot,Tarakeshwor,NP03,NP0328,NP0328403,3,NA,population projections 2026,total,age_group_30_34,153
Bagmati,Nuwakot,Tarakeshwor,NP03,NP0328,NP0328403,3,NA,population projections 2026,male,age_group_30_34,46
Bagmati,Nuwakot,Tarakeshwor,NP03,NP0328,NP0328403,3,NA,population projections 2026,female,age_group_30_34,107
Bagmati,Nuwakot,Tarakeshwor,NP03,NP0328,NP0328403,3,NA,population projections 2026,total,age_group_35_39,147
Bagmati,Nuwakot,Tarakeshwor,NP03,NP0328,NP0328403,3,NA,population projections 2026,male,age_group_35_39,49
Bagmati,Nuwakot,Tarakeshwor,NP03,NP0328,NP0328403,3,NA,population projections 2026,female,age_group_35_39,98
Bagmati,Nuwakot,Tarakeshwor,NP03,NP0328,NP0328403,3,NA,population projections 2026,total,age_group_40_44,116
Bagmati,Nuwakot,Tarakeshwor,NP03,NP0328,NP0328403,3,NA,population projections 2026,male,age_group_40_44,45
Bagmati,Nuwakot,Tarakeshwor,NP03,NP0328,NP0328403,3,NA,population projections 2026,female,age_group_40_44,71
Bagmati,Nuwakot,Tarakeshwor,NP03,NP0328,NP0328403,3,NA,population projections 2026,total,age_group_45_49,102
Bagmati,Nuwakot,Tarakeshwor,NP03,NP0328,NP0328403,3,NA,population projections 2026,male,age_group_45_49,42
Bagmati,Nuwakot,Tarakeshwor,NP03,NP0328,NP0328403,3,NA,population projections 2026,female,age_group_45_49,60
Bagmati,Nuwakot,Tarakeshwor,NP03,NP0328,NP0328403,3,NA,population projections 2026,total,age_group_50_54,110
Bagmati,Nuwakot,Tarakeshwor,NP03,NP0328,NP0328403,3,NA,population projections 2026,male,age_group_50_54,47
Bagmati,Nuwakot,Tarakeshwor,NP03,NP0328,NP0328403,3,NA,population projections 2026,female,age_group_50_54,63
Bagmati,Nuwakot,Tarakeshwor,NP03,NP0328,NP0328403,3,NA,population projections 2026,total,age_group_55_59,110
Bagmati,Nuwakot,Tarakeshwor,NP03,NP0328,NP0328403,3,NA,population projections 2026,male,age_group_55_59,49
Bagmati,Nuwakot,Tarakeshwor,NP03,NP0328,NP0328403,3,NA,population projections 2026,female,age_group_55_59,61
Bagmati,Nuwakot,Tarakeshwor,NP03,NP0328,NP0328403,3,NA,population projections 2026,total,age_group_60_64,130
Bagmati,Nuwakot,Tarakeshwor,NP03,NP0328,NP0328403,3,NA,population projections 2026,male,age_group_60_64,56
Bagmati,Nuwakot,Tarakeshwor,NP03,NP0328,NP0328403,3,NA,population projections 2026,female,age_group_60_64,74
Bagmati,Nuwakot,Tarakeshwor,NP03,NP0328,NP0328403,3,NA,population projections 2026,total,age_group_65_69,112
Bagmati,Nuwakot,Tarakeshwor,NP03,NP0328,NP0328403,3,NA,population projections 2026,male,age_group_65_69,56
Bagmati,Nuwakot,Tarakeshwor,NP03,NP0328,NP0328403,3,NA,population projections 2026,female,age_group_65_69,56
Bagmati,Nuwakot,Tarakeshwor,NP03,NP0328,NP0328403,3,NA,population projections 2026,total,age_group_70_74,78
Bagmati,Nuwakot,Tarakeshwor,NP03,NP0328,NP0328403,3,NA,population projections 2026,male,age_group_70_74,39
Bagmati,Nuwakot,Tarakeshwor,NP03,NP0328,NP0328403,3,NA,population projections 2026,female,age_group_70_74,39
Bagmati,Nuwakot,Tarakeshwor,NP03,NP0328,NP0328403,3,NA,population projections 2026,total,age_group_75_79,67
Bagmati,Nuwakot,Tarakeshwor,NP03,NP0328,NP0328403,3,NA,population projections 2026,male,age_group_75_79,32
Bagmati,Nuwakot,Tarakeshwor,NP03,NP0328,NP0328403,3,NA,population projections 2026,female,age_group_75_79,35
Bagmati,Nuwakot,Tarakeshwor,NP03,NP0328,NP0328403,3,NA,population projections 2026,total,age_group_80_84,32
Bagmati,Nuwakot,Tarakeshwor,NP03,NP0328,NP0328403,3,NA,population projections 2026,male,age_group_80_84,12
Bagmati,Nuwakot,Tarakeshwor,NP03,NP0328,NP0328403,3,NA,population projections 2026,female,age_group_80_84,20
Bagmati,Nuwakot,Tarakeshwor,NP03,NP0328,NP0328403,3,NA,population projections 2026,total,age_group_85_89,15
Bagmati,Nuwakot,Tarakeshwor,NP03,NP0328,NP0328403,3,NA,population projections 2026,male,age_group_85_89,5
Bagmati,Nuwakot,Tarakeshwor,NP03,NP0328,NP0328403,3,NA,population projections 2026,female,age_group_85_89,10
Bagmati,Nuwakot,Tarakeshwor,NP03,NP0328,NP0328403,3,NA,population projections 2026,total,age_group_90_94,8
Bagmati,Nuwakot,Tarakeshwor,NP03,NP0328,NP0328403,3,NA,population projections 2026,male,age_group_90_94,3
Bagmati,Nuwakot,Tarakeshwor,NP03,NP0328,NP0328403,3,NA,population projections 2026,female,age_group_90_94,5
Bagmati,Nuwakot,Tarakeshwor,NP03,NP0328,NP0328403,3,NA,population projections 2026,total,age_group_95plus,0
Bagmati,Nuwakot,Tarakeshwor,NP03,NP0328,NP0328403,3,NA,population projections 2026,male,age_group_95plus,0
Bagmati,Nuwakot,Tarakeshwor,NP03,NP0328,NP0328403,3,NA,population projections 2026,female,age_group_95plus,0
Bagmati,Nuwakot,Tarakeshwor,NP03,NP0328,NP0328403,4,affected,population projections 2026,total,population_total,2157
Bagmati,Nuwakot,Tarakeshwor,NP03,NP0328,NP0328403,4,affected,population projections 2026,male,population_overall_male,968
Bagmati,Nuwakot,Tarakeshwor,NP03,NP0328,NP0328403,4,affected,population projections 2026,female,population_overall_female,1189
Bagmati,Nuwakot,Tarakeshwor,NP03,NP0328,NP0328403,4,affected,population projections 2026,total,age_group_0_4,190
Bagmati,Nuwakot,Tarakeshwor,NP03,NP0328,NP0328403,4,affected,population projections 2026,male,age_group_0_4,100
Bagmati,Nuwakot,Tarakeshwor,NP03,NP0328,NP0328403,4,affected,population projections 2026,female,age_group_0_4,90
Bagmati,Nuwakot,Tarakeshwor,NP03,NP0328,NP0328403,4,affected,population projections 2026,total,age_group_5_9,159
Bagmati,Nuwakot,Tarakeshwor,NP03,NP0328,NP0328403,4,affected,population projections 2026,male,age_group_5_9,82
Bagmati,Nuwakot,Tarakeshwor,NP03,NP0328,NP0328403,4,affected,population projections 2026,female,age_group_5_9,77
Bagmati,Nuwakot,Tarakeshwor,NP03,NP0328,NP0328403,4,affected,population projections 2026,total,age_group_10_14,173
Bagmati,Nuwakot,Tarakeshwor,NP03,NP0328,NP0328403,4,affected,population projections 2026,male,age_group_10_14,89
Bagmati,Nuwakot,Tarakeshwor,NP03,NP0328,NP0328403,4,affected,population projections 2026,female,age_group_10_14,84
Bagmati,Nuwakot,Tarakeshwor,NP03,NP0328,NP0328403,4,affected,population projections 2026,total,age_group_15_19,174
Bagmati,Nuwakot,Tarakeshwor,NP03,NP0328,NP0328403,4,affected,population projections 2026,male,age_group_15_19,78
Bagmati,Nuwakot,Tarakeshwor,NP03,NP0328,NP0328403,4,affected,population projections 2026,female,age_group_15_19,96
Bagmati,Nuwakot,Tarakeshwor,NP03,NP0328,NP0328403,4,affected,population projections 2026,total,age_group_20_24,147
Bagmati,Nuwakot,Tarakeshwor,NP03,NP0328,NP0328403,4,affected,population projections 2026,male,age_group_20_24,52
Bagmati,Nuwakot,Tarakeshwor,NP03,NP0328,NP0328403,4,affected,population projections 2026,female,age_group_20_24,95
Bagmati,Nuwakot,Tarakeshwor,NP03,NP0328,NP0328403,4,affected,population projections 2026,total,age_group_25_29,117
Bagmati,Nuwakot,Tarakeshwor,NP03,NP0328,NP0328403,4,affected,population projections 2026,male,age_group_25_29,39
Bagmati,Nuwakot,Tarakeshwor,NP03,NP0328,NP0328403,4,affected,population projections 2026,female,age_group_25_29,78
Bagmati,Nuwakot,Tarakeshwor,NP03,NP0328,NP0328403,4,affected,population projections 2026,total,age_group_30_34,118
Bagmati,Nuwakot,Tarakeshwor,NP03,NP0328,NP0328403,4,affected,population projections 2026,male,age_group_30_34,45
Bagmati,Nuwakot,Tarakeshwor,NP03,NP0328,NP0328403,4,affected,population projections 2026,female,age_group_30_34,73
Bagmati,Nuwakot,Tarakeshwor,NP03,NP0328,NP0328403,4,affected,population projections 2026,total,age_group_35_39,128
Bagmati,Nuwakot,Tarakeshwor,NP03,NP0328,NP0328403,4,affected,population projections 2026,male,age_group_35_39,48
Bagmati,Nuwakot,Tarakeshwor,NP03,NP0328,NP0328403,4,affected,population projections 2026,female,age_group_35_39,80
Bagmati,Nuwakot,Tarakeshwor,NP03,NP0328,NP0328403,4,affected,population projections 2026,total,age_group_40_44,118
Bagmati,Nuwakot,Tarakeshwor,NP03,NP0328,NP0328403,4,affected,population projections 2026,male,age_group_40_44,46
Bagmati,Nuwakot,Tarakeshwor,NP03,NP0328,NP0328403,4,affected,population projections 2026,female,age_group_40_44,72
Bagmati,Nuwakot,Tarakeshwor,NP03,NP0328,NP0328403,4,affected,population projections 2026,total,age_group_45_49,121
Bagmati,Nuwakot,Tarakeshwor,NP03,NP0328,NP0328403,4,affected,population projections 2026,male,age_group_45_49,55
Bagmati,Nuwakot,Tarakeshwor,NP03,NP0328,NP0328403,4,affected,population projections 2026,female,age_group_45_49,66
Bagmati,Nuwakot,Tarakeshwor,NP03,NP0328,NP0328403,4,affected,population projections 2026,total,age_group_50_54,121
Bagmati,Nuwakot,Tarakeshwor,NP03,NP0328,NP0328403,4,affected,population projections 2026,male,age_group_50_54,54
Bagmati,Nuwakot,Tarakeshwor,NP03,NP0328,NP0328403,4,affected,population projections 2026,female,age_group_50_54,67
Bagmati,Nuwakot,Tarakeshwor,NP03,NP0328,NP0328403,4,affected,population projections 2026,total,age_group_55_59,125
Bagmati,Nuwakot,Tarakeshwor,NP03,NP0328,NP0328403,4,affected,population projections 2026,male,age_group_55_59,55
Bagmati,Nuwakot,Tarakeshwor,NP03,NP0328,NP0328403,4,affected,population projections 2026,female,age_group_55_59,70
Bagmati,Nuwakot,Tarakeshwor,NP03,NP0328,NP0328403,4,affected,population projections 2026,total,age_group_60_64,129
Bagmati,Nuwakot,Tarakeshwor,NP03,NP0328,NP0328403,4,affected,population projections 2026,male,age_group_60_64,62
Bagmati,Nuwakot,Tarakeshwor,NP03,NP0328,NP0328403,4,affected,population projections 2026,female,age_group_60_64,67
Bagmati,Nuwakot,Tarakeshwor,NP03,NP0328,NP0328403,4,affected,population projections 2026,total,age_group_65_69,130
Bagmati,Nuwakot,Tarakeshwor,NP03,NP0328,NP0328403,4,affected,population projections 2026,male,age_group_65_69,67
Bagmati,Nuwakot,Tarakeshwor,NP03,NP0328,NP0328403,4,affected,population projections 2026,female,age_group_65_69,63
Bagmati,Nuwakot,Tarakeshwor,NP03,NP0328,NP0328403,4,affected,population projections 2026,total,age_group_70_74,90
Bagmati,Nuwakot,Tarakeshwor,NP03,NP0328,NP0328403,4,affected,population projections 2026,male,age_group_70_74,45
Bagmati,Nuwakot,Tarakeshwor,NP03,NP0328,NP0328403,4,affected,population projections 2026,female,age_group_70_74,45
Bagmati,Nuwakot,Tarakeshwor,NP03,NP0328,NP0328403,4,affected,population projections 2026,total,age_group_75_79,61
Bagmati,Nuwakot,Tarakeshwor,NP03,NP0328,NP0328403,4,affected,population projections 2026,male,age_group_75_79,31
Bagmati,Nuwakot,Tarakeshwor,NP03,NP0328,NP0328403,4,affected,population projections 2026,female,age_group_75_79,30
Bagmati,Nuwakot,Tarakeshwor,NP03,NP0328,NP0328403,4,affected,population projections 2026,total,age_group_80_84,33
Bagmati,Nuwakot,Tarakeshwor,NP03,NP0328,NP0328403,4,affected,population projections 2026,male,age_group_80_84,12
Bagmati,Nuwakot,Tarakeshwor,NP03,NP0328,NP0328403,4,affected,population projections 2026,female,age_group_80_84,21
Bagmati,Nuwakot,Tarakeshwor,NP03,NP0328,NP0328403,4,affected,population projections 2026,total,age_group_85_89,11
Bagmati,Nuwakot,Tarakeshwor,NP03,NP0328,NP0328403,4,affected,population projections 2026,male,age_group_85_89,5
Bagmati,Nuwakot,Tarakeshwor,NP03,NP0328,NP0328403,4,affected,population projections 2026,female,age_group_85_89,6
Bagmati,Nuwakot,Tarakeshwor,NP03,NP0328,NP0328403,4,affected,population projections 2026,total,age_group_90_94,11
Bagmati,Nuwakot,Tarakeshwor,NP03,NP0328,NP0328403,4,affected,population projections 2026,male,age_group_90_94,3
Bagmati,Nuwakot,Tarakeshwor,NP03,NP0328,NP0328403,4,affected,population projections 2026,female,age_group_90_94,8
Bagmati,Nuwakot,Tarakeshwor,NP03,NP0328,NP0328403,4,affected,population projections 2026,total,age_group_95plus,1
Bagmati,Nuwakot,Tarakeshwor,NP03,NP0328,NP0328403,4,affected,population projections 2026,male,age_group_95plus,0
Bagmati,Nuwakot,Tarakeshwor,NP03,NP0328,NP0328403,4,affected,population projections 2026,female,age_group_95plus,1
Bagmati,Nuwakot,Tarakeshwor,NP03,NP0328,NP0328403,5,NA,population projections 2026,total,population_total,2428
Bagmati,Nuwakot,Tarakeshwor,NP03,NP0328,NP0328403,5,NA,population projections 2026,male,population_overall_male,1105
Bagmati,Nuwakot,Tarakeshwor,NP03,NP0328,NP0328403,5,NA,population projections 2026,female,population_overall_female,1323
Bagmati,Nuwakot,Tarakeshwor,NP03,NP0328,NP0328403,5,NA,population projections 2026,total,age_group_0_4,219
Bagmati,Nuwakot,Tarakeshwor,NP03,NP0328,NP0328403,5,NA,population projections 2026,male,age_group_0_4,114
Bagmati,Nuwakot,Tarakeshwor,NP03,NP0328,NP0328403,5,NA,population projections 2026,female,age_group_0_4,105
Bagmati,Nuwakot,Tarakeshwor,NP03,NP0328,NP0328403,5,NA,population projections 2026,total,age_group_5_9,230
Bagmati,Nuwakot,Tarakeshwor,NP03,NP0328,NP0328403,5,NA,population projections 2026,male,age_group_5_9,117
Bagmati,Nuwakot,Tarakeshwor,NP03,NP0328,NP0328403,5,NA,population projections 2026,female,age_group_5_9,113
Bagmati,Nuwakot,Tarakeshwor,NP03,NP0328,NP0328403,5,NA,population projections 2026,total,age_group_10_14,223
Bagmati,Nuwakot,Tarakeshwor,NP03,NP0328,NP0328403,5,NA,population projections 2026,male,age_group_10_14,107
Bagmati,Nuwakot,Tarakeshwor,NP03,NP0328,NP0328403,5,NA,population projections 2026,female,age_group_10_14,116
Bagmati,Nuwakot,Tarakeshwor,NP03,NP0328,NP0328403,5,NA,population projections 2026,total,age_group_15_19,207
Bagmati,Nuwakot,Tarakeshwor,NP03,NP0328,NP0328403,5,NA,population projections 2026,male,age_group_15_19,94
Bagmati,Nuwakot,Tarakeshwor,NP03,NP0328,NP0328403,5,NA,population projections 2026,female,age_group_15_19,113
Bagmati,Nuwakot,Tarakeshwor,NP03,NP0328,NP0328403,5,NA,population projections 2026,total,age_group_20_24,191
Bagmati,Nuwakot,Tarakeshwor,NP03,NP0328,NP0328403,5,NA,population projections 2026,male,age_group_20_24,78
Bagmati,Nuwakot,Tarakeshwor,NP03,NP0328,NP0328403,5,NA,population projections 2026,female,age_group_20_24,113
Bagmati,Nuwakot,Tarakeshwor,NP03,NP0328,NP0328403,5,NA,population projections 2026,total,age_group_25_29,144
Bagmati,Nuwakot,Tarakeshwor,NP03,NP0328,NP0328403,5,NA,population projections 2026,male,age_group_25_29,58
Bagmati,Nuwakot,Tarakeshwor,NP03,NP0328,NP0328403,5,NA,population projections 2026,female,age_group_25_29,86
Bagmati,Nuwakot,Tarakeshwor,NP03,NP0328,NP0328403,5,NA,population projections 2026,total,age_group_30_34,150
Bagmati,Nuwakot,Tarakeshwor,NP03,NP0328,NP0328403,5,NA,population projections 2026,male,age_group_30_34,58
Bagmati,Nuwakot,Tarakeshwor,NP03,NP0328,NP0328403,5,NA,population projections 2026,female,age_group_30_34,92
Bagmati,Nuwakot,Tarakeshwor,NP03,NP0328,NP0328403,5,NA,population projections 2026,total,age_group_35_39,130
Bagmati,Nuwakot,Tarakeshwor,NP03,NP0328,NP0328403,5,NA,population projections 2026,male,age_group_35_39,58
Bagmati,Nuwakot,Tarakeshwor,NP03,NP0328,NP0328403,5,NA,population projections 2026,female,age_group_35_39,72
Bagmati,Nuwakot,Tarakeshwor,NP03,NP0328,NP0328403,5,NA,population projections 2026,total,age_group_40_44,153
Bagmati,Nuwakot,Tarakeshwor,NP03,NP0328,NP0328403,5,NA,population projections 2026,male,age_group_40_44,69
Bagmati,Nuwakot,Tarakeshwor,NP03,NP0328,NP0328403,5,NA,population projections 2026,female,age_group_40_44,84
Bagmati,Nuwakot,Tarakeshwor,NP03,NP0328,NP0328403,5,NA,population projections 2026,total,age_group_45_49,142
Bagmati,Nuwakot,Tarakeshwor,NP03,NP0328,NP0328403,5,NA,population projections 2026,male,age_group_45_49,62
Bagmati,Nuwakot,Tarakeshwor,NP03,NP0328,NP0328403,5,NA,population projections 2026,female,age_group_45_49,80
Bagmati,Nuwakot,Tarakeshwor,NP03,NP0328,NP0328403,5,NA,population projections 2026,total,age_group_50_54,129
Bagmati,Nuwakot,Tarakeshwor,NP03,NP0328,NP0328403,5,NA,population projections 2026,male,age_group_50_54,58
Bagmati,Nuwakot,Tarakeshwor,NP03,NP0328,NP0328403,5,NA,population projections 2026,female,age_group_50_54,71
Bagmati,Nuwakot,Tarakeshwor,NP03,NP0328,NP0328403,5,NA,population projections 2026,total,age_group_55_59,126
Bagmati,Nuwakot,Tarakeshwor,NP03,NP0328,NP0328403,5,NA,population projections 2026,male,age_group_55_59,64
Bagmati,Nuwakot,Tarakeshwor,NP03,NP0328,NP0328403,5,NA,population projections 2026,female,age_group_55_59,62
Bagmati,Nuwakot,Tarakeshwor,NP03,NP0328,NP0328403,5,NA,population projections 2026,total,age_group_60_64,100
Bagmati,Nuwakot,Tarakeshwor,NP03,NP0328,NP0328403,5,NA,population projections 2026,male,age_group_60_64,44
Bagmati,Nuwakot,Tarakeshwor,NP03,NP0328,NP0328403,5,NA,population projections 2026,female,age_group_60_64,56
Bagmati,Nuwakot,Tarakeshwor,NP03,NP0328,NP0328403,5,NA,population projections 2026,total,age_group_65_69,102
Bagmati,Nuwakot,Tarakeshwor,NP03,NP0328,NP0328403,5,NA,population projections 2026,male,age_group_65_69,47
Bagmati,Nuwakot,Tarakeshwor,NP03,NP0328,NP0328403,5,NA,population projections 2026,female,age_group_65_69,55
Bagmati,Nuwakot,Tarakeshwor,NP03,NP0328,NP0328403,5,NA,population projections 2026,total,age_group_70_74,71
Bagmati,Nuwakot,Tarakeshwor,NP03,NP0328,NP0328403,5,NA,population projections 2026,male,age_group_70_74,29
Bagmati,Nuwakot,Tarakeshwor,NP03,NP0328,NP0328403,5,NA,population projections 2026,female,age_group_70_74,42
Bagmati,Nuwakot,Tarakeshwor,NP03,NP0328,NP0328403,5,NA,population projections 2026,total,age_group_75_79,58
Bagmati,Nuwakot,Tarakeshwor,NP03,NP0328,NP0328403,5,NA,population projections 2026,male,age_group_75_79,25
Bagmati,Nuwakot,Tarakeshwor,NP03,NP0328,NP0328403,5,NA,population projections 2026,female,age_group_75_79,33
Bagmati,Nuwakot,Tarakeshwor,NP03,NP0328,NP0328403,5,NA,population projections 2026,total,age_group_80_84,36
Bagmati,Nuwakot,Tarakeshwor,NP03,NP0328,NP0328403,5,NA,population projections 2026,male,age_group_80_84,16
Bagmati,Nuwakot,Tarakeshwor,NP03,NP0328,NP0328403,5,NA,population projections 2026,female,age_group_80_84,20
Bagmati,Nuwakot,Tarakeshwor,NP03,NP0328,NP0328403,5,NA,population projections 2026,total,age_group_85_89,11
Bagmati,Nuwakot,Tarakeshwor,NP03,NP0328,NP0328403,5,NA,population projections 2026,male,age_group_85_89,5
Bagmati,Nuwakot,Tarakeshwor,NP03,NP0328,NP0328403,5,NA,population projections 2026,female,age_group_85_89,6
Bagmati,Nuwakot,Tarakeshwor,NP03,NP0328,NP0328403,5,NA,population projections 2026,total,age_group_90_94,6
Bagmati,Nuwakot,Tarakeshwor,NP03,NP0328,NP0328403,5,NA,population projections 2026,male,age_group_90_94,2
Bagmati,Nuwakot,Tarakeshwor,NP03,NP0328,NP0328403,5,NA,population projections 2026,female,age_group_90_94,4
Bagmati,Nuwakot,Tarakeshwor,NP03,NP0328,NP0328403,5,NA,population projections 2026,total,age_group_95plus,0
Bagmati,Nuwakot,Tarakeshwor,NP03,NP0328,NP0328403,5,NA,population projections 2026,male,age_group_95plus,0
Bagmati,Nuwakot,Tarakeshwor,NP03,NP0328,NP0328403,5,NA,population projections 2026,female,age_group_95plus,0
Bagmati,Nuwakot,Tarakeshwor,NP03,NP0328,NP0328403,6,NA,population projections 2026,total,population_total,1516
Bagmati,Nuwakot,Tarakeshwor,NP03,NP0328,NP0328403,6,NA,population projections 2026,male,population_overall_male,691
Bagmati,Nuwakot,Tarakeshwor,NP03,NP0328,NP0328403,6,NA,population projections 2026,female,population_overall_female,825
Bagmati,Nuwakot,Tarakeshwor,NP03,NP0328,NP0328403,6,NA,population projections 2026,total,age_group_0_4,135
Bagmati,Nuwakot,Tarakeshwor,NP03,NP0328,NP0328403,6,NA,population projections 2026,male,age_group_0_4,70
Bagmati,Nuwakot,Tarakeshwor,NP03,NP0328,NP0328403,6,NA,population projections 2026,female,age_group_0_4,65
Bagmati,Nuwakot,Tarakeshwor,NP03,NP0328,NP0328403,6,NA,population projections 2026,total,age_group_5_9,117
Bagmati,Nuwakot,Tarakeshwor,NP03,NP0328,NP0328403,6,NA,population projections 2026,male,age_group_5_9,62
Bagmati,Nuwakot,Tarakeshwor,NP03,NP0328,NP0328403,6,NA,population projections 2026,female,age_group_5_9,55
Bagmati,Nuwakot,Tarakeshwor,NP03,NP0328,NP0328403,6,NA,population projections 2026,total,age_group_10_14,121
Bagmati,Nuwakot,Tarakeshwor,NP03,NP0328,NP0328403,6,NA,population projections 2026,male,age_group_10_14,60
Bagmati,Nuwakot,Tarakeshwor,NP03,NP0328,NP0328403,6,NA,population projections 2026,female,age_group_10_14,61
Bagmati,Nuwakot,Tarakeshwor,NP03,NP0328,NP0328403,6,NA,population projections 2026,total,age_group_15_19,120
Bagmati,Nuwakot,Tarakeshwor,NP03,NP0328,NP0328403,6,NA,population projections 2026,male,age_group_15_19,56
Bagmati,Nuwakot,Tarakeshwor,NP03,NP0328,NP0328403,6,NA,population projections 2026,female,age_group_15_19,64
Bagmati,Nuwakot,Tarakeshwor,NP03,NP0328,NP0328403,6,NA,population projections 2026,total,age_group_20_24,115
Bagmati,Nuwakot,Tarakeshwor,NP03,NP0328,NP0328403,6,NA,population projections 2026,male,age_group_20_24,44
Bagmati,Nuwakot,Tarakeshwor,NP03,NP0328,NP0328403,6,NA,population projections 2026,female,age_group_20_24,71
Bagmati,Nuwakot,Tarakeshwor,NP03,NP0328,NP0328403,6,NA,population projections 2026,total,age_group_25_29,90
Bagmati,Nuwakot,Tarakeshwor,NP03,NP0328,NP0328403,6,NA,population projections 2026,male,age_group_25_29,34
Bagmati,Nuwakot,Tarakeshwor,NP03,NP0328,NP0328403,6,NA,population projections 2026,female,age_group_25_29,56
Bagmati,Nuwakot,Tarakeshwor,NP03,NP0328,NP0328403,6,NA,population projections 2026,total,age_group_30_34,79
Bagmati,Nuwakot,Tarakeshwor,NP03,NP0328,NP0328403,6,NA,population projections 2026,male,age_group_30_34,32
Bagmati,Nuwakot,Tarakeshwor,NP03,NP0328,NP0328403,6,NA,population projections 2026,female,age_group_30_34,47
Bagmati,Nuwakot,Tarakeshwor,NP03,NP0328,NP0328403,6,NA,population projections 2026,total,age_group_35_39,87
Bagmati,Nuwakot,Tarakeshwor,NP03,NP0328,NP0328403,6,NA,population projections 2026,male,age_group_35_39,44
Bagmati,Nuwakot,Tarakeshwor,NP03,NP0328,NP0328403,6,NA,population projections 2026,female,age_group_35_39,43
Bagmati,Nuwakot,Tarakeshwor,NP03,NP0328,NP0328403,6,NA,population projections 2026,total,age_group_40_44,90
Bagmati,Nuwakot,Tarakeshwor,NP03,NP0328,NP0328403,6,NA,population projections 2026,male,age_group_40_44,38
Bagmati,Nuwakot,Tarakeshwor,NP03,NP0328,NP0328403,6,NA,population projections 2026,female,age_group_40_44,52
Bagmati,Nuwakot,Tarakeshwor,NP03,NP0328,NP0328403,6,NA,population projections 2026,total,age_group_45_49,81
Bagmati,Nuwakot,Tarakeshwor,NP03,NP0328,NP0328403,6,NA,population projections 2026,male,age_group_45_49,37
Bagmati,Nuwakot,Tarakeshwor,NP03,NP0328,NP0328403,6,NA,population projections 2026,female,age_group_45_49,44
Bagmati,Nuwakot,Tarakeshwor,NP03,NP0328,NP0328403,6,NA,population projections 2026,total,age_group_50_54,70
Bagmati,Nuwakot,Tarakeshwor,NP03,NP0328,NP0328403,6,NA,population projections 2026,male,age_group_50_54,32
Bagmati,Nuwakot,Tarakeshwor,NP03,NP0328,NP0328403,6,NA,population projections 2026,female,age_group_50_54,38
Bagmati,Nuwakot,Tarakeshwor,NP03,NP0328,NP0328403,6,NA,population projections 2026,total,age_group_55_59,93
Bagmati,Nuwakot,Tarakeshwor,NP03,NP0328,NP0328403,6,NA,population projections 2026,male,age_group_55_59,37
Bagmati,Nuwakot,Tarakeshwor,NP03,NP0328,NP0328403,6,NA,population projections 2026,female,age_group_55_59,56
Bagmati,Nuwakot,Tarakeshwor,NP03,NP0328,NP0328403,6,NA,population projections 2026,total,age_group_60_64,72
Bagmati,Nuwakot,Tarakeshwor,NP03,NP0328,NP0328403,6,NA,population projections 2026,male,age_group_60_64,31
Bagmati,Nuwakot,Tarakeshwor,NP03,NP0328,NP0328403,6,NA,population projections 2026,female,age_group_60_64,41
Bagmati,Nuwakot,Tarakeshwor,NP03,NP0328,NP0328403,6,NA,population projections 2026,total,age_group_65_69,87
Bagmati,Nuwakot,Tarakeshwor,NP03,NP0328,NP0328403,6,NA,population projections 2026,male,age_group_65_69,39
Bagmati,Nuwakot,Tarakeshwor,NP03,NP0328,NP0328403,6,NA,population projections 2026,female,age_group_65_69,48
Bagmati,Nuwakot,Tarakeshwor,NP03,NP0328,NP0328403,6,NA,population projections 2026,total,age_group_70_74,70
Bagmati,Nuwakot,Tarakeshwor,NP03,NP0328,NP0328403,6,NA,population projections 2026,male,age_group_70_74,33
Bagmati,Nuwakot,Tarakeshwor,NP03,NP0328,NP0328403,6,NA,population projections 2026,female,age_group_70_74,37
Bagmati,Nuwakot,Tarakeshwor,NP03,NP0328,NP0328403,6,NA,population projections 2026,total,age_group_75_79,50
Bagmati,Nuwakot,Tarakeshwor,NP03,NP0328,NP0328403,6,NA,population projections 2026,male,age_group_75_79,24
Bagmati,Nuwakot,Tarakeshwor,NP03,NP0328,NP0328403,6,NA,population projections 2026,female,age_group_75_79,26
Bagmati,Nuwakot,Tarakeshwor,NP03,NP0328,NP0328403,6,NA,population projections 2026,total,age_group_80_84,23
Bagmati,Nuwakot,Tarakeshwor,NP03,NP0328,NP0328403,6,NA,population projections 2026,male,age_group_80_84,11
Bagmati,Nuwakot,Tarakeshwor,NP03,NP0328,NP0328403,6,NA,population projections 2026,female,age_group_80_84,12
Bagmati,Nuwakot,Tarakeshwor,NP03,NP0328,NP0328403,6,NA,population projections 2026,total,age_group_85_89,10
Bagmati,Nuwakot,Tarakeshwor,NP03,NP0328,NP0328403,6,NA,population projections 2026,male,age_group_85_89,5
Bagmati,Nuwakot,Tarakeshwor,NP03,NP0328,NP0328403,6,NA,population projections 2026,female,age_group_85_89,5
Bagmati,Nuwakot,Tarakeshwor,NP03,NP0328,NP0328403,6,NA,population projections 2026,total,age_group_90_94,6
Bagmati,Nuwakot,Tarakeshwor,NP03,NP0328,NP0328403,6,NA,population projections 2026,male,age_group_90_94,2
Bagmati,Nuwakot,Tarakeshwor,NP03,NP0328,NP0328403,6,NA,population projections 2026,female,age_group_90_94,4
Bagmati,Nuwakot,Tarakeshwor,NP03,NP0328,NP0328403,6,NA,population projections 2026,total,age_group_95plus,0
Bagmati,Nuwakot,Tarakeshwor,NP03,NP0328,NP0328403,6,NA,population projections 2026,male,age_group_95plus,0
Bagmati,Nuwakot,Tarakeshwor,NP03,NP0328,NP0328403,6,NA,population projections 2026,female,age_group_95plus,0
Bagmati,Nuwakot,Kispang,NP03,NP0328,NP0328402,1,NA,population projections 2026,total,population_total,2966
Bagmati,Nuwakot,Kispang,NP03,NP0328,NP0328402,1,NA,population projections 2026,male,population_overall_male,1414
Bagmati,Nuwakot,Kispang,NP03,NP0328,NP0328402,1,NA,population projections 2026,female,population_overall_female,1552
Bagmati,Nuwakot,Kispang,NP03,NP0328,NP0328402,1,NA,population projections 2026,total,age_group_0_4,259
Bagmati,Nuwakot,Kispang,NP03,NP0328,NP0328402,1,NA,population projections 2026,male,age_group_0_4,135
Bagmati,Nuwakot,Kispang,NP03,NP0328,NP0328402,1,NA,population projections 2026,female,age_group_0_4,124
Bagmati,Nuwakot,Kispang,NP03,NP0328,NP0328402,1,NA,population projections 2026,total,age_group_5_9,326
Bagmati,Nuwakot,Kispang,NP03,NP0328,NP0328402,1,NA,population projections 2026,male,age_group_5_9,158
Bagmati,Nuwakot,Kispang,NP03,NP0328,NP0328402,1,NA,population projections 2026,female,age_group_5_9,168
Bagmati,Nuwakot,Kispang,NP03,NP0328,NP0328402,1,NA,population projections 2026,total,age_group_10_14,282
Bagmati,Nuwakot,Kispang,NP03,NP0328,NP0328402,1,NA,population projections 2026,male,age_group_10_14,145
Bagmati,Nuwakot,Kispang,NP03,NP0328,NP0328402,1,NA,population projections 2026,female,age_group_10_14,137
Bagmati,Nuwakot,Kispang,NP03,NP0328,NP0328402,1,NA,population projections 2026,total,age_group_15_19,262
Bagmati,Nuwakot,Kispang,NP03,NP0328,NP0328402,1,NA,population projections 2026,male,age_group_15_19,131
Bagmati,Nuwakot,Kispang,NP03,NP0328,NP0328402,1,NA,population projections 2026,female,age_group_15_19,131
Bagmati,Nuwakot,Kispang,NP03,NP0328,NP0328402,1,NA,population projections 2026,total,age_group_20_24,219
Bagmati,Nuwakot,Kispang,NP03,NP0328,NP0328402,1,NA,population projections 2026,male,age_group_20_24,95
Bagmati,Nuwakot,Kispang,NP03,NP0328,NP0328402,1,NA,population projections 2026,female,age_group_20_24,124
Bagmati,Nuwakot,Kispang,NP03,NP0328,NP0328402,1,NA,population projections 2026,total,age_group_25_29,182
Bagmati,Nuwakot,Kispang,NP03,NP0328,NP0328402,1,NA,population projections 2026,male,age_group_25_29,71
Bagmati,Nuwakot,Kispang,NP03,NP0328,NP0328402,1,NA,population projections 2026,female,age_group_25_29,111
Bagmati,Nuwakot,Kispang,NP03,NP0328,NP0328402,1,NA,population projections 2026,total,age_group_30_34,176
Bagmati,Nuwakot,Kispang,NP03,NP0328,NP0328402,1,NA,population projections 2026,male,age_group_30_34,71
Bagmati,Nuwakot,Kispang,NP03,NP0328,NP0328402,1,NA,population projections 2026,female,age_group_30_34,105
Bagmati,Nuwakot,Kispang,NP03,NP0328,NP0328402,1,NA,population projections 2026,total,age_group_35_39,151
Bagmati,Nuwakot,Kispang,NP03,NP0328,NP0328402,1,NA,population projections 2026,male,age_group_35_39,72
Bagmati,Nuwakot,Kispang,NP03,NP0328,NP0328402,1,NA,population projections 2026,female,age_group_35_39,79
Bagmati,Nuwakot,Kispang,NP03,NP0328,NP0328402,1,NA,population projections 2026,total,age_group_40_44,167
Bagmati,Nuwakot,Kispang,NP03,NP0328,NP0328402,1,NA,population projections 2026,male,age_group_40_44,79
Bagmati,Nuwakot,Kispang,NP03,NP0328,NP0328402,1,NA,population projections 2026,female,age_group_40_44,88
Bagmati,Nuwakot,Kispang,NP03,NP0328,NP0328402,1,NA,population projections 2026,total,age_group_45_49,136
Bagmati,Nuwakot,Kispang,NP03,NP0328,NP0328402,1,NA,population projections 2026,male,age_group_45_49,61
Bagmati,Nuwakot,Kispang,NP03,NP0328,NP0328402,1,NA,population projections 2026,female,age_group_45_49,75
Bagmati,Nuwakot,Kispang,NP03,NP0328,NP0328402,1,NA,population projections 2026,total,age_group_50_54,135
Bagmati,Nuwakot,Kispang,NP03,NP0328,NP0328402,1,NA,population projections 2026,male,age_group_50_54,61
Bagmati,Nuwakot,Kispang,NP03,NP0328,NP0328402,1,NA,population projections 2026,female,age_group_50_54,74
Bagmati,Nuwakot,Kispang,NP03,NP0328,NP0328402,1,NA,population projections 2026,total,age_group_55_59,151
Bagmati,Nuwakot,Kispang,NP03,NP0328,NP0328402,1,NA,population projections 2026,male,age_group_55_59,77
Bagmati,Nuwakot,Kispang,NP03,NP0328,NP0328402,1,NA,population projections 2026,female,age_group_55_59,74
Bagmati,Nuwakot,Kispang,NP03,NP0328,NP0328402,1,NA,population projections 2026,total,age_group_60_64,158
Bagmati,Nuwakot,Kispang,NP03,NP0328,NP0328402,1,NA,population projections 2026,male,age_group_60_64,74
Bagmati,Nuwakot,Kispang,NP03,NP0328,NP0328402,1,NA,population projections 2026,female,age_group_60_64,84
Bagmati,Nuwakot,Kispang,NP03,NP0328,NP0328402,1,NA,population projections 2026,total,age_group_65_69,121
Bagmati,Nuwakot,Kispang,NP03,NP0328,NP0328402,1,NA,population projections 2026,male,age_group_65_69,64
Bagmati,Nuwakot,Kispang,NP03,NP0328,NP0328402,1,NA,population projections 2026,female,age_group_65_69,57
Bagmati,Nuwakot,Kispang,NP03,NP0328,NP0328402,1,NA,population projections 2026,total,age_group_70_74,97
Bagmati,Nuwakot,Kispang,NP03,NP0328,NP0328402,1,NA,population projections 2026,male,age_group_70_74,50
Bagmati,Nuwakot,Kispang,NP03,NP0328,NP0328402,1,NA,population projections 2026,female,age_group_70_74,47
Bagmati,Nuwakot,Kispang,NP03,NP0328,NP0328402,1,NA,population projections 2026,total,age_group_75_79,75
Bagmati,Nuwakot,Kispang,NP03,NP0328,NP0328402,1,NA,population projections 2026,male,age_group_75_79,40
Bagmati,Nuwakot,Kispang,NP03,NP0328,NP0328402,1,NA,population projections 2026,female,age_group_75_79,35
Bagmati,Nuwakot,Kispang,NP03,NP0328,NP0328402,1,NA,population projections 2026,total,age_group_80_84,48
Bagmati,Nuwakot,Kispang,NP03,NP0328,NP0328402,1,NA,population projections 2026,male,age_group_80_84,22
Bagmati,Nuwakot,Kispang,NP03,NP0328,NP0328402,1,NA,population projections 2026,female,age_group_80_84,26
Bagmati,Nuwakot,Kispang,NP03,NP0328,NP0328402,1,NA,population projections 2026,total,age_group_85_89,14
Bagmati,Nuwakot,Kispang,NP03,NP0328,NP0328402,1,NA,population projections 2026,male,age_group_85_89,7
Bagmati,Nuwakot,Kispang,NP03,NP0328,NP0328402,1,NA,population projections 2026,female,age_group_85_89,7
Bagmati,Nuwakot,Kispang,NP03,NP0328,NP0328402,1,NA,population projections 2026,total,age_group_90_94,6
Bagmati,Nuwakot,Kispang,NP03,NP0328,NP0328402,1,NA,population projections 2026,male,age_group_90_94,1
Bagmati,Nuwakot,Kispang,NP03,NP0328,NP0328402,1,NA,population projections 2026,female,age_group_90_94,5
Bagmati,Nuwakot,Kispang,NP03,NP0328,NP0328402,1,NA,population projections 2026,total,age_group_95plus,1
Bagmati,Nuwakot,Kispang,NP03,NP0328,NP0328402,1,NA,population projections 2026,male,age_group_95plus,0
Bagmati,Nuwakot,Kispang,NP03,NP0328,NP0328402,1,NA,population projections 2026,female,age_group_95plus,1
Bagmati,Nuwakot,Kispang,NP03,NP0328,NP0328402,2,NA,population projections 2026,total,population_total,2524
Bagmati,Nuwakot,Kispang,NP03,NP0328,NP0328402,2,NA,population projections 2026,male,population_overall_male,1163
Bagmati,Nuwakot,Kispang,NP03,NP0328,NP0328402,2,NA,population projections 2026,female,population_overall_female,1361
Bagmati,Nuwakot,Kispang,NP03,NP0328,NP0328402,2,NA,population projections 2026,total,age_group_0_4,236
Bagmati,Nuwakot,Kispang,NP03,NP0328,NP0328402,2,NA,population projections 2026,male,age_group_0_4,123
Bagmati,Nuwakot,Kispang,NP03,NP0328,NP0328402,2,NA,population projections 2026,female,age_group_0_4,113
Bagmati,Nuwakot,Kispang,NP03,NP0328,NP0328402,2,NA,population projections 2026,total,age_group_5_9,208
Bagmati,Nuwakot,Kispang,NP03,NP0328,NP0328402,2,NA,population projections 2026,male,age_group_5_9,107
Bagmati,Nuwakot,Kispang,NP03,NP0328,NP0328402,2,NA,population projections 2026,female,age_group_5_9,101
Bagmati,Nuwakot,Kispang,NP03,NP0328,NP0328402,2,NA,population projections 2026,total,age_group_10_14,213
Bagmati,Nuwakot,Kispang,NP03,NP0328,NP0328402,2,NA,population projections 2026,male,age_group_10_14,111
Bagmati,Nuwakot,Kispang,NP03,NP0328,NP0328402,2,NA,population projections 2026,female,age_group_10_14,102
Bagmati,Nuwakot,Kispang,NP03,NP0328,NP0328402,2,NA,population projections 2026,total,age_group_15_19,187
Bagmati,Nuwakot,Kispang,NP03,NP0328,NP0328402,2,NA,population projections 2026,male,age_group_15_19,91
Bagmati,Nuwakot,Kispang,NP03,NP0328,NP0328402,2,NA,population projections 2026,female,age_group_15_19,96
Bagmati,Nuwakot,Kispang,NP03,NP0328,NP0328402,2,NA,population projections 2026,total,age_group_20_24,174
Bagmati,Nuwakot,Kispang,NP03,NP0328,NP0328402,2,NA,population projections 2026,male,age_group_20_24,71
Bagmati,Nuwakot,Kispang,NP03,NP0328,NP0328402,2,NA,population projections 2026,female,age_group_20_24,103
Bagmati,Nuwakot,Kispang,NP03,NP0328,NP0328402,2,NA,population projections 2026,total,age_group_25_29,141
Bagmati,Nuwakot,Kispang,NP03,NP0328,NP0328402,2,NA,population projections 2026,male,age_group_25_29,51
Bagmati,Nuwakot,Kispang,NP03,NP0328,NP0328402,2,NA,population projections 2026,female,age_group_25_29,90
Bagmati,Nuwakot,Kispang,NP03,NP0328,NP0328402,2,NA,population projections 2026,total,age_group_30_34,168
Bagmati,Nuwakot,Kispang,NP03,NP0328,NP0328402,2,NA,population projections 2026,male,age_group_30_34,57
Bagmati,Nuwakot,Kispang,NP03,NP0328,NP0328402,2,NA,population projections 2026,female,age_group_30_34,111
Bagmati,Nuwakot,Kispang,NP03,NP0328,NP0328402,2,NA,population projections 2026,total,age_group_35_39,163
Bagmati,Nuwakot,Kispang,NP03,NP0328,NP0328402,2,NA,population projections 2026,male,age_group_35_39,65
Bagmati,Nuwakot,Kispang,NP03,NP0328,NP0328402,2,NA,population projections 2026,female,age_group_35_39,98
Bagmati,Nuwakot,Kispang,NP03,NP0328,NP0328402,2,NA,population projections 2026,total,age_group_40_44,169
Bagmati,Nuwakot,Kispang,NP03,NP0328,NP0328402,2,NA,population projections 2026,male,age_group_40_44,64
Bagmati,Nuwakot,Kispang,NP03,NP0328,NP0328402,2,NA,population projections 2026,female,age_group_40_44,105
Bagmati,Nuwakot,Kispang,NP03,NP0328,NP0328402,2,NA,population projections 2026,total,age_group_45_49,172
Bagmati,Nuwakot,Kispang,NP03,NP0328,NP0328402,2,NA,population projections 2026,male,age_group_45_49,80
Bagmati,Nuwakot,Kispang,NP03,NP0328,NP0328402,2,NA,population projections 2026,female,age_group_45_49,92
Bagmati,Nuwakot,Kispang,NP03,NP0328,NP0328402,2,NA,population projections 2026,total,age_group_50_54,139
Bagmati,Nuwakot,Kispang,NP03,NP0328,NP0328402,2,NA,population projections 2026,male,age_group_50_54,71
Bagmati,Nuwakot,Kispang,NP03,NP0328,NP0328402,2,NA,population projections 2026,female,age_group_50_54,68
Bagmati,Nuwakot,Kispang,NP03,NP0328,NP0328402,2,NA,population projections 2026,total,age_group_55_59,152
Bagmati,Nuwakot,Kispang,NP03,NP0328,NP0328402,2,NA,population projections 2026,male,age_group_55_59,82
Bagmati,Nuwakot,Kispang,NP03,NP0328,NP0328402,2,NA,population projections 2026,female,age_group_55_59,70
Bagmati,Nuwakot,Kispang,NP03,NP0328,NP0328402,2,NA,population projections 2026,total,age_group_60_64,117
Bagmati,Nuwakot,Kispang,NP03,NP0328,NP0328402,2,NA,population projections 2026,male,age_group_60_64,58
Bagmati,Nuwakot,Kispang,NP03,NP0328,NP0328402,2,NA,population projections 2026,female,age_group_60_64,59
Bagmati,Nuwakot,Kispang,NP03,NP0328,NP0328402,2,NA,population projections 2026,total,age_group_65_69,107
Bagmati,Nuwakot,Kispang,NP03,NP0328,NP0328402,2,NA,population projections 2026,male,age_group_65_69,48
Bagmati,Nuwakot,Kispang,NP03,NP0328,NP0328402,2,NA,population projections 2026,female,age_group_65_69,59
Bagmati,Nuwakot,Kispang,NP03,NP0328,NP0328402,2,NA,population projections 2026,total,age_group_70_74,82
Bagmati,Nuwakot,Kispang,NP03,NP0328,NP0328402,2,NA,population projections 2026,male,age_group_70_74,42
Bagmati,Nuwakot,Kispang,NP03,NP0328,NP0328402,2,NA,population projections 2026,female,age_group_70_74,40
Bagmati,Nuwakot,Kispang,NP03,NP0328,NP0328402,2,NA,population projections 2026,total,age_group_75_79,50
Bagmati,Nuwakot,Kispang,NP03,NP0328,NP0328402,2,NA,population projections 2026,male,age_group_75_79,22
Bagmati,Nuwakot,Kispang,NP03,NP0328,NP0328402,2,NA,population projections 2026,female,age_group_75_79,28
Bagmati,Nuwakot,Kispang,NP03,NP0328,NP0328402,2,NA,population projections 2026,total,age_group_80_84,26
Bagmati,Nuwakot,Kispang,NP03,NP0328,NP0328402,2,NA,population projections 2026,male,age_group_80_84,11
Bagmati,Nuwakot,Kispang,NP03,NP0328,NP0328402,2,NA,population projections 2026,female,age_group_80_84,15
Bagmati,Nuwakot,Kispang,NP03,NP0328,NP0328402,2,NA,population projections 2026,total,age_group_85_89,11
Bagmati,Nuwakot,Kispang,NP03,NP0328,NP0328402,2,NA,population projections 2026,male,age_group_85_89,5
Bagmati,Nuwakot,Kispang,NP03,NP0328,NP0328402,2,NA,population projections 2026,female,age_group_85_89,6
Bagmati,Nuwakot,Kispang,NP03,NP0328,NP0328402,2,NA,population projections 2026,total,age_group_90_94,9
Bagmati,Nuwakot,Kispang,NP03,NP0328,NP0328402,2,NA,population projections 2026,male,age_group_90_94,4
Bagmati,Nuwakot,Kispang,NP03,NP0328,NP0328402,2,NA,population projections 2026,female,age_group_90_94,5
Bagmati,Nuwakot,Kispang,NP03,NP0328,NP0328402,2,NA,population projections 2026,total,age_group_95plus,0
Bagmati,Nuwakot,Kispang,NP03,NP0328,NP0328402,2,NA,population projections 2026,male,age_group_95plus,0
Bagmati,Nuwakot,Kispang,NP03,NP0328,NP0328402,2,NA,population projections 2026,female,age_group_95plus,0
Bagmati,Nuwakot,Kispang,NP03,NP0328,NP0328402,3,NA,population projections 2026,total,population_total,2839
Bagmati,Nuwakot,Kispang,NP03,NP0328,NP0328402,3,NA,population projections 2026,male,population_overall_male,1333
Bagmati,Nuwakot,Kispang,NP03,NP0328,NP0328402,3,NA,population projections 2026,female,population_overall_female,1506
Bagmati,Nuwakot,Kispang,NP03,NP0328,NP0328402,3,NA,population projections 2026,total,age_group_0_4,258
Bagmati,Nuwakot,Kispang,NP03,NP0328,NP0328402,3,NA,population projections 2026,male,age_group_0_4,134
Bagmati,Nuwakot,Kispang,NP03,NP0328,NP0328402,3,NA,population projections 2026,female,age_group_0_4,124
Bagmati,Nuwakot,Kispang,NP03,NP0328,NP0328402,3,NA,population projections 2026,total,age_group_5_9,240
Bagmati,Nuwakot,Kispang,NP03,NP0328,NP0328402,3,NA,population projections 2026,male,age_group_5_9,123
Bagmati,Nuwakot,Kispang,NP03,NP0328,NP0328402,3,NA,population projections 2026,female,age_group_5_9,117
Bagmati,Nuwakot,Kispang,NP03,NP0328,NP0328402,3,NA,population projections 2026,total,age_group_10_14,224
Bagmati,Nuwakot,Kispang,NP03,NP0328,NP0328402,3,NA,population projections 2026,male,age_group_10_14,110
Bagmati,Nuwakot,Kispang,NP03,NP0328,NP0328402,3,NA,population projections 2026,female,age_group_10_14,114
Bagmati,Nuwakot,Kispang,NP03,NP0328,NP0328402,3,NA,population projections 2026,total,age_group_15_19,185
Bagmati,Nuwakot,Kispang,NP03,NP0328,NP0328402,3,NA,population projections 2026,male,age_group_15_19,80
Bagmati,Nuwakot,Kispang,NP03,NP0328,NP0328402,3,NA,population projections 2026,female,age_group_15_19,105
Bagmati,Nuwakot,Kispang,NP03,NP0328,NP0328402,3,NA,population projections 2026,total,age_group_20_24,181
Bagmati,Nuwakot,Kispang,NP03,NP0328,NP0328402,3,NA,population projections 2026,male,age_group_20_24,79
Bagmati,Nuwakot,Kispang,NP03,NP0328,NP0328402,3,NA,population projections 2026,female,age_group_20_24,102
Bagmati,Nuwakot,Kispang,NP03,NP0328,NP0328402,3,NA,population projections 2026,total,age_group_25_29,181
Bagmati,Nuwakot,Kispang,NP03,NP0328,NP0328402,3,NA,population projections 2026,male,age_group_25_29,69
Bagmati,Nuwakot,Kispang,NP03,NP0328,NP0328402,3,NA,population projections 2026,female,age_group_25_29,112
Bagmati,Nuwakot,Kispang,NP03,NP0328,NP0328402,3,NA,population projections 2026,total,age_group_30_34,196
Bagmati,Nuwakot,Kispang,NP03,NP0328,NP0328402,3,NA,population projections 2026,male,age_group_30_34,81
Bagmati,Nuwakot,Kispang,NP03,NP0328,NP0328402,3,NA,population projections 2026,female,age_group_30_34,115
Bagmati,Nuwakot,Kispang,NP03,NP0328,NP0328402,3,NA,population projections 2026,total,age_group_35_39,171
Bagmati,Nuwakot,Kispang,NP03,NP0328,NP0328402,3,NA,population projections 2026,male,age_group_35_39,74
Bagmati,Nuwakot,Kispang,NP03,NP0328,NP0328402,3,NA,population projections 2026,female,age_group_35_39,97
Bagmati,Nuwakot,Kispang,NP03,NP0328,NP0328402,3,NA,population projections 2026,total,age_group_40_44,173
Bagmati,Nuwakot,Kispang,NP03,NP0328,NP0328402,3,NA,population projections 2026,male,age_group_40_44,71
Bagmati,Nuwakot,Kispang,NP03,NP0328,NP0328402,3,NA,population projections 2026,female,age_group_40_44,102
Bagmati,Nuwakot,Kispang,NP03,NP0328,NP0328402,3,NA,population projections 2026,total,age_group_45_49,161
Bagmati,Nuwakot,Kispang,NP03,NP0328,NP0328402,3,NA,population projections 2026,male,age_group_45_49,79
Bagmati,Nuwakot,Kispang,NP03,NP0328,NP0328402,3,NA,population projections 2026,female,age_group_45_49,82
Bagmati,Nuwakot,Kispang,NP03,NP0328,NP0328402,3,NA,population projections 2026,total,age_group_50_54,163
Bagmati,Nuwakot,Kispang,NP03,NP0328,NP0328402,3,NA,population projections 2026,male,age_group_50_54,75
Bagmati,Nuwakot,Kispang,NP03,NP0328,NP0328402,3,NA,population projections 2026,female,age_group_50_54,88
Bagmati,Nuwakot,Kispang,NP03,NP0328,NP0328402,3,NA,population projections 2026,total,age_group_55_59,169
Bagmati,Nuwakot,Kispang,NP03,NP0328,NP0328402,3,NA,population projections 2026,male,age_group_55_59,89
Bagmati,Nuwakot,Kispang,NP03,NP0328,NP0328402,3,NA,population projections 2026,female,age_group_55_59,80
Bagmati,Nuwakot,Kispang,NP03,NP0328,NP0328402,3,NA,population projections 2026,total,age_group_60_64,153
Bagmati,Nuwakot,Kispang,NP03,NP0328,NP0328402,3,NA,population projections 2026,male,age_group_60_64,79
Bagmati,Nuwakot,Kispang,NP03,NP0328,NP0328402,3,NA,population projections 2026,female,age_group_60_64,74
Bagmati,Nuwakot,Kispang,NP03,NP0328,NP0328402,3,NA,population projections 2026,total,age_group_65_69,152
Bagmati,Nuwakot,Kispang,NP03,NP0328,NP0328402,3,NA,population projections 2026,male,age_group_65_69,62
Bagmati,Nuwakot,Kispang,NP03,NP0328,NP0328402,3,NA,population projections 2026,female,age_group_65_69,90
Bagmati,Nuwakot,Kispang,NP03,NP0328,NP0328402,3,NA,population projections 2026,total,age_group_70_74,111
Bagmati,Nuwakot,Kispang,NP03,NP0328,NP0328402,3,NA,population projections 2026,male,age_group_70_74,61
Bagmati,Nuwakot,Kispang,NP03,NP0328,NP0328402,3,NA,population projections 2026,female,age_group_70_74,50
Bagmati,Nuwakot,Kispang,NP03,NP0328,NP0328402,3,NA,population projections 2026,total,age_group_75_79,66
Bagmati,Nuwakot,Kispang,NP03,NP0328,NP0328402,3,NA,population projections 2026,male,age_group_75_79,33
Bagmati,Nuwakot,Kispang,NP03,NP0328,NP0328402,3,NA,population projections 2026,female,age_group_75_79,33
Bagmati,Nuwakot,Kispang,NP03,NP0328,NP0328402,3,NA,population projections 2026,total,age_group_80_84,32
Bagmati,Nuwakot,Kispang,NP03,NP0328,NP0328402,3,NA,population projections 2026,male,age_group_80_84,21
Bagmati,Nuwakot,Kispang,NP03,NP0328,NP0328402,3,NA,population projections 2026,female,age_group_80_84,11
Bagmati,Nuwakot,Kispang,NP03,NP0328,NP0328402,3,NA,population projections 2026,total,age_group_85_89,17
Bagmati,Nuwakot,Kispang,NP03,NP0328,NP0328402,3,NA,population projections 2026,male,age_group_85_89,10
Bagmati,Nuwakot,Kispang,NP03,NP0328,NP0328402,3,NA,population projections 2026,female,age_group_85_89,7
Bagmati,Nuwakot,Kispang,NP03,NP0328,NP0328402,3,NA,population projections 2026,total,age_group_90_94,6
Bagmati,Nuwakot,Kispang,NP03,NP0328,NP0328402,3,NA,population projections 2026,male,age_group_90_94,3
Bagmati,Nuwakot,Kispang,NP03,NP0328,NP0328402,3,NA,population projections 2026,female,age_group_90_94,3
Bagmati,Nuwakot,Kispang,NP03,NP0328,NP0328402,3,NA,population projections 2026,total,age_group_95plus,0
Bagmati,Nuwakot,Kispang,NP03,NP0328,NP0328402,3,NA,population projections 2026,male,age_group_95plus,0
Bagmati,Nuwakot,Kispang,NP03,NP0328,NP0328402,3,NA,population projections 2026,female,age_group_95plus,0
Bagmati,Nuwakot,Kispang,NP03,NP0328,NP0328402,4,NA,population projections 2026,total,population_total,1576
Bagmati,Nuwakot,Kispang,NP03,NP0328,NP0328402,4,NA,population projections 2026,male,population_overall_male,731
Bagmati,Nuwakot,Kispang,NP03,NP0328,NP0328402,4,NA,population projections 2026,female,population_overall_female,845
Bagmati,Nuwakot,Kispang,NP03,NP0328,NP0328402,4,NA,population projections 2026,total,age_group_0_4,147
Bagmati,Nuwakot,Kispang,NP03,NP0328,NP0328402,4,NA,population projections 2026,male,age_group_0_4,77
Bagmati,Nuwakot,Kispang,NP03,NP0328,NP0328402,4,NA,population projections 2026,female,age_group_0_4,70
Bagmati,Nuwakot,Kispang,NP03,NP0328,NP0328402,4,NA,population projections 2026,total,age_group_5_9,127
Bagmati,Nuwakot,Kispang,NP03,NP0328,NP0328402,4,NA,population projections 2026,male,age_group_5_9,54
Bagmati,Nuwakot,Kispang,NP03,NP0328,NP0328402,4,NA,population projections 2026,female,age_group_5_9,73
Bagmati,Nuwakot,Kispang,NP03,NP0328,NP0328402,4,NA,population projections 2026,total,age_group_10_14,119
Bagmati,Nuwakot,Kispang,NP03,NP0328,NP0328402,4,NA,population projections 2026,male,age_group_10_14,56
Bagmati,Nuwakot,Kispang,NP03,NP0328,NP0328402,4,NA,population projections 2026,female,age_group_10_14,63
Bagmati,Nuwakot,Kispang,NP03,NP0328,NP0328402,4,NA,population projections 2026,total,age_group_15_19,133
Bagmati,Nuwakot,Kispang,NP03,NP0328,NP0328402,4,NA,population projections 2026,male,age_group_15_19,62
Bagmati,Nuwakot,Kispang,NP03,NP0328,NP0328402,4,NA,population projections 2026,female,age_group_15_19,71
Bagmati,Nuwakot,Kispang,NP03,NP0328,NP0328402,4,NA,population projections 2026,total,age_group_20_24,128
Bagmati,Nuwakot,Kispang,NP03,NP0328,NP0328402,4,NA,population projections 2026,male,age_group_20_24,55
Bagmati,Nuwakot,Kispang,NP03,NP0328,NP0328402,4,NA,population projections 2026,female,age_group_20_24,73
Bagmati,Nuwakot,Kispang,NP03,NP0328,NP0328402,4,NA,population projections 2026,total,age_group_25_29,112
Bagmati,Nuwakot,Kispang,NP03,NP0328,NP0328402,4,NA,population projections 2026,male,age_group_25_29,47
Bagmati,Nuwakot,Kispang,NP03,NP0328,NP0328402,4,NA,population projections 2026,female,age_group_25_29,65
Bagmati,Nuwakot,Kispang,NP03,NP0328,NP0328402,4,NA,population projections 2026,total,age_group_30_34,104
Bagmati,Nuwakot,Kispang,NP03,NP0328,NP0328402,4,NA,population projections 2026,male,age_group_30_34,45
Bagmati,Nuwakot,Kispang,NP03,NP0328,NP0328402,4,NA,population projections 2026,female,age_group_30_34,59
Bagmati,Nuwakot,Kispang,NP03,NP0328,NP0328402,4,NA,population projections 2026,total,age_group_35_39,73
Bagmati,Nuwakot,Kispang,NP03,NP0328,NP0328402,4,NA,population projections 2026,male,age_group_35_39,31
Bagmati,Nuwakot,Kispang,NP03,NP0328,NP0328402,4,NA,population projections 2026,female,age_group_35_39,42
Bagmati,Nuwakot,Kispang,NP03,NP0328,NP0328402,4,NA,population projections 2026,total,age_group_40_44,87
Bagmati,Nuwakot,Kispang,NP03,NP0328,NP0328402,4,NA,population projections 2026,male,age_group_40_44,42
Bagmati,Nuwakot,Kispang,NP03,NP0328,NP0328402,4,NA,population projections 2026,female,age_group_40_44,45
Bagmati,Nuwakot,Kispang,NP03,NP0328,NP0328402,4,NA,population projections 2026,total,age_group_45_49,79
Bagmati,Nuwakot,Kispang,NP03,NP0328,NP0328402,4,NA,population projections 2026,male,age_group_45_49,37
Bagmati,Nuwakot,Kispang,NP03,NP0328,NP0328402,4,NA,population projections 2026,female,age_group_45_49,42
Bagmati,Nuwakot,Kispang,NP03,NP0328,NP0328402,4,NA,population projections 2026,total,age_group_50_54,79
Bagmati,Nuwakot,Kispang,NP03,NP0328,NP0328402,4,NA,population projections 2026,male,age_group_50_54,37
Bagmati,Nuwakot,Kispang,NP03,NP0328,NP0328402,4,NA,population projections 2026,female,age_group_50_54,42
Bagmati,Nuwakot,Kispang,NP03,NP0328,NP0328402,4,NA,population projections 2026,total,age_group_55_59,107
Bagmati,Nuwakot,Kispang,NP03,NP0328,NP0328402,4,NA,population projections 2026,male,age_group_55_59,48
Bagmati,Nuwakot,Kispang,NP03,NP0328,NP0328402,4,NA,population projections 2026,female,age_group_55_59,59
Bagmati,Nuwakot,Kispang,NP03,NP0328,NP0328402,4,NA,population projections 2026,total,age_group_60_64,78
Bagmati,Nuwakot,Kispang,NP03,NP0328,NP0328402,4,NA,population projections 2026,male,age_group_60_64,39
Bagmati,Nuwakot,Kispang,NP03,NP0328,NP0328402,4,NA,population projections 2026,female,age_group_60_64,39
Bagmati,Nuwakot,Kispang,NP03,NP0328,NP0328402,4,NA,population projections 2026,total,age_group_65_69,80
Bagmati,Nuwakot,Kispang,NP03,NP0328,NP0328402,4,NA,population projections 2026,male,age_group_65_69,44
Bagmati,Nuwakot,Kispang,NP03,NP0328,NP0328402,4,NA,population projections 2026,female,age_group_65_69,36
Bagmati,Nuwakot,Kispang,NP03,NP0328,NP0328402,4,NA,population projections 2026,total,age_group_70_74,66
Bagmati,Nuwakot,Kispang,NP03,NP0328,NP0328402,4,NA,population projections 2026,male,age_group_70_74,32
Bagmati,Nuwakot,Kispang,NP03,NP0328,NP0328402,4,NA,population projections 2026,female,age_group_70_74,34
Bagmati,Nuwakot,Kispang,NP03,NP0328,NP0328402,4,NA,population projections 2026,total,age_group_75_79,30
Bagmati,Nuwakot,Kispang,NP03,NP0328,NP0328402,4,NA,population projections 2026,male,age_group_75_79,14
Bagmati,Nuwakot,Kispang,NP03,NP0328,NP0328402,4,NA,population projections 2026,female,age_group_75_79,16
Bagmati,Nuwakot,Kispang,NP03,NP0328,NP0328402,4,NA,population projections 2026,total,age_group_80_84,22
Bagmati,Nuwakot,Kispang,NP03,NP0328,NP0328402,4,NA,population projections 2026,male,age_group_80_84,9
Bagmati,Nuwakot,Kispang,NP03,NP0328,NP0328402,4,NA,population projections 2026,female,age_group_80_84,13
Bagmati,Nuwakot,Kispang,NP03,NP0328,NP0328402,4,NA,population projections 2026,total,age_group_85_89,5
Bagmati,Nuwakot,Kispang,NP03,NP0328,NP0328402,4,NA,population projections 2026,male,age_group_85_89,2
Bagmati,Nuwakot,Kispang,NP03,NP0328,NP0328402,4,NA,population projections 2026,female,age_group_85_89,3
Bagmati,Nuwakot,Kispang,NP03,NP0328,NP0328402,4,NA,population projections 2026,total,age_group_90_94,0
Bagmati,Nuwakot,Kispang,NP03,NP0328,NP0328402,4,NA,population projections 2026,male,age_group_90_94,0
Bagmati,Nuwakot,Kispang,NP03,NP0328,NP0328402,4,NA,population projections 2026,female,age_group_90_94,0
Bagmati,Nuwakot,Kispang,NP03,NP0328,NP0328402,4,NA,population projections 2026,total,age_group_95plus,0
Bagmati,Nuwakot,Kispang,NP03,NP0328,NP0328402,4,NA,population projections 2026,male,age_group_95plus,0
Bagmati,Nuwakot,Kispang,NP03,NP0328,NP0328402,4,NA,population projections 2026,female,age_group_95plus,0
Bagmati,Nuwakot,Kispang,NP03,NP0328,NP0328402,5,affected,population projections 2026,total,population_total,3095
Bagmati,Nuwakot,Kispang,NP03,NP0328,NP0328402,5,affected,population projections 2026,male,population_overall_male,1468
Bagmati,Nuwakot,Kispang,NP03,NP0328,NP0328402,5,affected,population projections 2026,female,population_overall_female,1627
Bagmati,Nuwakot,Kispang,NP03,NP0328,NP0328402,5,affected,population projections 2026,total,age_group_0_4,272
Bagmati,Nuwakot,Kispang,NP03,NP0328,NP0328402,5,affected,population projections 2026,male,age_group_0_4,142
Bagmati,Nuwakot,Kispang,NP03,NP0328,NP0328402,5,affected,population projections 2026,female,age_group_0_4,130
Bagmati,Nuwakot,Kispang,NP03,NP0328,NP0328402,5,affected,population projections 2026,total,age_group_5_9,279
Bagmati,Nuwakot,Kispang,NP03,NP0328,NP0328402,5,affected,population projections 2026,male,age_group_5_9,151
Bagmati,Nuwakot,Kispang,NP03,NP0328,NP0328402,5,affected,population projections 2026,female,age_group_5_9,128
Bagmati,Nuwakot,Kispang,NP03,NP0328,NP0328402,5,affected,population projections 2026,total,age_group_10_14,296
Bagmati,Nuwakot,Kispang,NP03,NP0328,NP0328402,5,affected,population projections 2026,male,age_group_10_14,153
Bagmati,Nuwakot,Kispang,NP03,NP0328,NP0328402,5,affected,population projections 2026,female,age_group_10_14,143
Bagmati,Nuwakot,Kispang,NP03,NP0328,NP0328402,5,affected,population projections 2026,total,age_group_15_19,200
Bagmati,Nuwakot,Kispang,NP03,NP0328,NP0328402,5,affected,population projections 2026,male,age_group_15_19,106
Bagmati,Nuwakot,Kispang,NP03,NP0328,NP0328402,5,affected,population projections 2026,female,age_group_15_19,94
Bagmati,Nuwakot,Kispang,NP03,NP0328,NP0328402,5,affected,population projections 2026,total,age_group_20_24,174
Bagmati,Nuwakot,Kispang,NP03,NP0328,NP0328402,5,affected,population projections 2026,male,age_group_20_24,79
Bagmati,Nuwakot,Kispang,NP03,NP0328,NP0328402,5,affected,population projections 2026,female,age_group_20_24,95
Bagmati,Nuwakot,Kispang,NP03,NP0328,NP0328402,5,affected,population projections 2026,total,age_group_25_29,188
Bagmati,Nuwakot,Kispang,NP03,NP0328,NP0328402,5,affected,population projections 2026,male,age_group_25_29,73
Bagmati,Nuwakot,Kispang,NP03,NP0328,NP0328402,5,affected,population projections 2026,female,age_group_25_29,115
Bagmati,Nuwakot,Kispang,NP03,NP0328,NP0328402,5,affected,population projections 2026,total,age_group_30_34,206
Bagmati,Nuwakot,Kispang,NP03,NP0328,NP0328402,5,affected,population projections 2026,male,age_group_30_34,73
Bagmati,Nuwakot,Kispang,NP03,NP0328,NP0328402,5,affected,population projections 2026,female,age_group_30_34,133
Bagmati,Nuwakot,Kispang,NP03,NP0328,NP0328402,5,affected,population projections 2026,total,age_group_35_39,212
Bagmati,Nuwakot,Kispang,NP03,NP0328,NP0328402,5,affected,population projections 2026,male,age_group_35_39,89
Bagmati,Nuwakot,Kispang,NP03,NP0328,NP0328402,5,affected,population projections 2026,female,age_group_35_39,123
Bagmati,Nuwakot,Kispang,NP03,NP0328,NP0328402,5,affected,population projections 2026,total,age_group_40_44,208
Bagmati,Nuwakot,Kispang,NP03,NP0328,NP0328402,5,affected,population projections 2026,male,age_group_40_44,99
Bagmati,Nuwakot,Kispang,NP03,NP0328,NP0328402,5,affected,population projections 2026,female,age_group_40_44,109
Bagmati,Nuwakot,Kispang,NP03,NP0328,NP0328402,5,affected,population projections 2026,total,age_group_45_49,193
Bagmati,Nuwakot,Kispang,NP03,NP0328,NP0328402,5,affected,population projections 2026,male,age_group_45_49,84
Bagmati,Nuwakot,Kispang,NP03,NP0328,NP0328402,5,affected,population projections 2026,female,age_group_45_49,109
Bagmati,Nuwakot,Kispang,NP03,NP0328,NP0328402,5,affected,population projections 2026,total,age_group_50_54,173
Bagmati,Nuwakot,Kispang,NP03,NP0328,NP0328402,5,affected,population projections 2026,male,age_group_50_54,80
Bagmati,Nuwakot,Kispang,NP03,NP0328,NP0328402,5,affected,population projections 2026,female,age_group_50_54,93
Bagmati,Nuwakot,Kispang,NP03,NP0328,NP0328402,5,affected,population projections 2026,total,age_group_55_59,170
Bagmati,Nuwakot,Kispang,NP03,NP0328,NP0328402,5,affected,population projections 2026,male,age_group_55_59,91
Bagmati,Nuwakot,Kispang,NP03,NP0328,NP0328402,5,affected,population projections 2026,female,age_group_55_59,79
Bagmati,Nuwakot,Kispang,NP03,NP0328,NP0328402,5,affected,population projections 2026,total,age_group_60_64,138
Bagmati,Nuwakot,Kispang,NP03,NP0328,NP0328402,5,affected,population projections 2026,male,age_group_60_64,69
Bagmati,Nuwakot,Kispang,NP03,NP0328,NP0328402,5,affected,population projections 2026,female,age_group_60_64,69
Bagmati,Nuwakot,Kispang,NP03,NP0328,NP0328402,5,affected,population projections 2026,total,age_group_65_69,134
Bagmati,Nuwakot,Kispang,NP03,NP0328,NP0328402,5,affected,population projections 2026,male,age_group_65_69,60
Bagmati,Nuwakot,Kispang,NP03,NP0328,NP0328402,5,affected,population projections 2026,female,age_group_65_69,74
Bagmati,Nuwakot,Kispang,NP03,NP0328,NP0328402,5,affected,population projections 2026,total,age_group_70_74,105
Bagmati,Nuwakot,Kispang,NP03,NP0328,NP0328402,5,affected,population projections 2026,male,age_group_70_74,53
Bagmati,Nuwakot,Kispang,NP03,NP0328,NP0328402,5,affected,population projections 2026,female,age_group_70_74,52
Bagmati,Nuwakot,Kispang,NP03,NP0328,NP0328402,5,affected,population projections 2026,total,age_group_75_79,82
Bagmati,Nuwakot,Kispang,NP03,NP0328,NP0328402,5,affected,population projections 2026,male,age_group_75_79,39
Bagmati,Nuwakot,Kispang,NP03,NP0328,NP0328402,5,affected,population projections 2026,female,age_group_75_79,43
Bagmati,Nuwakot,Kispang,NP03,NP0328,NP0328402,5,affected,population projections 2026,total,age_group_80_84,39
Bagmati,Nuwakot,Kispang,NP03,NP0328,NP0328402,5,affected,population projections 2026,male,age_group_80_84,17
Bagmati,Nuwakot,Kispang,NP03,NP0328,NP0328402,5,affected,population projections 2026,female,age_group_80_84,22
Bagmati,Nuwakot,Kispang,NP03,NP0328,NP0328402,5,affected,population projections 2026,total,age_group_85_89,17
Bagmati,Nuwakot,Kispang,NP03,NP0328,NP0328402,5,affected,population projections 2026,male,age_group_85_89,8
Bagmati,Nuwakot,Kispang,NP03,NP0328,NP0328402,5,affected,population projections 2026,female,age_group_85_89,9
Bagmati,Nuwakot,Kispang,NP03,NP0328,NP0328402,5,affected,population projections 2026,total,age_group_90_94,7
Bagmati,Nuwakot,Kispang,NP03,NP0328,NP0328402,5,affected,population projections 2026,male,age_group_90_94,2
Bagmati,Nuwakot,Kispang,NP03,NP0328,NP0328402,5,affected,population projections 2026,female,age_group_90_94,5
Bagmati,Nuwakot,Kispang,NP03,NP0328,NP0328402,5,affected,population projections 2026,total,age_group_95plus,2
Bagmati,Nuwakot,Kispang,NP03,NP0328,NP0328402,5,affected,population projections 2026,male,age_group_95plus,0
Bagmati,Nuwakot,Kispang,NP03,NP0328,NP0328402,5,affected,population projections 2026,female,age_group_95plus,2
Bagmati,Nuwakot,Bidur,NP03,NP0328,NP0328301,1,affected,population projections 2026,total,population_total,2951
Bagmati,Nuwakot,Bidur,NP03,NP0328,NP0328301,1,affected,population projections 2026,male,population_overall_male,1376
Bagmati,Nuwakot,Bidur,NP03,NP0328,NP0328301,1,affected,population projections 2026,female,population_overall_female,1575
Bagmati,Nuwakot,Bidur,NP03,NP0328,NP0328301,1,affected,population projections 2026,total,age_group_0_4,231
Bagmati,Nuwakot,Bidur,NP03,NP0328,NP0328301,1,affected,population projections 2026,male,age_group_0_4,120
Bagmati,Nuwakot,Bidur,NP03,NP0328,NP0328301,1,affected,population projections 2026,female,age_group_0_4,111
Bagmati,Nuwakot,Bidur,NP03,NP0328,NP0328301,1,affected,population projections 2026,total,age_group_5_9,229
Bagmati,Nuwakot,Bidur,NP03,NP0328,NP0328301,1,affected,population projections 2026,male,age_group_5_9,119
Bagmati,Nuwakot,Bidur,NP03,NP0328,NP0328301,1,affected,population projections 2026,female,age_group_5_9,110
Bagmati,Nuwakot,Bidur,NP03,NP0328,NP0328301,1,affected,population projections 2026,total,age_group_10_14,270
Bagmati,Nuwakot,Bidur,NP03,NP0328,NP0328301,1,affected,population projections 2026,male,age_group_10_14,148
Bagmati,Nuwakot,Bidur,NP03,NP0328,NP0328301,1,affected,population projections 2026,female,age_group_10_14,122
Bagmati,Nuwakot,Bidur,NP03,NP0328,NP0328301,1,affected,population projections 2026,total,age_group_15_19,258
Bagmati,Nuwakot,Bidur,NP03,NP0328,NP0328301,1,affected,population projections 2026,male,age_group_15_19,135
Bagmati,Nuwakot,Bidur,NP03,NP0328,NP0328301,1,affected,population projections 2026,female,age_group_15_19,123
Bagmati,Nuwakot,Bidur,NP03,NP0328,NP0328301,1,affected,population projections 2026,total,age_group_20_24,242
Bagmati,Nuwakot,Bidur,NP03,NP0328,NP0328301,1,affected,population projections 2026,male,age_group_20_24,112
Bagmati,Nuwakot,Bidur,NP03,NP0328,NP0328301,1,affected,population projections 2026,female,age_group_20_24,130
Bagmati,Nuwakot,Bidur,NP03,NP0328,NP0328301,1,affected,population projections 2026,total,age_group_25_29,188
Bagmati,Nuwakot,Bidur,NP03,NP0328,NP0328301,1,affected,population projections 2026,male,age_group_25_29,77
Bagmati,Nuwakot,Bidur,NP03,NP0328,NP0328301,1,affected,population projections 2026,female,age_group_25_29,111
Bagmati,Nuwakot,Bidur,NP03,NP0328,NP0328301,1,affected,population projections 2026,total,age_group_30_34,232
Bagmati,Nuwakot,Bidur,NP03,NP0328,NP0328301,1,affected,population projections 2026,male,age_group_30_34,75
Bagmati,Nuwakot,Bidur,NP03,NP0328,NP0328301,1,affected,population projections 2026,female,age_group_30_34,157
Bagmati,Nuwakot,Bidur,NP03,NP0328,NP0328301,1,affected,population projections 2026,total,age_group_35_39,263
Bagmati,Nuwakot,Bidur,NP03,NP0328,NP0328301,1,affected,population projections 2026,male,age_group_35_39,102
Bagmati,Nuwakot,Bidur,NP03,NP0328,NP0328301,1,affected,population projections 2026,female,age_group_35_39,161
Bagmati,Nuwakot,Bidur,NP03,NP0328,NP0328301,1,affected,population projections 2026,total,age_group_40_44,243
Bagmati,Nuwakot,Bidur,NP03,NP0328,NP0328301,1,affected,population projections 2026,male,age_group_40_44,108
Bagmati,Nuwakot,Bidur,NP03,NP0328,NP0328301,1,affected,population projections 2026,female,age_group_40_44,135
Bagmati,Nuwakot,Bidur,NP03,NP0328,NP0328301,1,affected,population projections 2026,total,age_group_45_49,188
Bagmati,Nuwakot,Bidur,NP03,NP0328,NP0328301,1,affected,population projections 2026,male,age_group_45_49,93
Bagmati,Nuwakot,Bidur,NP03,NP0328,NP0328301,1,affected,population projections 2026,female,age_group_45_49,95
Bagmati,Nuwakot,Bidur,NP03,NP0328,NP0328301,1,affected,population projections 2026,total,age_group_50_54,142
Bagmati,Nuwakot,Bidur,NP03,NP0328,NP0328301,1,affected,population projections 2026,male,age_group_50_54,72
Bagmati,Nuwakot,Bidur,NP03,NP0328,NP0328301,1,affected,population projections 2026,female,age_group_50_54,70
Bagmati,Nuwakot,Bidur,NP03,NP0328,NP0328301,1,affected,population projections 2026,total,age_group_55_59,108
Bagmati,Nuwakot,Bidur,NP03,NP0328,NP0328301,1,affected,population projections 2026,male,age_group_55_59,52
Bagmati,Nuwakot,Bidur,NP03,NP0328,NP0328301,1,affected,population projections 2026,female,age_group_55_59,56
Bagmati,Nuwakot,Bidur,NP03,NP0328,NP0328301,1,affected,population projections 2026,total,age_group_60_64,101
Bagmati,Nuwakot,Bidur,NP03,NP0328,NP0328301,1,affected,population projections 2026,male,age_group_60_64,47
Bagmati,Nuwakot,Bidur,NP03,NP0328,NP0328301,1,affected,population projections 2026,female,age_group_60_64,54
Bagmati,Nuwakot,Bidur,NP03,NP0328,NP0328301,1,affected,population projections 2026,total,age_group_65_69,99
Bagmati,Nuwakot,Bidur,NP03,NP0328,NP0328301,1,affected,population projections 2026,male,age_group_65_69,45
Bagmati,Nuwakot,Bidur,NP03,NP0328,NP0328301,1,affected,population projections 2026,female,age_group_65_69,54
Bagmati,Nuwakot,Bidur,NP03,NP0328,NP0328301,1,affected,population projections 2026,total,age_group_70_74,68
Bagmati,Nuwakot,Bidur,NP03,NP0328,NP0328301,1,affected,population projections 2026,male,age_group_70_74,31
Bagmati,Nuwakot,Bidur,NP03,NP0328,NP0328301,1,affected,population projections 2026,female,age_group_70_74,37
Bagmati,Nuwakot,Bidur,NP03,NP0328,NP0328301,1,affected,population projections 2026,total,age_group_75_79,48
Bagmati,Nuwakot,Bidur,NP03,NP0328,NP0328301,1,affected,population projections 2026,male,age_group_75_79,20
Bagmati,Nuwakot,Bidur,NP03,NP0328,NP0328301,1,affected,population projections 2026,female,age_group_75_79,28
Bagmati,Nuwakot,Bidur,NP03,NP0328,NP0328301,1,affected,population projections 2026,total,age_group_80_84,25
Bagmati,Nuwakot,Bidur,NP03,NP0328,NP0328301,1,affected,population projections 2026,male,age_group_80_84,13
Bagmati,Nuwakot,Bidur,NP03,NP0328,NP0328301,1,affected,population projections 2026,female,age_group_80_84,12
Bagmati,Nuwakot,Bidur,NP03,NP0328,NP0328301,1,affected,population projections 2026,total,age_group_85_89,9
Bagmati,Nuwakot,Bidur,NP03,NP0328,NP0328301,1,affected,population projections 2026,male,age_group_85_89,5
Bagmati,Nuwakot,Bidur,NP03,NP0328,NP0328301,1,affected,population projections 2026,female,age_group_85_89,4
Bagmati,Nuwakot,Bidur,NP03,NP0328,NP0328301,1,affected,population projections 2026,total,age_group_90_94,6
Bagmati,Nuwakot,Bidur,NP03,NP0328,NP0328301,1,affected,population projections 2026,male,age_group_90_94,2
Bagmati,Nuwakot,Bidur,NP03,NP0328,NP0328301,1,affected,population projections 2026,female,age_group_90_94,4
Bagmati,Nuwakot,Bidur,NP03,NP0328,NP0328301,1,affected,population projections 2026,total,age_group_95plus,1
Bagmati,Nuwakot,Bidur,NP03,NP0328,NP0328301,1,affected,population projections 2026,male,age_group_95plus,0
Bagmati,Nuwakot,Bidur,NP03,NP0328,NP0328301,1,affected,population projections 2026,female,age_group_95plus,1
Bagmati,Nuwakot,Bidur,NP03,NP0328,NP0328301,2,NA,population projections 2026,total,population_total,5303
Bagmati,Nuwakot,Bidur,NP03,NP0328,NP0328301,2,NA,population projections 2026,male,population_overall_male,2538
Bagmati,Nuwakot,Bidur,NP03,NP0328,NP0328301,2,NA,population projections 2026,female,population_overall_female,2765
Bagmati,Nuwakot,Bidur,NP03,NP0328,NP0328301,2,NA,population projections 2026,total,age_group_0_4,405
Bagmati,Nuwakot,Bidur,NP03,NP0328,NP0328301,2,NA,population projections 2026,male,age_group_0_4,211
Bagmati,Nuwakot,Bidur,NP03,NP0328,NP0328301,2,NA,population projections 2026,female,age_group_0_4,194
Bagmati,Nuwakot,Bidur,NP03,NP0328,NP0328301,2,NA,population projections 2026,total,age_group_5_9,399
Bagmati,Nuwakot,Bidur,NP03,NP0328,NP0328301,2,NA,population projections 2026,male,age_group_5_9,222
Bagmati,Nuwakot,Bidur,NP03,NP0328,NP0328301,2,NA,population projections 2026,female,age_group_5_9,177
Bagmati,Nuwakot,Bidur,NP03,NP0328,NP0328301,2,NA,population projections 2026,total,age_group_10_14,462
Bagmati,Nuwakot,Bidur,NP03,NP0328,NP0328301,2,NA,population projections 2026,male,age_group_10_14,257
Bagmati,Nuwakot,Bidur,NP03,NP0328,NP0328301,2,NA,population projections 2026,female,age_group_10_14,205
Bagmati,Nuwakot,Bidur,NP03,NP0328,NP0328301,2,NA,population projections 2026,total,age_group_15_19,446
Bagmati,Nuwakot,Bidur,NP03,NP0328,NP0328301,2,NA,population projections 2026,male,age_group_15_19,248
Bagmati,Nuwakot,Bidur,NP03,NP0328,NP0328301,2,NA,population projections 2026,female,age_group_15_19,198
Bagmati,Nuwakot,Bidur,NP03,NP0328,NP0328301,2,NA,population projections 2026,total,age_group_20_24,404
Bagmati,Nuwakot,Bidur,NP03,NP0328,NP0328301,2,NA,population projections 2026,male,age_group_20_24,197
Bagmati,Nuwakot,Bidur,NP03,NP0328,NP0328301,2,NA,population projections 2026,female,age_group_20_24,207
Bagmati,Nuwakot,Bidur,NP03,NP0328,NP0328301,2,NA,population projections 2026,total,age_group_25_29,371
Bagmati,Nuwakot,Bidur,NP03,NP0328,NP0328301,2,NA,population projections 2026,male,age_group_25_29,141
Bagmati,Nuwakot,Bidur,NP03,NP0328,NP0328301,2,NA,population projections 2026,female,age_group_25_29,230
Bagmati,Nuwakot,Bidur,NP03,NP0328,NP0328301,2,NA,population projections 2026,total,age_group_30_34,417
Bagmati,Nuwakot,Bidur,NP03,NP0328,NP0328301,2,NA,population projections 2026,male,age_group_30_34,166
Bagmati,Nuwakot,Bidur,NP03,NP0328,NP0328301,2,NA,population projections 2026,female,age_group_30_34,251
Bagmati,Nuwakot,Bidur,NP03,NP0328,NP0328301,2,NA,population projections 2026,total,age_group_35_39,432
Bagmati,Nuwakot,Bidur,NP03,NP0328,NP0328301,2,NA,population projections 2026,male,age_group_35_39,162
Bagmati,Nuwakot,Bidur,NP03,NP0328,NP0328301,2,NA,population projections 2026,female,age_group_35_39,270
Bagmati,Nuwakot,Bidur,NP03,NP0328,NP0328301,2,NA,population projections 2026,total,age_group_40_44,419
Bagmati,Nuwakot,Bidur,NP03,NP0328,NP0328301,2,NA,population projections 2026,male,age_group_40_44,179
Bagmati,Nuwakot,Bidur,NP03,NP0328,NP0328301,2,NA,population projections 2026,female,age_group_40_44,240
Bagmati,Nuwakot,Bidur,NP03,NP0328,NP0328301,2,NA,population projections 2026,total,age_group_45_49,334
Bagmati,Nuwakot,Bidur,NP03,NP0328,NP0328301,2,NA,population projections 2026,male,age_group_45_49,165
Bagmati,Nuwakot,Bidur,NP03,NP0328,NP0328301,2,NA,population projections 2026,female,age_group_45_49,169
Bagmati,Nuwakot,Bidur,NP03,NP0328,NP0328301,2,NA,population projections 2026,total,age_group_50_54,287
Bagmati,Nuwakot,Bidur,NP03,NP0328,NP0328301,2,NA,population projections 2026,male,age_group_50_54,150
Bagmati,Nuwakot,Bidur,NP03,NP0328,NP0328301,2,NA,population projections 2026,female,age_group_50_54,137
Bagmati,Nuwakot,Bidur,NP03,NP0328,NP0328301,2,NA,population projections 2026,total,age_group_55_59,275
Bagmati,Nuwakot,Bidur,NP03,NP0328,NP0328301,2,NA,population projections 2026,male,age_group_55_59,134
Bagmati,Nuwakot,Bidur,NP03,NP0328,NP0328301,2,NA,population projections 2026,female,age_group_55_59,141
Bagmati,Nuwakot,Bidur,NP03,NP0328,NP0328301,2,NA,population projections 2026,total,age_group_60_64,193
Bagmati,Nuwakot,Bidur,NP03,NP0328,NP0328301,2,NA,population projections 2026,male,age_group_60_64,90
Bagmati,Nuwakot,Bidur,NP03,NP0328,NP0328301,2,NA,population projections 2026,female,age_group_60_64,103
Bagmati,Nuwakot,Bidur,NP03,NP0328,NP0328301,2,NA,population projections 2026,total,age_group_65_69,170
Bagmati,Nuwakot,Bidur,NP03,NP0328,NP0328301,2,NA,population projections 2026,male,age_group_65_69,87
Bagmati,Nuwakot,Bidur,NP03,NP0328,NP0328301,2,NA,population projections 2026,female,age_group_65_69,83
Bagmati,Nuwakot,Bidur,NP03,NP0328,NP0328301,2,NA,population projections 2026,total,age_group_70_74,134
Bagmati,Nuwakot,Bidur,NP03,NP0328,NP0328301,2,NA,population projections 2026,male,age_group_70_74,62
Bagmati,Nuwakot,Bidur,NP03,NP0328,NP0328301,2,NA,population projections 2026,female,age_group_70_74,72
Bagmati,Nuwakot,Bidur,NP03,NP0328,NP0328301,2,NA,population projections 2026,total,age_group_75_79,80
Bagmati,Nuwakot,Bidur,NP03,NP0328,NP0328301,2,NA,population projections 2026,male,age_group_75_79,36
Bagmati,Nuwakot,Bidur,NP03,NP0328,NP0328301,2,NA,population projections 2026,female,age_group_75_79,44
Bagmati,Nuwakot,Bidur,NP03,NP0328,NP0328301,2,NA,population projections 2026,total,age_group_80_84,47
Bagmati,Nuwakot,Bidur,NP03,NP0328,NP0328301,2,NA,population projections 2026,male,age_group_80_84,21
Bagmati,Nuwakot,Bidur,NP03,NP0328,NP0328301,2,NA,population projections 2026,female,age_group_80_84,26
Bagmati,Nuwakot,Bidur,NP03,NP0328,NP0328301,2,NA,population projections 2026,total,age_group_85_89,20
Bagmati,Nuwakot,Bidur,NP03,NP0328,NP0328301,2,NA,population projections 2026,male,age_group_85_89,8
Bagmati,Nuwakot,Bidur,NP03,NP0328,NP0328301,2,NA,population projections 2026,female,age_group_85_89,12
Bagmati,Nuwakot,Bidur,NP03,NP0328,NP0328301,2,NA,population projections 2026,total,age_group_90_94,7
Bagmati,Nuwakot,Bidur,NP03,NP0328,NP0328301,2,NA,population projections 2026,male,age_group_90_94,2
Bagmati,Nuwakot,Bidur,NP03,NP0328,NP0328301,2,NA,population projections 2026,female,age_group_90_94,5
Bagmati,Nuwakot,Bidur,NP03,NP0328,NP0328301,2,NA,population projections 2026,total,age_group_95plus,1
Bagmati,Nuwakot,Bidur,NP03,NP0328,NP0328301,2,NA,population projections 2026,male,age_group_95plus,0
Bagmati,Nuwakot,Bidur,NP03,NP0328,NP0328301,2,NA,population projections 2026,female,age_group_95plus,1
Bagmati,Nuwakot,Bidur,NP03,NP0328,NP0328301,3,affected,population projections 2026,total,population_total,4860
Bagmati,Nuwakot,Bidur,NP03,NP0328,NP0328301,3,affected,population projections 2026,male,population_overall_male,2232
Bagmati,Nuwakot,Bidur,NP03,NP0328,NP0328301,3,affected,population projections 2026,female,population_overall_female,2628
Bagmati,Nuwakot,Bidur,NP03,NP0328,NP0328301,3,affected,population projections 2026,total,age_group_0_4,363
Bagmati,Nuwakot,Bidur,NP03,NP0328,NP0328301,3,affected,population projections 2026,male,age_group_0_4,190
Bagmati,Nuwakot,Bidur,NP03,NP0328,NP0328301,3,affected,population projections 2026,female,age_group_0_4,173
Bagmati,Nuwakot,Bidur,NP03,NP0328,NP0328301,3,affected,population projections 2026,total,age_group_5_9,372
Bagmati,Nuwakot,Bidur,NP03,NP0328,NP0328301,3,affected,population projections 2026,male,age_group_5_9,209
Bagmati,Nuwakot,Bidur,NP03,NP0328,NP0328301,3,affected,population projections 2026,female,age_group_5_9,163
Bagmati,Nuwakot,Bidur,NP03,NP0328,NP0328301,3,affected,population projections 2026,total,age_group_10_14,395
Bagmati,Nuwakot,Bidur,NP03,NP0328,NP0328301,3,affected,population projections 2026,male,age_group_10_14,198
Bagmati,Nuwakot,Bidur,NP03,NP0328,NP0328301,3,affected,population projections 2026,female,age_group_10_14,197
Bagmati,Nuwakot,Bidur,NP03,NP0328,NP0328301,3,affected,population projections 2026,total,age_group_15_19,400
Bagmati,Nuwakot,Bidur,NP03,NP0328,NP0328301,3,affected,population projections 2026,male,age_group_15_19,194
Bagmati,Nuwakot,Bidur,NP03,NP0328,NP0328301,3,affected,population projections 2026,female,age_group_15_19,206
Bagmati,Nuwakot,Bidur,NP03,NP0328,NP0328301,3,affected,population projections 2026,total,age_group_20_24,358
Bagmati,Nuwakot,Bidur,NP03,NP0328,NP0328301,3,affected,population projections 2026,male,age_group_20_24,166
Bagmati,Nuwakot,Bidur,NP03,NP0328,NP0328301,3,affected,population projections 2026,female,age_group_20_24,192
Bagmati,Nuwakot,Bidur,NP03,NP0328,NP0328301,3,affected,population projections 2026,total,age_group_25_29,331
Bagmati,Nuwakot,Bidur,NP03,NP0328,NP0328301,3,affected,population projections 2026,male,age_group_25_29,115
Bagmati,Nuwakot,Bidur,NP03,NP0328,NP0328301,3,affected,population projections 2026,female,age_group_25_29,216
Bagmati,Nuwakot,Bidur,NP03,NP0328,NP0328301,3,affected,population projections 2026,total,age_group_30_34,374
Bagmati,Nuwakot,Bidur,NP03,NP0328,NP0328301,3,affected,population projections 2026,male,age_group_30_34,143
Bagmati,Nuwakot,Bidur,NP03,NP0328,NP0328301,3,affected,population projections 2026,female,age_group_30_34,231
Bagmati,Nuwakot,Bidur,NP03,NP0328,NP0328301,3,affected,population projections 2026,total,age_group_35_39,331
Bagmati,Nuwakot,Bidur,NP03,NP0328,NP0328301,3,affected,population projections 2026,male,age_group_35_39,140
Bagmati,Nuwakot,Bidur,NP03,NP0328,NP0328301,3,affected,population projections 2026,female,age_group_35_39,191
Bagmati,Nuwakot,Bidur,NP03,NP0328,NP0328301,3,affected,population projections 2026,total,age_group_40_44,281
Bagmati,Nuwakot,Bidur,NP03,NP0328,NP0328301,3,affected,population projections 2026,male,age_group_40_44,123
Bagmati,Nuwakot,Bidur,NP03,NP0328,NP0328301,3,affected,population projections 2026,female,age_group_40_44,158
Bagmati,Nuwakot,Bidur,NP03,NP0328,NP0328301,3,affected,population projections 2026,total,age_group_45_49,291
Bagmati,Nuwakot,Bidur,NP03,NP0328,NP0328301,3,affected,population projections 2026,male,age_group_45_49,128
Bagmati,Nuwakot,Bidur,NP03,NP0328,NP0328301,3,affected,population projections 2026,female,age_group_45_49,163
Bagmati,Nuwakot,Bidur,NP03,NP0328,NP0328301,3,affected,population projections 2026,total,age_group_50_54,283
Bagmati,Nuwakot,Bidur,NP03,NP0328,NP0328301,3,affected,population projections 2026,male,age_group_50_54,124
Bagmati,Nuwakot,Bidur,NP03,NP0328,NP0328301,3,affected,population projections 2026,female,age_group_50_54,159
Bagmati,Nuwakot,Bidur,NP03,NP0328,NP0328301,3,affected,population projections 2026,total,age_group_55_59,261
Bagmati,Nuwakot,Bidur,NP03,NP0328,NP0328301,3,affected,population projections 2026,male,age_group_55_59,116
Bagmati,Nuwakot,Bidur,NP03,NP0328,NP0328301,3,affected,population projections 2026,female,age_group_55_59,145
Bagmati,Nuwakot,Bidur,NP03,NP0328,NP0328301,3,affected,population projections 2026,total,age_group_60_64,248
Bagmati,Nuwakot,Bidur,NP03,NP0328,NP0328301,3,affected,population projections 2026,male,age_group_60_64,119
Bagmati,Nuwakot,Bidur,NP03,NP0328,NP0328301,3,affected,population projections 2026,female,age_group_60_64,129
Bagmati,Nuwakot,Bidur,NP03,NP0328,NP0328301,3,affected,population projections 2026,total,age_group_65_69,203
Bagmati,Nuwakot,Bidur,NP03,NP0328,NP0328301,3,affected,population projections 2026,male,age_group_65_69,101
Bagmati,Nuwakot,Bidur,NP03,NP0328,NP0328301,3,affected,population projections 2026,female,age_group_65_69,102
Bagmati,Nuwakot,Bidur,NP03,NP0328,NP0328301,3,affected,population projections 2026,total,age_group_70_74,142
Bagmati,Nuwakot,Bidur,NP03,NP0328,NP0328301,3,affected,population projections 2026,male,age_group_70_74,63
Bagmati,Nuwakot,Bidur,NP03,NP0328,NP0328301,3,affected,population projections 2026,female,age_group_70_74,79
Bagmati,Nuwakot,Bidur,NP03,NP0328,NP0328301,3,affected,population projections 2026,total,age_group_75_79,119
Bagmati,Nuwakot,Bidur,NP03,NP0328,NP0328301,3,affected,population projections 2026,male,age_group_75_79,54
Bagmati,Nuwakot,Bidur,NP03,NP0328,NP0328301,3,affected,population projections 2026,female,age_group_75_79,65
Bagmati,Nuwakot,Bidur,NP03,NP0328,NP0328301,3,affected,population projections 2026,total,age_group_80_84,69
Bagmati,Nuwakot,Bidur,NP03,NP0328,NP0328301,3,affected,population projections 2026,male,age_group_80_84,31
Bagmati,Nuwakot,Bidur,NP03,NP0328,NP0328301,3,affected,population projections 2026,female,age_group_80_84,38
Bagmati,Nuwakot,Bidur,NP03,NP0328,NP0328301,3,affected,population projections 2026,total,age_group_85_89,25
Bagmati,Nuwakot,Bidur,NP03,NP0328,NP0328301,3,affected,population projections 2026,male,age_group_85_89,11
Bagmati,Nuwakot,Bidur,NP03,NP0328,NP0328301,3,affected,population projections 2026,female,age_group_85_89,14
Bagmati,Nuwakot,Bidur,NP03,NP0328,NP0328301,3,affected,population projections 2026,total,age_group_90_94,14
Bagmati,Nuwakot,Bidur,NP03,NP0328,NP0328301,3,affected,population projections 2026,male,age_group_90_94,7
Bagmati,Nuwakot,Bidur,NP03,NP0328,NP0328301,3,affected,population projections 2026,female,age_group_90_94,7
Bagmati,Nuwakot,Bidur,NP03,NP0328,NP0328301,3,affected,population projections 2026,total,age_group_95plus,0
Bagmati,Nuwakot,Bidur,NP03,NP0328,NP0328301,3,affected,population projections 2026,male,age_group_95plus,0
Bagmati,Nuwakot,Bidur,NP03,NP0328,NP0328301,3,affected,population projections 2026,female,age_group_95plus,0
Bagmati,Nuwakot,Bidur,NP03,NP0328,NP0328301,4,affected,population projections 2026,total,population_total,7076
Bagmati,Nuwakot,Bidur,NP03,NP0328,NP0328301,4,affected,population projections 2026,male,population_overall_male,3416
Bagmati,Nuwakot,Bidur,NP03,NP0328,NP0328301,4,affected,population projections 2026,female,population_overall_female,3660
Bagmati,Nuwakot,Bidur,NP03,NP0328,NP0328301,4,affected,population projections 2026,total,age_group_0_4,582
Bagmati,Nuwakot,Bidur,NP03,NP0328,NP0328301,4,affected,population projections 2026,male,age_group_0_4,303
Bagmati,Nuwakot,Bidur,NP03,NP0328,NP0328301,4,affected,population projections 2026,female,age_group_0_4,279
Bagmati,Nuwakot,Bidur,NP03,NP0328,NP0328301,4,affected,population projections 2026,total,age_group_5_9,570
Bagmati,Nuwakot,Bidur,NP03,NP0328,NP0328301,4,affected,population projections 2026,male,age_group_5_9,301
Bagmati,Nuwakot,Bidur,NP03,NP0328,NP0328301,4,affected,population projections 2026,female,age_group_5_9,269
Bagmati,Nuwakot,Bidur,NP03,NP0328,NP0328301,4,affected,population projections 2026,total,age_group_10_14,597
Bagmati,Nuwakot,Bidur,NP03,NP0328,NP0328301,4,affected,population projections 2026,male,age_group_10_14,319
Bagmati,Nuwakot,Bidur,NP03,NP0328,NP0328301,4,affected,population projections 2026,female,age_group_10_14,278
Bagmati,Nuwakot,Bidur,NP03,NP0328,NP0328301,4,affected,population projections 2026,total,age_group_15_19,579
Bagmati,Nuwakot,Bidur,NP03,NP0328,NP0328301,4,affected,population projections 2026,male,age_group_15_19,297
Bagmati,Nuwakot,Bidur,NP03,NP0328,NP0328301,4,affected,population projections 2026,female,age_group_15_19,282
Bagmati,Nuwakot,Bidur,NP03,NP0328,NP0328301,4,affected,population projections 2026,total,age_group_20_24,546
Bagmati,Nuwakot,Bidur,NP03,NP0328,NP0328301,4,affected,population projections 2026,male,age_group_20_24,252
Bagmati,Nuwakot,Bidur,NP03,NP0328,NP0328301,4,affected,population projections 2026,female,age_group_20_24,294
Bagmati,Nuwakot,Bidur,NP03,NP0328,NP0328301,4,affected,population projections 2026,total,age_group_25_29,550
Bagmati,Nuwakot,Bidur,NP03,NP0328,NP0328301,4,affected,population projections 2026,male,age_group_25_29,223
Bagmati,Nuwakot,Bidur,NP03,NP0328,NP0328301,4,affected,population projections 2026,female,age_group_25_29,327
Bagmati,Nuwakot,Bidur,NP03,NP0328,NP0328301,4,affected,population projections 2026,total,age_group_30_34,674
Bagmati,Nuwakot,Bidur,NP03,NP0328,NP0328301,4,affected,population projections 2026,male,age_group_30_34,294
Bagmati,Nuwakot,Bidur,NP03,NP0328,NP0328301,4,affected,population projections 2026,female,age_group_30_34,380
Bagmati,Nuwakot,Bidur,NP03,NP0328,NP0328301,4,affected,population projections 2026,total,age_group_35_39,655
Bagmati,Nuwakot,Bidur,NP03,NP0328,NP0328301,4,affected,population projections 2026,male,age_group_35_39,271
Bagmati,Nuwakot,Bidur,NP03,NP0328,NP0328301,4,affected,population projections 2026,female,age_group_35_39,384
Bagmati,Nuwakot,Bidur,NP03,NP0328,NP0328301,4,affected,population projections 2026,total,age_group_40_44,560
Bagmati,Nuwakot,Bidur,NP03,NP0328,NP0328301,4,affected,population projections 2026,male,age_group_40_44,255
Bagmati,Nuwakot,Bidur,NP03,NP0328,NP0328301,4,affected,population projections 2026,female,age_group_40_44,305
Bagmati,Nuwakot,Bidur,NP03,NP0328,NP0328301,4,affected,population projections 2026,total,age_group_45_49,480
Bagmati,Nuwakot,Bidur,NP03,NP0328,NP0328301,4,affected,population projections 2026,male,age_group_45_49,245
Bagmati,Nuwakot,Bidur,NP03,NP0328,NP0328301,4,affected,population projections 2026,female,age_group_45_49,235
Bagmati,Nuwakot,Bidur,NP03,NP0328,NP0328301,4,affected,population projections 2026,total,age_group_50_54,322
Bagmati,Nuwakot,Bidur,NP03,NP0328,NP0328301,4,affected,population projections 2026,male,age_group_50_54,176
Bagmati,Nuwakot,Bidur,NP03,NP0328,NP0328301,4,affected,population projections 2026,female,age_group_50_54,146
Bagmati,Nuwakot,Bidur,NP03,NP0328,NP0328301,4,affected,population projections 2026,total,age_group_55_59,311
Bagmati,Nuwakot,Bidur,NP03,NP0328,NP0328301,4,affected,population projections 2026,male,age_group_55_59,170
Bagmati,Nuwakot,Bidur,NP03,NP0328,NP0328301,4,affected,population projections 2026,female,age_group_55_59,141
Bagmati,Nuwakot,Bidur,NP03,NP0328,NP0328301,4,affected,population projections 2026,total,age_group_60_64,230
Bagmati,Nuwakot,Bidur,NP03,NP0328,NP0328301,4,affected,population projections 2026,male,age_group_60_64,116
Bagmati,Nuwakot,Bidur,NP03,NP0328,NP0328301,4,affected,population projections 2026,female,age_group_60_64,114
Bagmati,Nuwakot,Bidur,NP03,NP0328,NP0328301,4,affected,population projections 2026,total,age_group_65_69,162
Bagmati,Nuwakot,Bidur,NP03,NP0328,NP0328301,4,affected,population projections 2026,male,age_group_65_69,79
Bagmati,Nuwakot,Bidur,NP03,NP0328,NP0328301,4,affected,population projections 2026,female,age_group_65_69,83
Bagmati,Nuwakot,Bidur,NP03,NP0328,NP0328301,4,affected,population projections 2026,total,age_group_70_74,114
Bagmati,Nuwakot,Bidur,NP03,NP0328,NP0328301,4,affected,population projections 2026,male,age_group_70_74,47
Bagmati,Nuwakot,Bidur,NP03,NP0328,NP0328301,4,affected,population projections 2026,female,age_group_70_74,67
Bagmati,Nuwakot,Bidur,NP03,NP0328,NP0328301,4,affected,population projections 2026,total,age_group_75_79,80
Bagmati,Nuwakot,Bidur,NP03,NP0328,NP0328301,4,affected,population projections 2026,male,age_group_75_79,39
Bagmati,Nuwakot,Bidur,NP03,NP0328,NP0328301,4,affected,population projections 2026,female,age_group_75_79,41
Bagmati,Nuwakot,Bidur,NP03,NP0328,NP0328301,4,affected,population projections 2026,total,age_group_80_84,42
Bagmati,Nuwakot,Bidur,NP03,NP0328,NP0328301,4,affected,population projections 2026,male,age_group_80_84,19
Bagmati,Nuwakot,Bidur,NP03,NP0328,NP0328301,4,affected,population projections 2026,female,age_group_80_84,23
Bagmati,Nuwakot,Bidur,NP03,NP0328,NP0328301,4,affected,population projections 2026,total,age_group_85_89,14
Bagmati,Nuwakot,Bidur,NP03,NP0328,NP0328301,4,affected,population projections 2026,male,age_group_85_89,7
Bagmati,Nuwakot,Bidur,NP03,NP0328,NP0328301,4,affected,population projections 2026,female,age_group_85_89,7
Bagmati,Nuwakot,Bidur,NP03,NP0328,NP0328301,4,affected,population projections 2026,total,age_group_90_94,8
Bagmati,Nuwakot,Bidur,NP03,NP0328,NP0328301,4,affected,population projections 2026,male,age_group_90_94,3
Bagmati,Nuwakot,Bidur,NP03,NP0328,NP0328301,4,affected,population projections 2026,female,age_group_90_94,5
Bagmati,Nuwakot,Bidur,NP03,NP0328,NP0328301,4,affected,population projections 2026,total,age_group_95plus,0
Bagmati,Nuwakot,Bidur,NP03,NP0328,NP0328301,4,affected,population projections 2026,male,age_group_95plus,0
Bagmati,Nuwakot,Bidur,NP03,NP0328,NP0328301,4,affected,population projections 2026,female,age_group_95plus,0
Bagmati,Nuwakot,Bidur,NP03,NP0328,NP0328301,5,affected,population projections 2026,total,population_total,6280
Bagmati,Nuwakot,Bidur,NP03,NP0328,NP0328301,5,affected,population projections 2026,male,population_overall_male,2964
Bagmati,Nuwakot,Bidur,NP03,NP0328,NP0328301,5,affected,population projections 2026,female,population_overall_female,3316
Bagmati,Nuwakot,Bidur,NP03,NP0328,NP0328301,5,affected,population projections 2026,total,age_group_0_4,508
Bagmati,Nuwakot,Bidur,NP03,NP0328,NP0328301,5,affected,population projections 2026,male,age_group_0_4,264
Bagmati,Nuwakot,Bidur,NP03,NP0328,NP0328301,5,affected,population projections 2026,female,age_group_0_4,244
Bagmati,Nuwakot,Bidur,NP03,NP0328,NP0328301,5,affected,population projections 2026,total,age_group_5_9,506
Bagmati,Nuwakot,Bidur,NP03,NP0328,NP0328301,5,affected,population projections 2026,male,age_group_5_9,267
Bagmati,Nuwakot,Bidur,NP03,NP0328,NP0328301,5,affected,population projections 2026,female,age_group_5_9,239
Bagmati,Nuwakot,Bidur,NP03,NP0328,NP0328301,5,affected,population projections 2026,total,age_group_10_14,475
Bagmati,Nuwakot,Bidur,NP03,NP0328,NP0328301,5,affected,population projections 2026,male,age_group_10_14,238
Bagmati,Nuwakot,Bidur,NP03,NP0328,NP0328301,5,affected,population projections 2026,female,age_group_10_14,237
Bagmati,Nuwakot,Bidur,NP03,NP0328,NP0328301,5,affected,population projections 2026,total,age_group_15_19,537
Bagmati,Nuwakot,Bidur,NP03,NP0328,NP0328301,5,affected,population projections 2026,male,age_group_15_19,276
Bagmati,Nuwakot,Bidur,NP03,NP0328,NP0328301,5,affected,population projections 2026,female,age_group_15_19,261
Bagmati,Nuwakot,Bidur,NP03,NP0328,NP0328301,5,affected,population projections 2026,total,age_group_20_24,567
Bagmati,Nuwakot,Bidur,NP03,NP0328,NP0328301,5,affected,population projections 2026,male,age_group_20_24,273
Bagmati,Nuwakot,Bidur,NP03,NP0328,NP0328301,5,affected,population projections 2026,female,age_group_20_24,294
Bagmati,Nuwakot,Bidur,NP03,NP0328,NP0328301,5,affected,population projections 2026,total,age_group_25_29,492
Bagmati,Nuwakot,Bidur,NP03,NP0328,NP0328301,5,affected,population projections 2026,male,age_group_25_29,191
Bagmati,Nuwakot,Bidur,NP03,NP0328,NP0328301,5,affected,population projections 2026,female,age_group_25_29,301
Bagmati,Nuwakot,Bidur,NP03,NP0328,NP0328301,5,affected,population projections 2026,total,age_group_30_34,478
Bagmati,Nuwakot,Bidur,NP03,NP0328,NP0328301,5,affected,population projections 2026,male,age_group_30_34,189
Bagmati,Nuwakot,Bidur,NP03,NP0328,NP0328301,5,affected,population projections 2026,female,age_group_30_34,289
Bagmati,Nuwakot,Bidur,NP03,NP0328,NP0328301,5,affected,population projections 2026,total,age_group_35_39,490
Bagmati,Nuwakot,Bidur,NP03,NP0328,NP0328301,5,affected,population projections 2026,male,age_group_35_39,210
Bagmati,Nuwakot,Bidur,NP03,NP0328,NP0328301,5,affected,population projections 2026,female,age_group_35_39,280
Bagmati,Nuwakot,Bidur,NP03,NP0328,NP0328301,5,affected,population projections 2026,total,age_group_40_44,522
Bagmati,Nuwakot,Bidur,NP03,NP0328,NP0328301,5,affected,population projections 2026,male,age_group_40_44,239
Bagmati,Nuwakot,Bidur,NP03,NP0328,NP0328301,5,affected,population projections 2026,female,age_group_40_44,283
Bagmati,Nuwakot,Bidur,NP03,NP0328,NP0328301,5,affected,population projections 2026,total,age_group_45_49,417
Bagmati,Nuwakot,Bidur,NP03,NP0328,NP0328301,5,affected,population projections 2026,male,age_group_45_49,208
Bagmati,Nuwakot,Bidur,NP03,NP0328,NP0328301,5,affected,population projections 2026,female,age_group_45_49,209
Bagmati,Nuwakot,Bidur,NP03,NP0328,NP0328301,5,affected,population projections 2026,total,age_group_50_54,303
Bagmati,Nuwakot,Bidur,NP03,NP0328,NP0328301,5,affected,population projections 2026,male,age_group_50_54,152
Bagmati,Nuwakot,Bidur,NP03,NP0328,NP0328301,5,affected,population projections 2026,female,age_group_50_54,151
Bagmati,Nuwakot,Bidur,NP03,NP0328,NP0328301,5,affected,population projections 2026,total,age_group_55_59,260
Bagmati,Nuwakot,Bidur,NP03,NP0328,NP0328301,5,affected,population projections 2026,male,age_group_55_59,121
Bagmati,Nuwakot,Bidur,NP03,NP0328,NP0328301,5,affected,population projections 2026,female,age_group_55_59,139
Bagmati,Nuwakot,Bidur,NP03,NP0328,NP0328301,5,affected,population projections 2026,total,age_group_60_64,233
Bagmati,Nuwakot,Bidur,NP03,NP0328,NP0328301,5,affected,population projections 2026,male,age_group_60_64,103
Bagmati,Nuwakot,Bidur,NP03,NP0328,NP0328301,5,affected,population projections 2026,female,age_group_60_64,130
Bagmati,Nuwakot,Bidur,NP03,NP0328,NP0328301,5,affected,population projections 2026,total,age_group_65_69,203
Bagmati,Nuwakot,Bidur,NP03,NP0328,NP0328301,5,affected,population projections 2026,male,age_group_65_69,92
Bagmati,Nuwakot,Bidur,NP03,NP0328,NP0328301,5,affected,population projections 2026,female,age_group_65_69,111
Bagmati,Nuwakot,Bidur,NP03,NP0328,NP0328301,5,affected,population projections 2026,total,age_group_70_74,146
Bagmati,Nuwakot,Bidur,NP03,NP0328,NP0328301,5,affected,population projections 2026,male,age_group_70_74,70
Bagmati,Nuwakot,Bidur,NP03,NP0328,NP0328301,5,affected,population projections 2026,female,age_group_70_74,76
Bagmati,Nuwakot,Bidur,NP03,NP0328,NP0328301,5,affected,population projections 2026,total,age_group_75_79,79
Bagmati,Nuwakot,Bidur,NP03,NP0328,NP0328301,5,affected,population projections 2026,male,age_group_75_79,41
Bagmati,Nuwakot,Bidur,NP03,NP0328,NP0328301,5,affected,population projections 2026,female,age_group_75_79,38
Bagmati,Nuwakot,Bidur,NP03,NP0328,NP0328301,5,affected,population projections 2026,total,age_group_80_84,45
Bagmati,Nuwakot,Bidur,NP03,NP0328,NP0328301,5,affected,population projections 2026,male,age_group_80_84,23
Bagmati,Nuwakot,Bidur,NP03,NP0328,NP0328301,5,affected,population projections 2026,female,age_group_80_84,22
Bagmati,Nuwakot,Bidur,NP03,NP0328,NP0328301,5,affected,population projections 2026,total,age_group_85_89,12
Bagmati,Nuwakot,Bidur,NP03,NP0328,NP0328301,5,affected,population projections 2026,male,age_group_85_89,6
Bagmati,Nuwakot,Bidur,NP03,NP0328,NP0328301,5,affected,population projections 2026,female,age_group_85_89,6
Bagmati,Nuwakot,Bidur,NP03,NP0328,NP0328301,5,affected,population projections 2026,total,age_group_90_94,6
Bagmati,Nuwakot,Bidur,NP03,NP0328,NP0328301,5,affected,population projections 2026,male,age_group_90_94,1
Bagmati,Nuwakot,Bidur,NP03,NP0328,NP0328301,5,affected,population projections 2026,female,age_group_90_94,5
Bagmati,Nuwakot,Bidur,NP03,NP0328,NP0328301,5,affected,population projections 2026,total,age_group_95plus,1
Bagmati,Nuwakot,Bidur,NP03,NP0328,NP0328301,5,affected,population projections 2026,male,age_group_95plus,0
Bagmati,Nuwakot,Bidur,NP03,NP0328,NP0328301,5,affected,population projections 2026,female,age_group_95plus,1
Bagmati,Nuwakot,Bidur,NP03,NP0328,NP0328301,6,affected,population projections 2026,total,population_total,3996
Bagmati,Nuwakot,Bidur,NP03,NP0328,NP0328301,6,affected,population projections 2026,male,population_overall_male,1864
Bagmati,Nuwakot,Bidur,NP03,NP0328,NP0328301,6,affected,population projections 2026,female,population_overall_female,2132
Bagmati,Nuwakot,Bidur,NP03,NP0328,NP0328301,6,affected,population projections 2026,total,age_group_0_4,309
Bagmati,Nuwakot,Bidur,NP03,NP0328,NP0328301,6,affected,population projections 2026,male,age_group_0_4,161
Bagmati,Nuwakot,Bidur,NP03,NP0328,NP0328301,6,affected,population projections 2026,female,age_group_0_4,148
Bagmati,Nuwakot,Bidur,NP03,NP0328,NP0328301,6,affected,population projections 2026,total,age_group_5_9,296
Bagmati,Nuwakot,Bidur,NP03,NP0328,NP0328301,6,affected,population projections 2026,male,age_group_5_9,160
Bagmati,Nuwakot,Bidur,NP03,NP0328,NP0328301,6,affected,population projections 2026,female,age_group_5_9,136
Bagmati,Nuwakot,Bidur,NP03,NP0328,NP0328301,6,affected,population projections 2026,total,age_group_10_14,330
Bagmati,Nuwakot,Bidur,NP03,NP0328,NP0328301,6,affected,population projections 2026,male,age_group_10_14,159
Bagmati,Nuwakot,Bidur,NP03,NP0328,NP0328301,6,affected,population projections 2026,female,age_group_10_14,171
Bagmati,Nuwakot,Bidur,NP03,NP0328,NP0328301,6,affected,population projections 2026,total,age_group_15_19,367
Bagmati,Nuwakot,Bidur,NP03,NP0328,NP0328301,6,affected,population projections 2026,male,age_group_15_19,187
Bagmati,Nuwakot,Bidur,NP03,NP0328,NP0328301,6,affected,population projections 2026,female,age_group_15_19,180
Bagmati,Nuwakot,Bidur,NP03,NP0328,NP0328301,6,affected,population projections 2026,total,age_group_20_24,324
Bagmati,Nuwakot,Bidur,NP03,NP0328,NP0328301,6,affected,population projections 2026,male,age_group_20_24,158
Bagmati,Nuwakot,Bidur,NP03,NP0328,NP0328301,6,affected,population projections 2026,female,age_group_20_24,166
Bagmati,Nuwakot,Bidur,NP03,NP0328,NP0328301,6,affected,population projections 2026,total,age_group_25_29,284
Bagmati,Nuwakot,Bidur,NP03,NP0328,NP0328301,6,affected,population projections 2026,male,age_group_25_29,115
Bagmati,Nuwakot,Bidur,NP03,NP0328,NP0328301,6,affected,population projections 2026,female,age_group_25_29,169
Bagmati,Nuwakot,Bidur,NP03,NP0328,NP0328301,6,affected,population projections 2026,total,age_group_30_34,329
Bagmati,Nuwakot,Bidur,NP03,NP0328,NP0328301,6,affected,population projections 2026,male,age_group_30_34,134
Bagmati,Nuwakot,Bidur,NP03,NP0328,NP0328301,6,affected,population projections 2026,female,age_group_30_34,195
Bagmati,Nuwakot,Bidur,NP03,NP0328,NP0328301,6,affected,population projections 2026,total,age_group_35_39,345
Bagmati,Nuwakot,Bidur,NP03,NP0328,NP0328301,6,affected,population projections 2026,male,age_group_35_39,138
Bagmati,Nuwakot,Bidur,NP03,NP0328,NP0328301,6,affected,population projections 2026,female,age_group_35_39,207
Bagmati,Nuwakot,Bidur,NP03,NP0328,NP0328301,6,affected,population projections 2026,total,age_group_40_44,336
Bagmati,Nuwakot,Bidur,NP03,NP0328,NP0328301,6,affected,population projections 2026,male,age_group_40_44,150
Bagmati,Nuwakot,Bidur,NP03,NP0328,NP0328301,6,affected,population projections 2026,female,age_group_40_44,186
Bagmati,Nuwakot,Bidur,NP03,NP0328,NP0328301,6,affected,population projections 2026,total,age_group_45_49,238
Bagmati,Nuwakot,Bidur,NP03,NP0328,NP0328301,6,affected,population projections 2026,male,age_group_45_49,125
Bagmati,Nuwakot,Bidur,NP03,NP0328,NP0328301,6,affected,population projections 2026,female,age_group_45_49,113
Bagmati,Nuwakot,Bidur,NP03,NP0328,NP0328301,6,affected,population projections 2026,total,age_group_50_54,180
Bagmati,Nuwakot,Bidur,NP03,NP0328,NP0328301,6,affected,population projections 2026,male,age_group_50_54,83
Bagmati,Nuwakot,Bidur,NP03,NP0328,NP0328301,6,affected,population projections 2026,female,age_group_50_54,97
Bagmati,Nuwakot,Bidur,NP03,NP0328,NP0328301,6,affected,population projections 2026,total,age_group_55_59,176
Bagmati,Nuwakot,Bidur,NP03,NP0328,NP0328301,6,affected,population projections 2026,male,age_group_55_59,76
Bagmati,Nuwakot,Bidur,NP03,NP0328,NP0328301,6,affected,population projections 2026,female,age_group_55_59,100
Bagmati,Nuwakot,Bidur,NP03,NP0328,NP0328301,6,affected,population projections 2026,total,age_group_60_64,146
Bagmati,Nuwakot,Bidur,NP03,NP0328,NP0328301,6,affected,population projections 2026,male,age_group_60_64,68
Bagmati,Nuwakot,Bidur,NP03,NP0328,NP0328301,6,affected,population projections 2026,female,age_group_60_64,78
Bagmati,Nuwakot,Bidur,NP03,NP0328,NP0328301,6,affected,population projections 2026,total,age_group_65_69,134
Bagmati,Nuwakot,Bidur,NP03,NP0328,NP0328301,6,affected,population projections 2026,male,age_group_65_69,64
Bagmati,Nuwakot,Bidur,NP03,NP0328,NP0328301,6,affected,population projections 2026,female,age_group_65_69,70
Bagmati,Nuwakot,Bidur,NP03,NP0328,NP0328301,6,affected,population projections 2026,total,age_group_70_74,88
Bagmati,Nuwakot,Bidur,NP03,NP0328,NP0328301,6,affected,population projections 2026,male,age_group_70_74,36
Bagmati,Nuwakot,Bidur,NP03,NP0328,NP0328301,6,affected,population projections 2026,female,age_group_70_74,52
Bagmati,Nuwakot,Bidur,NP03,NP0328,NP0328301,6,affected,population projections 2026,total,age_group_75_79,62
Bagmati,Nuwakot,Bidur,NP03,NP0328,NP0328301,6,affected,population projections 2026,male,age_group_75_79,27
Bagmati,Nuwakot,Bidur,NP03,NP0328,NP0328301,6,affected,population projections 2026,female,age_group_75_79,35
Bagmati,Nuwakot,Bidur,NP03,NP0328,NP0328301,6,affected,population projections 2026,total,age_group_80_84,31
Bagmati,Nuwakot,Bidur,NP03,NP0328,NP0328301,6,affected,population projections 2026,male,age_group_80_84,13
Bagmati,Nuwakot,Bidur,NP03,NP0328,NP0328301,6,affected,population projections 2026,female,age_group_80_84,18
Bagmati,Nuwakot,Bidur,NP03,NP0328,NP0328301,6,affected,population projections 2026,total,age_group_85_89,11
Bagmati,Nuwakot,Bidur,NP03,NP0328,NP0328301,6,affected,population projections 2026,male,age_group_85_89,5
Bagmati,Nuwakot,Bidur,NP03,NP0328,NP0328301,6,affected,population projections 2026,female,age_group_85_89,6
Bagmati,Nuwakot,Bidur,NP03,NP0328,NP0328301,6,affected,population projections 2026,total,age_group_90_94,10
Bagmati,Nuwakot,Bidur,NP03,NP0328,NP0328301,6,affected,population projections 2026,male,age_group_90_94,5
Bagmati,Nuwakot,Bidur,NP03,NP0328,NP0328301,6,affected,population projections 2026,female,age_group_90_94,5
Bagmati,Nuwakot,Bidur,NP03,NP0328,NP0328301,6,affected,population projections 2026,total,age_group_95plus,0
Bagmati,Nuwakot,Bidur,NP03,NP0328,NP0328301,6,affected,population projections 2026,male,age_group_95plus,0
Bagmati,Nuwakot,Bidur,NP03,NP0328,NP0328301,6,affected,population projections 2026,female,age_group_95plus,0
Bagmati,Nuwakot,Bidur,NP03,NP0328,NP0328301,7,affected,population projections 2026,total,population_total,4032
Bagmati,Nuwakot,Bidur,NP03,NP0328,NP0328301,7,affected,population projections 2026,male,population_overall_male,1901
Bagmati,Nuwakot,Bidur,NP03,NP0328,NP0328301,7,affected,population projections 2026,female,population_overall_female,2131
Bagmati,Nuwakot,Bidur,NP03,NP0328,NP0328301,7,affected,population projections 2026,total,age_group_0_4,294
Bagmati,Nuwakot,Bidur,NP03,NP0328,NP0328301,7,affected,population projections 2026,male,age_group_0_4,153
Bagmati,Nuwakot,Bidur,NP03,NP0328,NP0328301,7,affected,population projections 2026,female,age_group_0_4,141
Bagmati,Nuwakot,Bidur,NP03,NP0328,NP0328301,7,affected,population projections 2026,total,age_group_5_9,287
Bagmati,Nuwakot,Bidur,NP03,NP0328,NP0328301,7,affected,population projections 2026,male,age_group_5_9,163
Bagmati,Nuwakot,Bidur,NP03,NP0328,NP0328301,7,affected,population projections 2026,female,age_group_5_9,124
Bagmati,Nuwakot,Bidur,NP03,NP0328,NP0328301,7,affected,population projections 2026,total,age_group_10_14,292
Bagmati,Nuwakot,Bidur,NP03,NP0328,NP0328301,7,affected,population projections 2026,male,age_group_10_14,161
Bagmati,Nuwakot,Bidur,NP03,NP0328,NP0328301,7,affected,population projections 2026,female,age_group_10_14,131
Bagmati,Nuwakot,Bidur,NP03,NP0328,NP0328301,7,affected,population projections 2026,total,age_group_15_19,273
Bagmati,Nuwakot,Bidur,NP03,NP0328,NP0328301,7,affected,population projections 2026,male,age_group_15_19,141
Bagmati,Nuwakot,Bidur,NP03,NP0328,NP0328301,7,affected,population projections 2026,female,age_group_15_19,132
Bagmati,Nuwakot,Bidur,NP03,NP0328,NP0328301,7,affected,population projections 2026,total,age_group_20_24,294
Bagmati,Nuwakot,Bidur,NP03,NP0328,NP0328301,7,affected,population projections 2026,male,age_group_20_24,146
Bagmati,Nuwakot,Bidur,NP03,NP0328,NP0328301,7,affected,population projections 2026,female,age_group_20_24,148
Bagmati,Nuwakot,Bidur,NP03,NP0328,NP0328301,7,affected,population projections 2026,total,age_group_25_29,298
Bagmati,Nuwakot,Bidur,NP03,NP0328,NP0328301,7,affected,population projections 2026,male,age_group_25_29,118
Bagmati,Nuwakot,Bidur,NP03,NP0328,NP0328301,7,affected,population projections 2026,female,age_group_25_29,180
Bagmati,Nuwakot,Bidur,NP03,NP0328,NP0328301,7,affected,population projections 2026,total,age_group_30_34,306
Bagmati,Nuwakot,Bidur,NP03,NP0328,NP0328301,7,affected,population projections 2026,male,age_group_30_34,125
Bagmati,Nuwakot,Bidur,NP03,NP0328,NP0328301,7,affected,population projections 2026,female,age_group_30_34,181
Bagmati,Nuwakot,Bidur,NP03,NP0328,NP0328301,7,affected,population projections 2026,total,age_group_35_39,271
Bagmati,Nuwakot,Bidur,NP03,NP0328,NP0328301,7,affected,population projections 2026,male,age_group_35_39,115
Bagmati,Nuwakot,Bidur,NP03,NP0328,NP0328301,7,affected,population projections 2026,female,age_group_35_39,156
Bagmati,Nuwakot,Bidur,NP03,NP0328,NP0328301,7,affected,population projections 2026,total,age_group_40_44,261
Bagmati,Nuwakot,Bidur,NP03,NP0328,NP0328301,7,affected,population projections 2026,male,age_group_40_44,106
Bagmati,Nuwakot,Bidur,NP03,NP0328,NP0328301,7,affected,population projections 2026,female,age_group_40_44,155
Bagmati,Nuwakot,Bidur,NP03,NP0328,NP0328301,7,affected,population projections 2026,total,age_group_45_49,238
Bagmati,Nuwakot,Bidur,NP03,NP0328,NP0328301,7,affected,population projections 2026,male,age_group_45_49,113
Bagmati,Nuwakot,Bidur,NP03,NP0328,NP0328301,7,affected,population projections 2026,female,age_group_45_49,125
Bagmati,Nuwakot,Bidur,NP03,NP0328,NP0328301,7,affected,population projections 2026,total,age_group_50_54,232
Bagmati,Nuwakot,Bidur,NP03,NP0328,NP0328301,7,affected,population projections 2026,male,age_group_50_54,104
Bagmati,Nuwakot,Bidur,NP03,NP0328,NP0328301,7,affected,population projections 2026,female,age_group_50_54,128
Bagmati,Nuwakot,Bidur,NP03,NP0328,NP0328301,7,affected,population projections 2026,total,age_group_55_59,256
Bagmati,Nuwakot,Bidur,NP03,NP0328,NP0328301,7,affected,population projections 2026,male,age_group_55_59,118
Bagmati,Nuwakot,Bidur,NP03,NP0328,NP0328301,7,affected,population projections 2026,female,age_group_55_59,138
Bagmati,Nuwakot,Bidur,NP03,NP0328,NP0328301,7,affected,population projections 2026,total,age_group_60_64,211
Bagmati,Nuwakot,Bidur,NP03,NP0328,NP0328301,7,affected,population projections 2026,male,age_group_60_64,92
Bagmati,Nuwakot,Bidur,NP03,NP0328,NP0328301,7,affected,population projections 2026,female,age_group_60_64,119
Bagmati,Nuwakot,Bidur,NP03,NP0328,NP0328301,7,affected,population projections 2026,total,age_group_65_69,173
Bagmati,Nuwakot,Bidur,NP03,NP0328,NP0328301,7,affected,population projections 2026,male,age_group_65_69,78
Bagmati,Nuwakot,Bidur,NP03,NP0328,NP0328301,7,affected,population projections 2026,female,age_group_65_69,95
Bagmati,Nuwakot,Bidur,NP03,NP0328,NP0328301,7,affected,population projections 2026,total,age_group_70_74,147
Bagmati,Nuwakot,Bidur,NP03,NP0328,NP0328301,7,affected,population projections 2026,male,age_group_70_74,74
Bagmati,Nuwakot,Bidur,NP03,NP0328,NP0328301,7,affected,population projections 2026,female,age_group_70_74,73
Bagmati,Nuwakot,Bidur,NP03,NP0328,NP0328301,7,affected,population projections 2026,total,age_group_75_79,100
Bagmati,Nuwakot,Bidur,NP03,NP0328,NP0328301,7,affected,population projections 2026,male,age_group_75_79,52
Bagmati,Nuwakot,Bidur,NP03,NP0328,NP0328301,7,affected,population projections 2026,female,age_group_75_79,48
Bagmati,Nuwakot,Bidur,NP03,NP0328,NP0328301,7,affected,population projections 2026,total,age_group_80_84,62
Bagmati,Nuwakot,Bidur,NP03,NP0328,NP0328301,7,affected,population projections 2026,male,age_group_80_84,28
Bagmati,Nuwakot,Bidur,NP03,NP0328,NP0328301,7,affected,population projections 2026,female,age_group_80_84,34
Bagmati,Nuwakot,Bidur,NP03,NP0328,NP0328301,7,affected,population projections 2026,total,age_group_85_89,22
Bagmati,Nuwakot,Bidur,NP03,NP0328,NP0328301,7,affected,population projections 2026,male,age_group_85_89,8
Bagmati,Nuwakot,Bidur,NP03,NP0328,NP0328301,7,affected,population projections 2026,female,age_group_85_89,14
Bagmati,Nuwakot,Bidur,NP03,NP0328,NP0328301,7,affected,population projections 2026,total,age_group_90_94,13
Bagmati,Nuwakot,Bidur,NP03,NP0328,NP0328301,7,affected,population projections 2026,male,age_group_90_94,5
Bagmati,Nuwakot,Bidur,NP03,NP0328,NP0328301,7,affected,population projections 2026,female,age_group_90_94,8
Bagmati,Nuwakot,Bidur,NP03,NP0328,NP0328301,7,affected,population projections 2026,total,age_group_95plus,2
Bagmati,Nuwakot,Bidur,NP03,NP0328,NP0328301,7,affected,population projections 2026,male,age_group_95plus,1
Bagmati,Nuwakot,Bidur,NP03,NP0328,NP0328301,7,affected,population projections 2026,female,age_group_95plus,1
Bagmati,Nuwakot,Bidur,NP03,NP0328,NP0328301,8,NA,population projections 2026,total,population_total,3873
Bagmati,Nuwakot,Bidur,NP03,NP0328,NP0328301,8,NA,population projections 2026,male,population_overall_male,1793
Bagmati,Nuwakot,Bidur,NP03,NP0328,NP0328301,8,NA,population projections 2026,female,population_overall_female,2080
Bagmati,Nuwakot,Bidur,NP03,NP0328,NP0328301,8,NA,population projections 2026,total,age_group_0_4,306
Bagmati,Nuwakot,Bidur,NP03,NP0328,NP0328301,8,NA,population projections 2026,male,age_group_0_4,160
Bagmati,Nuwakot,Bidur,NP03,NP0328,NP0328301,8,NA,population projections 2026,female,age_group_0_4,146
Bagmati,Nuwakot,Bidur,NP03,NP0328,NP0328301,8,NA,population projections 2026,total,age_group_5_9,328
Bagmati,Nuwakot,Bidur,NP03,NP0328,NP0328301,8,NA,population projections 2026,male,age_group_5_9,178
Bagmati,Nuwakot,Bidur,NP03,NP0328,NP0328301,8,NA,population projections 2026,female,age_group_5_9,150
Bagmati,Nuwakot,Bidur,NP03,NP0328,NP0328301,8,NA,population projections 2026,total,age_group_10_14,292
Bagmati,Nuwakot,Bidur,NP03,NP0328,NP0328301,8,NA,population projections 2026,male,age_group_10_14,159
Bagmati,Nuwakot,Bidur,NP03,NP0328,NP0328301,8,NA,population projections 2026,female,age_group_10_14,133
Bagmati,Nuwakot,Bidur,NP03,NP0328,NP0328301,8,NA,population projections 2026,total,age_group_15_19,295
Bagmati,Nuwakot,Bidur,NP03,NP0328,NP0328301,8,NA,population projections 2026,male,age_group_15_19,143
Bagmati,Nuwakot,Bidur,NP03,NP0328,NP0328301,8,NA,population projections 2026,female,age_group_15_19,152
Bagmati,Nuwakot,Bidur,NP03,NP0328,NP0328301,8,NA,population projections 2026,total,age_group_20_24,299
Bagmati,Nuwakot,Bidur,NP03,NP0328,NP0328301,8,NA,population projections 2026,male,age_group_20_24,131
Bagmati,Nuwakot,Bidur,NP03,NP0328,NP0328301,8,NA,population projections 2026,female,age_group_20_24,168
Bagmati,Nuwakot,Bidur,NP03,NP0328,NP0328301,8,NA,population projections 2026,total,age_group_25_29,287
Bagmati,Nuwakot,Bidur,NP03,NP0328,NP0328301,8,NA,population projections 2026,male,age_group_25_29,111
Bagmati,Nuwakot,Bidur,NP03,NP0328,NP0328301,8,NA,population projections 2026,female,age_group_25_29,176
Bagmati,Nuwakot,Bidur,NP03,NP0328,NP0328301,8,NA,population projections 2026,total,age_group_30_34,309
Bagmati,Nuwakot,Bidur,NP03,NP0328,NP0328301,8,NA,population projections 2026,male,age_group_30_34,124
Bagmati,Nuwakot,Bidur,NP03,NP0328,NP0328301,8,NA,population projections 2026,female,age_group_30_34,185
Bagmati,Nuwakot,Bidur,NP03,NP0328,NP0328301,8,NA,population projections 2026,total,age_group_35_39,295
Bagmati,Nuwakot,Bidur,NP03,NP0328,NP0328301,8,NA,population projections 2026,male,age_group_35_39,111
Bagmati,Nuwakot,Bidur,NP03,NP0328,NP0328301,8,NA,population projections 2026,female,age_group_35_39,184
Bagmati,Nuwakot,Bidur,NP03,NP0328,NP0328301,8,NA,population projections 2026,total,age_group_40_44,247
Bagmati,Nuwakot,Bidur,NP03,NP0328,NP0328301,8,NA,population projections 2026,male,age_group_40_44,102
Bagmati,Nuwakot,Bidur,NP03,NP0328,NP0328301,8,NA,population projections 2026,female,age_group_40_44,145
Bagmati,Nuwakot,Bidur,NP03,NP0328,NP0328301,8,NA,population projections 2026,total,age_group_45_49,218
Bagmati,Nuwakot,Bidur,NP03,NP0328,NP0328301,8,NA,population projections 2026,male,age_group_45_49,104
Bagmati,Nuwakot,Bidur,NP03,NP0328,NP0328301,8,NA,population projections 2026,female,age_group_45_49,114
Bagmati,Nuwakot,Bidur,NP03,NP0328,NP0328301,8,NA,population projections 2026,total,age_group_50_54,212
Bagmati,Nuwakot,Bidur,NP03,NP0328,NP0328301,8,NA,population projections 2026,male,age_group_50_54,94
Bagmati,Nuwakot,Bidur,NP03,NP0328,NP0328301,8,NA,population projections 2026,female,age_group_50_54,118
Bagmati,Nuwakot,Bidur,NP03,NP0328,NP0328301,8,NA,population projections 2026,total,age_group_55_59,228
Bagmati,Nuwakot,Bidur,NP03,NP0328,NP0328301,8,NA,population projections 2026,male,age_group_55_59,100
Bagmati,Nuwakot,Bidur,NP03,NP0328,NP0328301,8,NA,population projections 2026,female,age_group_55_59,128
Bagmati,Nuwakot,Bidur,NP03,NP0328,NP0328301,8,NA,population projections 2026,total,age_group_60_64,170
Bagmati,Nuwakot,Bidur,NP03,NP0328,NP0328301,8,NA,population projections 2026,male,age_group_60_64,85
Bagmati,Nuwakot,Bidur,NP03,NP0328,NP0328301,8,NA,population projections 2026,female,age_group_60_64,85
Bagmati,Nuwakot,Bidur,NP03,NP0328,NP0328301,8,NA,population projections 2026,total,age_group_65_69,142
Bagmati,Nuwakot,Bidur,NP03,NP0328,NP0328301,8,NA,population projections 2026,male,age_group_65_69,74
Bagmati,Nuwakot,Bidur,NP03,NP0328,NP0328301,8,NA,population projections 2026,female,age_group_65_69,68
Bagmati,Nuwakot,Bidur,NP03,NP0328,NP0328301,8,NA,population projections 2026,total,age_group_70_74,108
Bagmati,Nuwakot,Bidur,NP03,NP0328,NP0328301,8,NA,population projections 2026,male,age_group_70_74,55
Bagmati,Nuwakot,Bidur,NP03,NP0328,NP0328301,8,NA,population projections 2026,female,age_group_70_74,53
Bagmati,Nuwakot,Bidur,NP03,NP0328,NP0328301,8,NA,population projections 2026,total,age_group_75_79,71
Bagmati,Nuwakot,Bidur,NP03,NP0328,NP0328301,8,NA,population projections 2026,male,age_group_75_79,33
Bagmati,Nuwakot,Bidur,NP03,NP0328,NP0328301,8,NA,population projections 2026,female,age_group_75_79,38
Bagmati,Nuwakot,Bidur,NP03,NP0328,NP0328301,8,NA,population projections 2026,total,age_group_80_84,46
Bagmati,Nuwakot,Bidur,NP03,NP0328,NP0328301,8,NA,population projections 2026,male,age_group_80_84,22
Bagmati,Nuwakot,Bidur,NP03,NP0328,NP0328301,8,NA,population projections 2026,female,age_group_80_84,24
Bagmati,Nuwakot,Bidur,NP03,NP0328,NP0328301,8,NA,population projections 2026,total,age_group_85_89,11
Bagmati,Nuwakot,Bidur,NP03,NP0328,NP0328301,8,NA,population projections 2026,male,age_group_85_89,5
Bagmati,Nuwakot,Bidur,NP03,NP0328,NP0328301,8,NA,population projections 2026,female,age_group_85_89,6
Bagmati,Nuwakot,Bidur,NP03,NP0328,NP0328301,8,NA,population projections 2026,total,age_group_90_94,6
Bagmati,Nuwakot,Bidur,NP03,NP0328,NP0328301,8,NA,population projections 2026,male,age_group_90_94,1
Bagmati,Nuwakot,Bidur,NP03,NP0328,NP0328301,8,NA,population projections 2026,female,age_group_90_94,5
Bagmati,Nuwakot,Bidur,NP03,NP0328,NP0328301,8,NA,population projections 2026,total,age_group_95plus,3
Bagmati,Nuwakot,Bidur,NP03,NP0328,NP0328301,8,NA,population projections 2026,male,age_group_95plus,1
Bagmati,Nuwakot,Bidur,NP03,NP0328,NP0328301,8,NA,population projections 2026,female,age_group_95plus,2
Bagmati,Nuwakot,Bidur,NP03,NP0328,NP0328301,9,affected,population projections 2026,total,population_total,7591
Bagmati,Nuwakot,Bidur,NP03,NP0328,NP0328301,9,affected,population projections 2026,male,population_overall_male,3452
Bagmati,Nuwakot,Bidur,NP03,NP0328,NP0328301,9,affected,population projections 2026,female,population_overall_female,4139
Bagmati,Nuwakot,Bidur,NP03,NP0328,NP0328301,9,affected,population projections 2026,total,age_group_0_4,647
Bagmati,Nuwakot,Bidur,NP03,NP0328,NP0328301,9,affected,population projections 2026,male,age_group_0_4,337
Bagmati,Nuwakot,Bidur,NP03,NP0328,NP0328301,9,affected,population projections 2026,female,age_group_0_4,310
Bagmati,Nuwakot,Bidur,NP03,NP0328,NP0328301,9,affected,population projections 2026,total,age_group_5_9,606
Bagmati,Nuwakot,Bidur,NP03,NP0328,NP0328301,9,affected,population projections 2026,male,age_group_5_9,308
Bagmati,Nuwakot,Bidur,NP03,NP0328,NP0328301,9,affected,population projections 2026,female,age_group_5_9,298
Bagmati,Nuwakot,Bidur,NP03,NP0328,NP0328301,9,affected,population projections 2026,total,age_group_10_14,706
Bagmati,Nuwakot,Bidur,NP03,NP0328,NP0328301,9,affected,population projections 2026,male,age_group_10_14,368
Bagmati,Nuwakot,Bidur,NP03,NP0328,NP0328301,9,affected,population projections 2026,female,age_group_10_14,338
Bagmati,Nuwakot,Bidur,NP03,NP0328,NP0328301,9,affected,population projections 2026,total,age_group_15_19,684
Bagmati,Nuwakot,Bidur,NP03,NP0328,NP0328301,9,affected,population projections 2026,male,age_group_15_19,351
Bagmati,Nuwakot,Bidur,NP03,NP0328,NP0328301,9,affected,population projections 2026,female,age_group_15_19,333
Bagmati,Nuwakot,Bidur,NP03,NP0328,NP0328301,9,affected,population projections 2026,total,age_group_20_24,635
Bagmati,Nuwakot,Bidur,NP03,NP0328,NP0328301,9,affected,population projections 2026,male,age_group_20_24,306
Bagmati,Nuwakot,Bidur,NP03,NP0328,NP0328301,9,affected,population projections 2026,female,age_group_20_24,329
Bagmati,Nuwakot,Bidur,NP03,NP0328,NP0328301,9,affected,population projections 2026,total,age_group_25_29,588
Bagmati,Nuwakot,Bidur,NP03,NP0328,NP0328301,9,affected,population projections 2026,male,age_group_25_29,217
Bagmati,Nuwakot,Bidur,NP03,NP0328,NP0328301,9,affected,population projections 2026,female,age_group_25_29,371
Bagmati,Nuwakot,Bidur,NP03,NP0328,NP0328301,9,affected,population projections 2026,total,age_group_30_34,669
Bagmati,Nuwakot,Bidur,NP03,NP0328,NP0328301,9,affected,population projections 2026,male,age_group_30_34,235
Bagmati,Nuwakot,Bidur,NP03,NP0328,NP0328301,9,affected,population projections 2026,female,age_group_30_34,434
Bagmati,Nuwakot,Bidur,NP03,NP0328,NP0328301,9,affected,population projections 2026,total,age_group_35_39,616
Bagmati,Nuwakot,Bidur,NP03,NP0328,NP0328301,9,affected,population projections 2026,male,age_group_35_39,231
Bagmati,Nuwakot,Bidur,NP03,NP0328,NP0328301,9,affected,population projections 2026,female,age_group_35_39,385
Bagmati,Nuwakot,Bidur,NP03,NP0328,NP0328301,9,affected,population projections 2026,total,age_group_40_44,549
Bagmati,Nuwakot,Bidur,NP03,NP0328,NP0328301,9,affected,population projections 2026,male,age_group_40_44,225
Bagmati,Nuwakot,Bidur,NP03,NP0328,NP0328301,9,affected,population projections 2026,female,age_group_40_44,324
Bagmati,Nuwakot,Bidur,NP03,NP0328,NP0328301,9,affected,population projections 2026,total,age_group_45_49,444
Bagmati,Nuwakot,Bidur,NP03,NP0328,NP0328301,9,affected,population projections 2026,male,age_group_45_49,210
Bagmati,Nuwakot,Bidur,NP03,NP0328,NP0328301,9,affected,population projections 2026,female,age_group_45_49,234
Bagmati,Nuwakot,Bidur,NP03,NP0328,NP0328301,9,affected,population projections 2026,total,age_group_50_54,379
Bagmati,Nuwakot,Bidur,NP03,NP0328,NP0328301,9,affected,population projections 2026,male,age_group_50_54,180
Bagmati,Nuwakot,Bidur,NP03,NP0328,NP0328301,9,affected,population projections 2026,female,age_group_50_54,199
Bagmati,Nuwakot,Bidur,NP03,NP0328,NP0328301,9,affected,population projections 2026,total,age_group_55_59,329
Bagmati,Nuwakot,Bidur,NP03,NP0328,NP0328301,9,affected,population projections 2026,male,age_group_55_59,153
Bagmati,Nuwakot,Bidur,NP03,NP0328,NP0328301,9,affected,population projections 2026,female,age_group_55_59,176
Bagmati,Nuwakot,Bidur,NP03,NP0328,NP0328301,9,affected,population projections 2026,total,age_group_60_64,227
Bagmati,Nuwakot,Bidur,NP03,NP0328,NP0328301,9,affected,population projections 2026,male,age_group_60_64,108
Bagmati,Nuwakot,Bidur,NP03,NP0328,NP0328301,9,affected,population projections 2026,female,age_group_60_64,119
Bagmati,Nuwakot,Bidur,NP03,NP0328,NP0328301,9,affected,population projections 2026,total,age_group_65_69,176
Bagmati,Nuwakot,Bidur,NP03,NP0328,NP0328301,9,affected,population projections 2026,male,age_group_65_69,79
Bagmati,Nuwakot,Bidur,NP03,NP0328,NP0328301,9,affected,population projections 2026,female,age_group_65_69,97
Bagmati,Nuwakot,Bidur,NP03,NP0328,NP0328301,9,affected,population projections 2026,total,age_group_70_74,136
Bagmati,Nuwakot,Bidur,NP03,NP0328,NP0328301,9,affected,population projections 2026,male,age_group_70_74,58
Bagmati,Nuwakot,Bidur,NP03,NP0328,NP0328301,9,affected,population projections 2026,female,age_group_70_74,78
Bagmati,Nuwakot,Bidur,NP03,NP0328,NP0328301,9,affected,population projections 2026,total,age_group_75_79,113
Bagmati,Nuwakot,Bidur,NP03,NP0328,NP0328301,9,affected,population projections 2026,male,age_group_75_79,46
Bagmati,Nuwakot,Bidur,NP03,NP0328,NP0328301,9,affected,population projections 2026,female,age_group_75_79,67
Bagmati,Nuwakot,Bidur,NP03,NP0328,NP0328301,9,affected,population projections 2026,total,age_group_80_84,52
Bagmati,Nuwakot,Bidur,NP03,NP0328,NP0328301,9,affected,population projections 2026,male,age_group_80_84,24
Bagmati,Nuwakot,Bidur,NP03,NP0328,NP0328301,9,affected,population projections 2026,female,age_group_80_84,28
Bagmati,Nuwakot,Bidur,NP03,NP0328,NP0328301,9,affected,population projections 2026,total,age_group_85_89,20
Bagmati,Nuwakot,Bidur,NP03,NP0328,NP0328301,9,affected,population projections 2026,male,age_group_85_89,10
Bagmati,Nuwakot,Bidur,NP03,NP0328,NP0328301,9,affected,population projections 2026,female,age_group_85_89,10
Bagmati,Nuwakot,Bidur,NP03,NP0328,NP0328301,9,affected,population projections 2026,total,age_group_90_94,14
Bagmati,Nuwakot,Bidur,NP03,NP0328,NP0328301,9,affected,population projections 2026,male,age_group_90_94,6
Bagmati,Nuwakot,Bidur,NP03,NP0328,NP0328301,9,affected,population projections 2026,female,age_group_90_94,8
Bagmati,Nuwakot,Bidur,NP03,NP0328,NP0328301,9,affected,population projections 2026,total,age_group_95plus,1
Bagmati,Nuwakot,Bidur,NP03,NP0328,NP0328301,9,affected,population projections 2026,male,age_group_95plus,0
Bagmati,Nuwakot,Bidur,NP03,NP0328,NP0328301,9,affected,population projections 2026,female,age_group_95plus,1
Bagmati,Nuwakot,Bidur,NP03,NP0328,NP0328301,10,affected,population projections 2026,total,population_total,3433
Bagmati,Nuwakot,Bidur,NP03,NP0328,NP0328301,10,affected,population projections 2026,male,population_overall_male,1597
Bagmati,Nuwakot,Bidur,NP03,NP0328,NP0328301,10,affected,population projections 2026,female,population_overall_female,1836
Bagmati,Nuwakot,Bidur,NP03,NP0328,NP0328301,10,affected,population projections 2026,total,age_group_0_4,252
Bagmati,Nuwakot,Bidur,NP03,NP0328,NP0328301,10,affected,population projections 2026,male,age_group_0_4,132
Bagmati,Nuwakot,Bidur,NP03,NP0328,NP0328301,10,affected,population projections 2026,female,age_group_0_4,120
Bagmati,Nuwakot,Bidur,NP03,NP0328,NP0328301,10,affected,population projections 2026,total,age_group_5_9,252
Bagmati,Nuwakot,Bidur,NP03,NP0328,NP0328301,10,affected,population projections 2026,male,age_group_5_9,124
Bagmati,Nuwakot,Bidur,NP03,NP0328,NP0328301,10,affected,population projections 2026,female,age_group_5_9,128
Bagmati,Nuwakot,Bidur,NP03,NP0328,NP0328301,10,affected,population projections 2026,total,age_group_10_14,269
Bagmati,Nuwakot,Bidur,NP03,NP0328,NP0328301,10,affected,population projections 2026,male,age_group_10_14,139
Bagmati,Nuwakot,Bidur,NP03,NP0328,NP0328301,10,affected,population projections 2026,female,age_group_10_14,130
Bagmati,Nuwakot,Bidur,NP03,NP0328,NP0328301,10,affected,population projections 2026,total,age_group_15_19,268
Bagmati,Nuwakot,Bidur,NP03,NP0328,NP0328301,10,affected,population projections 2026,male,age_group_15_19,140
Bagmati,Nuwakot,Bidur,NP03,NP0328,NP0328301,10,affected,population projections 2026,female,age_group_15_19,128
Bagmati,Nuwakot,Bidur,NP03,NP0328,NP0328301,10,affected,population projections 2026,total,age_group_20_24,282
Bagmati,Nuwakot,Bidur,NP03,NP0328,NP0328301,10,affected,population projections 2026,male,age_group_20_24,128
Bagmati,Nuwakot,Bidur,NP03,NP0328,NP0328301,10,affected,population projections 2026,female,age_group_20_24,154
Bagmati,Nuwakot,Bidur,NP03,NP0328,NP0328301,10,affected,population projections 2026,total,age_group_25_29,237
Bagmati,Nuwakot,Bidur,NP03,NP0328,NP0328301,10,affected,population projections 2026,male,age_group_25_29,96
Bagmati,Nuwakot,Bidur,NP03,NP0328,NP0328301,10,affected,population projections 2026,female,age_group_25_29,141
Bagmati,Nuwakot,Bidur,NP03,NP0328,NP0328301,10,affected,population projections 2026,total,age_group_30_34,250
Bagmati,Nuwakot,Bidur,NP03,NP0328,NP0328301,10,affected,population projections 2026,male,age_group_30_34,98
Bagmati,Nuwakot,Bidur,NP03,NP0328,NP0328301,10,affected,population projections 2026,female,age_group_30_34,152
Bagmati,Nuwakot,Bidur,NP03,NP0328,NP0328301,10,affected,population projections 2026,total,age_group_35_39,226
Bagmati,Nuwakot,Bidur,NP03,NP0328,NP0328301,10,affected,population projections 2026,male,age_group_35_39,95
Bagmati,Nuwakot,Bidur,NP03,NP0328,NP0328301,10,affected,population projections 2026,female,age_group_35_39,131
Bagmati,Nuwakot,Bidur,NP03,NP0328,NP0328301,10,affected,population projections 2026,total,age_group_40_44,245
Bagmati,Nuwakot,Bidur,NP03,NP0328,NP0328301,10,affected,population projections 2026,male,age_group_40_44,109
Bagmati,Nuwakot,Bidur,NP03,NP0328,NP0328301,10,affected,population projections 2026,female,age_group_40_44,136
Bagmati,Nuwakot,Bidur,NP03,NP0328,NP0328301,10,affected,population projections 2026,total,age_group_45_49,244
Bagmati,Nuwakot,Bidur,NP03,NP0328,NP0328301,10,affected,population projections 2026,male,age_group_45_49,114
Bagmati,Nuwakot,Bidur,NP03,NP0328,NP0328301,10,affected,population projections 2026,female,age_group_45_49,130
Bagmati,Nuwakot,Bidur,NP03,NP0328,NP0328301,10,affected,population projections 2026,total,age_group_50_54,178
Bagmati,Nuwakot,Bidur,NP03,NP0328,NP0328301,10,affected,population projections 2026,male,age_group_50_54,79
Bagmati,Nuwakot,Bidur,NP03,NP0328,NP0328301,10,affected,population projections 2026,female,age_group_50_54,99
Bagmati,Nuwakot,Bidur,NP03,NP0328,NP0328301,10,affected,population projections 2026,total,age_group_55_59,185
Bagmati,Nuwakot,Bidur,NP03,NP0328,NP0328301,10,affected,population projections 2026,male,age_group_55_59,89
Bagmati,Nuwakot,Bidur,NP03,NP0328,NP0328301,10,affected,population projections 2026,female,age_group_55_59,96
Bagmati,Nuwakot,Bidur,NP03,NP0328,NP0328301,10,affected,population projections 2026,total,age_group_60_64,167
Bagmati,Nuwakot,Bidur,NP03,NP0328,NP0328301,10,affected,population projections 2026,male,age_group_60_64,77
Bagmati,Nuwakot,Bidur,NP03,NP0328,NP0328301,10,affected,population projections 2026,female,age_group_60_64,90
Bagmati,Nuwakot,Bidur,NP03,NP0328,NP0328301,10,affected,population projections 2026,total,age_group_65_69,128
Bagmati,Nuwakot,Bidur,NP03,NP0328,NP0328301,10,affected,population projections 2026,male,age_group_65_69,61
Bagmati,Nuwakot,Bidur,NP03,NP0328,NP0328301,10,affected,population projections 2026,female,age_group_65_69,67
Bagmati,Nuwakot,Bidur,NP03,NP0328,NP0328301,10,affected,population projections 2026,total,age_group_70_74,113
Bagmati,Nuwakot,Bidur,NP03,NP0328,NP0328301,10,affected,population projections 2026,male,age_group_70_74,55
Bagmati,Nuwakot,Bidur,NP03,NP0328,NP0328301,10,affected,population projections 2026,female,age_group_70_74,58
Bagmati,Nuwakot,Bidur,NP03,NP0328,NP0328301,10,affected,population projections 2026,total,age_group_75_79,79
Bagmati,Nuwakot,Bidur,NP03,NP0328,NP0328301,10,affected,population projections 2026,male,age_group_75_79,35
Bagmati,Nuwakot,Bidur,NP03,NP0328,NP0328301,10,affected,population projections 2026,female,age_group_75_79,44
Bagmati,Nuwakot,Bidur,NP03,NP0328,NP0328301,10,affected,population projections 2026,total,age_group_80_84,42
Bagmati,Nuwakot,Bidur,NP03,NP0328,NP0328301,10,affected,population projections 2026,male,age_group_80_84,18
Bagmati,Nuwakot,Bidur,NP03,NP0328,NP0328301,10,affected,population projections 2026,female,age_group_80_84,24
Bagmati,Nuwakot,Bidur,NP03,NP0328,NP0328301,10,affected,population projections 2026,total,age_group_85_89,12
Bagmati,Nuwakot,Bidur,NP03,NP0328,NP0328301,10,affected,population projections 2026,male,age_group_85_89,7
Bagmati,Nuwakot,Bidur,NP03,NP0328,NP0328301,10,affected,population projections 2026,female,age_group_85_89,5
Bagmati,Nuwakot,Bidur,NP03,NP0328,NP0328301,10,affected,population projections 2026,total,age_group_90_94,4
Bagmati,Nuwakot,Bidur,NP03,NP0328,NP0328301,10,affected,population projections 2026,male,age_group_90_94,1
Bagmati,Nuwakot,Bidur,NP03,NP0328,NP0328301,10,affected,population projections 2026,female,age_group_90_94,3
Bagmati,Nuwakot,Bidur,NP03,NP0328,NP0328301,10,affected,population projections 2026,total,age_group_95plus,0
Bagmati,Nuwakot,Bidur,NP03,NP0328,NP0328301,10,affected,population projections 2026,male,age_group_95plus,0
Bagmati,Nuwakot,Bidur,NP03,NP0328,NP0328301,10,affected,population projections 2026,female,age_group_95plus,0
Bagmati,Nuwakot,Bidur,NP03,NP0328,NP0328301,11,NA,population projections 2026,total,population_total,2184
Bagmati,Nuwakot,Bidur,NP03,NP0328,NP0328301,11,NA,population projections 2026,male,population_overall_male,1010
Bagmati,Nuwakot,Bidur,NP03,NP0328,NP0328301,11,NA,population projections 2026,female,population_overall_female,1174
Bagmati,Nuwakot,Bidur,NP03,NP0328,NP0328301,11,NA,population projections 2026,total,age_group_0_4,146
Bagmati,Nuwakot,Bidur,NP03,NP0328,NP0328301,11,NA,population projections 2026,male,age_group_0_4,76
Bagmati,Nuwakot,Bidur,NP03,NP0328,NP0328301,11,NA,population projections 2026,female,age_group_0_4,70
Bagmati,Nuwakot,Bidur,NP03,NP0328,NP0328301,11,NA,population projections 2026,total,age_group_5_9,149
Bagmati,Nuwakot,Bidur,NP03,NP0328,NP0328301,11,NA,population projections 2026,male,age_group_5_9,83
Bagmati,Nuwakot,Bidur,NP03,NP0328,NP0328301,11,NA,population projections 2026,female,age_group_5_9,66
Bagmati,Nuwakot,Bidur,NP03,NP0328,NP0328301,11,NA,population projections 2026,total,age_group_10_14,152
Bagmati,Nuwakot,Bidur,NP03,NP0328,NP0328301,11,NA,population projections 2026,male,age_group_10_14,77
Bagmati,Nuwakot,Bidur,NP03,NP0328,NP0328301,11,NA,population projections 2026,female,age_group_10_14,75
Bagmati,Nuwakot,Bidur,NP03,NP0328,NP0328301,11,NA,population projections 2026,total,age_group_15_19,158
Bagmati,Nuwakot,Bidur,NP03,NP0328,NP0328301,11,NA,population projections 2026,male,age_group_15_19,81
Bagmati,Nuwakot,Bidur,NP03,NP0328,NP0328301,11,NA,population projections 2026,female,age_group_15_19,77
Bagmati,Nuwakot,Bidur,NP03,NP0328,NP0328301,11,NA,population projections 2026,total,age_group_20_24,170
Bagmati,Nuwakot,Bidur,NP03,NP0328,NP0328301,11,NA,population projections 2026,male,age_group_20_24,82
Bagmati,Nuwakot,Bidur,NP03,NP0328,NP0328301,11,NA,population projections 2026,female,age_group_20_24,88
Bagmati,Nuwakot,Bidur,NP03,NP0328,NP0328301,11,NA,population projections 2026,total,age_group_25_29,152
Bagmati,Nuwakot,Bidur,NP03,NP0328,NP0328301,11,NA,population projections 2026,male,age_group_25_29,61
Bagmati,Nuwakot,Bidur,NP03,NP0328,NP0328301,11,NA,population projections 2026,female,age_group_25_29,91
Bagmati,Nuwakot,Bidur,NP03,NP0328,NP0328301,11,NA,population projections 2026,total,age_group_30_34,142
Bagmati,Nuwakot,Bidur,NP03,NP0328,NP0328301,11,NA,population projections 2026,male,age_group_30_34,58
Bagmati,Nuwakot,Bidur,NP03,NP0328,NP0328301,11,NA,population projections 2026,female,age_group_30_34,84
Bagmati,Nuwakot,Bidur,NP03,NP0328,NP0328301,11,NA,population projections 2026,total,age_group_35_39,120
Bagmati,Nuwakot,Bidur,NP03,NP0328,NP0328301,11,NA,population projections 2026,male,age_group_35_39,50
Bagmati,Nuwakot,Bidur,NP03,NP0328,NP0328301,11,NA,population projections 2026,female,age_group_35_39,70
Bagmati,Nuwakot,Bidur,NP03,NP0328,NP0328301,11,NA,population projections 2026,total,age_group_40_44,128
Bagmati,Nuwakot,Bidur,NP03,NP0328,NP0328301,11,NA,population projections 2026,male,age_group_40_44,47
Bagmati,Nuwakot,Bidur,NP03,NP0328,NP0328301,11,NA,population projections 2026,female,age_group_40_44,81
Bagmati,Nuwakot,Bidur,NP03,NP0328,NP0328301,11,NA,population projections 2026,total,age_group_45_49,135
Bagmati,Nuwakot,Bidur,NP03,NP0328,NP0328301,11,NA,population projections 2026,male,age_group_45_49,58
Bagmati,Nuwakot,Bidur,NP03,NP0328,NP0328301,11,NA,population projections 2026,female,age_group_45_49,77
Bagmati,Nuwakot,Bidur,NP03,NP0328,NP0328301,11,NA,population projections 2026,total,age_group_50_54,134
Bagmati,Nuwakot,Bidur,NP03,NP0328,NP0328301,11,NA,population projections 2026,male,age_group_50_54,56
Bagmati,Nuwakot,Bidur,NP03,NP0328,NP0328301,11,NA,population projections 2026,female,age_group_50_54,78
Bagmati,Nuwakot,Bidur,NP03,NP0328,NP0328301,11,NA,population projections 2026,total,age_group_55_59,144
Bagmati,Nuwakot,Bidur,NP03,NP0328,NP0328301,11,NA,population projections 2026,male,age_group_55_59,66
Bagmati,Nuwakot,Bidur,NP03,NP0328,NP0328301,11,NA,population projections 2026,female,age_group_55_59,78
Bagmati,Nuwakot,Bidur,NP03,NP0328,NP0328301,11,NA,population projections 2026,total,age_group_60_64,121
Bagmati,Nuwakot,Bidur,NP03,NP0328,NP0328301,11,NA,population projections 2026,male,age_group_60_64,56
Bagmati,Nuwakot,Bidur,NP03,NP0328,NP0328301,11,NA,population projections 2026,female,age_group_60_64,65
Bagmati,Nuwakot,Bidur,NP03,NP0328,NP0328301,11,NA,population projections 2026,total,age_group_65_69,108
Bagmati,Nuwakot,Bidur,NP03,NP0328,NP0328301,11,NA,population projections 2026,male,age_group_65_69,54
Bagmati,Nuwakot,Bidur,NP03,NP0328,NP0328301,11,NA,population projections 2026,female,age_group_65_69,54
Bagmati,Nuwakot,Bidur,NP03,NP0328,NP0328301,11,NA,population projections 2026,total,age_group_70_74,107
Bagmati,Nuwakot,Bidur,NP03,NP0328,NP0328301,11,NA,population projections 2026,male,age_group_70_74,45
Bagmati,Nuwakot,Bidur,NP03,NP0328,NP0328301,11,NA,population projections 2026,female,age_group_70_74,62
Bagmati,Nuwakot,Bidur,NP03,NP0328,NP0328301,11,NA,population projections 2026,total,age_group_75_79,68
Bagmati,Nuwakot,Bidur,NP03,NP0328,NP0328301,11,NA,population projections 2026,male,age_group_75_79,31
Bagmati,Nuwakot,Bidur,NP03,NP0328,NP0328301,11,NA,population projections 2026,female,age_group_75_79,37
Bagmati,Nuwakot,Bidur,NP03,NP0328,NP0328301,11,NA,population projections 2026,total,age_group_80_84,29
Bagmati,Nuwakot,Bidur,NP03,NP0328,NP0328301,11,NA,population projections 2026,male,age_group_80_84,18
Bagmati,Nuwakot,Bidur,NP03,NP0328,NP0328301,11,NA,population projections 2026,female,age_group_80_84,11
Bagmati,Nuwakot,Bidur,NP03,NP0328,NP0328301,11,NA,population projections 2026,total,age_group_85_89,13
Bagmati,Nuwakot,Bidur,NP03,NP0328,NP0328301,11,NA,population projections 2026,male,age_group_85_89,8
Bagmati,Nuwakot,Bidur,NP03,NP0328,NP0328301,11,NA,population projections 2026,female,age_group_85_89,5
Bagmati,Nuwakot,Bidur,NP03,NP0328,NP0328301,11,NA,population projections 2026,total,age_group_90_94,8
Bagmati,Nuwakot,Bidur,NP03,NP0328,NP0328301,11,NA,population projections 2026,male,age_group_90_94,3
Bagmati,Nuwakot,Bidur,NP03,NP0328,NP0328301,11,NA,population projections 2026,female,age_group_90_94,5
Bagmati,Nuwakot,Bidur,NP03,NP0328,NP0328301,11,NA,population projections 2026,total,age_group_95plus,0
Bagmati,Nuwakot,Bidur,NP03,NP0328,NP0328301,11,NA,population projections 2026,male,age_group_95plus,0
Bagmati,Nuwakot,Bidur,NP03,NP0328,NP0328301,11,NA,population projections 2026,female,age_group_95plus,0
Bagmati,Nuwakot,Bidur,NP03,NP0328,NP0328301,12,affected,population projections 2026,total,population_total,3603
Bagmati,Nuwakot,Bidur,NP03,NP0328,NP0328301,12,affected,population projections 2026,male,population_overall_male,1686
Bagmati,Nuwakot,Bidur,NP03,NP0328,NP0328301,12,affected,population projections 2026,female,population_overall_female,1917
Bagmati,Nuwakot,Bidur,NP03,NP0328,NP0328301,12,affected,population projections 2026,total,age_group_0_4,250
Bagmati,Nuwakot,Bidur,NP03,NP0328,NP0328301,12,affected,population projections 2026,male,age_group_0_4,130
Bagmati,Nuwakot,Bidur,NP03,NP0328,NP0328301,12,affected,population projections 2026,female,age_group_0_4,120
Bagmati,Nuwakot,Bidur,NP03,NP0328,NP0328301,12,affected,population projections 2026,total,age_group_5_9,276
Bagmati,Nuwakot,Bidur,NP03,NP0328,NP0328301,12,affected,population projections 2026,male,age_group_5_9,147
Bagmati,Nuwakot,Bidur,NP03,NP0328,NP0328301,12,affected,population projections 2026,female,age_group_5_9,129
Bagmati,Nuwakot,Bidur,NP03,NP0328,NP0328301,12,affected,population projections 2026,total,age_group_10_14,291
Bagmati,Nuwakot,Bidur,NP03,NP0328,NP0328301,12,affected,population projections 2026,male,age_group_10_14,155
Bagmati,Nuwakot,Bidur,NP03,NP0328,NP0328301,12,affected,population projections 2026,female,age_group_10_14,136
Bagmati,Nuwakot,Bidur,NP03,NP0328,NP0328301,12,affected,population projections 2026,total,age_group_15_19,326
Bagmati,Nuwakot,Bidur,NP03,NP0328,NP0328301,12,affected,population projections 2026,male,age_group_15_19,163
Bagmati,Nuwakot,Bidur,NP03,NP0328,NP0328301,12,affected,population projections 2026,female,age_group_15_19,163
Bagmati,Nuwakot,Bidur,NP03,NP0328,NP0328301,12,affected,population projections 2026,total,age_group_20_24,273
Bagmati,Nuwakot,Bidur,NP03,NP0328,NP0328301,12,affected,population projections 2026,male,age_group_20_24,126
Bagmati,Nuwakot,Bidur,NP03,NP0328,NP0328301,12,affected,population projections 2026,female,age_group_20_24,147
Bagmati,Nuwakot,Bidur,NP03,NP0328,NP0328301,12,affected,population projections 2026,total,age_group_25_29,230
Bagmati,Nuwakot,Bidur,NP03,NP0328,NP0328301,12,affected,population projections 2026,male,age_group_25_29,101
Bagmati,Nuwakot,Bidur,NP03,NP0328,NP0328301,12,affected,population projections 2026,female,age_group_25_29,129
Bagmati,Nuwakot,Bidur,NP03,NP0328,NP0328301,12,affected,population projections 2026,total,age_group_30_34,271
Bagmati,Nuwakot,Bidur,NP03,NP0328,NP0328301,12,affected,population projections 2026,male,age_group_30_34,111
Bagmati,Nuwakot,Bidur,NP03,NP0328,NP0328301,12,affected,population projections 2026,female,age_group_30_34,160
Bagmati,Nuwakot,Bidur,NP03,NP0328,NP0328301,12,affected,population projections 2026,total,age_group_35_39,249
Bagmati,Nuwakot,Bidur,NP03,NP0328,NP0328301,12,affected,population projections 2026,male,age_group_35_39,99
Bagmati,Nuwakot,Bidur,NP03,NP0328,NP0328301,12,affected,population projections 2026,female,age_group_35_39,150
Bagmati,Nuwakot,Bidur,NP03,NP0328,NP0328301,12,affected,population projections 2026,total,age_group_40_44,233
Bagmati,Nuwakot,Bidur,NP03,NP0328,NP0328301,12,affected,population projections 2026,male,age_group_40_44,101
Bagmati,Nuwakot,Bidur,NP03,NP0328,NP0328301,12,affected,population projections 2026,female,age_group_40_44,132
Bagmati,Nuwakot,Bidur,NP03,NP0328,NP0328301,12,affected,population projections 2026,total,age_group_45_49,216
Bagmati,Nuwakot,Bidur,NP03,NP0328,NP0328301,12,affected,population projections 2026,male,age_group_45_49,104
Bagmati,Nuwakot,Bidur,NP03,NP0328,NP0328301,12,affected,population projections 2026,female,age_group_45_49,112
Bagmati,Nuwakot,Bidur,NP03,NP0328,NP0328301,12,affected,population projections 2026,total,age_group_50_54,206
Bagmati,Nuwakot,Bidur,NP03,NP0328,NP0328301,12,affected,population projections 2026,male,age_group_50_54,95
Bagmati,Nuwakot,Bidur,NP03,NP0328,NP0328301,12,affected,population projections 2026,female,age_group_50_54,111
Bagmati,Nuwakot,Bidur,NP03,NP0328,NP0328301,12,affected,population projections 2026,total,age_group_55_59,209
Bagmati,Nuwakot,Bidur,NP03,NP0328,NP0328301,12,affected,population projections 2026,male,age_group_55_59,95
Bagmati,Nuwakot,Bidur,NP03,NP0328,NP0328301,12,affected,population projections 2026,female,age_group_55_59,114
Bagmati,Nuwakot,Bidur,NP03,NP0328,NP0328301,12,affected,population projections 2026,total,age_group_60_64,164
Bagmati,Nuwakot,Bidur,NP03,NP0328,NP0328301,12,affected,population projections 2026,male,age_group_60_64,71
Bagmati,Nuwakot,Bidur,NP03,NP0328,NP0328301,12,affected,population projections 2026,female,age_group_60_64,93
Bagmati,Nuwakot,Bidur,NP03,NP0328,NP0328301,12,affected,population projections 2026,total,age_group_65_69,154
Bagmati,Nuwakot,Bidur,NP03,NP0328,NP0328301,12,affected,population projections 2026,male,age_group_65_69,79
Bagmati,Nuwakot,Bidur,NP03,NP0328,NP0328301,12,affected,population projections 2026,female,age_group_65_69,75
Bagmati,Nuwakot,Bidur,NP03,NP0328,NP0328301,12,affected,population projections 2026,total,age_group_70_74,115
Bagmati,Nuwakot,Bidur,NP03,NP0328,NP0328301,12,affected,population projections 2026,male,age_group_70_74,52
Bagmati,Nuwakot,Bidur,NP03,NP0328,NP0328301,12,affected,population projections 2026,female,age_group_70_74,63
Bagmati,Nuwakot,Bidur,NP03,NP0328,NP0328301,12,affected,population projections 2026,total,age_group_75_79,79
Bagmati,Nuwakot,Bidur,NP03,NP0328,NP0328301,12,affected,population projections 2026,male,age_group_75_79,33
Bagmati,Nuwakot,Bidur,NP03,NP0328,NP0328301,12,affected,population projections 2026,female,age_group_75_79,46
Bagmati,Nuwakot,Bidur,NP03,NP0328,NP0328301,12,affected,population projections 2026,total,age_group_80_84,40
Bagmati,Nuwakot,Bidur,NP03,NP0328,NP0328301,12,affected,population projections 2026,male,age_group_80_84,16
Bagmati,Nuwakot,Bidur,NP03,NP0328,NP0328301,12,affected,population projections 2026,female,age_group_80_84,24
Bagmati,Nuwakot,Bidur,NP03,NP0328,NP0328301,12,affected,population projections 2026,total,age_group_85_89,12
Bagmati,Nuwakot,Bidur,NP03,NP0328,NP0328301,12,affected,population projections 2026,male,age_group_85_89,5
Bagmati,Nuwakot,Bidur,NP03,NP0328,NP0328301,12,affected,population projections 2026,female,age_group_85_89,7
Bagmati,Nuwakot,Bidur,NP03,NP0328,NP0328301,12,affected,population projections 2026,total,age_group_90_94,8
Bagmati,Nuwakot,Bidur,NP03,NP0328,NP0328301,12,affected,population projections 2026,male,age_group_90_94,3
Bagmati,Nuwakot,Bidur,NP03,NP0328,NP0328301,12,affected,population projections 2026,female,age_group_90_94,5
Bagmati,Nuwakot,Bidur,NP03,NP0328,NP0328301,12,affected,population projections 2026,total,age_group_95plus,1
Bagmati,Nuwakot,Bidur,NP03,NP0328,NP0328301,12,affected,population projections 2026,male,age_group_95plus,0
Bagmati,Nuwakot,Bidur,NP03,NP0328,NP0328301,12,affected,population projections 2026,female,age_group_95plus,1
Bagmati,Nuwakot,Bidur,NP03,NP0328,NP0328301,13,NA,population projections 2026,total,population_total,5126
Bagmati,Nuwakot,Bidur,NP03,NP0328,NP0328301,13,NA,population projections 2026,male,population_overall_male,2342
Bagmati,Nuwakot,Bidur,NP03,NP0328,NP0328301,13,NA,population projections 2026,female,population_overall_female,2784
Bagmati,Nuwakot,Bidur,NP03,NP0328,NP0328301,13,NA,population projections 2026,total,age_group_0_4,368
Bagmati,Nuwakot,Bidur,NP03,NP0328,NP0328301,13,NA,population projections 2026,male,age_group_0_4,193
Bagmati,Nuwakot,Bidur,NP03,NP0328,NP0328301,13,NA,population projections 2026,female,age_group_0_4,175
Bagmati,Nuwakot,Bidur,NP03,NP0328,NP0328301,13,NA,population projections 2026,total,age_group_5_9,402
Bagmati,Nuwakot,Bidur,NP03,NP0328,NP0328301,13,NA,population projections 2026,male,age_group_5_9,219
Bagmati,Nuwakot,Bidur,NP03,NP0328,NP0328301,13,NA,population projections 2026,female,age_group_5_9,183
Bagmati,Nuwakot,Bidur,NP03,NP0328,NP0328301,13,NA,population projections 2026,total,age_group_10_14,406
Bagmati,Nuwakot,Bidur,NP03,NP0328,NP0328301,13,NA,population projections 2026,male,age_group_10_14,198
Bagmati,Nuwakot,Bidur,NP03,NP0328,NP0328301,13,NA,population projections 2026,female,age_group_10_14,208
Bagmati,Nuwakot,Bidur,NP03,NP0328,NP0328301,13,NA,population projections 2026,total,age_group_15_19,417
Bagmati,Nuwakot,Bidur,NP03,NP0328,NP0328301,13,NA,population projections 2026,male,age_group_15_19,206
Bagmati,Nuwakot,Bidur,NP03,NP0328,NP0328301,13,NA,population projections 2026,female,age_group_15_19,211
Bagmati,Nuwakot,Bidur,NP03,NP0328,NP0328301,13,NA,population projections 2026,total,age_group_20_24,399
Bagmati,Nuwakot,Bidur,NP03,NP0328,NP0328301,13,NA,population projections 2026,male,age_group_20_24,179
Bagmati,Nuwakot,Bidur,NP03,NP0328,NP0328301,13,NA,population projections 2026,female,age_group_20_24,220
Bagmati,Nuwakot,Bidur,NP03,NP0328,NP0328301,13,NA,population projections 2026,total,age_group_25_29,362
Bagmati,Nuwakot,Bidur,NP03,NP0328,NP0328301,13,NA,population projections 2026,male,age_group_25_29,156
Bagmati,Nuwakot,Bidur,NP03,NP0328,NP0328301,13,NA,population projections 2026,female,age_group_25_29,206
Bagmati,Nuwakot,Bidur,NP03,NP0328,NP0328301,13,NA,population projections 2026,total,age_group_30_34,358
Bagmati,Nuwakot,Bidur,NP03,NP0328,NP0328301,13,NA,population projections 2026,male,age_group_30_34,137
Bagmati,Nuwakot,Bidur,NP03,NP0328,NP0328301,13,NA,population projections 2026,female,age_group_30_34,221
Bagmati,Nuwakot,Bidur,NP03,NP0328,NP0328301,13,NA,population projections 2026,total,age_group_35_39,333
Bagmati,Nuwakot,Bidur,NP03,NP0328,NP0328301,13,NA,population projections 2026,male,age_group_35_39,119
Bagmati,Nuwakot,Bidur,NP03,NP0328,NP0328301,13,NA,population projections 2026,female,age_group_35_39,214
Bagmati,Nuwakot,Bidur,NP03,NP0328,NP0328301,13,NA,population projections 2026,total,age_group_40_44,289
Bagmati,Nuwakot,Bidur,NP03,NP0328,NP0328301,13,NA,population projections 2026,male,age_group_40_44,122
Bagmati,Nuwakot,Bidur,NP03,NP0328,NP0328301,13,NA,population projections 2026,female,age_group_40_44,167
Bagmati,Nuwakot,Bidur,NP03,NP0328,NP0328301,13,NA,population projections 2026,total,age_group_45_49,290
Bagmati,Nuwakot,Bidur,NP03,NP0328,NP0328301,13,NA,population projections 2026,male,age_group_45_49,125
Bagmati,Nuwakot,Bidur,NP03,NP0328,NP0328301,13,NA,population projections 2026,female,age_group_45_49,165
Bagmati,Nuwakot,Bidur,NP03,NP0328,NP0328301,13,NA,population projections 2026,total,age_group_50_54,285
Bagmati,Nuwakot,Bidur,NP03,NP0328,NP0328301,13,NA,population projections 2026,male,age_group_50_54,123
Bagmati,Nuwakot,Bidur,NP03,NP0328,NP0328301,13,NA,population projections 2026,female,age_group_50_54,162
Bagmati,Nuwakot,Bidur,NP03,NP0328,NP0328301,13,NA,population projections 2026,total,age_group_55_59,295
Bagmati,Nuwakot,Bidur,NP03,NP0328,NP0328301,13,NA,population projections 2026,male,age_group_55_59,130
Bagmati,Nuwakot,Bidur,NP03,NP0328,NP0328301,13,NA,population projections 2026,female,age_group_55_59,165
Bagmati,Nuwakot,Bidur,NP03,NP0328,NP0328301,13,NA,population projections 2026,total,age_group_60_64,256
Bagmati,Nuwakot,Bidur,NP03,NP0328,NP0328301,13,NA,population projections 2026,male,age_group_60_64,121
Bagmati,Nuwakot,Bidur,NP03,NP0328,NP0328301,13,NA,population projections 2026,female,age_group_60_64,135
Bagmati,Nuwakot,Bidur,NP03,NP0328,NP0328301,13,NA,population projections 2026,total,age_group_65_69,241
Bagmati,Nuwakot,Bidur,NP03,NP0328,NP0328301,13,NA,population projections 2026,male,age_group_65_69,120
Bagmati,Nuwakot,Bidur,NP03,NP0328,NP0328301,13,NA,population projections 2026,female,age_group_65_69,121
Bagmati,Nuwakot,Bidur,NP03,NP0328,NP0328301,13,NA,population projections 2026,total,age_group_70_74,187
Bagmati,Nuwakot,Bidur,NP03,NP0328,NP0328301,13,NA,population projections 2026,male,age_group_70_74,92
Bagmati,Nuwakot,Bidur,NP03,NP0328,NP0328301,13,NA,population projections 2026,female,age_group_70_74,95
Bagmati,Nuwakot,Bidur,NP03,NP0328,NP0328301,13,NA,population projections 2026,total,age_group_75_79,136
Bagmati,Nuwakot,Bidur,NP03,NP0328,NP0328301,13,NA,population projections 2026,male,age_group_75_79,61
Bagmati,Nuwakot,Bidur,NP03,NP0328,NP0328301,13,NA,population projections 2026,female,age_group_75_79,75
Bagmati,Nuwakot,Bidur,NP03,NP0328,NP0328301,13,NA,population projections 2026,total,age_group_80_84,70
Bagmati,Nuwakot,Bidur,NP03,NP0328,NP0328301,13,NA,population projections 2026,male,age_group_80_84,28
Bagmati,Nuwakot,Bidur,NP03,NP0328,NP0328301,13,NA,population projections 2026,female,age_group_80_84,42
Bagmati,Nuwakot,Bidur,NP03,NP0328,NP0328301,13,NA,population projections 2026,total,age_group_85_89,21
Bagmati,Nuwakot,Bidur,NP03,NP0328,NP0328301,13,NA,population projections 2026,male,age_group_85_89,10
Bagmati,Nuwakot,Bidur,NP03,NP0328,NP0328301,13,NA,population projections 2026,female,age_group_85_89,11
Bagmati,Nuwakot,Bidur,NP03,NP0328,NP0328301,13,NA,population projections 2026,total,age_group_90_94,10
Bagmati,Nuwakot,Bidur,NP03,NP0328,NP0328301,13,NA,population projections 2026,male,age_group_90_94,3
Bagmati,Nuwakot,Bidur,NP03,NP0328,NP0328301,13,NA,population projections 2026,female,age_group_90_94,7
Bagmati,Nuwakot,Bidur,NP03,NP0328,NP0328301,13,NA,population projections 2026,total,age_group_95plus,1
Bagmati,Nuwakot,Bidur,NP03,NP0328,NP0328301,13,NA,population projections 2026,male,age_group_95plus,0
Bagmati,Nuwakot,Bidur,NP03,NP0328,NP0328301,13,NA,population projections 2026,female,age_group_95plus,1
Bagmati,Nuwakot,Belkotgadhi,NP03,NP0328,NP0328302,1,NA,population projections 2026,total,population_total,1459
Bagmati,Nuwakot,Belkotgadhi,NP03,NP0328,NP0328302,1,NA,population projections 2026,male,population_overall_male,680
Bagmati,Nuwakot,Belkotgadhi,NP03,NP0328,NP0328302,1,NA,population projections 2026,female,population_overall_female,779
Bagmati,Nuwakot,Belkotgadhi,NP03,NP0328,NP0328302,1,NA,population projections 2026,total,age_group_0_4,127
Bagmati,Nuwakot,Belkotgadhi,NP03,NP0328,NP0328302,1,NA,population projections 2026,male,age_group_0_4,67
Bagmati,Nuwakot,Belkotgadhi,NP03,NP0328,NP0328302,1,NA,population projections 2026,female,age_group_0_4,60
Bagmati,Nuwakot,Belkotgadhi,NP03,NP0328,NP0328302,1,NA,population projections 2026,total,age_group_5_9,112
Bagmati,Nuwakot,Belkotgadhi,NP03,NP0328,NP0328302,1,NA,population projections 2026,male,age_group_5_9,48
Bagmati,Nuwakot,Belkotgadhi,NP03,NP0328,NP0328302,1,NA,population projections 2026,female,age_group_5_9,64
Bagmati,Nuwakot,Belkotgadhi,NP03,NP0328,NP0328302,1,NA,population projections 2026,total,age_group_10_14,98
Bagmati,Nuwakot,Belkotgadhi,NP03,NP0328,NP0328302,1,NA,population projections 2026,male,age_group_10_14,51
Bagmati,Nuwakot,Belkotgadhi,NP03,NP0328,NP0328302,1,NA,population projections 2026,female,age_group_10_14,47
Bagmati,Nuwakot,Belkotgadhi,NP03,NP0328,NP0328302,1,NA,population projections 2026,total,age_group_15_19,139
Bagmati,Nuwakot,Belkotgadhi,NP03,NP0328,NP0328302,1,NA,population projections 2026,male,age_group_15_19,70
Bagmati,Nuwakot,Belkotgadhi,NP03,NP0328,NP0328302,1,NA,population projections 2026,female,age_group_15_19,69
Bagmati,Nuwakot,Belkotgadhi,NP03,NP0328,NP0328302,1,NA,population projections 2026,total,age_group_20_24,142
Bagmati,Nuwakot,Belkotgadhi,NP03,NP0328,NP0328302,1,NA,population projections 2026,male,age_group_20_24,61
Bagmati,Nuwakot,Belkotgadhi,NP03,NP0328,NP0328302,1,NA,population projections 2026,female,age_group_20_24,81
Bagmati,Nuwakot,Belkotgadhi,NP03,NP0328,NP0328302,1,NA,population projections 2026,total,age_group_25_29,107
Bagmati,Nuwakot,Belkotgadhi,NP03,NP0328,NP0328302,1,NA,population projections 2026,male,age_group_25_29,41
Bagmati,Nuwakot,Belkotgadhi,NP03,NP0328,NP0328302,1,NA,population projections 2026,female,age_group_25_29,66
Bagmati,Nuwakot,Belkotgadhi,NP03,NP0328,NP0328302,1,NA,population projections 2026,total,age_group_30_34,104
Bagmati,Nuwakot,Belkotgadhi,NP03,NP0328,NP0328302,1,NA,population projections 2026,male,age_group_30_34,46
Bagmati,Nuwakot,Belkotgadhi,NP03,NP0328,NP0328302,1,NA,population projections 2026,female,age_group_30_34,58
Bagmati,Nuwakot,Belkotgadhi,NP03,NP0328,NP0328302,1,NA,population projections 2026,total,age_group_35_39,91
Bagmati,Nuwakot,Belkotgadhi,NP03,NP0328,NP0328302,1,NA,population projections 2026,male,age_group_35_39,36
Bagmati,Nuwakot,Belkotgadhi,NP03,NP0328,NP0328302,1,NA,population projections 2026,female,age_group_35_39,55
Bagmati,Nuwakot,Belkotgadhi,NP03,NP0328,NP0328302,1,NA,population projections 2026,total,age_group_40_44,86
Bagmati,Nuwakot,Belkotgadhi,NP03,NP0328,NP0328302,1,NA,population projections 2026,male,age_group_40_44,38
Bagmati,Nuwakot,Belkotgadhi,NP03,NP0328,NP0328302,1,NA,population projections 2026,female,age_group_40_44,48
Bagmati,Nuwakot,Belkotgadhi,NP03,NP0328,NP0328302,1,NA,population projections 2026,total,age_group_45_49,73
Bagmati,Nuwakot,Belkotgadhi,NP03,NP0328,NP0328302,1,NA,population projections 2026,male,age_group_45_49,27
Bagmati,Nuwakot,Belkotgadhi,NP03,NP0328,NP0328302,1,NA,population projections 2026,female,age_group_45_49,46
Bagmati,Nuwakot,Belkotgadhi,NP03,NP0328,NP0328302,1,NA,population projections 2026,total,age_group_50_54,80
Bagmati,Nuwakot,Belkotgadhi,NP03,NP0328,NP0328302,1,NA,population projections 2026,male,age_group_50_54,43
Bagmati,Nuwakot,Belkotgadhi,NP03,NP0328,NP0328302,1,NA,population projections 2026,female,age_group_50_54,37
Bagmati,Nuwakot,Belkotgadhi,NP03,NP0328,NP0328302,1,NA,population projections 2026,total,age_group_55_59,73
Bagmati,Nuwakot,Belkotgadhi,NP03,NP0328,NP0328302,1,NA,population projections 2026,male,age_group_55_59,38
Bagmati,Nuwakot,Belkotgadhi,NP03,NP0328,NP0328302,1,NA,population projections 2026,female,age_group_55_59,35
Bagmati,Nuwakot,Belkotgadhi,NP03,NP0328,NP0328302,1,NA,population projections 2026,total,age_group_60_64,71
Bagmati,Nuwakot,Belkotgadhi,NP03,NP0328,NP0328302,1,NA,population projections 2026,male,age_group_60_64,36
Bagmati,Nuwakot,Belkotgadhi,NP03,NP0328,NP0328302,1,NA,population projections 2026,female,age_group_60_64,35
Bagmati,Nuwakot,Belkotgadhi,NP03,NP0328,NP0328302,1,NA,population projections 2026,total,age_group_65_69,64
Bagmati,Nuwakot,Belkotgadhi,NP03,NP0328,NP0328302,1,NA,population projections 2026,male,age_group_65_69,30
Bagmati,Nuwakot,Belkotgadhi,NP03,NP0328,NP0328302,1,NA,population projections 2026,female,age_group_65_69,34
Bagmati,Nuwakot,Belkotgadhi,NP03,NP0328,NP0328302,1,NA,population projections 2026,total,age_group_70_74,39
Bagmati,Nuwakot,Belkotgadhi,NP03,NP0328,NP0328302,1,NA,population projections 2026,male,age_group_70_74,20
Bagmati,Nuwakot,Belkotgadhi,NP03,NP0328,NP0328302,1,NA,population projections 2026,female,age_group_70_74,19
Bagmati,Nuwakot,Belkotgadhi,NP03,NP0328,NP0328302,1,NA,population projections 2026,total,age_group_75_79,28
Bagmati,Nuwakot,Belkotgadhi,NP03,NP0328,NP0328302,1,NA,population projections 2026,male,age_group_75_79,13
Bagmati,Nuwakot,Belkotgadhi,NP03,NP0328,NP0328302,1,NA,population projections 2026,female,age_group_75_79,15
Bagmati,Nuwakot,Belkotgadhi,NP03,NP0328,NP0328302,1,NA,population projections 2026,total,age_group_80_84,22
Bagmati,Nuwakot,Belkotgadhi,NP03,NP0328,NP0328302,1,NA,population projections 2026,male,age_group_80_84,13
Bagmati,Nuwakot,Belkotgadhi,NP03,NP0328,NP0328302,1,NA,population projections 2026,female,age_group_80_84,9
Bagmati,Nuwakot,Belkotgadhi,NP03,NP0328,NP0328302,1,NA,population projections 2026,total,age_group_85_89,3
Bagmati,Nuwakot,Belkotgadhi,NP03,NP0328,NP0328302,1,NA,population projections 2026,male,age_group_85_89,2
Bagmati,Nuwakot,Belkotgadhi,NP03,NP0328,NP0328302,1,NA,population projections 2026,female,age_group_85_89,1
Bagmati,Nuwakot,Belkotgadhi,NP03,NP0328,NP0328302,1,NA,population projections 2026,total,age_group_90_94,0
Bagmati,Nuwakot,Belkotgadhi,NP03,NP0328,NP0328302,1,NA,population projections 2026,male,age_group_90_94,0
Bagmati,Nuwakot,Belkotgadhi,NP03,NP0328,NP0328302,1,NA,population projections 2026,female,age_group_90_94,0
Bagmati,Nuwakot,Belkotgadhi,NP03,NP0328,NP0328302,1,NA,population projections 2026,total,age_group_95plus,0
Bagmati,Nuwakot,Belkotgadhi,NP03,NP0328,NP0328302,1,NA,population projections 2026,male,age_group_95plus,0
Bagmati,Nuwakot,Belkotgadhi,NP03,NP0328,NP0328302,1,NA,population projections 2026,female,age_group_95plus,0
Bagmati,Nuwakot,Belkotgadhi,NP03,NP0328,NP0328302,2,NA,population projections 2026,total,population_total,2432
Bagmati,Nuwakot,Belkotgadhi,NP03,NP0328,NP0328302,2,NA,population projections 2026,male,population_overall_male,1154
Bagmati,Nuwakot,Belkotgadhi,NP03,NP0328,NP0328302,2,NA,population projections 2026,female,population_overall_female,1278
Bagmati,Nuwakot,Belkotgadhi,NP03,NP0328,NP0328302,2,NA,population projections 2026,total,age_group_0_4,184
Bagmati,Nuwakot,Belkotgadhi,NP03,NP0328,NP0328302,2,NA,population projections 2026,male,age_group_0_4,96
Bagmati,Nuwakot,Belkotgadhi,NP03,NP0328,NP0328302,2,NA,population projections 2026,female,age_group_0_4,88
Bagmati,Nuwakot,Belkotgadhi,NP03,NP0328,NP0328302,2,NA,population projections 2026,total,age_group_5_9,187
Bagmati,Nuwakot,Belkotgadhi,NP03,NP0328,NP0328302,2,NA,population projections 2026,male,age_group_5_9,103
Bagmati,Nuwakot,Belkotgadhi,NP03,NP0328,NP0328302,2,NA,population projections 2026,female,age_group_5_9,84
Bagmati,Nuwakot,Belkotgadhi,NP03,NP0328,NP0328302,2,NA,population projections 2026,total,age_group_10_14,195
Bagmati,Nuwakot,Belkotgadhi,NP03,NP0328,NP0328302,2,NA,population projections 2026,male,age_group_10_14,103
Bagmati,Nuwakot,Belkotgadhi,NP03,NP0328,NP0328302,2,NA,population projections 2026,female,age_group_10_14,92
Bagmati,Nuwakot,Belkotgadhi,NP03,NP0328,NP0328302,2,NA,population projections 2026,total,age_group_15_19,220
Bagmati,Nuwakot,Belkotgadhi,NP03,NP0328,NP0328302,2,NA,population projections 2026,male,age_group_15_19,104
Bagmati,Nuwakot,Belkotgadhi,NP03,NP0328,NP0328302,2,NA,population projections 2026,female,age_group_15_19,116
Bagmati,Nuwakot,Belkotgadhi,NP03,NP0328,NP0328302,2,NA,population projections 2026,total,age_group_20_24,175
Bagmati,Nuwakot,Belkotgadhi,NP03,NP0328,NP0328302,2,NA,population projections 2026,male,age_group_20_24,72
Bagmati,Nuwakot,Belkotgadhi,NP03,NP0328,NP0328302,2,NA,population projections 2026,female,age_group_20_24,103
Bagmati,Nuwakot,Belkotgadhi,NP03,NP0328,NP0328302,2,NA,population projections 2026,total,age_group_25_29,147
Bagmati,Nuwakot,Belkotgadhi,NP03,NP0328,NP0328302,2,NA,population projections 2026,male,age_group_25_29,56
Bagmati,Nuwakot,Belkotgadhi,NP03,NP0328,NP0328302,2,NA,population projections 2026,female,age_group_25_29,91
Bagmati,Nuwakot,Belkotgadhi,NP03,NP0328,NP0328302,2,NA,population projections 2026,total,age_group_30_34,162
Bagmati,Nuwakot,Belkotgadhi,NP03,NP0328,NP0328302,2,NA,population projections 2026,male,age_group_30_34,67
Bagmati,Nuwakot,Belkotgadhi,NP03,NP0328,NP0328302,2,NA,population projections 2026,female,age_group_30_34,95
Bagmati,Nuwakot,Belkotgadhi,NP03,NP0328,NP0328302,2,NA,population projections 2026,total,age_group_35_39,172
Bagmati,Nuwakot,Belkotgadhi,NP03,NP0328,NP0328302,2,NA,population projections 2026,male,age_group_35_39,77
Bagmati,Nuwakot,Belkotgadhi,NP03,NP0328,NP0328302,2,NA,population projections 2026,female,age_group_35_39,95
Bagmati,Nuwakot,Belkotgadhi,NP03,NP0328,NP0328302,2,NA,population projections 2026,total,age_group_40_44,154
Bagmati,Nuwakot,Belkotgadhi,NP03,NP0328,NP0328302,2,NA,population projections 2026,male,age_group_40_44,69
Bagmati,Nuwakot,Belkotgadhi,NP03,NP0328,NP0328302,2,NA,population projections 2026,female,age_group_40_44,85
Bagmati,Nuwakot,Belkotgadhi,NP03,NP0328,NP0328302,2,NA,population projections 2026,total,age_group_45_49,150
Bagmati,Nuwakot,Belkotgadhi,NP03,NP0328,NP0328302,2,NA,population projections 2026,male,age_group_45_49,63
Bagmati,Nuwakot,Belkotgadhi,NP03,NP0328,NP0328302,2,NA,population projections 2026,female,age_group_45_49,87
Bagmati,Nuwakot,Belkotgadhi,NP03,NP0328,NP0328302,2,NA,population projections 2026,total,age_group_50_54,182
Bagmati,Nuwakot,Belkotgadhi,NP03,NP0328,NP0328302,2,NA,population projections 2026,male,age_group_50_54,83
Bagmati,Nuwakot,Belkotgadhi,NP03,NP0328,NP0328302,2,NA,population projections 2026,female,age_group_50_54,99
Bagmati,Nuwakot,Belkotgadhi,NP03,NP0328,NP0328302,2,NA,population projections 2026,total,age_group_55_59,158
Bagmati,Nuwakot,Belkotgadhi,NP03,NP0328,NP0328302,2,NA,population projections 2026,male,age_group_55_59,84
Bagmati,Nuwakot,Belkotgadhi,NP03,NP0328,NP0328302,2,NA,population projections 2026,female,age_group_55_59,74
Bagmati,Nuwakot,Belkotgadhi,NP03,NP0328,NP0328302,2,NA,population projections 2026,total,age_group_60_64,114
Bagmati,Nuwakot,Belkotgadhi,NP03,NP0328,NP0328302,2,NA,population projections 2026,male,age_group_60_64,54
Bagmati,Nuwakot,Belkotgadhi,NP03,NP0328,NP0328302,2,NA,population projections 2026,female,age_group_60_64,60
Bagmati,Nuwakot,Belkotgadhi,NP03,NP0328,NP0328302,2,NA,population projections 2026,total,age_group_65_69,86
Bagmati,Nuwakot,Belkotgadhi,NP03,NP0328,NP0328302,2,NA,population projections 2026,male,age_group_65_69,49
Bagmati,Nuwakot,Belkotgadhi,NP03,NP0328,NP0328302,2,NA,population projections 2026,female,age_group_65_69,37
Bagmati,Nuwakot,Belkotgadhi,NP03,NP0328,NP0328302,2,NA,population projections 2026,total,age_group_70_74,59
Bagmati,Nuwakot,Belkotgadhi,NP03,NP0328,NP0328302,2,NA,population projections 2026,male,age_group_70_74,31
Bagmati,Nuwakot,Belkotgadhi,NP03,NP0328,NP0328302,2,NA,population projections 2026,female,age_group_70_74,28
Bagmati,Nuwakot,Belkotgadhi,NP03,NP0328,NP0328302,2,NA,population projections 2026,total,age_group_75_79,42
Bagmati,Nuwakot,Belkotgadhi,NP03,NP0328,NP0328302,2,NA,population projections 2026,male,age_group_75_79,17
Bagmati,Nuwakot,Belkotgadhi,NP03,NP0328,NP0328302,2,NA,population projections 2026,female,age_group_75_79,25
Bagmati,Nuwakot,Belkotgadhi,NP03,NP0328,NP0328302,2,NA,population projections 2026,total,age_group_80_84,33
Bagmati,Nuwakot,Belkotgadhi,NP03,NP0328,NP0328302,2,NA,population projections 2026,male,age_group_80_84,19
Bagmati,Nuwakot,Belkotgadhi,NP03,NP0328,NP0328302,2,NA,population projections 2026,female,age_group_80_84,14
Bagmati,Nuwakot,Belkotgadhi,NP03,NP0328,NP0328302,2,NA,population projections 2026,total,age_group_85_89,11
Bagmati,Nuwakot,Belkotgadhi,NP03,NP0328,NP0328302,2,NA,population projections 2026,male,age_group_85_89,7
Bagmati,Nuwakot,Belkotgadhi,NP03,NP0328,NP0328302,2,NA,population projections 2026,female,age_group_85_89,4
Bagmati,Nuwakot,Belkotgadhi,NP03,NP0328,NP0328302,2,NA,population projections 2026,total,age_group_90_94,0
Bagmati,Nuwakot,Belkotgadhi,NP03,NP0328,NP0328302,2,NA,population projections 2026,male,age_group_90_94,0
Bagmati,Nuwakot,Belkotgadhi,NP03,NP0328,NP0328302,2,NA,population projections 2026,female,age_group_90_94,0
Bagmati,Nuwakot,Belkotgadhi,NP03,NP0328,NP0328302,2,NA,population projections 2026,total,age_group_95plus,1
Bagmati,Nuwakot,Belkotgadhi,NP03,NP0328,NP0328302,2,NA,population projections 2026,male,age_group_95plus,0
Bagmati,Nuwakot,Belkotgadhi,NP03,NP0328,NP0328302,2,NA,population projections 2026,female,age_group_95plus,1
Bagmati,Nuwakot,Belkotgadhi,NP03,NP0328,NP0328302,3,NA,population projections 2026,total,population_total,2920
Bagmati,Nuwakot,Belkotgadhi,NP03,NP0328,NP0328302,3,NA,population projections 2026,male,population_overall_male,1368
Bagmati,Nuwakot,Belkotgadhi,NP03,NP0328,NP0328302,3,NA,population projections 2026,female,population_overall_female,1552
Bagmati,Nuwakot,Belkotgadhi,NP03,NP0328,NP0328302,3,NA,population projections 2026,total,age_group_0_4,222
Bagmati,Nuwakot,Belkotgadhi,NP03,NP0328,NP0328302,3,NA,population projections 2026,male,age_group_0_4,116
Bagmati,Nuwakot,Belkotgadhi,NP03,NP0328,NP0328302,3,NA,population projections 2026,female,age_group_0_4,106
Bagmati,Nuwakot,Belkotgadhi,NP03,NP0328,NP0328302,3,NA,population projections 2026,total,age_group_5_9,186
Bagmati,Nuwakot,Belkotgadhi,NP03,NP0328,NP0328302,3,NA,population projections 2026,male,age_group_5_9,103
Bagmati,Nuwakot,Belkotgadhi,NP03,NP0328,NP0328302,3,NA,population projections 2026,female,age_group_5_9,83
Bagmati,Nuwakot,Belkotgadhi,NP03,NP0328,NP0328302,3,NA,population projections 2026,total,age_group_10_14,246
Bagmati,Nuwakot,Belkotgadhi,NP03,NP0328,NP0328302,3,NA,population projections 2026,male,age_group_10_14,131
Bagmati,Nuwakot,Belkotgadhi,NP03,NP0328,NP0328302,3,NA,population projections 2026,female,age_group_10_14,115
Bagmati,Nuwakot,Belkotgadhi,NP03,NP0328,NP0328302,3,NA,population projections 2026,total,age_group_15_19,271
Bagmati,Nuwakot,Belkotgadhi,NP03,NP0328,NP0328302,3,NA,population projections 2026,male,age_group_15_19,133
Bagmati,Nuwakot,Belkotgadhi,NP03,NP0328,NP0328302,3,NA,population projections 2026,female,age_group_15_19,138
Bagmati,Nuwakot,Belkotgadhi,NP03,NP0328,NP0328302,3,NA,population projections 2026,total,age_group_20_24,216
Bagmati,Nuwakot,Belkotgadhi,NP03,NP0328,NP0328302,3,NA,population projections 2026,male,age_group_20_24,86
Bagmati,Nuwakot,Belkotgadhi,NP03,NP0328,NP0328302,3,NA,population projections 2026,female,age_group_20_24,130
Bagmati,Nuwakot,Belkotgadhi,NP03,NP0328,NP0328302,3,NA,population projections 2026,total,age_group_25_29,157
Bagmati,Nuwakot,Belkotgadhi,NP03,NP0328,NP0328302,3,NA,population projections 2026,male,age_group_25_29,53
Bagmati,Nuwakot,Belkotgadhi,NP03,NP0328,NP0328302,3,NA,population projections 2026,female,age_group_25_29,104
Bagmati,Nuwakot,Belkotgadhi,NP03,NP0328,NP0328302,3,NA,population projections 2026,total,age_group_30_34,190
Bagmati,Nuwakot,Belkotgadhi,NP03,NP0328,NP0328302,3,NA,population projections 2026,male,age_group_30_34,75
Bagmati,Nuwakot,Belkotgadhi,NP03,NP0328,NP0328302,3,NA,population projections 2026,female,age_group_30_34,115
Bagmati,Nuwakot,Belkotgadhi,NP03,NP0328,NP0328302,3,NA,population projections 2026,total,age_group_35_39,213
Bagmati,Nuwakot,Belkotgadhi,NP03,NP0328,NP0328302,3,NA,population projections 2026,male,age_group_35_39,97
Bagmati,Nuwakot,Belkotgadhi,NP03,NP0328,NP0328302,3,NA,population projections 2026,female,age_group_35_39,116
Bagmati,Nuwakot,Belkotgadhi,NP03,NP0328,NP0328302,3,NA,population projections 2026,total,age_group_40_44,195
Bagmati,Nuwakot,Belkotgadhi,NP03,NP0328,NP0328302,3,NA,population projections 2026,male,age_group_40_44,86
Bagmati,Nuwakot,Belkotgadhi,NP03,NP0328,NP0328302,3,NA,population projections 2026,female,age_group_40_44,109
Bagmati,Nuwakot,Belkotgadhi,NP03,NP0328,NP0328302,3,NA,population projections 2026,total,age_group_45_49,226
Bagmati,Nuwakot,Belkotgadhi,NP03,NP0328,NP0328302,3,NA,population projections 2026,male,age_group_45_49,101
Bagmati,Nuwakot,Belkotgadhi,NP03,NP0328,NP0328302,3,NA,population projections 2026,female,age_group_45_49,125
Bagmati,Nuwakot,Belkotgadhi,NP03,NP0328,NP0328302,3,NA,population projections 2026,total,age_group_50_54,176
Bagmati,Nuwakot,Belkotgadhi,NP03,NP0328,NP0328302,3,NA,population projections 2026,male,age_group_50_54,91
Bagmati,Nuwakot,Belkotgadhi,NP03,NP0328,NP0328302,3,NA,population projections 2026,female,age_group_50_54,85
Bagmati,Nuwakot,Belkotgadhi,NP03,NP0328,NP0328302,3,NA,population projections 2026,total,age_group_55_59,157
Bagmati,Nuwakot,Belkotgadhi,NP03,NP0328,NP0328302,3,NA,population projections 2026,male,age_group_55_59,75
Bagmati,Nuwakot,Belkotgadhi,NP03,NP0328,NP0328302,3,NA,population projections 2026,female,age_group_55_59,82
Bagmati,Nuwakot,Belkotgadhi,NP03,NP0328,NP0328302,3,NA,population projections 2026,total,age_group_60_64,136
Bagmati,Nuwakot,Belkotgadhi,NP03,NP0328,NP0328302,3,NA,population projections 2026,male,age_group_60_64,69
Bagmati,Nuwakot,Belkotgadhi,NP03,NP0328,NP0328302,3,NA,population projections 2026,female,age_group_60_64,67
Bagmati,Nuwakot,Belkotgadhi,NP03,NP0328,NP0328302,3,NA,population projections 2026,total,age_group_65_69,128
Bagmati,Nuwakot,Belkotgadhi,NP03,NP0328,NP0328302,3,NA,population projections 2026,male,age_group_65_69,62
Bagmati,Nuwakot,Belkotgadhi,NP03,NP0328,NP0328302,3,NA,population projections 2026,female,age_group_65_69,66
Bagmati,Nuwakot,Belkotgadhi,NP03,NP0328,NP0328302,3,NA,population projections 2026,total,age_group_70_74,84
Bagmati,Nuwakot,Belkotgadhi,NP03,NP0328,NP0328302,3,NA,population projections 2026,male,age_group_70_74,39
Bagmati,Nuwakot,Belkotgadhi,NP03,NP0328,NP0328302,3,NA,population projections 2026,female,age_group_70_74,45
Bagmati,Nuwakot,Belkotgadhi,NP03,NP0328,NP0328302,3,NA,population projections 2026,total,age_group_75_79,61
Bagmati,Nuwakot,Belkotgadhi,NP03,NP0328,NP0328302,3,NA,population projections 2026,male,age_group_75_79,27
Bagmati,Nuwakot,Belkotgadhi,NP03,NP0328,NP0328302,3,NA,population projections 2026,female,age_group_75_79,34
Bagmati,Nuwakot,Belkotgadhi,NP03,NP0328,NP0328302,3,NA,population projections 2026,total,age_group_80_84,39
Bagmati,Nuwakot,Belkotgadhi,NP03,NP0328,NP0328302,3,NA,population projections 2026,male,age_group_80_84,17
Bagmati,Nuwakot,Belkotgadhi,NP03,NP0328,NP0328302,3,NA,population projections 2026,female,age_group_80_84,22
Bagmati,Nuwakot,Belkotgadhi,NP03,NP0328,NP0328302,3,NA,population projections 2026,total,age_group_85_89,11
Bagmati,Nuwakot,Belkotgadhi,NP03,NP0328,NP0328302,3,NA,population projections 2026,male,age_group_85_89,6
Bagmati,Nuwakot,Belkotgadhi,NP03,NP0328,NP0328302,3,NA,population projections 2026,female,age_group_85_89,5
Bagmati,Nuwakot,Belkotgadhi,NP03,NP0328,NP0328302,3,NA,population projections 2026,total,age_group_90_94,6
Bagmati,Nuwakot,Belkotgadhi,NP03,NP0328,NP0328302,3,NA,population projections 2026,male,age_group_90_94,1
Bagmati,Nuwakot,Belkotgadhi,NP03,NP0328,NP0328302,3,NA,population projections 2026,female,age_group_90_94,5
Bagmati,Nuwakot,Belkotgadhi,NP03,NP0328,NP0328302,3,NA,population projections 2026,total,age_group_95plus,0
Bagmati,Nuwakot,Belkotgadhi,NP03,NP0328,NP0328302,3,NA,population projections 2026,male,age_group_95plus,0
Bagmati,Nuwakot,Belkotgadhi,NP03,NP0328,NP0328302,3,NA,population projections 2026,female,age_group_95plus,0
Bagmati,Nuwakot,Belkotgadhi,NP03,NP0328,NP0328302,4,NA,population projections 2026,total,population_total,2797
Bagmati,Nuwakot,Belkotgadhi,NP03,NP0328,NP0328302,4,NA,population projections 2026,male,population_overall_male,1267
Bagmati,Nuwakot,Belkotgadhi,NP03,NP0328,NP0328302,4,NA,population projections 2026,female,population_overall_female,1530
Bagmati,Nuwakot,Belkotgadhi,NP03,NP0328,NP0328302,4,NA,population projections 2026,total,age_group_0_4,240
Bagmati,Nuwakot,Belkotgadhi,NP03,NP0328,NP0328302,4,NA,population projections 2026,male,age_group_0_4,125
Bagmati,Nuwakot,Belkotgadhi,NP03,NP0328,NP0328302,4,NA,population projections 2026,female,age_group_0_4,115
Bagmati,Nuwakot,Belkotgadhi,NP03,NP0328,NP0328302,4,NA,population projections 2026,total,age_group_5_9,234
Bagmati,Nuwakot,Belkotgadhi,NP03,NP0328,NP0328302,4,NA,population projections 2026,male,age_group_5_9,103
Bagmati,Nuwakot,Belkotgadhi,NP03,NP0328,NP0328302,4,NA,population projections 2026,female,age_group_5_9,131
Bagmati,Nuwakot,Belkotgadhi,NP03,NP0328,NP0328302,4,NA,population projections 2026,total,age_group_10_14,237
Bagmati,Nuwakot,Belkotgadhi,NP03,NP0328,NP0328302,4,NA,population projections 2026,male,age_group_10_14,116
Bagmati,Nuwakot,Belkotgadhi,NP03,NP0328,NP0328302,4,NA,population projections 2026,female,age_group_10_14,121
Bagmati,Nuwakot,Belkotgadhi,NP03,NP0328,NP0328302,4,NA,population projections 2026,total,age_group_15_19,304
Bagmati,Nuwakot,Belkotgadhi,NP03,NP0328,NP0328302,4,NA,population projections 2026,male,age_group_15_19,133
Bagmati,Nuwakot,Belkotgadhi,NP03,NP0328,NP0328302,4,NA,population projections 2026,female,age_group_15_19,171
Bagmati,Nuwakot,Belkotgadhi,NP03,NP0328,NP0328302,4,NA,population projections 2026,total,age_group_20_24,284
Bagmati,Nuwakot,Belkotgadhi,NP03,NP0328,NP0328302,4,NA,population projections 2026,male,age_group_20_24,110
Bagmati,Nuwakot,Belkotgadhi,NP03,NP0328,NP0328302,4,NA,population projections 2026,female,age_group_20_24,174
Bagmati,Nuwakot,Belkotgadhi,NP03,NP0328,NP0328302,4,NA,population projections 2026,total,age_group_25_29,190
Bagmati,Nuwakot,Belkotgadhi,NP03,NP0328,NP0328302,4,NA,population projections 2026,male,age_group_25_29,67
Bagmati,Nuwakot,Belkotgadhi,NP03,NP0328,NP0328302,4,NA,population projections 2026,female,age_group_25_29,123
Bagmati,Nuwakot,Belkotgadhi,NP03,NP0328,NP0328302,4,NA,population projections 2026,total,age_group_30_34,163
Bagmati,Nuwakot,Belkotgadhi,NP03,NP0328,NP0328302,4,NA,population projections 2026,male,age_group_30_34,71
Bagmati,Nuwakot,Belkotgadhi,NP03,NP0328,NP0328302,4,NA,population projections 2026,female,age_group_30_34,92
Bagmati,Nuwakot,Belkotgadhi,NP03,NP0328,NP0328302,4,NA,population projections 2026,total,age_group_35_39,160
Bagmati,Nuwakot,Belkotgadhi,NP03,NP0328,NP0328302,4,NA,population projections 2026,male,age_group_35_39,70
Bagmati,Nuwakot,Belkotgadhi,NP03,NP0328,NP0328302,4,NA,population projections 2026,female,age_group_35_39,90
Bagmati,Nuwakot,Belkotgadhi,NP03,NP0328,NP0328302,4,NA,population projections 2026,total,age_group_40_44,183
Bagmati,Nuwakot,Belkotgadhi,NP03,NP0328,NP0328302,4,NA,population projections 2026,male,age_group_40_44,86
Bagmati,Nuwakot,Belkotgadhi,NP03,NP0328,NP0328302,4,NA,population projections 2026,female,age_group_40_44,97
Bagmati,Nuwakot,Belkotgadhi,NP03,NP0328,NP0328302,4,NA,population projections 2026,total,age_group_45_49,182
Bagmati,Nuwakot,Belkotgadhi,NP03,NP0328,NP0328302,4,NA,population projections 2026,male,age_group_45_49,82
Bagmati,Nuwakot,Belkotgadhi,NP03,NP0328,NP0328302,4,NA,population projections 2026,female,age_group_45_49,100
Bagmati,Nuwakot,Belkotgadhi,NP03,NP0328,NP0328302,4,NA,population projections 2026,total,age_group_50_54,142
Bagmati,Nuwakot,Belkotgadhi,NP03,NP0328,NP0328302,4,NA,population projections 2026,male,age_group_50_54,68
Bagmati,Nuwakot,Belkotgadhi,NP03,NP0328,NP0328302,4,NA,population projections 2026,female,age_group_50_54,74
Bagmati,Nuwakot,Belkotgadhi,NP03,NP0328,NP0328302,4,NA,population projections 2026,total,age_group_55_59,127
Bagmati,Nuwakot,Belkotgadhi,NP03,NP0328,NP0328302,4,NA,population projections 2026,male,age_group_55_59,65
Bagmati,Nuwakot,Belkotgadhi,NP03,NP0328,NP0328302,4,NA,population projections 2026,female,age_group_55_59,62
Bagmati,Nuwakot,Belkotgadhi,NP03,NP0328,NP0328302,4,NA,population projections 2026,total,age_group_60_64,127
Bagmati,Nuwakot,Belkotgadhi,NP03,NP0328,NP0328302,4,NA,population projections 2026,male,age_group_60_64,63
Bagmati,Nuwakot,Belkotgadhi,NP03,NP0328,NP0328302,4,NA,population projections 2026,female,age_group_60_64,64
Bagmati,Nuwakot,Belkotgadhi,NP03,NP0328,NP0328302,4,NA,population projections 2026,total,age_group_65_69,90
Bagmati,Nuwakot,Belkotgadhi,NP03,NP0328,NP0328302,4,NA,population projections 2026,male,age_group_65_69,46
Bagmati,Nuwakot,Belkotgadhi,NP03,NP0328,NP0328302,4,NA,population projections 2026,female,age_group_65_69,44
Bagmati,Nuwakot,Belkotgadhi,NP03,NP0328,NP0328302,4,NA,population projections 2026,total,age_group_70_74,60
Bagmati,Nuwakot,Belkotgadhi,NP03,NP0328,NP0328302,4,NA,population projections 2026,male,age_group_70_74,31
Bagmati,Nuwakot,Belkotgadhi,NP03,NP0328,NP0328302,4,NA,population projections 2026,female,age_group_70_74,29
Bagmati,Nuwakot,Belkotgadhi,NP03,NP0328,NP0328302,4,NA,population projections 2026,total,age_group_75_79,40
Bagmati,Nuwakot,Belkotgadhi,NP03,NP0328,NP0328302,4,NA,population projections 2026,male,age_group_75_79,19
Bagmati,Nuwakot,Belkotgadhi,NP03,NP0328,NP0328302,4,NA,population projections 2026,female,age_group_75_79,21
Bagmati,Nuwakot,Belkotgadhi,NP03,NP0328,NP0328302,4,NA,population projections 2026,total,age_group_80_84,24
Bagmati,Nuwakot,Belkotgadhi,NP03,NP0328,NP0328302,4,NA,population projections 2026,male,age_group_80_84,9
Bagmati,Nuwakot,Belkotgadhi,NP03,NP0328,NP0328302,4,NA,population projections 2026,female,age_group_80_84,15
Bagmati,Nuwakot,Belkotgadhi,NP03,NP0328,NP0328302,4,NA,population projections 2026,total,age_group_85_89,8
Bagmati,Nuwakot,Belkotgadhi,NP03,NP0328,NP0328302,4,NA,population projections 2026,male,age_group_85_89,3
Bagmati,Nuwakot,Belkotgadhi,NP03,NP0328,NP0328302,4,NA,population projections 2026,female,age_group_85_89,5
Bagmati,Nuwakot,Belkotgadhi,NP03,NP0328,NP0328302,4,NA,population projections 2026,total,age_group_90_94,2
Bagmati,Nuwakot,Belkotgadhi,NP03,NP0328,NP0328302,4,NA,population projections 2026,male,age_group_90_94,0
Bagmati,Nuwakot,Belkotgadhi,NP03,NP0328,NP0328302,4,NA,population projections 2026,female,age_group_90_94,2
Bagmati,Nuwakot,Belkotgadhi,NP03,NP0328,NP0328302,4,NA,population projections 2026,total,age_group_95plus,0
Bagmati,Nuwakot,Belkotgadhi,NP03,NP0328,NP0328302,4,NA,population projections 2026,male,age_group_95plus,0
Bagmati,Nuwakot,Belkotgadhi,NP03,NP0328,NP0328302,4,NA,population projections 2026,female,age_group_95plus,0
Bagmati,Nuwakot,Belkotgadhi,NP03,NP0328,NP0328302,5,affected,population projections 2026,total,population_total,3160
Bagmati,Nuwakot,Belkotgadhi,NP03,NP0328,NP0328302,5,affected,population projections 2026,male,population_overall_male,1472
Bagmati,Nuwakot,Belkotgadhi,NP03,NP0328,NP0328302,5,affected,population projections 2026,female,population_overall_female,1688
Bagmati,Nuwakot,Belkotgadhi,NP03,NP0328,NP0328302,5,affected,population projections 2026,total,age_group_0_4,271
Bagmati,Nuwakot,Belkotgadhi,NP03,NP0328,NP0328302,5,affected,population projections 2026,male,age_group_0_4,141
Bagmati,Nuwakot,Belkotgadhi,NP03,NP0328,NP0328302,5,affected,population projections 2026,female,age_group_0_4,130
Bagmati,Nuwakot,Belkotgadhi,NP03,NP0328,NP0328302,5,affected,population projections 2026,total,age_group_5_9,244
Bagmati,Nuwakot,Belkotgadhi,NP03,NP0328,NP0328302,5,affected,population projections 2026,male,age_group_5_9,111
Bagmati,Nuwakot,Belkotgadhi,NP03,NP0328,NP0328302,5,affected,population projections 2026,female,age_group_5_9,133
Bagmati,Nuwakot,Belkotgadhi,NP03,NP0328,NP0328302,5,affected,population projections 2026,total,age_group_10_14,255
Bagmati,Nuwakot,Belkotgadhi,NP03,NP0328,NP0328302,5,affected,population projections 2026,male,age_group_10_14,128
Bagmati,Nuwakot,Belkotgadhi,NP03,NP0328,NP0328302,5,affected,population projections 2026,female,age_group_10_14,127
Bagmati,Nuwakot,Belkotgadhi,NP03,NP0328,NP0328302,5,affected,population projections 2026,total,age_group_15_19,285
Bagmati,Nuwakot,Belkotgadhi,NP03,NP0328,NP0328302,5,affected,population projections 2026,male,age_group_15_19,147
Bagmati,Nuwakot,Belkotgadhi,NP03,NP0328,NP0328302,5,affected,population projections 2026,female,age_group_15_19,138
Bagmati,Nuwakot,Belkotgadhi,NP03,NP0328,NP0328302,5,affected,population projections 2026,total,age_group_20_24,292
Bagmati,Nuwakot,Belkotgadhi,NP03,NP0328,NP0328302,5,affected,population projections 2026,male,age_group_20_24,117
Bagmati,Nuwakot,Belkotgadhi,NP03,NP0328,NP0328302,5,affected,population projections 2026,female,age_group_20_24,175
Bagmati,Nuwakot,Belkotgadhi,NP03,NP0328,NP0328302,5,affected,population projections 2026,total,age_group_25_29,215
Bagmati,Nuwakot,Belkotgadhi,NP03,NP0328,NP0328302,5,affected,population projections 2026,male,age_group_25_29,84
Bagmati,Nuwakot,Belkotgadhi,NP03,NP0328,NP0328302,5,affected,population projections 2026,female,age_group_25_29,131
Bagmati,Nuwakot,Belkotgadhi,NP03,NP0328,NP0328302,5,affected,population projections 2026,total,age_group_30_34,234
Bagmati,Nuwakot,Belkotgadhi,NP03,NP0328,NP0328302,5,affected,population projections 2026,male,age_group_30_34,98
Bagmati,Nuwakot,Belkotgadhi,NP03,NP0328,NP0328302,5,affected,population projections 2026,female,age_group_30_34,136
Bagmati,Nuwakot,Belkotgadhi,NP03,NP0328,NP0328302,5,affected,population projections 2026,total,age_group_35_39,221
Bagmati,Nuwakot,Belkotgadhi,NP03,NP0328,NP0328302,5,affected,population projections 2026,male,age_group_35_39,98
Bagmati,Nuwakot,Belkotgadhi,NP03,NP0328,NP0328302,5,affected,population projections 2026,female,age_group_35_39,123
Bagmati,Nuwakot,Belkotgadhi,NP03,NP0328,NP0328302,5,affected,population projections 2026,total,age_group_40_44,196
Bagmati,Nuwakot,Belkotgadhi,NP03,NP0328,NP0328302,5,affected,population projections 2026,male,age_group_40_44,91
Bagmati,Nuwakot,Belkotgadhi,NP03,NP0328,NP0328302,5,affected,population projections 2026,female,age_group_40_44,105
Bagmati,Nuwakot,Belkotgadhi,NP03,NP0328,NP0328302,5,affected,population projections 2026,total,age_group_45_49,186
Bagmati,Nuwakot,Belkotgadhi,NP03,NP0328,NP0328302,5,affected,population projections 2026,male,age_group_45_49,86
Bagmati,Nuwakot,Belkotgadhi,NP03,NP0328,NP0328302,5,affected,population projections 2026,female,age_group_45_49,100
Bagmati,Nuwakot,Belkotgadhi,NP03,NP0328,NP0328302,5,affected,population projections 2026,total,age_group_50_54,169
Bagmati,Nuwakot,Belkotgadhi,NP03,NP0328,NP0328302,5,affected,population projections 2026,male,age_group_50_54,76
Bagmati,Nuwakot,Belkotgadhi,NP03,NP0328,NP0328302,5,affected,population projections 2026,female,age_group_50_54,93
Bagmati,Nuwakot,Belkotgadhi,NP03,NP0328,NP0328302,5,affected,population projections 2026,total,age_group_55_59,161
Bagmati,Nuwakot,Belkotgadhi,NP03,NP0328,NP0328302,5,affected,population projections 2026,male,age_group_55_59,81
Bagmati,Nuwakot,Belkotgadhi,NP03,NP0328,NP0328302,5,affected,population projections 2026,female,age_group_55_59,80
Bagmati,Nuwakot,Belkotgadhi,NP03,NP0328,NP0328302,5,affected,population projections 2026,total,age_group_60_64,131
Bagmati,Nuwakot,Belkotgadhi,NP03,NP0328,NP0328302,5,affected,population projections 2026,male,age_group_60_64,68
Bagmati,Nuwakot,Belkotgadhi,NP03,NP0328,NP0328302,5,affected,population projections 2026,female,age_group_60_64,63
Bagmati,Nuwakot,Belkotgadhi,NP03,NP0328,NP0328302,5,affected,population projections 2026,total,age_group_65_69,105
Bagmati,Nuwakot,Belkotgadhi,NP03,NP0328,NP0328302,5,affected,population projections 2026,male,age_group_65_69,52
Bagmati,Nuwakot,Belkotgadhi,NP03,NP0328,NP0328302,5,affected,population projections 2026,female,age_group_65_69,53
Bagmati,Nuwakot,Belkotgadhi,NP03,NP0328,NP0328302,5,affected,population projections 2026,total,age_group_70_74,75
Bagmati,Nuwakot,Belkotgadhi,NP03,NP0328,NP0328302,5,affected,population projections 2026,male,age_group_70_74,39
Bagmati,Nuwakot,Belkotgadhi,NP03,NP0328,NP0328302,5,affected,population projections 2026,female,age_group_70_74,36
Bagmati,Nuwakot,Belkotgadhi,NP03,NP0328,NP0328302,5,affected,population projections 2026,total,age_group_75_79,50
Bagmati,Nuwakot,Belkotgadhi,NP03,NP0328,NP0328302,5,affected,population projections 2026,male,age_group_75_79,24
Bagmati,Nuwakot,Belkotgadhi,NP03,NP0328,NP0328302,5,affected,population projections 2026,female,age_group_75_79,26
Bagmati,Nuwakot,Belkotgadhi,NP03,NP0328,NP0328302,5,affected,population projections 2026,total,age_group_80_84,47
Bagmati,Nuwakot,Belkotgadhi,NP03,NP0328,NP0328302,5,affected,population projections 2026,male,age_group_80_84,21
Bagmati,Nuwakot,Belkotgadhi,NP03,NP0328,NP0328302,5,affected,population projections 2026,female,age_group_80_84,26
Bagmati,Nuwakot,Belkotgadhi,NP03,NP0328,NP0328302,5,affected,population projections 2026,total,age_group_85_89,16
Bagmati,Nuwakot,Belkotgadhi,NP03,NP0328,NP0328302,5,affected,population projections 2026,male,age_group_85_89,7
Bagmati,Nuwakot,Belkotgadhi,NP03,NP0328,NP0328302,5,affected,population projections 2026,female,age_group_85_89,9
Bagmati,Nuwakot,Belkotgadhi,NP03,NP0328,NP0328302,5,affected,population projections 2026,total,age_group_90_94,7
Bagmati,Nuwakot,Belkotgadhi,NP03,NP0328,NP0328302,5,affected,population projections 2026,male,age_group_90_94,3
Bagmati,Nuwakot,Belkotgadhi,NP03,NP0328,NP0328302,5,affected,population projections 2026,female,age_group_90_94,4
Bagmati,Nuwakot,Belkotgadhi,NP03,NP0328,NP0328302,5,affected,population projections 2026,total,age_group_95plus,0
Bagmati,Nuwakot,Belkotgadhi,NP03,NP0328,NP0328302,5,affected,population projections 2026,male,age_group_95plus,0
Bagmati,Nuwakot,Belkotgadhi,NP03,NP0328,NP0328302,5,affected,population projections 2026,female,age_group_95plus,0
Bagmati,Nuwakot,Belkotgadhi,NP03,NP0328,NP0328302,6,NA,population projections 2026,total,population_total,2511
Bagmati,Nuwakot,Belkotgadhi,NP03,NP0328,NP0328302,6,NA,population projections 2026,male,population_overall_male,1193
Bagmati,Nuwakot,Belkotgadhi,NP03,NP0328,NP0328302,6,NA,population projections 2026,female,population_overall_female,1318
Bagmati,Nuwakot,Belkotgadhi,NP03,NP0328,NP0328302,6,NA,population projections 2026,total,age_group_0_4,207
Bagmati,Nuwakot,Belkotgadhi,NP03,NP0328,NP0328302,6,NA,population projections 2026,male,age_group_0_4,108
Bagmati,Nuwakot,Belkotgadhi,NP03,NP0328,NP0328302,6,NA,population projections 2026,female,age_group_0_4,99
Bagmati,Nuwakot,Belkotgadhi,NP03,NP0328,NP0328302,6,NA,population projections 2026,total,age_group_5_9,191
Bagmati,Nuwakot,Belkotgadhi,NP03,NP0328,NP0328302,6,NA,population projections 2026,male,age_group_5_9,104
Bagmati,Nuwakot,Belkotgadhi,NP03,NP0328,NP0328302,6,NA,population projections 2026,female,age_group_5_9,87
Bagmati,Nuwakot,Belkotgadhi,NP03,NP0328,NP0328302,6,NA,population projections 2026,total,age_group_10_14,197
Bagmati,Nuwakot,Belkotgadhi,NP03,NP0328,NP0328302,6,NA,population projections 2026,male,age_group_10_14,102
Bagmati,Nuwakot,Belkotgadhi,NP03,NP0328,NP0328302,6,NA,population projections 2026,female,age_group_10_14,95
Bagmati,Nuwakot,Belkotgadhi,NP03,NP0328,NP0328302,6,NA,population projections 2026,total,age_group_15_19,253
Bagmati,Nuwakot,Belkotgadhi,NP03,NP0328,NP0328302,6,NA,population projections 2026,male,age_group_15_19,121
Bagmati,Nuwakot,Belkotgadhi,NP03,NP0328,NP0328302,6,NA,population projections 2026,female,age_group_15_19,132
Bagmati,Nuwakot,Belkotgadhi,NP03,NP0328,NP0328302,6,NA,population projections 2026,total,age_group_20_24,238
Bagmati,Nuwakot,Belkotgadhi,NP03,NP0328,NP0328302,6,NA,population projections 2026,male,age_group_20_24,96
Bagmati,Nuwakot,Belkotgadhi,NP03,NP0328,NP0328302,6,NA,population projections 2026,female,age_group_20_24,142
Bagmati,Nuwakot,Belkotgadhi,NP03,NP0328,NP0328302,6,NA,population projections 2026,total,age_group_25_29,170
Bagmati,Nuwakot,Belkotgadhi,NP03,NP0328,NP0328302,6,NA,population projections 2026,male,age_group_25_29,77
Bagmati,Nuwakot,Belkotgadhi,NP03,NP0328,NP0328302,6,NA,population projections 2026,female,age_group_25_29,93
Bagmati,Nuwakot,Belkotgadhi,NP03,NP0328,NP0328302,6,NA,population projections 2026,total,age_group_30_34,172
Bagmati,Nuwakot,Belkotgadhi,NP03,NP0328,NP0328302,6,NA,population projections 2026,male,age_group_30_34,71
Bagmati,Nuwakot,Belkotgadhi,NP03,NP0328,NP0328302,6,NA,population projections 2026,female,age_group_30_34,101
Bagmati,Nuwakot,Belkotgadhi,NP03,NP0328,NP0328302,6,NA,population projections 2026,total,age_group_35_39,173
Bagmati,Nuwakot,Belkotgadhi,NP03,NP0328,NP0328302,6,NA,population projections 2026,male,age_group_35_39,77
Bagmati,Nuwakot,Belkotgadhi,NP03,NP0328,NP0328302,6,NA,population projections 2026,female,age_group_35_39,96
Bagmati,Nuwakot,Belkotgadhi,NP03,NP0328,NP0328302,6,NA,population projections 2026,total,age_group_40_44,149
Bagmati,Nuwakot,Belkotgadhi,NP03,NP0328,NP0328302,6,NA,population projections 2026,male,age_group_40_44,68
Bagmati,Nuwakot,Belkotgadhi,NP03,NP0328,NP0328302,6,NA,population projections 2026,female,age_group_40_44,81
Bagmati,Nuwakot,Belkotgadhi,NP03,NP0328,NP0328302,6,NA,population projections 2026,total,age_group_45_49,148
Bagmati,Nuwakot,Belkotgadhi,NP03,NP0328,NP0328302,6,NA,population projections 2026,male,age_group_45_49,70
Bagmati,Nuwakot,Belkotgadhi,NP03,NP0328,NP0328302,6,NA,population projections 2026,female,age_group_45_49,78
Bagmati,Nuwakot,Belkotgadhi,NP03,NP0328,NP0328302,6,NA,population projections 2026,total,age_group_50_54,139
Bagmati,Nuwakot,Belkotgadhi,NP03,NP0328,NP0328302,6,NA,population projections 2026,male,age_group_50_54,70
Bagmati,Nuwakot,Belkotgadhi,NP03,NP0328,NP0328302,6,NA,population projections 2026,female,age_group_50_54,69
Bagmati,Nuwakot,Belkotgadhi,NP03,NP0328,NP0328302,6,NA,population projections 2026,total,age_group_55_59,113
Bagmati,Nuwakot,Belkotgadhi,NP03,NP0328,NP0328302,6,NA,population projections 2026,male,age_group_55_59,60
Bagmati,Nuwakot,Belkotgadhi,NP03,NP0328,NP0328302,6,NA,population projections 2026,female,age_group_55_59,53
Bagmati,Nuwakot,Belkotgadhi,NP03,NP0328,NP0328302,6,NA,population projections 2026,total,age_group_60_64,99
Bagmati,Nuwakot,Belkotgadhi,NP03,NP0328,NP0328302,6,NA,population projections 2026,male,age_group_60_64,49
Bagmati,Nuwakot,Belkotgadhi,NP03,NP0328,NP0328302,6,NA,population projections 2026,female,age_group_60_64,50
Bagmati,Nuwakot,Belkotgadhi,NP03,NP0328,NP0328302,6,NA,population projections 2026,total,age_group_65_69,77
Bagmati,Nuwakot,Belkotgadhi,NP03,NP0328,NP0328302,6,NA,population projections 2026,male,age_group_65_69,31
Bagmati,Nuwakot,Belkotgadhi,NP03,NP0328,NP0328302,6,NA,population projections 2026,female,age_group_65_69,46
Bagmati,Nuwakot,Belkotgadhi,NP03,NP0328,NP0328302,6,NA,population projections 2026,total,age_group_70_74,77
Bagmati,Nuwakot,Belkotgadhi,NP03,NP0328,NP0328302,6,NA,population projections 2026,male,age_group_70_74,36
Bagmati,Nuwakot,Belkotgadhi,NP03,NP0328,NP0328302,6,NA,population projections 2026,female,age_group_70_74,41
Bagmati,Nuwakot,Belkotgadhi,NP03,NP0328,NP0328302,6,NA,population projections 2026,total,age_group_75_79,59
Bagmati,Nuwakot,Belkotgadhi,NP03,NP0328,NP0328302,6,NA,population projections 2026,male,age_group_75_79,30
Bagmati,Nuwakot,Belkotgadhi,NP03,NP0328,NP0328302,6,NA,population projections 2026,female,age_group_75_79,29
Bagmati,Nuwakot,Belkotgadhi,NP03,NP0328,NP0328302,6,NA,population projections 2026,total,age_group_80_84,31
Bagmati,Nuwakot,Belkotgadhi,NP03,NP0328,NP0328302,6,NA,population projections 2026,male,age_group_80_84,14
Bagmati,Nuwakot,Belkotgadhi,NP03,NP0328,NP0328302,6,NA,population projections 2026,female,age_group_80_84,17
Bagmati,Nuwakot,Belkotgadhi,NP03,NP0328,NP0328302,6,NA,population projections 2026,total,age_group_85_89,12
Bagmati,Nuwakot,Belkotgadhi,NP03,NP0328,NP0328302,6,NA,population projections 2026,male,age_group_85_89,6
Bagmati,Nuwakot,Belkotgadhi,NP03,NP0328,NP0328302,6,NA,population projections 2026,female,age_group_85_89,6
Bagmati,Nuwakot,Belkotgadhi,NP03,NP0328,NP0328302,6,NA,population projections 2026,total,age_group_90_94,6
Bagmati,Nuwakot,Belkotgadhi,NP03,NP0328,NP0328302,6,NA,population projections 2026,male,age_group_90_94,3
Bagmati,Nuwakot,Belkotgadhi,NP03,NP0328,NP0328302,6,NA,population projections 2026,female,age_group_90_94,3
Bagmati,Nuwakot,Belkotgadhi,NP03,NP0328,NP0328302,6,NA,population projections 2026,total,age_group_95plus,0
Bagmati,Nuwakot,Belkotgadhi,NP03,NP0328,NP0328302,6,NA,population projections 2026,male,age_group_95plus,0
Bagmati,Nuwakot,Belkotgadhi,NP03,NP0328,NP0328302,6,NA,population projections 2026,female,age_group_95plus,0
Bagmati,Nuwakot,Belkotgadhi,NP03,NP0328,NP0328302,7,affected,population projections 2026,total,population_total,4530
Bagmati,Nuwakot,Belkotgadhi,NP03,NP0328,NP0328302,7,affected,population projections 2026,male,population_overall_male,2165
Bagmati,Nuwakot,Belkotgadhi,NP03,NP0328,NP0328302,7,affected,population projections 2026,female,population_overall_female,2365
Bagmati,Nuwakot,Belkotgadhi,NP03,NP0328,NP0328302,7,affected,population projections 2026,total,age_group_0_4,395
Bagmati,Nuwakot,Belkotgadhi,NP03,NP0328,NP0328302,7,affected,population projections 2026,male,age_group_0_4,205
Bagmati,Nuwakot,Belkotgadhi,NP03,NP0328,NP0328302,7,affected,population projections 2026,female,age_group_0_4,190
Bagmati,Nuwakot,Belkotgadhi,NP03,NP0328,NP0328302,7,affected,population projections 2026,total,age_group_5_9,369
Bagmati,Nuwakot,Belkotgadhi,NP03,NP0328,NP0328302,7,affected,population projections 2026,male,age_group_5_9,189
Bagmati,Nuwakot,Belkotgadhi,NP03,NP0328,NP0328302,7,affected,population projections 2026,female,age_group_5_9,180
Bagmati,Nuwakot,Belkotgadhi,NP03,NP0328,NP0328302,7,affected,population projections 2026,total,age_group_10_14,353
Bagmati,Nuwakot,Belkotgadhi,NP03,NP0328,NP0328302,7,affected,population projections 2026,male,age_group_10_14,188
Bagmati,Nuwakot,Belkotgadhi,NP03,NP0328,NP0328302,7,affected,population projections 2026,female,age_group_10_14,165
Bagmati,Nuwakot,Belkotgadhi,NP03,NP0328,NP0328302,7,affected,population projections 2026,total,age_group_15_19,409
Bagmati,Nuwakot,Belkotgadhi,NP03,NP0328,NP0328302,7,affected,population projections 2026,male,age_group_15_19,199
Bagmati,Nuwakot,Belkotgadhi,NP03,NP0328,NP0328302,7,affected,population projections 2026,female,age_group_15_19,210
Bagmati,Nuwakot,Belkotgadhi,NP03,NP0328,NP0328302,7,affected,population projections 2026,total,age_group_20_24,381
Bagmati,Nuwakot,Belkotgadhi,NP03,NP0328,NP0328302,7,affected,population projections 2026,male,age_group_20_24,174
Bagmati,Nuwakot,Belkotgadhi,NP03,NP0328,NP0328302,7,affected,population projections 2026,female,age_group_20_24,207
Bagmati,Nuwakot,Belkotgadhi,NP03,NP0328,NP0328302,7,affected,population projections 2026,total,age_group_25_29,356
Bagmati,Nuwakot,Belkotgadhi,NP03,NP0328,NP0328302,7,affected,population projections 2026,male,age_group_25_29,145
Bagmati,Nuwakot,Belkotgadhi,NP03,NP0328,NP0328302,7,affected,population projections 2026,female,age_group_25_29,211
Bagmati,Nuwakot,Belkotgadhi,NP03,NP0328,NP0328302,7,affected,population projections 2026,total,age_group_30_34,369
Bagmati,Nuwakot,Belkotgadhi,NP03,NP0328,NP0328302,7,affected,population projections 2026,male,age_group_30_34,161
Bagmati,Nuwakot,Belkotgadhi,NP03,NP0328,NP0328302,7,affected,population projections 2026,female,age_group_30_34,208
Bagmati,Nuwakot,Belkotgadhi,NP03,NP0328,NP0328302,7,affected,population projections 2026,total,age_group_35_39,333
Bagmati,Nuwakot,Belkotgadhi,NP03,NP0328,NP0328302,7,affected,population projections 2026,male,age_group_35_39,145
Bagmati,Nuwakot,Belkotgadhi,NP03,NP0328,NP0328302,7,affected,population projections 2026,female,age_group_35_39,188
Bagmati,Nuwakot,Belkotgadhi,NP03,NP0328,NP0328302,7,affected,population projections 2026,total,age_group_40_44,299
Bagmati,Nuwakot,Belkotgadhi,NP03,NP0328,NP0328302,7,affected,population projections 2026,male,age_group_40_44,138
Bagmati,Nuwakot,Belkotgadhi,NP03,NP0328,NP0328302,7,affected,population projections 2026,female,age_group_40_44,161
Bagmati,Nuwakot,Belkotgadhi,NP03,NP0328,NP0328302,7,affected,population projections 2026,total,age_group_45_49,257
Bagmati,Nuwakot,Belkotgadhi,NP03,NP0328,NP0328302,7,affected,population projections 2026,male,age_group_45_49,128
Bagmati,Nuwakot,Belkotgadhi,NP03,NP0328,NP0328302,7,affected,population projections 2026,female,age_group_45_49,129
Bagmati,Nuwakot,Belkotgadhi,NP03,NP0328,NP0328302,7,affected,population projections 2026,total,age_group_50_54,213
Bagmati,Nuwakot,Belkotgadhi,NP03,NP0328,NP0328302,7,affected,population projections 2026,male,age_group_50_54,105
Bagmati,Nuwakot,Belkotgadhi,NP03,NP0328,NP0328302,7,affected,population projections 2026,female,age_group_50_54,108
Bagmati,Nuwakot,Belkotgadhi,NP03,NP0328,NP0328302,7,affected,population projections 2026,total,age_group_55_59,224
Bagmati,Nuwakot,Belkotgadhi,NP03,NP0328,NP0328302,7,affected,population projections 2026,male,age_group_55_59,112
Bagmati,Nuwakot,Belkotgadhi,NP03,NP0328,NP0328302,7,affected,population projections 2026,female,age_group_55_59,112
Bagmati,Nuwakot,Belkotgadhi,NP03,NP0328,NP0328302,7,affected,population projections 2026,total,age_group_60_64,172
Bagmati,Nuwakot,Belkotgadhi,NP03,NP0328,NP0328302,7,affected,population projections 2026,male,age_group_60_64,87
Bagmati,Nuwakot,Belkotgadhi,NP03,NP0328,NP0328302,7,affected,population projections 2026,female,age_group_60_64,85
Bagmati,Nuwakot,Belkotgadhi,NP03,NP0328,NP0328302,7,affected,population projections 2026,total,age_group_65_69,131
Bagmati,Nuwakot,Belkotgadhi,NP03,NP0328,NP0328302,7,affected,population projections 2026,male,age_group_65_69,64
Bagmati,Nuwakot,Belkotgadhi,NP03,NP0328,NP0328302,7,affected,population projections 2026,female,age_group_65_69,67
Bagmati,Nuwakot,Belkotgadhi,NP03,NP0328,NP0328302,7,affected,population projections 2026,total,age_group_70_74,121
Bagmati,Nuwakot,Belkotgadhi,NP03,NP0328,NP0328302,7,affected,population projections 2026,male,age_group_70_74,62
Bagmati,Nuwakot,Belkotgadhi,NP03,NP0328,NP0328302,7,affected,population projections 2026,female,age_group_70_74,59
Bagmati,Nuwakot,Belkotgadhi,NP03,NP0328,NP0328302,7,affected,population projections 2026,total,age_group_75_79,87
Bagmati,Nuwakot,Belkotgadhi,NP03,NP0328,NP0328302,7,affected,population projections 2026,male,age_group_75_79,41
Bagmati,Nuwakot,Belkotgadhi,NP03,NP0328,NP0328302,7,affected,population projections 2026,female,age_group_75_79,46
Bagmati,Nuwakot,Belkotgadhi,NP03,NP0328,NP0328302,7,affected,population projections 2026,total,age_group_80_84,42
Bagmati,Nuwakot,Belkotgadhi,NP03,NP0328,NP0328302,7,affected,population projections 2026,male,age_group_80_84,17
Bagmati,Nuwakot,Belkotgadhi,NP03,NP0328,NP0328302,7,affected,population projections 2026,female,age_group_80_84,25
Bagmati,Nuwakot,Belkotgadhi,NP03,NP0328,NP0328302,7,affected,population projections 2026,total,age_group_85_89,14
Bagmati,Nuwakot,Belkotgadhi,NP03,NP0328,NP0328302,7,affected,population projections 2026,male,age_group_85_89,5
Bagmati,Nuwakot,Belkotgadhi,NP03,NP0328,NP0328302,7,affected,population projections 2026,female,age_group_85_89,9
Bagmati,Nuwakot,Belkotgadhi,NP03,NP0328,NP0328302,7,affected,population projections 2026,total,age_group_90_94,5
Bagmati,Nuwakot,Belkotgadhi,NP03,NP0328,NP0328302,7,affected,population projections 2026,male,age_group_90_94,0
Bagmati,Nuwakot,Belkotgadhi,NP03,NP0328,NP0328302,7,affected,population projections 2026,female,age_group_90_94,5
Bagmati,Nuwakot,Belkotgadhi,NP03,NP0328,NP0328302,7,affected,population projections 2026,total,age_group_95plus,0
Bagmati,Nuwakot,Belkotgadhi,NP03,NP0328,NP0328302,7,affected,population projections 2026,male,age_group_95plus,0
Bagmati,Nuwakot,Belkotgadhi,NP03,NP0328,NP0328302,7,affected,population projections 2026,female,age_group_95plus,0
Bagmati,Nuwakot,Belkotgadhi,NP03,NP0328,NP0328302,8,affected,population projections 2026,total,population_total,2817
Bagmati,Nuwakot,Belkotgadhi,NP03,NP0328,NP0328302,8,affected,population projections 2026,male,population_overall_male,1314
Bagmati,Nuwakot,Belkotgadhi,NP03,NP0328,NP0328302,8,affected,population projections 2026,female,population_overall_female,1503
Bagmati,Nuwakot,Belkotgadhi,NP03,NP0328,NP0328302,8,affected,population projections 2026,total,age_group_0_4,219
Bagmati,Nuwakot,Belkotgadhi,NP03,NP0328,NP0328302,8,affected,population projections 2026,male,age_group_0_4,114
Bagmati,Nuwakot,Belkotgadhi,NP03,NP0328,NP0328302,8,affected,population projections 2026,female,age_group_0_4,105
Bagmati,Nuwakot,Belkotgadhi,NP03,NP0328,NP0328302,8,affected,population projections 2026,total,age_group_5_9,206
Bagmati,Nuwakot,Belkotgadhi,NP03,NP0328,NP0328302,8,affected,population projections 2026,male,age_group_5_9,112
Bagmati,Nuwakot,Belkotgadhi,NP03,NP0328,NP0328302,8,affected,population projections 2026,female,age_group_5_9,94
Bagmati,Nuwakot,Belkotgadhi,NP03,NP0328,NP0328302,8,affected,population projections 2026,total,age_group_10_14,202
Bagmati,Nuwakot,Belkotgadhi,NP03,NP0328,NP0328302,8,affected,population projections 2026,male,age_group_10_14,104
Bagmati,Nuwakot,Belkotgadhi,NP03,NP0328,NP0328302,8,affected,population projections 2026,female,age_group_10_14,98
Bagmati,Nuwakot,Belkotgadhi,NP03,NP0328,NP0328302,8,affected,population projections 2026,total,age_group_15_19,220
Bagmati,Nuwakot,Belkotgadhi,NP03,NP0328,NP0328302,8,affected,population projections 2026,male,age_group_15_19,112
Bagmati,Nuwakot,Belkotgadhi,NP03,NP0328,NP0328302,8,affected,population projections 2026,female,age_group_15_19,108
Bagmati,Nuwakot,Belkotgadhi,NP03,NP0328,NP0328302,8,affected,population projections 2026,total,age_group_20_24,206
Bagmati,Nuwakot,Belkotgadhi,NP03,NP0328,NP0328302,8,affected,population projections 2026,male,age_group_20_24,88
Bagmati,Nuwakot,Belkotgadhi,NP03,NP0328,NP0328302,8,affected,population projections 2026,female,age_group_20_24,118
Bagmati,Nuwakot,Belkotgadhi,NP03,NP0328,NP0328302,8,affected,population projections 2026,total,age_group_25_29,178
Bagmati,Nuwakot,Belkotgadhi,NP03,NP0328,NP0328302,8,affected,population projections 2026,male,age_group_25_29,70
Bagmati,Nuwakot,Belkotgadhi,NP03,NP0328,NP0328302,8,affected,population projections 2026,female,age_group_25_29,108
Bagmati,Nuwakot,Belkotgadhi,NP03,NP0328,NP0328302,8,affected,population projections 2026,total,age_group_30_34,177
Bagmati,Nuwakot,Belkotgadhi,NP03,NP0328,NP0328302,8,affected,population projections 2026,male,age_group_30_34,68
Bagmati,Nuwakot,Belkotgadhi,NP03,NP0328,NP0328302,8,affected,population projections 2026,female,age_group_30_34,109
Bagmati,Nuwakot,Belkotgadhi,NP03,NP0328,NP0328302,8,affected,population projections 2026,total,age_group_35_39,186
Bagmati,Nuwakot,Belkotgadhi,NP03,NP0328,NP0328302,8,affected,population projections 2026,male,age_group_35_39,71
Bagmati,Nuwakot,Belkotgadhi,NP03,NP0328,NP0328302,8,affected,population projections 2026,female,age_group_35_39,115
Bagmati,Nuwakot,Belkotgadhi,NP03,NP0328,NP0328302,8,affected,population projections 2026,total,age_group_40_44,187
Bagmati,Nuwakot,Belkotgadhi,NP03,NP0328,NP0328302,8,affected,population projections 2026,male,age_group_40_44,87
Bagmati,Nuwakot,Belkotgadhi,NP03,NP0328,NP0328302,8,affected,population projections 2026,female,age_group_40_44,100
Bagmati,Nuwakot,Belkotgadhi,NP03,NP0328,NP0328302,8,affected,population projections 2026,total,age_group_45_49,187
Bagmati,Nuwakot,Belkotgadhi,NP03,NP0328,NP0328302,8,affected,population projections 2026,male,age_group_45_49,81
Bagmati,Nuwakot,Belkotgadhi,NP03,NP0328,NP0328302,8,affected,population projections 2026,female,age_group_45_49,106
Bagmati,Nuwakot,Belkotgadhi,NP03,NP0328,NP0328302,8,affected,population projections 2026,total,age_group_50_54,194
Bagmati,Nuwakot,Belkotgadhi,NP03,NP0328,NP0328302,8,affected,population projections 2026,male,age_group_50_54,97
Bagmati,Nuwakot,Belkotgadhi,NP03,NP0328,NP0328302,8,affected,population projections 2026,female,age_group_50_54,97
Bagmati,Nuwakot,Belkotgadhi,NP03,NP0328,NP0328302,8,affected,population projections 2026,total,age_group_55_59,179
Bagmati,Nuwakot,Belkotgadhi,NP03,NP0328,NP0328302,8,affected,population projections 2026,male,age_group_55_59,87
Bagmati,Nuwakot,Belkotgadhi,NP03,NP0328,NP0328302,8,affected,population projections 2026,female,age_group_55_59,92
Bagmati,Nuwakot,Belkotgadhi,NP03,NP0328,NP0328302,8,affected,population projections 2026,total,age_group_60_64,156
Bagmati,Nuwakot,Belkotgadhi,NP03,NP0328,NP0328302,8,affected,population projections 2026,male,age_group_60_64,69
Bagmati,Nuwakot,Belkotgadhi,NP03,NP0328,NP0328302,8,affected,population projections 2026,female,age_group_60_64,87
Bagmati,Nuwakot,Belkotgadhi,NP03,NP0328,NP0328302,8,affected,population projections 2026,total,age_group_65_69,117
Bagmati,Nuwakot,Belkotgadhi,NP03,NP0328,NP0328302,8,affected,population projections 2026,male,age_group_65_69,61
Bagmati,Nuwakot,Belkotgadhi,NP03,NP0328,NP0328302,8,affected,population projections 2026,female,age_group_65_69,56
Bagmati,Nuwakot,Belkotgadhi,NP03,NP0328,NP0328302,8,affected,population projections 2026,total,age_group_70_74,91
Bagmati,Nuwakot,Belkotgadhi,NP03,NP0328,NP0328302,8,affected,population projections 2026,male,age_group_70_74,44
Bagmati,Nuwakot,Belkotgadhi,NP03,NP0328,NP0328302,8,affected,population projections 2026,female,age_group_70_74,47
Bagmati,Nuwakot,Belkotgadhi,NP03,NP0328,NP0328302,8,affected,population projections 2026,total,age_group_75_79,63
Bagmati,Nuwakot,Belkotgadhi,NP03,NP0328,NP0328302,8,affected,population projections 2026,male,age_group_75_79,27
Bagmati,Nuwakot,Belkotgadhi,NP03,NP0328,NP0328302,8,affected,population projections 2026,female,age_group_75_79,36
Bagmati,Nuwakot,Belkotgadhi,NP03,NP0328,NP0328302,8,affected,population projections 2026,total,age_group_80_84,37
Bagmati,Nuwakot,Belkotgadhi,NP03,NP0328,NP0328302,8,affected,population projections 2026,male,age_group_80_84,18
Bagmati,Nuwakot,Belkotgadhi,NP03,NP0328,NP0328302,8,affected,population projections 2026,female,age_group_80_84,19
Bagmati,Nuwakot,Belkotgadhi,NP03,NP0328,NP0328302,8,affected,population projections 2026,total,age_group_85_89,8
Bagmati,Nuwakot,Belkotgadhi,NP03,NP0328,NP0328302,8,affected,population projections 2026,male,age_group_85_89,2
Bagmati,Nuwakot,Belkotgadhi,NP03,NP0328,NP0328302,8,affected,population projections 2026,female,age_group_85_89,6
Bagmati,Nuwakot,Belkotgadhi,NP03,NP0328,NP0328302,8,affected,population projections 2026,total,age_group_90_94,3
Bagmati,Nuwakot,Belkotgadhi,NP03,NP0328,NP0328302,8,affected,population projections 2026,male,age_group_90_94,2
Bagmati,Nuwakot,Belkotgadhi,NP03,NP0328,NP0328302,8,affected,population projections 2026,female,age_group_90_94,1
Bagmati,Nuwakot,Belkotgadhi,NP03,NP0328,NP0328302,8,affected,population projections 2026,total,age_group_95plus,1
Bagmati,Nuwakot,Belkotgadhi,NP03,NP0328,NP0328302,8,affected,population projections 2026,male,age_group_95plus,0
Bagmati,Nuwakot,Belkotgadhi,NP03,NP0328,NP0328302,8,affected,population projections 2026,female,age_group_95plus,1
Bagmati,Nuwakot,Belkotgadhi,NP03,NP0328,NP0328302,9,NA,population projections 2026,total,population_total,2473
Bagmati,Nuwakot,Belkotgadhi,NP03,NP0328,NP0328302,9,NA,population projections 2026,male,population_overall_male,1134
Bagmati,Nuwakot,Belkotgadhi,NP03,NP0328,NP0328302,9,NA,population projections 2026,female,population_overall_female,1339
Bagmati,Nuwakot,Belkotgadhi,NP03,NP0328,NP0328302,9,NA,population projections 2026,total,age_group_0_4,194
Bagmati,Nuwakot,Belkotgadhi,NP03,NP0328,NP0328302,9,NA,population projections 2026,male,age_group_0_4,101
Bagmati,Nuwakot,Belkotgadhi,NP03,NP0328,NP0328302,9,NA,population projections 2026,female,age_group_0_4,93
Bagmati,Nuwakot,Belkotgadhi,NP03,NP0328,NP0328302,9,NA,population projections 2026,total,age_group_5_9,162
Bagmati,Nuwakot,Belkotgadhi,NP03,NP0328,NP0328302,9,NA,population projections 2026,male,age_group_5_9,66
Bagmati,Nuwakot,Belkotgadhi,NP03,NP0328,NP0328302,9,NA,population projections 2026,female,age_group_5_9,96
Bagmati,Nuwakot,Belkotgadhi,NP03,NP0328,NP0328302,9,NA,population projections 2026,total,age_group_10_14,210
Bagmati,Nuwakot,Belkotgadhi,NP03,NP0328,NP0328302,9,NA,population projections 2026,male,age_group_10_14,97
Bagmati,Nuwakot,Belkotgadhi,NP03,NP0328,NP0328302,9,NA,population projections 2026,female,age_group_10_14,113
Bagmati,Nuwakot,Belkotgadhi,NP03,NP0328,NP0328302,9,NA,population projections 2026,total,age_group_15_19,237
Bagmati,Nuwakot,Belkotgadhi,NP03,NP0328,NP0328302,9,NA,population projections 2026,male,age_group_15_19,116
Bagmati,Nuwakot,Belkotgadhi,NP03,NP0328,NP0328302,9,NA,population projections 2026,female,age_group_15_19,121
Bagmati,Nuwakot,Belkotgadhi,NP03,NP0328,NP0328302,9,NA,population projections 2026,total,age_group_20_24,214
Bagmati,Nuwakot,Belkotgadhi,NP03,NP0328,NP0328302,9,NA,population projections 2026,male,age_group_20_24,93
Bagmati,Nuwakot,Belkotgadhi,NP03,NP0328,NP0328302,9,NA,population projections 2026,female,age_group_20_24,121
Bagmati,Nuwakot,Belkotgadhi,NP03,NP0328,NP0328302,9,NA,population projections 2026,total,age_group_25_29,147
Bagmati,Nuwakot,Belkotgadhi,NP03,NP0328,NP0328302,9,NA,population projections 2026,male,age_group_25_29,58
Bagmati,Nuwakot,Belkotgadhi,NP03,NP0328,NP0328302,9,NA,population projections 2026,female,age_group_25_29,89
Bagmati,Nuwakot,Belkotgadhi,NP03,NP0328,NP0328302,9,NA,population projections 2026,total,age_group_30_34,172
Bagmati,Nuwakot,Belkotgadhi,NP03,NP0328,NP0328302,9,NA,population projections 2026,male,age_group_30_34,72
Bagmati,Nuwakot,Belkotgadhi,NP03,NP0328,NP0328302,9,NA,population projections 2026,female,age_group_30_34,100
Bagmati,Nuwakot,Belkotgadhi,NP03,NP0328,NP0328302,9,NA,population projections 2026,total,age_group_35_39,167
Bagmati,Nuwakot,Belkotgadhi,NP03,NP0328,NP0328302,9,NA,population projections 2026,male,age_group_35_39,75
Bagmati,Nuwakot,Belkotgadhi,NP03,NP0328,NP0328302,9,NA,population projections 2026,female,age_group_35_39,92
Bagmati,Nuwakot,Belkotgadhi,NP03,NP0328,NP0328302,9,NA,population projections 2026,total,age_group_40_44,169
Bagmati,Nuwakot,Belkotgadhi,NP03,NP0328,NP0328302,9,NA,population projections 2026,male,age_group_40_44,80
Bagmati,Nuwakot,Belkotgadhi,NP03,NP0328,NP0328302,9,NA,population projections 2026,female,age_group_40_44,89
Bagmati,Nuwakot,Belkotgadhi,NP03,NP0328,NP0328302,9,NA,population projections 2026,total,age_group_45_49,161
Bagmati,Nuwakot,Belkotgadhi,NP03,NP0328,NP0328302,9,NA,population projections 2026,male,age_group_45_49,77
Bagmati,Nuwakot,Belkotgadhi,NP03,NP0328,NP0328302,9,NA,population projections 2026,female,age_group_45_49,84
Bagmati,Nuwakot,Belkotgadhi,NP03,NP0328,NP0328302,9,NA,population projections 2026,total,age_group_50_54,122
Bagmati,Nuwakot,Belkotgadhi,NP03,NP0328,NP0328302,9,NA,population projections 2026,male,age_group_50_54,58
Bagmati,Nuwakot,Belkotgadhi,NP03,NP0328,NP0328302,9,NA,population projections 2026,female,age_group_50_54,64
Bagmati,Nuwakot,Belkotgadhi,NP03,NP0328,NP0328302,9,NA,population projections 2026,total,age_group_55_59,120
Bagmati,Nuwakot,Belkotgadhi,NP03,NP0328,NP0328302,9,NA,population projections 2026,male,age_group_55_59,51
Bagmati,Nuwakot,Belkotgadhi,NP03,NP0328,NP0328302,9,NA,population projections 2026,female,age_group_55_59,69
Bagmati,Nuwakot,Belkotgadhi,NP03,NP0328,NP0328302,9,NA,population projections 2026,total,age_group_60_64,115
Bagmati,Nuwakot,Belkotgadhi,NP03,NP0328,NP0328302,9,NA,population projections 2026,male,age_group_60_64,60
Bagmati,Nuwakot,Belkotgadhi,NP03,NP0328,NP0328302,9,NA,population projections 2026,female,age_group_60_64,55
Bagmati,Nuwakot,Belkotgadhi,NP03,NP0328,NP0328302,9,NA,population projections 2026,total,age_group_65_69,106
Bagmati,Nuwakot,Belkotgadhi,NP03,NP0328,NP0328302,9,NA,population projections 2026,male,age_group_65_69,52
Bagmati,Nuwakot,Belkotgadhi,NP03,NP0328,NP0328302,9,NA,population projections 2026,female,age_group_65_69,54
Bagmati,Nuwakot,Belkotgadhi,NP03,NP0328,NP0328302,9,NA,population projections 2026,total,age_group_70_74,79
Bagmati,Nuwakot,Belkotgadhi,NP03,NP0328,NP0328302,9,NA,population projections 2026,male,age_group_70_74,35
Bagmati,Nuwakot,Belkotgadhi,NP03,NP0328,NP0328302,9,NA,population projections 2026,female,age_group_70_74,44
Bagmati,Nuwakot,Belkotgadhi,NP03,NP0328,NP0328302,9,NA,population projections 2026,total,age_group_75_79,54
Bagmati,Nuwakot,Belkotgadhi,NP03,NP0328,NP0328302,9,NA,population projections 2026,male,age_group_75_79,24
Bagmati,Nuwakot,Belkotgadhi,NP03,NP0328,NP0328302,9,NA,population projections 2026,female,age_group_75_79,30
Bagmati,Nuwakot,Belkotgadhi,NP03,NP0328,NP0328302,9,NA,population projections 2026,total,age_group_80_84,27
Bagmati,Nuwakot,Belkotgadhi,NP03,NP0328,NP0328302,9,NA,population projections 2026,male,age_group_80_84,12
Bagmati,Nuwakot,Belkotgadhi,NP03,NP0328,NP0328302,9,NA,population projections 2026,female,age_group_80_84,15
Bagmati,Nuwakot,Belkotgadhi,NP03,NP0328,NP0328302,9,NA,population projections 2026,total,age_group_85_89,10
Bagmati,Nuwakot,Belkotgadhi,NP03,NP0328,NP0328302,9,NA,population projections 2026,male,age_group_85_89,5
Bagmati,Nuwakot,Belkotgadhi,NP03,NP0328,NP0328302,9,NA,population projections 2026,female,age_group_85_89,5
Bagmati,Nuwakot,Belkotgadhi,NP03,NP0328,NP0328302,9,NA,population projections 2026,total,age_group_90_94,7
Bagmati,Nuwakot,Belkotgadhi,NP03,NP0328,NP0328302,9,NA,population projections 2026,male,age_group_90_94,2
Bagmati,Nuwakot,Belkotgadhi,NP03,NP0328,NP0328302,9,NA,population projections 2026,female,age_group_90_94,5
Bagmati,Nuwakot,Belkotgadhi,NP03,NP0328,NP0328302,9,NA,population projections 2026,total,age_group_95plus,0
Bagmati,Nuwakot,Belkotgadhi,NP03,NP0328,NP0328302,9,NA,population projections 2026,male,age_group_95plus,0
Bagmati,Nuwakot,Belkotgadhi,NP03,NP0328,NP0328302,9,NA,population projections 2026,female,age_group_95plus,0
Bagmati,Nuwakot,Belkotgadhi,NP03,NP0328,NP0328302,10,NA,population projections 2026,total,population_total,2808
Bagmati,Nuwakot,Belkotgadhi,NP03,NP0328,NP0328302,10,NA,population projections 2026,male,population_overall_male,1321
Bagmati,Nuwakot,Belkotgadhi,NP03,NP0328,NP0328302,10,NA,population projections 2026,female,population_overall_female,1487
Bagmati,Nuwakot,Belkotgadhi,NP03,NP0328,NP0328302,10,NA,population projections 2026,total,age_group_0_4,231
Bagmati,Nuwakot,Belkotgadhi,NP03,NP0328,NP0328302,10,NA,population projections 2026,male,age_group_0_4,120
Bagmati,Nuwakot,Belkotgadhi,NP03,NP0328,NP0328302,10,NA,population projections 2026,female,age_group_0_4,111
Bagmati,Nuwakot,Belkotgadhi,NP03,NP0328,NP0328302,10,NA,population projections 2026,total,age_group_5_9,207
Bagmati,Nuwakot,Belkotgadhi,NP03,NP0328,NP0328302,10,NA,population projections 2026,male,age_group_5_9,110
Bagmati,Nuwakot,Belkotgadhi,NP03,NP0328,NP0328302,10,NA,population projections 2026,female,age_group_5_9,97
Bagmati,Nuwakot,Belkotgadhi,NP03,NP0328,NP0328302,10,NA,population projections 2026,total,age_group_10_14,231
Bagmati,Nuwakot,Belkotgadhi,NP03,NP0328,NP0328302,10,NA,population projections 2026,male,age_group_10_14,103
Bagmati,Nuwakot,Belkotgadhi,NP03,NP0328,NP0328302,10,NA,population projections 2026,female,age_group_10_14,128
Bagmati,Nuwakot,Belkotgadhi,NP03,NP0328,NP0328302,10,NA,population projections 2026,total,age_group_15_19,249
Bagmati,Nuwakot,Belkotgadhi,NP03,NP0328,NP0328302,10,NA,population projections 2026,male,age_group_15_19,126
Bagmati,Nuwakot,Belkotgadhi,NP03,NP0328,NP0328302,10,NA,population projections 2026,female,age_group_15_19,123
Bagmati,Nuwakot,Belkotgadhi,NP03,NP0328,NP0328302,10,NA,population projections 2026,total,age_group_20_24,215
Bagmati,Nuwakot,Belkotgadhi,NP03,NP0328,NP0328302,10,NA,population projections 2026,male,age_group_20_24,94
Bagmati,Nuwakot,Belkotgadhi,NP03,NP0328,NP0328302,10,NA,population projections 2026,female,age_group_20_24,121
Bagmati,Nuwakot,Belkotgadhi,NP03,NP0328,NP0328302,10,NA,population projections 2026,total,age_group_25_29,187
Bagmati,Nuwakot,Belkotgadhi,NP03,NP0328,NP0328302,10,NA,population projections 2026,male,age_group_25_29,71
Bagmati,Nuwakot,Belkotgadhi,NP03,NP0328,NP0328302,10,NA,population projections 2026,female,age_group_25_29,116
Bagmati,Nuwakot,Belkotgadhi,NP03,NP0328,NP0328302,10,NA,population projections 2026,total,age_group_30_34,214
Bagmati,Nuwakot,Belkotgadhi,NP03,NP0328,NP0328302,10,NA,population projections 2026,male,age_group_30_34,83
Bagmati,Nuwakot,Belkotgadhi,NP03,NP0328,NP0328302,10,NA,population projections 2026,female,age_group_30_34,131
Bagmati,Nuwakot,Belkotgadhi,NP03,NP0328,NP0328302,10,NA,population projections 2026,total,age_group_35_39,205
Bagmati,Nuwakot,Belkotgadhi,NP03,NP0328,NP0328302,10,NA,population projections 2026,male,age_group_35_39,86
Bagmati,Nuwakot,Belkotgadhi,NP03,NP0328,NP0328302,10,NA,population projections 2026,female,age_group_35_39,119
Bagmati,Nuwakot,Belkotgadhi,NP03,NP0328,NP0328302,10,NA,population projections 2026,total,age_group_40_44,208
Bagmati,Nuwakot,Belkotgadhi,NP03,NP0328,NP0328302,10,NA,population projections 2026,male,age_group_40_44,94
Bagmati,Nuwakot,Belkotgadhi,NP03,NP0328,NP0328302,10,NA,population projections 2026,female,age_group_40_44,114
Bagmati,Nuwakot,Belkotgadhi,NP03,NP0328,NP0328302,10,NA,population projections 2026,total,age_group_45_49,175
Bagmati,Nuwakot,Belkotgadhi,NP03,NP0328,NP0328302,10,NA,population projections 2026,male,age_group_45_49,92
Bagmati,Nuwakot,Belkotgadhi,NP03,NP0328,NP0328302,10,NA,population projections 2026,female,age_group_45_49,83
Bagmati,Nuwakot,Belkotgadhi,NP03,NP0328,NP0328302,10,NA,population projections 2026,total,age_group_50_54,158
Bagmati,Nuwakot,Belkotgadhi,NP03,NP0328,NP0328302,10,NA,population projections 2026,male,age_group_50_54,78
Bagmati,Nuwakot,Belkotgadhi,NP03,NP0328,NP0328302,10,NA,population projections 2026,female,age_group_50_54,80
Bagmati,Nuwakot,Belkotgadhi,NP03,NP0328,NP0328302,10,NA,population projections 2026,total,age_group_55_59,153
Bagmati,Nuwakot,Belkotgadhi,NP03,NP0328,NP0328302,10,NA,population projections 2026,male,age_group_55_59,79
Bagmati,Nuwakot,Belkotgadhi,NP03,NP0328,NP0328302,10,NA,population projections 2026,female,age_group_55_59,74
Bagmati,Nuwakot,Belkotgadhi,NP03,NP0328,NP0328302,10,NA,population projections 2026,total,age_group_60_64,116
Bagmati,Nuwakot,Belkotgadhi,NP03,NP0328,NP0328302,10,NA,population projections 2026,male,age_group_60_64,62
Bagmati,Nuwakot,Belkotgadhi,NP03,NP0328,NP0328302,10,NA,population projections 2026,female,age_group_60_64,54
Bagmati,Nuwakot,Belkotgadhi,NP03,NP0328,NP0328302,10,NA,population projections 2026,total,age_group_65_69,100
Bagmati,Nuwakot,Belkotgadhi,NP03,NP0328,NP0328302,10,NA,population projections 2026,male,age_group_65_69,50
Bagmati,Nuwakot,Belkotgadhi,NP03,NP0328,NP0328302,10,NA,population projections 2026,female,age_group_65_69,50
Bagmati,Nuwakot,Belkotgadhi,NP03,NP0328,NP0328302,10,NA,population projections 2026,total,age_group_70_74,68
Bagmati,Nuwakot,Belkotgadhi,NP03,NP0328,NP0328302,10,NA,population projections 2026,male,age_group_70_74,31
Bagmati,Nuwakot,Belkotgadhi,NP03,NP0328,NP0328302,10,NA,population projections 2026,female,age_group_70_74,37
Bagmati,Nuwakot,Belkotgadhi,NP03,NP0328,NP0328302,10,NA,population projections 2026,total,age_group_75_79,50
Bagmati,Nuwakot,Belkotgadhi,NP03,NP0328,NP0328302,10,NA,population projections 2026,male,age_group_75_79,23
Bagmati,Nuwakot,Belkotgadhi,NP03,NP0328,NP0328302,10,NA,population projections 2026,female,age_group_75_79,27
Bagmati,Nuwakot,Belkotgadhi,NP03,NP0328,NP0328302,10,NA,population projections 2026,total,age_group_80_84,23
Bagmati,Nuwakot,Belkotgadhi,NP03,NP0328,NP0328302,10,NA,population projections 2026,male,age_group_80_84,10
Bagmati,Nuwakot,Belkotgadhi,NP03,NP0328,NP0328302,10,NA,population projections 2026,female,age_group_80_84,13
Bagmati,Nuwakot,Belkotgadhi,NP03,NP0328,NP0328302,10,NA,population projections 2026,total,age_group_85_89,12
Bagmati,Nuwakot,Belkotgadhi,NP03,NP0328,NP0328302,10,NA,population projections 2026,male,age_group_85_89,5
Bagmati,Nuwakot,Belkotgadhi,NP03,NP0328,NP0328302,10,NA,population projections 2026,female,age_group_85_89,7
Bagmati,Nuwakot,Belkotgadhi,NP03,NP0328,NP0328302,10,NA,population projections 2026,total,age_group_90_94,6
Bagmati,Nuwakot,Belkotgadhi,NP03,NP0328,NP0328302,10,NA,population projections 2026,male,age_group_90_94,4
Bagmati,Nuwakot,Belkotgadhi,NP03,NP0328,NP0328302,10,NA,population projections 2026,female,age_group_90_94,2
Bagmati,Nuwakot,Belkotgadhi,NP03,NP0328,NP0328302,10,NA,population projections 2026,total,age_group_95plus,0
Bagmati,Nuwakot,Belkotgadhi,NP03,NP0328,NP0328302,10,NA,population projections 2026,male,age_group_95plus,0
Bagmati,Nuwakot,Belkotgadhi,NP03,NP0328,NP0328302,10,NA,population projections 2026,female,age_group_95plus,0
Bagmati,Nuwakot,Belkotgadhi,NP03,NP0328,NP0328302,11,NA,population projections 2026,total,population_total,2399
Bagmati,Nuwakot,Belkotgadhi,NP03,NP0328,NP0328302,11,NA,population projections 2026,male,population_overall_male,1066
Bagmati,Nuwakot,Belkotgadhi,NP03,NP0328,NP0328302,11,NA,population projections 2026,female,population_overall_female,1333
Bagmati,Nuwakot,Belkotgadhi,NP03,NP0328,NP0328302,11,NA,population projections 2026,total,age_group_0_4,186
Bagmati,Nuwakot,Belkotgadhi,NP03,NP0328,NP0328302,11,NA,population projections 2026,male,age_group_0_4,97
Bagmati,Nuwakot,Belkotgadhi,NP03,NP0328,NP0328302,11,NA,population projections 2026,female,age_group_0_4,89
Bagmati,Nuwakot,Belkotgadhi,NP03,NP0328,NP0328302,11,NA,population projections 2026,total,age_group_5_9,177
Bagmati,Nuwakot,Belkotgadhi,NP03,NP0328,NP0328302,11,NA,population projections 2026,male,age_group_5_9,91
Bagmati,Nuwakot,Belkotgadhi,NP03,NP0328,NP0328302,11,NA,population projections 2026,female,age_group_5_9,86
Bagmati,Nuwakot,Belkotgadhi,NP03,NP0328,NP0328302,11,NA,population projections 2026,total,age_group_10_14,200
Bagmati,Nuwakot,Belkotgadhi,NP03,NP0328,NP0328302,11,NA,population projections 2026,male,age_group_10_14,103
Bagmati,Nuwakot,Belkotgadhi,NP03,NP0328,NP0328302,11,NA,population projections 2026,female,age_group_10_14,97
Bagmati,Nuwakot,Belkotgadhi,NP03,NP0328,NP0328302,11,NA,population projections 2026,total,age_group_15_19,233
Bagmati,Nuwakot,Belkotgadhi,NP03,NP0328,NP0328302,11,NA,population projections 2026,male,age_group_15_19,109
Bagmati,Nuwakot,Belkotgadhi,NP03,NP0328,NP0328302,11,NA,population projections 2026,female,age_group_15_19,124
Bagmati,Nuwakot,Belkotgadhi,NP03,NP0328,NP0328302,11,NA,population projections 2026,total,age_group_20_24,185
Bagmati,Nuwakot,Belkotgadhi,NP03,NP0328,NP0328302,11,NA,population projections 2026,male,age_group_20_24,70
Bagmati,Nuwakot,Belkotgadhi,NP03,NP0328,NP0328302,11,NA,population projections 2026,female,age_group_20_24,115
Bagmati,Nuwakot,Belkotgadhi,NP03,NP0328,NP0328302,11,NA,population projections 2026,total,age_group_25_29,122
Bagmati,Nuwakot,Belkotgadhi,NP03,NP0328,NP0328302,11,NA,population projections 2026,male,age_group_25_29,39
Bagmati,Nuwakot,Belkotgadhi,NP03,NP0328,NP0328302,11,NA,population projections 2026,female,age_group_25_29,83
Bagmati,Nuwakot,Belkotgadhi,NP03,NP0328,NP0328302,11,NA,population projections 2026,total,age_group_30_34,155
Bagmati,Nuwakot,Belkotgadhi,NP03,NP0328,NP0328302,11,NA,population projections 2026,male,age_group_30_34,54
Bagmati,Nuwakot,Belkotgadhi,NP03,NP0328,NP0328302,11,NA,population projections 2026,female,age_group_30_34,101
Bagmati,Nuwakot,Belkotgadhi,NP03,NP0328,NP0328302,11,NA,population projections 2026,total,age_group_35_39,150
Bagmati,Nuwakot,Belkotgadhi,NP03,NP0328,NP0328302,11,NA,population projections 2026,male,age_group_35_39,56
Bagmati,Nuwakot,Belkotgadhi,NP03,NP0328,NP0328302,11,NA,population projections 2026,female,age_group_35_39,94
Bagmati,Nuwakot,Belkotgadhi,NP03,NP0328,NP0328302,11,NA,population projections 2026,total,age_group_40_44,142
Bagmati,Nuwakot,Belkotgadhi,NP03,NP0328,NP0328302,11,NA,population projections 2026,male,age_group_40_44,54
Bagmati,Nuwakot,Belkotgadhi,NP03,NP0328,NP0328302,11,NA,population projections 2026,female,age_group_40_44,88
Bagmati,Nuwakot,Belkotgadhi,NP03,NP0328,NP0328302,11,NA,population projections 2026,total,age_group_45_49,145
Bagmati,Nuwakot,Belkotgadhi,NP03,NP0328,NP0328302,11,NA,population projections 2026,male,age_group_45_49,61
Bagmati,Nuwakot,Belkotgadhi,NP03,NP0328,NP0328302,11,NA,population projections 2026,female,age_group_45_49,84
Bagmati,Nuwakot,Belkotgadhi,NP03,NP0328,NP0328302,11,NA,population projections 2026,total,age_group_50_54,146
Bagmati,Nuwakot,Belkotgadhi,NP03,NP0328,NP0328302,11,NA,population projections 2026,male,age_group_50_54,70
Bagmati,Nuwakot,Belkotgadhi,NP03,NP0328,NP0328302,11,NA,population projections 2026,female,age_group_50_54,76
Bagmati,Nuwakot,Belkotgadhi,NP03,NP0328,NP0328302,11,NA,population projections 2026,total,age_group_55_59,161
Bagmati,Nuwakot,Belkotgadhi,NP03,NP0328,NP0328302,11,NA,population projections 2026,male,age_group_55_59,72
Bagmati,Nuwakot,Belkotgadhi,NP03,NP0328,NP0328302,11,NA,population projections 2026,female,age_group_55_59,89
Bagmati,Nuwakot,Belkotgadhi,NP03,NP0328,NP0328302,11,NA,population projections 2026,total,age_group_60_64,127
Bagmati,Nuwakot,Belkotgadhi,NP03,NP0328,NP0328302,11,NA,population projections 2026,male,age_group_60_64,56
Bagmati,Nuwakot,Belkotgadhi,NP03,NP0328,NP0328302,11,NA,population projections 2026,female,age_group_60_64,71
Bagmati,Nuwakot,Belkotgadhi,NP03,NP0328,NP0328302,11,NA,population projections 2026,total,age_group_65_69,106
Bagmati,Nuwakot,Belkotgadhi,NP03,NP0328,NP0328302,11,NA,population projections 2026,male,age_group_65_69,51
Bagmati,Nuwakot,Belkotgadhi,NP03,NP0328,NP0328302,11,NA,population projections 2026,female,age_group_65_69,55
Bagmati,Nuwakot,Belkotgadhi,NP03,NP0328,NP0328302,11,NA,population projections 2026,total,age_group_70_74,75
Bagmati,Nuwakot,Belkotgadhi,NP03,NP0328,NP0328302,11,NA,population projections 2026,male,age_group_70_74,35
Bagmati,Nuwakot,Belkotgadhi,NP03,NP0328,NP0328302,11,NA,population projections 2026,female,age_group_70_74,40
Bagmati,Nuwakot,Belkotgadhi,NP03,NP0328,NP0328302,11,NA,population projections 2026,total,age_group_75_79,45
Bagmati,Nuwakot,Belkotgadhi,NP03,NP0328,NP0328302,11,NA,population projections 2026,male,age_group_75_79,26
Bagmati,Nuwakot,Belkotgadhi,NP03,NP0328,NP0328302,11,NA,population projections 2026,female,age_group_75_79,19
Bagmati,Nuwakot,Belkotgadhi,NP03,NP0328,NP0328302,11,NA,population projections 2026,total,age_group_80_84,26
Bagmati,Nuwakot,Belkotgadhi,NP03,NP0328,NP0328302,11,NA,population projections 2026,male,age_group_80_84,13
Bagmati,Nuwakot,Belkotgadhi,NP03,NP0328,NP0328302,11,NA,population projections 2026,female,age_group_80_84,13
Bagmati,Nuwakot,Belkotgadhi,NP03,NP0328,NP0328302,11,NA,population projections 2026,total,age_group_85_89,10
Bagmati,Nuwakot,Belkotgadhi,NP03,NP0328,NP0328302,11,NA,population projections 2026,male,age_group_85_89,5
Bagmati,Nuwakot,Belkotgadhi,NP03,NP0328,NP0328302,11,NA,population projections 2026,female,age_group_85_89,5
Bagmati,Nuwakot,Belkotgadhi,NP03,NP0328,NP0328302,11,NA,population projections 2026,total,age_group_90_94,8
Bagmati,Nuwakot,Belkotgadhi,NP03,NP0328,NP0328302,11,NA,population projections 2026,male,age_group_90_94,4
Bagmati,Nuwakot,Belkotgadhi,NP03,NP0328,NP0328302,11,NA,population projections 2026,female,age_group_90_94,4
Bagmati,Nuwakot,Belkotgadhi,NP03,NP0328,NP0328302,11,NA,population projections 2026,total,age_group_95plus,0
Bagmati,Nuwakot,Belkotgadhi,NP03,NP0328,NP0328302,11,NA,population projections 2026,male,age_group_95plus,0
Bagmati,Nuwakot,Belkotgadhi,NP03,NP0328,NP0328302,11,NA,population projections 2026,female,age_group_95plus,0
Bagmati,Nuwakot,Belkotgadhi,NP03,NP0328,NP0328302,12,NA,population projections 2026,total,population_total,1947
Bagmati,Nuwakot,Belkotgadhi,NP03,NP0328,NP0328302,12,NA,population projections 2026,male,population_overall_male,892
Bagmati,Nuwakot,Belkotgadhi,NP03,NP0328,NP0328302,12,NA,population projections 2026,female,population_overall_female,1055
Bagmati,Nuwakot,Belkotgadhi,NP03,NP0328,NP0328302,12,NA,population projections 2026,total,age_group_0_4,156
Bagmati,Nuwakot,Belkotgadhi,NP03,NP0328,NP0328302,12,NA,population projections 2026,male,age_group_0_4,81
Bagmati,Nuwakot,Belkotgadhi,NP03,NP0328,NP0328302,12,NA,population projections 2026,female,age_group_0_4,75
Bagmati,Nuwakot,Belkotgadhi,NP03,NP0328,NP0328302,12,NA,population projections 2026,total,age_group_5_9,142
Bagmati,Nuwakot,Belkotgadhi,NP03,NP0328,NP0328302,12,NA,population projections 2026,male,age_group_5_9,64
Bagmati,Nuwakot,Belkotgadhi,NP03,NP0328,NP0328302,12,NA,population projections 2026,female,age_group_5_9,78
Bagmati,Nuwakot,Belkotgadhi,NP03,NP0328,NP0328302,12,NA,population projections 2026,total,age_group_10_14,126
Bagmati,Nuwakot,Belkotgadhi,NP03,NP0328,NP0328302,12,NA,population projections 2026,male,age_group_10_14,66
Bagmati,Nuwakot,Belkotgadhi,NP03,NP0328,NP0328302,12,NA,population projections 2026,female,age_group_10_14,60
Bagmati,Nuwakot,Belkotgadhi,NP03,NP0328,NP0328302,12,NA,population projections 2026,total,age_group_15_19,116
Bagmati,Nuwakot,Belkotgadhi,NP03,NP0328,NP0328302,12,NA,population projections 2026,male,age_group_15_19,57
Bagmati,Nuwakot,Belkotgadhi,NP03,NP0328,NP0328302,12,NA,population projections 2026,female,age_group_15_19,59
Bagmati,Nuwakot,Belkotgadhi,NP03,NP0328,NP0328302,12,NA,population projections 2026,total,age_group_20_24,141
Bagmati,Nuwakot,Belkotgadhi,NP03,NP0328,NP0328302,12,NA,population projections 2026,male,age_group_20_24,61
Bagmati,Nuwakot,Belkotgadhi,NP03,NP0328,NP0328302,12,NA,population projections 2026,female,age_group_20_24,80
Bagmati,Nuwakot,Belkotgadhi,NP03,NP0328,NP0328302,12,NA,population projections 2026,total,age_group_25_29,147
Bagmati,Nuwakot,Belkotgadhi,NP03,NP0328,NP0328302,12,NA,population projections 2026,male,age_group_25_29,54
Bagmati,Nuwakot,Belkotgadhi,NP03,NP0328,NP0328302,12,NA,population projections 2026,female,age_group_25_29,93
Bagmati,Nuwakot,Belkotgadhi,NP03,NP0328,NP0328302,12,NA,population projections 2026,total,age_group_30_34,147
Bagmati,Nuwakot,Belkotgadhi,NP03,NP0328,NP0328302,12,NA,population projections 2026,male,age_group_30_34,67
Bagmati,Nuwakot,Belkotgadhi,NP03,NP0328,NP0328302,12,NA,population projections 2026,female,age_group_30_34,80
Bagmati,Nuwakot,Belkotgadhi,NP03,NP0328,NP0328302,12,NA,population projections 2026,total,age_group_35_39,126
Bagmati,Nuwakot,Belkotgadhi,NP03,NP0328,NP0328302,12,NA,population projections 2026,male,age_group_35_39,61
Bagmati,Nuwakot,Belkotgadhi,NP03,NP0328,NP0328302,12,NA,population projections 2026,female,age_group_35_39,65
Bagmati,Nuwakot,Belkotgadhi,NP03,NP0328,NP0328302,12,NA,population projections 2026,total,age_group_40_44,107
Bagmati,Nuwakot,Belkotgadhi,NP03,NP0328,NP0328302,12,NA,population projections 2026,male,age_group_40_44,46
Bagmati,Nuwakot,Belkotgadhi,NP03,NP0328,NP0328302,12,NA,population projections 2026,female,age_group_40_44,61
Bagmati,Nuwakot,Belkotgadhi,NP03,NP0328,NP0328302,12,NA,population projections 2026,total,age_group_45_49,118
Bagmati,Nuwakot,Belkotgadhi,NP03,NP0328,NP0328302,12,NA,population projections 2026,male,age_group_45_49,52
Bagmati,Nuwakot,Belkotgadhi,NP03,NP0328,NP0328302,12,NA,population projections 2026,female,age_group_45_49,66
Bagmati,Nuwakot,Belkotgadhi,NP03,NP0328,NP0328302,12,NA,population projections 2026,total,age_group_50_54,130
Bagmati,Nuwakot,Belkotgadhi,NP03,NP0328,NP0328302,12,NA,population projections 2026,male,age_group_50_54,56
Bagmati,Nuwakot,Belkotgadhi,NP03,NP0328,NP0328302,12,NA,population projections 2026,female,age_group_50_54,74
Bagmati,Nuwakot,Belkotgadhi,NP03,NP0328,NP0328302,12,NA,population projections 2026,total,age_group_55_59,142
Bagmati,Nuwakot,Belkotgadhi,NP03,NP0328,NP0328302,12,NA,population projections 2026,male,age_group_55_59,68
Bagmati,Nuwakot,Belkotgadhi,NP03,NP0328,NP0328302,12,NA,population projections 2026,female,age_group_55_59,74
Bagmati,Nuwakot,Belkotgadhi,NP03,NP0328,NP0328302,12,NA,population projections 2026,total,age_group_60_64,101
Bagmati,Nuwakot,Belkotgadhi,NP03,NP0328,NP0328302,12,NA,population projections 2026,male,age_group_60_64,49
Bagmati,Nuwakot,Belkotgadhi,NP03,NP0328,NP0328302,12,NA,population projections 2026,female,age_group_60_64,52
Bagmati,Nuwakot,Belkotgadhi,NP03,NP0328,NP0328302,12,NA,population projections 2026,total,age_group_65_69,86
Bagmati,Nuwakot,Belkotgadhi,NP03,NP0328,NP0328302,12,NA,population projections 2026,male,age_group_65_69,40
Bagmati,Nuwakot,Belkotgadhi,NP03,NP0328,NP0328302,12,NA,population projections 2026,female,age_group_65_69,46
Bagmati,Nuwakot,Belkotgadhi,NP03,NP0328,NP0328302,12,NA,population projections 2026,total,age_group_70_74,70
Bagmati,Nuwakot,Belkotgadhi,NP03,NP0328,NP0328302,12,NA,population projections 2026,male,age_group_70_74,34
Bagmati,Nuwakot,Belkotgadhi,NP03,NP0328,NP0328302,12,NA,population projections 2026,female,age_group_70_74,36
Bagmati,Nuwakot,Belkotgadhi,NP03,NP0328,NP0328302,12,NA,population projections 2026,total,age_group_75_79,46
Bagmati,Nuwakot,Belkotgadhi,NP03,NP0328,NP0328302,12,NA,population projections 2026,male,age_group_75_79,16
Bagmati,Nuwakot,Belkotgadhi,NP03,NP0328,NP0328302,12,NA,population projections 2026,female,age_group_75_79,30
Bagmati,Nuwakot,Belkotgadhi,NP03,NP0328,NP0328302,12,NA,population projections 2026,total,age_group_80_84,30
Bagmati,Nuwakot,Belkotgadhi,NP03,NP0328,NP0328302,12,NA,population projections 2026,male,age_group_80_84,13
Bagmati,Nuwakot,Belkotgadhi,NP03,NP0328,NP0328302,12,NA,population projections 2026,female,age_group_80_84,17
Bagmati,Nuwakot,Belkotgadhi,NP03,NP0328,NP0328302,12,NA,population projections 2026,total,age_group_85_89,11
Bagmati,Nuwakot,Belkotgadhi,NP03,NP0328,NP0328302,12,NA,population projections 2026,male,age_group_85_89,5
Bagmati,Nuwakot,Belkotgadhi,NP03,NP0328,NP0328302,12,NA,population projections 2026,female,age_group_85_89,6
Bagmati,Nuwakot,Belkotgadhi,NP03,NP0328,NP0328302,12,NA,population projections 2026,total,age_group_90_94,5
Bagmati,Nuwakot,Belkotgadhi,NP03,NP0328,NP0328302,12,NA,population projections 2026,male,age_group_90_94,2
Bagmati,Nuwakot,Belkotgadhi,NP03,NP0328,NP0328302,12,NA,population projections 2026,female,age_group_90_94,3
Bagmati,Nuwakot,Belkotgadhi,NP03,NP0328,NP0328302,12,NA,population projections 2026,total,age_group_95plus,0
Bagmati,Nuwakot,Belkotgadhi,NP03,NP0328,NP0328302,12,NA,population projections 2026,male,age_group_95plus,0
Bagmati,Nuwakot,Belkotgadhi,NP03,NP0328,NP0328302,12,NA,population projections 2026,female,age_group_95plus,0
Bagmati,Nuwakot,Belkotgadhi,NP03,NP0328,NP0328302,13,NA,population projections 2026,total,population_total,2648
Bagmati,Nuwakot,Belkotgadhi,NP03,NP0328,NP0328302,13,NA,population projections 2026,male,population_overall_male,1261
Bagmati,Nuwakot,Belkotgadhi,NP03,NP0328,NP0328302,13,NA,population projections 2026,female,population_overall_female,1387
Bagmati,Nuwakot,Belkotgadhi,NP03,NP0328,NP0328302,13,NA,population projections 2026,total,age_group_0_4,195
Bagmati,Nuwakot,Belkotgadhi,NP03,NP0328,NP0328302,13,NA,population projections 2026,male,age_group_0_4,102
Bagmati,Nuwakot,Belkotgadhi,NP03,NP0328,NP0328302,13,NA,population projections 2026,female,age_group_0_4,93
Bagmati,Nuwakot,Belkotgadhi,NP03,NP0328,NP0328302,13,NA,population projections 2026,total,age_group_5_9,169
Bagmati,Nuwakot,Belkotgadhi,NP03,NP0328,NP0328302,13,NA,population projections 2026,male,age_group_5_9,94
Bagmati,Nuwakot,Belkotgadhi,NP03,NP0328,NP0328302,13,NA,population projections 2026,female,age_group_5_9,75
Bagmati,Nuwakot,Belkotgadhi,NP03,NP0328,NP0328302,13,NA,population projections 2026,total,age_group_10_14,191
Bagmati,Nuwakot,Belkotgadhi,NP03,NP0328,NP0328302,13,NA,population projections 2026,male,age_group_10_14,101
Bagmati,Nuwakot,Belkotgadhi,NP03,NP0328,NP0328302,13,NA,population projections 2026,female,age_group_10_14,90
Bagmati,Nuwakot,Belkotgadhi,NP03,NP0328,NP0328302,13,NA,population projections 2026,total,age_group_15_19,236
Bagmati,Nuwakot,Belkotgadhi,NP03,NP0328,NP0328302,13,NA,population projections 2026,male,age_group_15_19,112
Bagmati,Nuwakot,Belkotgadhi,NP03,NP0328,NP0328302,13,NA,population projections 2026,female,age_group_15_19,124
Bagmati,Nuwakot,Belkotgadhi,NP03,NP0328,NP0328302,13,NA,population projections 2026,total,age_group_20_24,226
Bagmati,Nuwakot,Belkotgadhi,NP03,NP0328,NP0328302,13,NA,population projections 2026,male,age_group_20_24,106
Bagmati,Nuwakot,Belkotgadhi,NP03,NP0328,NP0328302,13,NA,population projections 2026,female,age_group_20_24,120
Bagmati,Nuwakot,Belkotgadhi,NP03,NP0328,NP0328302,13,NA,population projections 2026,total,age_group_25_29,168
Bagmati,Nuwakot,Belkotgadhi,NP03,NP0328,NP0328302,13,NA,population projections 2026,male,age_group_25_29,70
Bagmati,Nuwakot,Belkotgadhi,NP03,NP0328,NP0328302,13,NA,population projections 2026,female,age_group_25_29,98
Bagmati,Nuwakot,Belkotgadhi,NP03,NP0328,NP0328302,13,NA,population projections 2026,total,age_group_30_34,178
Bagmati,Nuwakot,Belkotgadhi,NP03,NP0328,NP0328302,13,NA,population projections 2026,male,age_group_30_34,90
Bagmati,Nuwakot,Belkotgadhi,NP03,NP0328,NP0328302,13,NA,population projections 2026,female,age_group_30_34,88
Bagmati,Nuwakot,Belkotgadhi,NP03,NP0328,NP0328302,13,NA,population projections 2026,total,age_group_35_39,157
Bagmati,Nuwakot,Belkotgadhi,NP03,NP0328,NP0328302,13,NA,population projections 2026,male,age_group_35_39,65
Bagmati,Nuwakot,Belkotgadhi,NP03,NP0328,NP0328302,13,NA,population projections 2026,female,age_group_35_39,92
Bagmati,Nuwakot,Belkotgadhi,NP03,NP0328,NP0328302,13,NA,population projections 2026,total,age_group_40_44,176
Bagmati,Nuwakot,Belkotgadhi,NP03,NP0328,NP0328302,13,NA,population projections 2026,male,age_group_40_44,71
Bagmati,Nuwakot,Belkotgadhi,NP03,NP0328,NP0328302,13,NA,population projections 2026,female,age_group_40_44,105
Bagmati,Nuwakot,Belkotgadhi,NP03,NP0328,NP0328302,13,NA,population projections 2026,total,age_group_45_49,178
Bagmati,Nuwakot,Belkotgadhi,NP03,NP0328,NP0328302,13,NA,population projections 2026,male,age_group_45_49,82
Bagmati,Nuwakot,Belkotgadhi,NP03,NP0328,NP0328302,13,NA,population projections 2026,female,age_group_45_49,96
Bagmati,Nuwakot,Belkotgadhi,NP03,NP0328,NP0328302,13,NA,population projections 2026,total,age_group_50_54,150
Bagmati,Nuwakot,Belkotgadhi,NP03,NP0328,NP0328302,13,NA,population projections 2026,male,age_group_50_54,71
Bagmati,Nuwakot,Belkotgadhi,NP03,NP0328,NP0328302,13,NA,population projections 2026,female,age_group_50_54,79
Bagmati,Nuwakot,Belkotgadhi,NP03,NP0328,NP0328302,13,NA,population projections 2026,total,age_group_55_59,158
Bagmati,Nuwakot,Belkotgadhi,NP03,NP0328,NP0328302,13,NA,population projections 2026,male,age_group_55_59,76
Bagmati,Nuwakot,Belkotgadhi,NP03,NP0328,NP0328302,13,NA,population projections 2026,female,age_group_55_59,82
Bagmati,Nuwakot,Belkotgadhi,NP03,NP0328,NP0328302,13,NA,population projections 2026,total,age_group_60_64,132
Bagmati,Nuwakot,Belkotgadhi,NP03,NP0328,NP0328302,13,NA,population projections 2026,male,age_group_60_64,67
Bagmati,Nuwakot,Belkotgadhi,NP03,NP0328,NP0328302,13,NA,population projections 2026,female,age_group_60_64,65
Bagmati,Nuwakot,Belkotgadhi,NP03,NP0328,NP0328302,13,NA,population projections 2026,total,age_group_65_69,115
Bagmati,Nuwakot,Belkotgadhi,NP03,NP0328,NP0328302,13,NA,population projections 2026,male,age_group_65_69,56
Bagmati,Nuwakot,Belkotgadhi,NP03,NP0328,NP0328302,13,NA,population projections 2026,female,age_group_65_69,59
Bagmati,Nuwakot,Belkotgadhi,NP03,NP0328,NP0328302,13,NA,population projections 2026,total,age_group_70_74,92
Bagmati,Nuwakot,Belkotgadhi,NP03,NP0328,NP0328302,13,NA,population projections 2026,male,age_group_70_74,43
Bagmati,Nuwakot,Belkotgadhi,NP03,NP0328,NP0328302,13,NA,population projections 2026,female,age_group_70_74,49
Bagmati,Nuwakot,Belkotgadhi,NP03,NP0328,NP0328302,13,NA,population projections 2026,total,age_group_75_79,70
Bagmati,Nuwakot,Belkotgadhi,NP03,NP0328,NP0328302,13,NA,population projections 2026,male,age_group_75_79,31
Bagmati,Nuwakot,Belkotgadhi,NP03,NP0328,NP0328302,13,NA,population projections 2026,female,age_group_75_79,39
Bagmati,Nuwakot,Belkotgadhi,NP03,NP0328,NP0328302,13,NA,population projections 2026,total,age_group_80_84,37
Bagmati,Nuwakot,Belkotgadhi,NP03,NP0328,NP0328302,13,NA,population projections 2026,male,age_group_80_84,15
Bagmati,Nuwakot,Belkotgadhi,NP03,NP0328,NP0328302,13,NA,population projections 2026,female,age_group_80_84,22
Bagmati,Nuwakot,Belkotgadhi,NP03,NP0328,NP0328302,13,NA,population projections 2026,total,age_group_85_89,12
Bagmati,Nuwakot,Belkotgadhi,NP03,NP0328,NP0328302,13,NA,population projections 2026,male,age_group_85_89,5
Bagmati,Nuwakot,Belkotgadhi,NP03,NP0328,NP0328302,13,NA,population projections 2026,female,age_group_85_89,7
Bagmati,Nuwakot,Belkotgadhi,NP03,NP0328,NP0328302,13,NA,population projections 2026,total,age_group_90_94,7
Bagmati,Nuwakot,Belkotgadhi,NP03,NP0328,NP0328302,13,NA,population projections 2026,male,age_group_90_94,4
Bagmati,Nuwakot,Belkotgadhi,NP03,NP0328,NP0328302,13,NA,population projections 2026,female,age_group_90_94,3
Bagmati,Nuwakot,Belkotgadhi,NP03,NP0328,NP0328302,13,NA,population projections 2026,total,age_group_95plus,1
Bagmati,Nuwakot,Belkotgadhi,NP03,NP0328,NP0328302,13,NA,population projections 2026,male,age_group_95plus,0
Bagmati,Nuwakot,Belkotgadhi,NP03,NP0328,NP0328302,13,NA,population projections 2026,female,age_group_95plus,1
Bagmati,Dhading,Galchhi,NP03,NP0330,NP0330410,1,affected,population projections 2026,total,population_total,3372
Bagmati,Dhading,Galchhi,NP03,NP0330,NP0330410,1,affected,population projections 2026,male,population_overall_male,1574
Bagmati,Dhading,Galchhi,NP03,NP0330,NP0330410,1,affected,population projections 2026,female,population_overall_female,1798
Bagmati,Dhading,Galchhi,NP03,NP0330,NP0330410,1,affected,population projections 2026,total,age_group_0_4,266
Bagmati,Dhading,Galchhi,NP03,NP0330,NP0330410,1,affected,population projections 2026,male,age_group_0_4,137
Bagmati,Dhading,Galchhi,NP03,NP0330,NP0330410,1,affected,population projections 2026,female,age_group_0_4,129
Bagmati,Dhading,Galchhi,NP03,NP0330,NP0330410,1,affected,population projections 2026,total,age_group_5_9,289
Bagmati,Dhading,Galchhi,NP03,NP0330,NP0330410,1,affected,population projections 2026,male,age_group_5_9,154
Bagmati,Dhading,Galchhi,NP03,NP0330,NP0330410,1,affected,population projections 2026,female,age_group_5_9,135
Bagmati,Dhading,Galchhi,NP03,NP0330,NP0330410,1,affected,population projections 2026,total,age_group_10_14,295
Bagmati,Dhading,Galchhi,NP03,NP0330,NP0330410,1,affected,population projections 2026,male,age_group_10_14,152
Bagmati,Dhading,Galchhi,NP03,NP0330,NP0330410,1,affected,population projections 2026,female,age_group_10_14,143
Bagmati,Dhading,Galchhi,NP03,NP0330,NP0330410,1,affected,population projections 2026,total,age_group_15_19,275
Bagmati,Dhading,Galchhi,NP03,NP0330,NP0330410,1,affected,population projections 2026,male,age_group_15_19,123
Bagmati,Dhading,Galchhi,NP03,NP0330,NP0330410,1,affected,population projections 2026,female,age_group_15_19,152
Bagmati,Dhading,Galchhi,NP03,NP0330,NP0330410,1,affected,population projections 2026,total,age_group_20_24,261
Bagmati,Dhading,Galchhi,NP03,NP0330,NP0330410,1,affected,population projections 2026,male,age_group_20_24,106
Bagmati,Dhading,Galchhi,NP03,NP0330,NP0330410,1,affected,population projections 2026,female,age_group_20_24,155
Bagmati,Dhading,Galchhi,NP03,NP0330,NP0330410,1,affected,population projections 2026,total,age_group_25_29,249
Bagmati,Dhading,Galchhi,NP03,NP0330,NP0330410,1,affected,population projections 2026,male,age_group_25_29,93
Bagmati,Dhading,Galchhi,NP03,NP0330,NP0330410,1,affected,population projections 2026,female,age_group_25_29,156
Bagmati,Dhading,Galchhi,NP03,NP0330,NP0330410,1,affected,population projections 2026,total,age_group_30_34,282
Bagmati,Dhading,Galchhi,NP03,NP0330,NP0330410,1,affected,population projections 2026,male,age_group_30_34,123
Bagmati,Dhading,Galchhi,NP03,NP0330,NP0330410,1,affected,population projections 2026,female,age_group_30_34,159
Bagmati,Dhading,Galchhi,NP03,NP0330,NP0330410,1,affected,population projections 2026,total,age_group_35_39,230
Bagmati,Dhading,Galchhi,NP03,NP0330,NP0330410,1,affected,population projections 2026,male,age_group_35_39,112
Bagmati,Dhading,Galchhi,NP03,NP0330,NP0330410,1,affected,population projections 2026,female,age_group_35_39,118
Bagmati,Dhading,Galchhi,NP03,NP0330,NP0330410,1,affected,population projections 2026,total,age_group_40_44,218
Bagmati,Dhading,Galchhi,NP03,NP0330,NP0330410,1,affected,population projections 2026,male,age_group_40_44,95
Bagmati,Dhading,Galchhi,NP03,NP0330,NP0330410,1,affected,population projections 2026,female,age_group_40_44,123
Bagmati,Dhading,Galchhi,NP03,NP0330,NP0330410,1,affected,population projections 2026,total,age_group_45_49,183
Bagmati,Dhading,Galchhi,NP03,NP0330,NP0330410,1,affected,population projections 2026,male,age_group_45_49,85
Bagmati,Dhading,Galchhi,NP03,NP0330,NP0330410,1,affected,population projections 2026,female,age_group_45_49,98
Bagmati,Dhading,Galchhi,NP03,NP0330,NP0330410,1,affected,population projections 2026,total,age_group_50_54,163
Bagmati,Dhading,Galchhi,NP03,NP0330,NP0330410,1,affected,population projections 2026,male,age_group_50_54,74
Bagmati,Dhading,Galchhi,NP03,NP0330,NP0330410,1,affected,population projections 2026,female,age_group_50_54,89
Bagmati,Dhading,Galchhi,NP03,NP0330,NP0330410,1,affected,population projections 2026,total,age_group_55_59,168
Bagmati,Dhading,Galchhi,NP03,NP0330,NP0330410,1,affected,population projections 2026,male,age_group_55_59,83
Bagmati,Dhading,Galchhi,NP03,NP0330,NP0330410,1,affected,population projections 2026,female,age_group_55_59,85
Bagmati,Dhading,Galchhi,NP03,NP0330,NP0330410,1,affected,population projections 2026,total,age_group_60_64,141
Bagmati,Dhading,Galchhi,NP03,NP0330,NP0330410,1,affected,population projections 2026,male,age_group_60_64,62
Bagmati,Dhading,Galchhi,NP03,NP0330,NP0330410,1,affected,population projections 2026,female,age_group_60_64,79
Bagmati,Dhading,Galchhi,NP03,NP0330,NP0330410,1,affected,population projections 2026,total,age_group_65_69,137
Bagmati,Dhading,Galchhi,NP03,NP0330,NP0330410,1,affected,population projections 2026,male,age_group_65_69,65
Bagmati,Dhading,Galchhi,NP03,NP0330,NP0330410,1,affected,population projections 2026,female,age_group_65_69,72
Bagmati,Dhading,Galchhi,NP03,NP0330,NP0330410,1,affected,population projections 2026,total,age_group_70_74,88
Bagmati,Dhading,Galchhi,NP03,NP0330,NP0330410,1,affected,population projections 2026,male,age_group_70_74,50
Bagmati,Dhading,Galchhi,NP03,NP0330,NP0330410,1,affected,population projections 2026,female,age_group_70_74,38
Bagmati,Dhading,Galchhi,NP03,NP0330,NP0330410,1,affected,population projections 2026,total,age_group_75_79,65
Bagmati,Dhading,Galchhi,NP03,NP0330,NP0330410,1,affected,population projections 2026,male,age_group_75_79,31
Bagmati,Dhading,Galchhi,NP03,NP0330,NP0330410,1,affected,population projections 2026,female,age_group_75_79,34
Bagmati,Dhading,Galchhi,NP03,NP0330,NP0330410,1,affected,population projections 2026,total,age_group_80_84,41
Bagmati,Dhading,Galchhi,NP03,NP0330,NP0330410,1,affected,population projections 2026,male,age_group_80_84,19
Bagmati,Dhading,Galchhi,NP03,NP0330,NP0330410,1,affected,population projections 2026,female,age_group_80_84,22
Bagmati,Dhading,Galchhi,NP03,NP0330,NP0330410,1,affected,population projections 2026,total,age_group_85_89,12
Bagmati,Dhading,Galchhi,NP03,NP0330,NP0330410,1,affected,population projections 2026,male,age_group_85_89,6
Bagmati,Dhading,Galchhi,NP03,NP0330,NP0330410,1,affected,population projections 2026,female,age_group_85_89,6
Bagmati,Dhading,Galchhi,NP03,NP0330,NP0330410,1,affected,population projections 2026,total,age_group_90_94,9
Bagmati,Dhading,Galchhi,NP03,NP0330,NP0330410,1,affected,population projections 2026,male,age_group_90_94,4
Bagmati,Dhading,Galchhi,NP03,NP0330,NP0330410,1,affected,population projections 2026,female,age_group_90_94,5
Bagmati,Dhading,Galchhi,NP03,NP0330,NP0330410,1,affected,population projections 2026,total,age_group_95plus,0
Bagmati,Dhading,Galchhi,NP03,NP0330,NP0330410,1,affected,population projections 2026,male,age_group_95plus,0
Bagmati,Dhading,Galchhi,NP03,NP0330,NP0330410,1,affected,population projections 2026,female,age_group_95plus,0
Bagmati,Dhading,Galchhi,NP03,NP0330,NP0330410,2,affected,population projections 2026,total,population_total,2787
Bagmati,Dhading,Galchhi,NP03,NP0330,NP0330410,2,affected,population projections 2026,male,population_overall_male,1302
Bagmati,Dhading,Galchhi,NP03,NP0330,NP0330410,2,affected,population projections 2026,female,population_overall_female,1485
Bagmati,Dhading,Galchhi,NP03,NP0330,NP0330410,2,affected,population projections 2026,total,age_group_0_4,196
Bagmati,Dhading,Galchhi,NP03,NP0330,NP0330410,2,affected,population projections 2026,male,age_group_0_4,101
Bagmati,Dhading,Galchhi,NP03,NP0330,NP0330410,2,affected,population projections 2026,female,age_group_0_4,95
Bagmati,Dhading,Galchhi,NP03,NP0330,NP0330410,2,affected,population projections 2026,total,age_group_5_9,188
Bagmati,Dhading,Galchhi,NP03,NP0330,NP0330410,2,affected,population projections 2026,male,age_group_5_9,80
Bagmati,Dhading,Galchhi,NP03,NP0330,NP0330410,2,affected,population projections 2026,female,age_group_5_9,108
Bagmati,Dhading,Galchhi,NP03,NP0330,NP0330410,2,affected,population projections 2026,total,age_group_10_14,208
Bagmati,Dhading,Galchhi,NP03,NP0330,NP0330410,2,affected,population projections 2026,male,age_group_10_14,104
Bagmati,Dhading,Galchhi,NP03,NP0330,NP0330410,2,affected,population projections 2026,female,age_group_10_14,104
Bagmati,Dhading,Galchhi,NP03,NP0330,NP0330410,2,affected,population projections 2026,total,age_group_15_19,246
Bagmati,Dhading,Galchhi,NP03,NP0330,NP0330410,2,affected,population projections 2026,male,age_group_15_19,121
Bagmati,Dhading,Galchhi,NP03,NP0330,NP0330410,2,affected,population projections 2026,female,age_group_15_19,125
Bagmati,Dhading,Galchhi,NP03,NP0330,NP0330410,2,affected,population projections 2026,total,age_group_20_24,243
Bagmati,Dhading,Galchhi,NP03,NP0330,NP0330410,2,affected,population projections 2026,male,age_group_20_24,106
Bagmati,Dhading,Galchhi,NP03,NP0330,NP0330410,2,affected,population projections 2026,female,age_group_20_24,137
Bagmati,Dhading,Galchhi,NP03,NP0330,NP0330410,2,affected,population projections 2026,total,age_group_25_29,190
Bagmati,Dhading,Galchhi,NP03,NP0330,NP0330410,2,affected,population projections 2026,male,age_group_25_29,75
Bagmati,Dhading,Galchhi,NP03,NP0330,NP0330410,2,affected,population projections 2026,female,age_group_25_29,115
Bagmati,Dhading,Galchhi,NP03,NP0330,NP0330410,2,affected,population projections 2026,total,age_group_30_34,163
Bagmati,Dhading,Galchhi,NP03,NP0330,NP0330410,2,affected,population projections 2026,male,age_group_30_34,79
Bagmati,Dhading,Galchhi,NP03,NP0330,NP0330410,2,affected,population projections 2026,female,age_group_30_34,84
Bagmati,Dhading,Galchhi,NP03,NP0330,NP0330410,2,affected,population projections 2026,total,age_group_35_39,146
Bagmati,Dhading,Galchhi,NP03,NP0330,NP0330410,2,affected,population projections 2026,male,age_group_35_39,69
Bagmati,Dhading,Galchhi,NP03,NP0330,NP0330410,2,affected,population projections 2026,female,age_group_35_39,77
Bagmati,Dhading,Galchhi,NP03,NP0330,NP0330410,2,affected,population projections 2026,total,age_group_40_44,192
Bagmati,Dhading,Galchhi,NP03,NP0330,NP0330410,2,affected,population projections 2026,male,age_group_40_44,82
Bagmati,Dhading,Galchhi,NP03,NP0330,NP0330410,2,affected,population projections 2026,female,age_group_40_44,110
Bagmati,Dhading,Galchhi,NP03,NP0330,NP0330410,2,affected,population projections 2026,total,age_group_45_49,187
Bagmati,Dhading,Galchhi,NP03,NP0330,NP0330410,2,affected,population projections 2026,male,age_group_45_49,83
Bagmati,Dhading,Galchhi,NP03,NP0330,NP0330410,2,affected,population projections 2026,female,age_group_45_49,104
Bagmati,Dhading,Galchhi,NP03,NP0330,NP0330410,2,affected,population projections 2026,total,age_group_50_54,162
Bagmati,Dhading,Galchhi,NP03,NP0330,NP0330410,2,affected,population projections 2026,male,age_group_50_54,79
Bagmati,Dhading,Galchhi,NP03,NP0330,NP0330410,2,affected,population projections 2026,female,age_group_50_54,83
Bagmati,Dhading,Galchhi,NP03,NP0330,NP0330410,2,affected,population projections 2026,total,age_group_55_59,177
Bagmati,Dhading,Galchhi,NP03,NP0330,NP0330410,2,affected,population projections 2026,male,age_group_55_59,84
Bagmati,Dhading,Galchhi,NP03,NP0330,NP0330410,2,affected,population projections 2026,female,age_group_55_59,93
Bagmati,Dhading,Galchhi,NP03,NP0330,NP0330410,2,affected,population projections 2026,total,age_group_60_64,150
Bagmati,Dhading,Galchhi,NP03,NP0330,NP0330410,2,affected,population projections 2026,male,age_group_60_64,66
Bagmati,Dhading,Galchhi,NP03,NP0330,NP0330410,2,affected,population projections 2026,female,age_group_60_64,84
Bagmati,Dhading,Galchhi,NP03,NP0330,NP0330410,2,affected,population projections 2026,total,age_group_65_69,122
Bagmati,Dhading,Galchhi,NP03,NP0330,NP0330410,2,affected,population projections 2026,male,age_group_65_69,63
Bagmati,Dhading,Galchhi,NP03,NP0330,NP0330410,2,affected,population projections 2026,female,age_group_65_69,59
Bagmati,Dhading,Galchhi,NP03,NP0330,NP0330410,2,affected,population projections 2026,total,age_group_70_74,81
Bagmati,Dhading,Galchhi,NP03,NP0330,NP0330410,2,affected,population projections 2026,male,age_group_70_74,51
Bagmati,Dhading,Galchhi,NP03,NP0330,NP0330410,2,affected,population projections 2026,female,age_group_70_74,30
Bagmati,Dhading,Galchhi,NP03,NP0330,NP0330410,2,affected,population projections 2026,total,age_group_75_79,74
Bagmati,Dhading,Galchhi,NP03,NP0330,NP0330410,2,affected,population projections 2026,male,age_group_75_79,32
Bagmati,Dhading,Galchhi,NP03,NP0330,NP0330410,2,affected,population projections 2026,female,age_group_75_79,42
Bagmati,Dhading,Galchhi,NP03,NP0330,NP0330410,2,affected,population projections 2026,total,age_group_80_84,40
Bagmati,Dhading,Galchhi,NP03,NP0330,NP0330410,2,affected,population projections 2026,male,age_group_80_84,15
Bagmati,Dhading,Galchhi,NP03,NP0330,NP0330410,2,affected,population projections 2026,female,age_group_80_84,25
Bagmati,Dhading,Galchhi,NP03,NP0330,NP0330410,2,affected,population projections 2026,total,age_group_85_89,12
Bagmati,Dhading,Galchhi,NP03,NP0330,NP0330410,2,affected,population projections 2026,male,age_group_85_89,7
Bagmati,Dhading,Galchhi,NP03,NP0330,NP0330410,2,affected,population projections 2026,female,age_group_85_89,5
Bagmati,Dhading,Galchhi,NP03,NP0330,NP0330410,2,affected,population projections 2026,total,age_group_90_94,9
Bagmati,Dhading,Galchhi,NP03,NP0330,NP0330410,2,affected,population projections 2026,male,age_group_90_94,5
Bagmati,Dhading,Galchhi,NP03,NP0330,NP0330410,2,affected,population projections 2026,female,age_group_90_94,4
Bagmati,Dhading,Galchhi,NP03,NP0330,NP0330410,2,affected,population projections 2026,total,age_group_95plus,1
Bagmati,Dhading,Galchhi,NP03,NP0330,NP0330410,2,affected,population projections 2026,male,age_group_95plus,0
Bagmati,Dhading,Galchhi,NP03,NP0330,NP0330410,2,affected,population projections 2026,female,age_group_95plus,1
Bagmati,Dhading,Galchhi,NP03,NP0330,NP0330410,3,NA,population projections 2026,total,population_total,1137
Bagmati,Dhading,Galchhi,NP03,NP0330,NP0330410,3,NA,population projections 2026,male,population_overall_male,539
Bagmati,Dhading,Galchhi,NP03,NP0330,NP0330410,3,NA,population projections 2026,female,population_overall_female,598
Bagmati,Dhading,Galchhi,NP03,NP0330,NP0330410,3,NA,population projections 2026,total,age_group_0_4,69
Bagmati,Dhading,Galchhi,NP03,NP0330,NP0330410,3,NA,population projections 2026,male,age_group_0_4,35
Bagmati,Dhading,Galchhi,NP03,NP0330,NP0330410,3,NA,population projections 2026,female,age_group_0_4,34
Bagmati,Dhading,Galchhi,NP03,NP0330,NP0330410,3,NA,population projections 2026,total,age_group_5_9,69
Bagmati,Dhading,Galchhi,NP03,NP0330,NP0330410,3,NA,population projections 2026,male,age_group_5_9,33
Bagmati,Dhading,Galchhi,NP03,NP0330,NP0330410,3,NA,population projections 2026,female,age_group_5_9,36
Bagmati,Dhading,Galchhi,NP03,NP0330,NP0330410,3,NA,population projections 2026,total,age_group_10_14,80
Bagmati,Dhading,Galchhi,NP03,NP0330,NP0330410,3,NA,population projections 2026,male,age_group_10_14,40
Bagmati,Dhading,Galchhi,NP03,NP0330,NP0330410,3,NA,population projections 2026,female,age_group_10_14,40
Bagmati,Dhading,Galchhi,NP03,NP0330,NP0330410,3,NA,population projections 2026,total,age_group_15_19,96
Bagmati,Dhading,Galchhi,NP03,NP0330,NP0330410,3,NA,population projections 2026,male,age_group_15_19,51
Bagmati,Dhading,Galchhi,NP03,NP0330,NP0330410,3,NA,population projections 2026,female,age_group_15_19,45
Bagmati,Dhading,Galchhi,NP03,NP0330,NP0330410,3,NA,population projections 2026,total,age_group_20_24,79
Bagmati,Dhading,Galchhi,NP03,NP0330,NP0330410,3,NA,population projections 2026,male,age_group_20_24,41
Bagmati,Dhading,Galchhi,NP03,NP0330,NP0330410,3,NA,population projections 2026,female,age_group_20_24,38
Bagmati,Dhading,Galchhi,NP03,NP0330,NP0330410,3,NA,population projections 2026,total,age_group_25_29,72
Bagmati,Dhading,Galchhi,NP03,NP0330,NP0330410,3,NA,population projections 2026,male,age_group_25_29,30
Bagmati,Dhading,Galchhi,NP03,NP0330,NP0330410,3,NA,population projections 2026,female,age_group_25_29,42
Bagmati,Dhading,Galchhi,NP03,NP0330,NP0330410,3,NA,population projections 2026,total,age_group_30_34,68
Bagmati,Dhading,Galchhi,NP03,NP0330,NP0330410,3,NA,population projections 2026,male,age_group_30_34,30
Bagmati,Dhading,Galchhi,NP03,NP0330,NP0330410,3,NA,population projections 2026,female,age_group_30_34,38
Bagmati,Dhading,Galchhi,NP03,NP0330,NP0330410,3,NA,population projections 2026,total,age_group_35_39,62
Bagmati,Dhading,Galchhi,NP03,NP0330,NP0330410,3,NA,population projections 2026,male,age_group_35_39,31
Bagmati,Dhading,Galchhi,NP03,NP0330,NP0330410,3,NA,population projections 2026,female,age_group_35_39,31
Bagmati,Dhading,Galchhi,NP03,NP0330,NP0330410,3,NA,population projections 2026,total,age_group_40_44,68
Bagmati,Dhading,Galchhi,NP03,NP0330,NP0330410,3,NA,population projections 2026,male,age_group_40_44,27
Bagmati,Dhading,Galchhi,NP03,NP0330,NP0330410,3,NA,population projections 2026,female,age_group_40_44,41
Bagmati,Dhading,Galchhi,NP03,NP0330,NP0330410,3,NA,population projections 2026,total,age_group_45_49,69
Bagmati,Dhading,Galchhi,NP03,NP0330,NP0330410,3,NA,population projections 2026,male,age_group_45_49,30
Bagmati,Dhading,Galchhi,NP03,NP0330,NP0330410,3,NA,population projections 2026,female,age_group_45_49,39
Bagmati,Dhading,Galchhi,NP03,NP0330,NP0330410,3,NA,population projections 2026,total,age_group_50_54,59
Bagmati,Dhading,Galchhi,NP03,NP0330,NP0330410,3,NA,population projections 2026,male,age_group_50_54,27
Bagmati,Dhading,Galchhi,NP03,NP0330,NP0330410,3,NA,population projections 2026,female,age_group_50_54,32
Bagmati,Dhading,Galchhi,NP03,NP0330,NP0330410,3,NA,population projections 2026,total,age_group_55_59,75
Bagmati,Dhading,Galchhi,NP03,NP0330,NP0330410,3,NA,population projections 2026,male,age_group_55_59,30
Bagmati,Dhading,Galchhi,NP03,NP0330,NP0330410,3,NA,population projections 2026,female,age_group_55_59,45
Bagmati,Dhading,Galchhi,NP03,NP0330,NP0330410,3,NA,population projections 2026,total,age_group_60_64,68
Bagmati,Dhading,Galchhi,NP03,NP0330,NP0330410,3,NA,population projections 2026,male,age_group_60_64,34
Bagmati,Dhading,Galchhi,NP03,NP0330,NP0330410,3,NA,population projections 2026,female,age_group_60_64,34
Bagmati,Dhading,Galchhi,NP03,NP0330,NP0330410,3,NA,population projections 2026,total,age_group_65_69,72
Bagmati,Dhading,Galchhi,NP03,NP0330,NP0330410,3,NA,population projections 2026,male,age_group_65_69,35
Bagmati,Dhading,Galchhi,NP03,NP0330,NP0330410,3,NA,population projections 2026,female,age_group_65_69,37
Bagmati,Dhading,Galchhi,NP03,NP0330,NP0330410,3,NA,population projections 2026,total,age_group_70_74,65
Bagmati,Dhading,Galchhi,NP03,NP0330,NP0330410,3,NA,population projections 2026,male,age_group_70_74,33
Bagmati,Dhading,Galchhi,NP03,NP0330,NP0330410,3,NA,population projections 2026,female,age_group_70_74,32
Bagmati,Dhading,Galchhi,NP03,NP0330,NP0330410,3,NA,population projections 2026,total,age_group_75_79,37
Bagmati,Dhading,Galchhi,NP03,NP0330,NP0330410,3,NA,population projections 2026,male,age_group_75_79,21
Bagmati,Dhading,Galchhi,NP03,NP0330,NP0330410,3,NA,population projections 2026,female,age_group_75_79,16
Bagmati,Dhading,Galchhi,NP03,NP0330,NP0330410,3,NA,population projections 2026,total,age_group_80_84,22
Bagmati,Dhading,Galchhi,NP03,NP0330,NP0330410,3,NA,population projections 2026,male,age_group_80_84,11
Bagmati,Dhading,Galchhi,NP03,NP0330,NP0330410,3,NA,population projections 2026,female,age_group_80_84,11
Bagmati,Dhading,Galchhi,NP03,NP0330,NP0330410,3,NA,population projections 2026,total,age_group_85_89,2
Bagmati,Dhading,Galchhi,NP03,NP0330,NP0330410,3,NA,population projections 2026,male,age_group_85_89,0
Bagmati,Dhading,Galchhi,NP03,NP0330,NP0330410,3,NA,population projections 2026,female,age_group_85_89,2
Bagmati,Dhading,Galchhi,NP03,NP0330,NP0330410,3,NA,population projections 2026,total,age_group_90_94,5
Bagmati,Dhading,Galchhi,NP03,NP0330,NP0330410,3,NA,population projections 2026,male,age_group_90_94,0
Bagmati,Dhading,Galchhi,NP03,NP0330,NP0330410,3,NA,population projections 2026,female,age_group_90_94,5
Bagmati,Dhading,Galchhi,NP03,NP0330,NP0330410,3,NA,population projections 2026,total,age_group_95plus,0
Bagmati,Dhading,Galchhi,NP03,NP0330,NP0330410,3,NA,population projections 2026,male,age_group_95plus,0
Bagmati,Dhading,Galchhi,NP03,NP0330,NP0330410,3,NA,population projections 2026,female,age_group_95plus,0
Bagmati,Dhading,Galchhi,NP03,NP0330,NP0330410,4,affected,population projections 2026,total,population_total,3222
Bagmati,Dhading,Galchhi,NP03,NP0330,NP0330410,4,affected,population projections 2026,male,population_overall_male,1584
Bagmati,Dhading,Galchhi,NP03,NP0330,NP0330410,4,affected,population projections 2026,female,population_overall_female,1638
Bagmati,Dhading,Galchhi,NP03,NP0330,NP0330410,4,affected,population projections 2026,total,age_group_0_4,235
Bagmati,Dhading,Galchhi,NP03,NP0330,NP0330410,4,affected,population projections 2026,male,age_group_0_4,121
Bagmati,Dhading,Galchhi,NP03,NP0330,NP0330410,4,affected,population projections 2026,female,age_group_0_4,114
Bagmati,Dhading,Galchhi,NP03,NP0330,NP0330410,4,affected,population projections 2026,total,age_group_5_9,257
Bagmati,Dhading,Galchhi,NP03,NP0330,NP0330410,4,affected,population projections 2026,male,age_group_5_9,139
Bagmati,Dhading,Galchhi,NP03,NP0330,NP0330410,4,affected,population projections 2026,female,age_group_5_9,118
Bagmati,Dhading,Galchhi,NP03,NP0330,NP0330410,4,affected,population projections 2026,total,age_group_10_14,267
Bagmati,Dhading,Galchhi,NP03,NP0330,NP0330410,4,affected,population projections 2026,male,age_group_10_14,131
Bagmati,Dhading,Galchhi,NP03,NP0330,NP0330410,4,affected,population projections 2026,female,age_group_10_14,136
Bagmati,Dhading,Galchhi,NP03,NP0330,NP0330410,4,affected,population projections 2026,total,age_group_15_19,284
Bagmati,Dhading,Galchhi,NP03,NP0330,NP0330410,4,affected,population projections 2026,male,age_group_15_19,136
Bagmati,Dhading,Galchhi,NP03,NP0330,NP0330410,4,affected,population projections 2026,female,age_group_15_19,148
Bagmati,Dhading,Galchhi,NP03,NP0330,NP0330410,4,affected,population projections 2026,total,age_group_20_24,291
Bagmati,Dhading,Galchhi,NP03,NP0330,NP0330410,4,affected,population projections 2026,male,age_group_20_24,137
Bagmati,Dhading,Galchhi,NP03,NP0330,NP0330410,4,affected,population projections 2026,female,age_group_20_24,154
Bagmati,Dhading,Galchhi,NP03,NP0330,NP0330410,4,affected,population projections 2026,total,age_group_25_29,260
Bagmati,Dhading,Galchhi,NP03,NP0330,NP0330410,4,affected,population projections 2026,male,age_group_25_29,127
Bagmati,Dhading,Galchhi,NP03,NP0330,NP0330410,4,affected,population projections 2026,female,age_group_25_29,133
Bagmati,Dhading,Galchhi,NP03,NP0330,NP0330410,4,affected,population projections 2026,total,age_group_30_34,248
Bagmati,Dhading,Galchhi,NP03,NP0330,NP0330410,4,affected,population projections 2026,male,age_group_30_34,119
Bagmati,Dhading,Galchhi,NP03,NP0330,NP0330410,4,affected,population projections 2026,female,age_group_30_34,129
Bagmati,Dhading,Galchhi,NP03,NP0330,NP0330410,4,affected,population projections 2026,total,age_group_35_39,210
Bagmati,Dhading,Galchhi,NP03,NP0330,NP0330410,4,affected,population projections 2026,male,age_group_35_39,97
Bagmati,Dhading,Galchhi,NP03,NP0330,NP0330410,4,affected,population projections 2026,female,age_group_35_39,113
Bagmati,Dhading,Galchhi,NP03,NP0330,NP0330410,4,affected,population projections 2026,total,age_group_40_44,210
Bagmati,Dhading,Galchhi,NP03,NP0330,NP0330410,4,affected,population projections 2026,male,age_group_40_44,103
Bagmati,Dhading,Galchhi,NP03,NP0330,NP0330410,4,affected,population projections 2026,female,age_group_40_44,107
Bagmati,Dhading,Galchhi,NP03,NP0330,NP0330410,4,affected,population projections 2026,total,age_group_45_49,213
Bagmati,Dhading,Galchhi,NP03,NP0330,NP0330410,4,affected,population projections 2026,male,age_group_45_49,99
Bagmati,Dhading,Galchhi,NP03,NP0330,NP0330410,4,affected,population projections 2026,female,age_group_45_49,114
Bagmati,Dhading,Galchhi,NP03,NP0330,NP0330410,4,affected,population projections 2026,total,age_group_50_54,171
Bagmati,Dhading,Galchhi,NP03,NP0330,NP0330410,4,affected,population projections 2026,male,age_group_50_54,82
Bagmati,Dhading,Galchhi,NP03,NP0330,NP0330410,4,affected,population projections 2026,female,age_group_50_54,89
Bagmati,Dhading,Galchhi,NP03,NP0330,NP0330410,4,affected,population projections 2026,total,age_group_55_59,152
Bagmati,Dhading,Galchhi,NP03,NP0330,NP0330410,4,affected,population projections 2026,male,age_group_55_59,78
Bagmati,Dhading,Galchhi,NP03,NP0330,NP0330410,4,affected,population projections 2026,female,age_group_55_59,74
Bagmati,Dhading,Galchhi,NP03,NP0330,NP0330410,4,affected,population projections 2026,total,age_group_60_64,122
Bagmati,Dhading,Galchhi,NP03,NP0330,NP0330410,4,affected,population projections 2026,male,age_group_60_64,63
Bagmati,Dhading,Galchhi,NP03,NP0330,NP0330410,4,affected,population projections 2026,female,age_group_60_64,59
Bagmati,Dhading,Galchhi,NP03,NP0330,NP0330410,4,affected,population projections 2026,total,age_group_65_69,114
Bagmati,Dhading,Galchhi,NP03,NP0330,NP0330410,4,affected,population projections 2026,male,age_group_65_69,60
Bagmati,Dhading,Galchhi,NP03,NP0330,NP0330410,4,affected,population projections 2026,female,age_group_65_69,54
Bagmati,Dhading,Galchhi,NP03,NP0330,NP0330410,4,affected,population projections 2026,total,age_group_70_74,87
Bagmati,Dhading,Galchhi,NP03,NP0330,NP0330410,4,affected,population projections 2026,male,age_group_70_74,44
Bagmati,Dhading,Galchhi,NP03,NP0330,NP0330410,4,affected,population projections 2026,female,age_group_70_74,43
Bagmati,Dhading,Galchhi,NP03,NP0330,NP0330410,4,affected,population projections 2026,total,age_group_75_79,54
Bagmati,Dhading,Galchhi,NP03,NP0330,NP0330410,4,affected,population projections 2026,male,age_group_75_79,25
Bagmati,Dhading,Galchhi,NP03,NP0330,NP0330410,4,affected,population projections 2026,female,age_group_75_79,29
Bagmati,Dhading,Galchhi,NP03,NP0330,NP0330410,4,affected,population projections 2026,total,age_group_80_84,29
Bagmati,Dhading,Galchhi,NP03,NP0330,NP0330410,4,affected,population projections 2026,male,age_group_80_84,13
Bagmati,Dhading,Galchhi,NP03,NP0330,NP0330410,4,affected,population projections 2026,female,age_group_80_84,16
Bagmati,Dhading,Galchhi,NP03,NP0330,NP0330410,4,affected,population projections 2026,total,age_group_85_89,13
Bagmati,Dhading,Galchhi,NP03,NP0330,NP0330410,4,affected,population projections 2026,male,age_group_85_89,6
Bagmati,Dhading,Galchhi,NP03,NP0330,NP0330410,4,affected,population projections 2026,female,age_group_85_89,7
Bagmati,Dhading,Galchhi,NP03,NP0330,NP0330410,4,affected,population projections 2026,total,age_group_90_94,5
Bagmati,Dhading,Galchhi,NP03,NP0330,NP0330410,4,affected,population projections 2026,male,age_group_90_94,4
Bagmati,Dhading,Galchhi,NP03,NP0330,NP0330410,4,affected,population projections 2026,female,age_group_90_94,1
Bagmati,Dhading,Galchhi,NP03,NP0330,NP0330410,4,affected,population projections 2026,total,age_group_95plus,0
Bagmati,Dhading,Galchhi,NP03,NP0330,NP0330410,4,affected,population projections 2026,male,age_group_95plus,0
Bagmati,Dhading,Galchhi,NP03,NP0330,NP0330410,4,affected,population projections 2026,female,age_group_95plus,0
Bagmati,Dhading,Galchhi,NP03,NP0330,NP0330410,5,NA,population projections 2026,total,population_total,2793
Bagmati,Dhading,Galchhi,NP03,NP0330,NP0330410,5,NA,population projections 2026,male,population_overall_male,1311
Bagmati,Dhading,Galchhi,NP03,NP0330,NP0330410,5,NA,population projections 2026,female,population_overall_female,1482
Bagmati,Dhading,Galchhi,NP03,NP0330,NP0330410,5,NA,population projections 2026,total,age_group_0_4,194
Bagmati,Dhading,Galchhi,NP03,NP0330,NP0330410,5,NA,population projections 2026,male,age_group_0_4,100
Bagmati,Dhading,Galchhi,NP03,NP0330,NP0330410,5,NA,population projections 2026,female,age_group_0_4,94
Bagmati,Dhading,Galchhi,NP03,NP0330,NP0330410,5,NA,population projections 2026,total,age_group_5_9,236
Bagmati,Dhading,Galchhi,NP03,NP0330,NP0330410,5,NA,population projections 2026,male,age_group_5_9,111
Bagmati,Dhading,Galchhi,NP03,NP0330,NP0330410,5,NA,population projections 2026,female,age_group_5_9,125
Bagmati,Dhading,Galchhi,NP03,NP0330,NP0330410,5,NA,population projections 2026,total,age_group_10_14,250
Bagmati,Dhading,Galchhi,NP03,NP0330,NP0330410,5,NA,population projections 2026,male,age_group_10_14,119
Bagmati,Dhading,Galchhi,NP03,NP0330,NP0330410,5,NA,population projections 2026,female,age_group_10_14,131
Bagmati,Dhading,Galchhi,NP03,NP0330,NP0330410,5,NA,population projections 2026,total,age_group_15_19,301
Bagmati,Dhading,Galchhi,NP03,NP0330,NP0330410,5,NA,population projections 2026,male,age_group_15_19,129
Bagmati,Dhading,Galchhi,NP03,NP0330,NP0330410,5,NA,population projections 2026,female,age_group_15_19,172
Bagmati,Dhading,Galchhi,NP03,NP0330,NP0330410,5,NA,population projections 2026,total,age_group_20_24,251
Bagmati,Dhading,Galchhi,NP03,NP0330,NP0330410,5,NA,population projections 2026,male,age_group_20_24,107
Bagmati,Dhading,Galchhi,NP03,NP0330,NP0330410,5,NA,population projections 2026,female,age_group_20_24,144
Bagmati,Dhading,Galchhi,NP03,NP0330,NP0330410,5,NA,population projections 2026,total,age_group_25_29,199
Bagmati,Dhading,Galchhi,NP03,NP0330,NP0330410,5,NA,population projections 2026,male,age_group_25_29,93
Bagmati,Dhading,Galchhi,NP03,NP0330,NP0330410,5,NA,population projections 2026,female,age_group_25_29,106
Bagmati,Dhading,Galchhi,NP03,NP0330,NP0330410,5,NA,population projections 2026,total,age_group_30_34,164
Bagmati,Dhading,Galchhi,NP03,NP0330,NP0330410,5,NA,population projections 2026,male,age_group_30_34,78
Bagmati,Dhading,Galchhi,NP03,NP0330,NP0330410,5,NA,population projections 2026,female,age_group_30_34,86
Bagmati,Dhading,Galchhi,NP03,NP0330,NP0330410,5,NA,population projections 2026,total,age_group_35_39,157
Bagmati,Dhading,Galchhi,NP03,NP0330,NP0330410,5,NA,population projections 2026,male,age_group_35_39,71
Bagmati,Dhading,Galchhi,NP03,NP0330,NP0330410,5,NA,population projections 2026,female,age_group_35_39,86
Bagmati,Dhading,Galchhi,NP03,NP0330,NP0330410,5,NA,population projections 2026,total,age_group_40_44,169
Bagmati,Dhading,Galchhi,NP03,NP0330,NP0330410,5,NA,population projections 2026,male,age_group_40_44,74
Bagmati,Dhading,Galchhi,NP03,NP0330,NP0330410,5,NA,population projections 2026,female,age_group_40_44,95
Bagmati,Dhading,Galchhi,NP03,NP0330,NP0330410,5,NA,population projections 2026,total,age_group_45_49,158
Bagmati,Dhading,Galchhi,NP03,NP0330,NP0330410,5,NA,population projections 2026,male,age_group_45_49,80
Bagmati,Dhading,Galchhi,NP03,NP0330,NP0330410,5,NA,population projections 2026,female,age_group_45_49,78
Bagmati,Dhading,Galchhi,NP03,NP0330,NP0330410,5,NA,population projections 2026,total,age_group_50_54,140
Bagmati,Dhading,Galchhi,NP03,NP0330,NP0330410,5,NA,population projections 2026,male,age_group_50_54,67
Bagmati,Dhading,Galchhi,NP03,NP0330,NP0330410,5,NA,population projections 2026,female,age_group_50_54,73
Bagmati,Dhading,Galchhi,NP03,NP0330,NP0330410,5,NA,population projections 2026,total,age_group_55_59,161
Bagmati,Dhading,Galchhi,NP03,NP0330,NP0330410,5,NA,population projections 2026,male,age_group_55_59,77
Bagmati,Dhading,Galchhi,NP03,NP0330,NP0330410,5,NA,population projections 2026,female,age_group_55_59,84
Bagmati,Dhading,Galchhi,NP03,NP0330,NP0330410,5,NA,population projections 2026,total,age_group_60_64,115
Bagmati,Dhading,Galchhi,NP03,NP0330,NP0330410,5,NA,population projections 2026,male,age_group_60_64,59
Bagmati,Dhading,Galchhi,NP03,NP0330,NP0330410,5,NA,population projections 2026,female,age_group_60_64,56
Bagmati,Dhading,Galchhi,NP03,NP0330,NP0330410,5,NA,population projections 2026,total,age_group_65_69,107
Bagmati,Dhading,Galchhi,NP03,NP0330,NP0330410,5,NA,population projections 2026,male,age_group_65_69,57
Bagmati,Dhading,Galchhi,NP03,NP0330,NP0330410,5,NA,population projections 2026,female,age_group_65_69,50
Bagmati,Dhading,Galchhi,NP03,NP0330,NP0330410,5,NA,population projections 2026,total,age_group_70_74,75
Bagmati,Dhading,Galchhi,NP03,NP0330,NP0330410,5,NA,population projections 2026,male,age_group_70_74,37
Bagmati,Dhading,Galchhi,NP03,NP0330,NP0330410,5,NA,population projections 2026,female,age_group_70_74,38
Bagmati,Dhading,Galchhi,NP03,NP0330,NP0330410,5,NA,population projections 2026,total,age_group_75_79,56
Bagmati,Dhading,Galchhi,NP03,NP0330,NP0330410,5,NA,population projections 2026,male,age_group_75_79,27
Bagmati,Dhading,Galchhi,NP03,NP0330,NP0330410,5,NA,population projections 2026,female,age_group_75_79,29
Bagmati,Dhading,Galchhi,NP03,NP0330,NP0330410,5,NA,population projections 2026,total,age_group_80_84,39
Bagmati,Dhading,Galchhi,NP03,NP0330,NP0330410,5,NA,population projections 2026,male,age_group_80_84,18
Bagmati,Dhading,Galchhi,NP03,NP0330,NP0330410,5,NA,population projections 2026,female,age_group_80_84,21
Bagmati,Dhading,Galchhi,NP03,NP0330,NP0330410,5,NA,population projections 2026,total,age_group_85_89,14
Bagmati,Dhading,Galchhi,NP03,NP0330,NP0330410,5,NA,population projections 2026,male,age_group_85_89,5
Bagmati,Dhading,Galchhi,NP03,NP0330,NP0330410,5,NA,population projections 2026,female,age_group_85_89,9
Bagmati,Dhading,Galchhi,NP03,NP0330,NP0330410,5,NA,population projections 2026,total,age_group_90_94,7
Bagmati,Dhading,Galchhi,NP03,NP0330,NP0330410,5,NA,population projections 2026,male,age_group_90_94,2
Bagmati,Dhading,Galchhi,NP03,NP0330,NP0330410,5,NA,population projections 2026,female,age_group_90_94,5
Bagmati,Dhading,Galchhi,NP03,NP0330,NP0330410,5,NA,population projections 2026,total,age_group_95plus,0
Bagmati,Dhading,Galchhi,NP03,NP0330,NP0330410,5,NA,population projections 2026,male,age_group_95plus,0
Bagmati,Dhading,Galchhi,NP03,NP0330,NP0330410,5,NA,population projections 2026,female,age_group_95plus,0
Bagmati,Dhading,Galchhi,NP03,NP0330,NP0330410,6,affected,population projections 2026,total,population_total,2691
Bagmati,Dhading,Galchhi,NP03,NP0330,NP0330410,6,affected,population projections 2026,male,population_overall_male,1331
Bagmati,Dhading,Galchhi,NP03,NP0330,NP0330410,6,affected,population projections 2026,female,population_overall_female,1360
Bagmati,Dhading,Galchhi,NP03,NP0330,NP0330410,6,affected,population projections 2026,total,age_group_0_4,209
Bagmati,Dhading,Galchhi,NP03,NP0330,NP0330410,6,affected,population projections 2026,male,age_group_0_4,108
Bagmati,Dhading,Galchhi,NP03,NP0330,NP0330410,6,affected,population projections 2026,female,age_group_0_4,101
Bagmati,Dhading,Galchhi,NP03,NP0330,NP0330410,6,affected,population projections 2026,total,age_group_5_9,219
Bagmati,Dhading,Galchhi,NP03,NP0330,NP0330410,6,affected,population projections 2026,male,age_group_5_9,111
Bagmati,Dhading,Galchhi,NP03,NP0330,NP0330410,6,affected,population projections 2026,female,age_group_5_9,108
Bagmati,Dhading,Galchhi,NP03,NP0330,NP0330410,6,affected,population projections 2026,total,age_group_10_14,217
Bagmati,Dhading,Galchhi,NP03,NP0330,NP0330410,6,affected,population projections 2026,male,age_group_10_14,113
Bagmati,Dhading,Galchhi,NP03,NP0330,NP0330410,6,affected,population projections 2026,female,age_group_10_14,104
Bagmati,Dhading,Galchhi,NP03,NP0330,NP0330410,6,affected,population projections 2026,total,age_group_15_19,195
Bagmati,Dhading,Galchhi,NP03,NP0330,NP0330410,6,affected,population projections 2026,male,age_group_15_19,100
Bagmati,Dhading,Galchhi,NP03,NP0330,NP0330410,6,affected,population projections 2026,female,age_group_15_19,95
Bagmati,Dhading,Galchhi,NP03,NP0330,NP0330410,6,affected,population projections 2026,total,age_group_20_24,195
Bagmati,Dhading,Galchhi,NP03,NP0330,NP0330410,6,affected,population projections 2026,male,age_group_20_24,96
Bagmati,Dhading,Galchhi,NP03,NP0330,NP0330410,6,affected,population projections 2026,female,age_group_20_24,99
Bagmati,Dhading,Galchhi,NP03,NP0330,NP0330410,6,affected,population projections 2026,total,age_group_25_29,244
Bagmati,Dhading,Galchhi,NP03,NP0330,NP0330410,6,affected,population projections 2026,male,age_group_25_29,105
Bagmati,Dhading,Galchhi,NP03,NP0330,NP0330410,6,affected,population projections 2026,female,age_group_25_29,139
Bagmati,Dhading,Galchhi,NP03,NP0330,NP0330410,6,affected,population projections 2026,total,age_group_30_34,248
Bagmati,Dhading,Galchhi,NP03,NP0330,NP0330410,6,affected,population projections 2026,male,age_group_30_34,119
Bagmati,Dhading,Galchhi,NP03,NP0330,NP0330410,6,affected,population projections 2026,female,age_group_30_34,129
Bagmati,Dhading,Galchhi,NP03,NP0330,NP0330410,6,affected,population projections 2026,total,age_group_35_39,213
Bagmati,Dhading,Galchhi,NP03,NP0330,NP0330410,6,affected,population projections 2026,male,age_group_35_39,107
Bagmati,Dhading,Galchhi,NP03,NP0330,NP0330410,6,affected,population projections 2026,female,age_group_35_39,106
Bagmati,Dhading,Galchhi,NP03,NP0330,NP0330410,6,affected,population projections 2026,total,age_group_40_44,171
Bagmati,Dhading,Galchhi,NP03,NP0330,NP0330410,6,affected,population projections 2026,male,age_group_40_44,85
Bagmati,Dhading,Galchhi,NP03,NP0330,NP0330410,6,affected,population projections 2026,female,age_group_40_44,86
Bagmati,Dhading,Galchhi,NP03,NP0330,NP0330410,6,affected,population projections 2026,total,age_group_45_49,153
Bagmati,Dhading,Galchhi,NP03,NP0330,NP0330410,6,affected,population projections 2026,male,age_group_45_49,74
Bagmati,Dhading,Galchhi,NP03,NP0330,NP0330410,6,affected,population projections 2026,female,age_group_45_49,79
Bagmati,Dhading,Galchhi,NP03,NP0330,NP0330410,6,affected,population projections 2026,total,age_group_50_54,154
Bagmati,Dhading,Galchhi,NP03,NP0330,NP0330410,6,affected,population projections 2026,male,age_group_50_54,72
Bagmati,Dhading,Galchhi,NP03,NP0330,NP0330410,6,affected,population projections 2026,female,age_group_50_54,82
Bagmati,Dhading,Galchhi,NP03,NP0330,NP0330410,6,affected,population projections 2026,total,age_group_55_59,157
Bagmati,Dhading,Galchhi,NP03,NP0330,NP0330410,6,affected,population projections 2026,male,age_group_55_59,79
Bagmati,Dhading,Galchhi,NP03,NP0330,NP0330410,6,affected,population projections 2026,female,age_group_55_59,78
Bagmati,Dhading,Galchhi,NP03,NP0330,NP0330410,6,affected,population projections 2026,total,age_group_60_64,112
Bagmati,Dhading,Galchhi,NP03,NP0330,NP0330410,6,affected,population projections 2026,male,age_group_60_64,54
Bagmati,Dhading,Galchhi,NP03,NP0330,NP0330410,6,affected,population projections 2026,female,age_group_60_64,58
Bagmati,Dhading,Galchhi,NP03,NP0330,NP0330410,6,affected,population projections 2026,total,age_group_65_69,95
Bagmati,Dhading,Galchhi,NP03,NP0330,NP0330410,6,affected,population projections 2026,male,age_group_65_69,52
Bagmati,Dhading,Galchhi,NP03,NP0330,NP0330410,6,affected,population projections 2026,female,age_group_65_69,43
Bagmati,Dhading,Galchhi,NP03,NP0330,NP0330410,6,affected,population projections 2026,total,age_group_70_74,51
Bagmati,Dhading,Galchhi,NP03,NP0330,NP0330410,6,affected,population projections 2026,male,age_group_70_74,30
Bagmati,Dhading,Galchhi,NP03,NP0330,NP0330410,6,affected,population projections 2026,female,age_group_70_74,21
Bagmati,Dhading,Galchhi,NP03,NP0330,NP0330410,6,affected,population projections 2026,total,age_group_75_79,33
Bagmati,Dhading,Galchhi,NP03,NP0330,NP0330410,6,affected,population projections 2026,male,age_group_75_79,15
Bagmati,Dhading,Galchhi,NP03,NP0330,NP0330410,6,affected,population projections 2026,female,age_group_75_79,18
Bagmati,Dhading,Galchhi,NP03,NP0330,NP0330410,6,affected,population projections 2026,total,age_group_80_84,17
Bagmati,Dhading,Galchhi,NP03,NP0330,NP0330410,6,affected,population projections 2026,male,age_group_80_84,9
Bagmati,Dhading,Galchhi,NP03,NP0330,NP0330410,6,affected,population projections 2026,female,age_group_80_84,8
Bagmati,Dhading,Galchhi,NP03,NP0330,NP0330410,6,affected,population projections 2026,total,age_group_85_89,7
Bagmati,Dhading,Galchhi,NP03,NP0330,NP0330410,6,affected,population projections 2026,male,age_group_85_89,2
Bagmati,Dhading,Galchhi,NP03,NP0330,NP0330410,6,affected,population projections 2026,female,age_group_85_89,5
Bagmati,Dhading,Galchhi,NP03,NP0330,NP0330410,6,affected,population projections 2026,total,age_group_90_94,0
Bagmati,Dhading,Galchhi,NP03,NP0330,NP0330410,6,affected,population projections 2026,male,age_group_90_94,0
Bagmati,Dhading,Galchhi,NP03,NP0330,NP0330410,6,affected,population projections 2026,female,age_group_90_94,0
Bagmati,Dhading,Galchhi,NP03,NP0330,NP0330410,6,affected,population projections 2026,total,age_group_95plus,1
Bagmati,Dhading,Galchhi,NP03,NP0330,NP0330410,6,affected,population projections 2026,male,age_group_95plus,0
Bagmati,Dhading,Galchhi,NP03,NP0330,NP0330410,6,affected,population projections 2026,female,age_group_95plus,1
Bagmati,Dhading,Galchhi,NP03,NP0330,NP0330410,7,NA,population projections 2026,total,population_total,3356
Bagmati,Dhading,Galchhi,NP03,NP0330,NP0330410,7,NA,population projections 2026,male,population_overall_male,1647
Bagmati,Dhading,Galchhi,NP03,NP0330,NP0330410,7,NA,population projections 2026,female,population_overall_female,1709
Bagmati,Dhading,Galchhi,NP03,NP0330,NP0330410,7,NA,population projections 2026,total,age_group_0_4,257
Bagmati,Dhading,Galchhi,NP03,NP0330,NP0330410,7,NA,population projections 2026,male,age_group_0_4,132
Bagmati,Dhading,Galchhi,NP03,NP0330,NP0330410,7,NA,population projections 2026,female,age_group_0_4,125
Bagmati,Dhading,Galchhi,NP03,NP0330,NP0330410,7,NA,population projections 2026,total,age_group_5_9,288
Bagmati,Dhading,Galchhi,NP03,NP0330,NP0330410,7,NA,population projections 2026,male,age_group_5_9,149
Bagmati,Dhading,Galchhi,NP03,NP0330,NP0330410,7,NA,population projections 2026,female,age_group_5_9,139
Bagmati,Dhading,Galchhi,NP03,NP0330,NP0330410,7,NA,population projections 2026,total,age_group_10_14,310
Bagmati,Dhading,Galchhi,NP03,NP0330,NP0330410,7,NA,population projections 2026,male,age_group_10_14,152
Bagmati,Dhading,Galchhi,NP03,NP0330,NP0330410,7,NA,population projections 2026,female,age_group_10_14,158
Bagmati,Dhading,Galchhi,NP03,NP0330,NP0330410,7,NA,population projections 2026,total,age_group_15_19,296
Bagmati,Dhading,Galchhi,NP03,NP0330,NP0330410,7,NA,population projections 2026,male,age_group_15_19,154
Bagmati,Dhading,Galchhi,NP03,NP0330,NP0330410,7,NA,population projections 2026,female,age_group_15_19,142
Bagmati,Dhading,Galchhi,NP03,NP0330,NP0330410,7,NA,population projections 2026,total,age_group_20_24,271
Bagmati,Dhading,Galchhi,NP03,NP0330,NP0330410,7,NA,population projections 2026,male,age_group_20_24,131
Bagmati,Dhading,Galchhi,NP03,NP0330,NP0330410,7,NA,population projections 2026,female,age_group_20_24,140
Bagmati,Dhading,Galchhi,NP03,NP0330,NP0330410,7,NA,population projections 2026,total,age_group_25_29,265
Bagmati,Dhading,Galchhi,NP03,NP0330,NP0330410,7,NA,population projections 2026,male,age_group_25_29,118
Bagmati,Dhading,Galchhi,NP03,NP0330,NP0330410,7,NA,population projections 2026,female,age_group_25_29,147
Bagmati,Dhading,Galchhi,NP03,NP0330,NP0330410,7,NA,population projections 2026,total,age_group_30_34,291
Bagmati,Dhading,Galchhi,NP03,NP0330,NP0330410,7,NA,population projections 2026,male,age_group_30_34,126
Bagmati,Dhading,Galchhi,NP03,NP0330,NP0330410,7,NA,population projections 2026,female,age_group_30_34,165
Bagmati,Dhading,Galchhi,NP03,NP0330,NP0330410,7,NA,population projections 2026,total,age_group_35_39,273
Bagmati,Dhading,Galchhi,NP03,NP0330,NP0330410,7,NA,population projections 2026,male,age_group_35_39,131
Bagmati,Dhading,Galchhi,NP03,NP0330,NP0330410,7,NA,population projections 2026,female,age_group_35_39,142
Bagmati,Dhading,Galchhi,NP03,NP0330,NP0330410,7,NA,population projections 2026,total,age_group_40_44,265
Bagmati,Dhading,Galchhi,NP03,NP0330,NP0330410,7,NA,population projections 2026,male,age_group_40_44,133
Bagmati,Dhading,Galchhi,NP03,NP0330,NP0330410,7,NA,population projections 2026,female,age_group_40_44,132
Bagmati,Dhading,Galchhi,NP03,NP0330,NP0330410,7,NA,population projections 2026,total,age_group_45_49,193
Bagmati,Dhading,Galchhi,NP03,NP0330,NP0330410,7,NA,population projections 2026,male,age_group_45_49,100
Bagmati,Dhading,Galchhi,NP03,NP0330,NP0330410,7,NA,population projections 2026,female,age_group_45_49,93
Bagmati,Dhading,Galchhi,NP03,NP0330,NP0330410,7,NA,population projections 2026,total,age_group_50_54,151
Bagmati,Dhading,Galchhi,NP03,NP0330,NP0330410,7,NA,population projections 2026,male,age_group_50_54,74
Bagmati,Dhading,Galchhi,NP03,NP0330,NP0330410,7,NA,population projections 2026,female,age_group_50_54,77
Bagmati,Dhading,Galchhi,NP03,NP0330,NP0330410,7,NA,population projections 2026,total,age_group_55_59,146
Bagmati,Dhading,Galchhi,NP03,NP0330,NP0330410,7,NA,population projections 2026,male,age_group_55_59,72
Bagmati,Dhading,Galchhi,NP03,NP0330,NP0330410,7,NA,population projections 2026,female,age_group_55_59,74
Bagmati,Dhading,Galchhi,NP03,NP0330,NP0330410,7,NA,population projections 2026,total,age_group_60_64,111
Bagmati,Dhading,Galchhi,NP03,NP0330,NP0330410,7,NA,population projections 2026,male,age_group_60_64,56
Bagmati,Dhading,Galchhi,NP03,NP0330,NP0330410,7,NA,population projections 2026,female,age_group_60_64,55
Bagmati,Dhading,Galchhi,NP03,NP0330,NP0330410,7,NA,population projections 2026,total,age_group_65_69,96
Bagmati,Dhading,Galchhi,NP03,NP0330,NP0330410,7,NA,population projections 2026,male,age_group_65_69,48
Bagmati,Dhading,Galchhi,NP03,NP0330,NP0330410,7,NA,population projections 2026,female,age_group_65_69,48
Bagmati,Dhading,Galchhi,NP03,NP0330,NP0330410,7,NA,population projections 2026,total,age_group_70_74,62
Bagmati,Dhading,Galchhi,NP03,NP0330,NP0330410,7,NA,population projections 2026,male,age_group_70_74,33
Bagmati,Dhading,Galchhi,NP03,NP0330,NP0330410,7,NA,population projections 2026,female,age_group_70_74,29
Bagmati,Dhading,Galchhi,NP03,NP0330,NP0330410,7,NA,population projections 2026,total,age_group_75_79,38
Bagmati,Dhading,Galchhi,NP03,NP0330,NP0330410,7,NA,population projections 2026,male,age_group_75_79,18
Bagmati,Dhading,Galchhi,NP03,NP0330,NP0330410,7,NA,population projections 2026,female,age_group_75_79,20
Bagmati,Dhading,Galchhi,NP03,NP0330,NP0330410,7,NA,population projections 2026,total,age_group_80_84,27
Bagmati,Dhading,Galchhi,NP03,NP0330,NP0330410,7,NA,population projections 2026,male,age_group_80_84,12
Bagmati,Dhading,Galchhi,NP03,NP0330,NP0330410,7,NA,population projections 2026,female,age_group_80_84,15
Bagmati,Dhading,Galchhi,NP03,NP0330,NP0330410,7,NA,population projections 2026,total,age_group_85_89,10
Bagmati,Dhading,Galchhi,NP03,NP0330,NP0330410,7,NA,population projections 2026,male,age_group_85_89,5
Bagmati,Dhading,Galchhi,NP03,NP0330,NP0330410,7,NA,population projections 2026,female,age_group_85_89,5
Bagmati,Dhading,Galchhi,NP03,NP0330,NP0330410,7,NA,population projections 2026,total,age_group_90_94,6
Bagmati,Dhading,Galchhi,NP03,NP0330,NP0330410,7,NA,population projections 2026,male,age_group_90_94,3
Bagmati,Dhading,Galchhi,NP03,NP0330,NP0330410,7,NA,population projections 2026,female,age_group_90_94,3
Bagmati,Dhading,Galchhi,NP03,NP0330,NP0330410,7,NA,population projections 2026,total,age_group_95plus,0
Bagmati,Dhading,Galchhi,NP03,NP0330,NP0330410,7,NA,population projections 2026,male,age_group_95plus,0
Bagmati,Dhading,Galchhi,NP03,NP0330,NP0330410,7,NA,population projections 2026,female,age_group_95plus,0
Bagmati,Dhading,Galchhi,NP03,NP0330,NP0330410,8,affected,population projections 2026,total,population_total,2964
Bagmati,Dhading,Galchhi,NP03,NP0330,NP0330410,8,affected,population projections 2026,male,population_overall_male,1426
Bagmati,Dhading,Galchhi,NP03,NP0330,NP0330410,8,affected,population projections 2026,female,population_overall_female,1538
Bagmati,Dhading,Galchhi,NP03,NP0330,NP0330410,8,affected,population projections 2026,total,age_group_0_4,222
Bagmati,Dhading,Galchhi,NP03,NP0330,NP0330410,8,affected,population projections 2026,male,age_group_0_4,114
Bagmati,Dhading,Galchhi,NP03,NP0330,NP0330410,8,affected,population projections 2026,female,age_group_0_4,108
Bagmati,Dhading,Galchhi,NP03,NP0330,NP0330410,8,affected,population projections 2026,total,age_group_5_9,195
Bagmati,Dhading,Galchhi,NP03,NP0330,NP0330410,8,affected,population projections 2026,male,age_group_5_9,102
Bagmati,Dhading,Galchhi,NP03,NP0330,NP0330410,8,affected,population projections 2026,female,age_group_5_9,93
Bagmati,Dhading,Galchhi,NP03,NP0330,NP0330410,8,affected,population projections 2026,total,age_group_10_14,247
Bagmati,Dhading,Galchhi,NP03,NP0330,NP0330410,8,affected,population projections 2026,male,age_group_10_14,126
Bagmati,Dhading,Galchhi,NP03,NP0330,NP0330410,8,affected,population projections 2026,female,age_group_10_14,121
Bagmati,Dhading,Galchhi,NP03,NP0330,NP0330410,8,affected,population projections 2026,total,age_group_15_19,264
Bagmati,Dhading,Galchhi,NP03,NP0330,NP0330410,8,affected,population projections 2026,male,age_group_15_19,136
Bagmati,Dhading,Galchhi,NP03,NP0330,NP0330410,8,affected,population projections 2026,female,age_group_15_19,128
Bagmati,Dhading,Galchhi,NP03,NP0330,NP0330410,8,affected,population projections 2026,total,age_group_20_24,240
Bagmati,Dhading,Galchhi,NP03,NP0330,NP0330410,8,affected,population projections 2026,male,age_group_20_24,106
Bagmati,Dhading,Galchhi,NP03,NP0330,NP0330410,8,affected,population projections 2026,female,age_group_20_24,134
Bagmati,Dhading,Galchhi,NP03,NP0330,NP0330410,8,affected,population projections 2026,total,age_group_25_29,214
Bagmati,Dhading,Galchhi,NP03,NP0330,NP0330410,8,affected,population projections 2026,male,age_group_25_29,92
Bagmati,Dhading,Galchhi,NP03,NP0330,NP0330410,8,affected,population projections 2026,female,age_group_25_29,122
Bagmati,Dhading,Galchhi,NP03,NP0330,NP0330410,8,affected,population projections 2026,total,age_group_30_34,244
Bagmati,Dhading,Galchhi,NP03,NP0330,NP0330410,8,affected,population projections 2026,male,age_group_30_34,109
Bagmati,Dhading,Galchhi,NP03,NP0330,NP0330410,8,affected,population projections 2026,female,age_group_30_34,135
Bagmati,Dhading,Galchhi,NP03,NP0330,NP0330410,8,affected,population projections 2026,total,age_group_35_39,215
Bagmati,Dhading,Galchhi,NP03,NP0330,NP0330410,8,affected,population projections 2026,male,age_group_35_39,98
Bagmati,Dhading,Galchhi,NP03,NP0330,NP0330410,8,affected,population projections 2026,female,age_group_35_39,117
Bagmati,Dhading,Galchhi,NP03,NP0330,NP0330410,8,affected,population projections 2026,total,age_group_40_44,192
Bagmati,Dhading,Galchhi,NP03,NP0330,NP0330410,8,affected,population projections 2026,male,age_group_40_44,94
Bagmati,Dhading,Galchhi,NP03,NP0330,NP0330410,8,affected,population projections 2026,female,age_group_40_44,98
Bagmati,Dhading,Galchhi,NP03,NP0330,NP0330410,8,affected,population projections 2026,total,age_group_45_49,183
Bagmati,Dhading,Galchhi,NP03,NP0330,NP0330410,8,affected,population projections 2026,male,age_group_45_49,92
Bagmati,Dhading,Galchhi,NP03,NP0330,NP0330410,8,affected,population projections 2026,female,age_group_45_49,91
Bagmati,Dhading,Galchhi,NP03,NP0330,NP0330410,8,affected,population projections 2026,total,age_group_50_54,180
Bagmati,Dhading,Galchhi,NP03,NP0330,NP0330410,8,affected,population projections 2026,male,age_group_50_54,73
Bagmati,Dhading,Galchhi,NP03,NP0330,NP0330410,8,affected,population projections 2026,female,age_group_50_54,107
Bagmati,Dhading,Galchhi,NP03,NP0330,NP0330410,8,affected,population projections 2026,total,age_group_55_59,166
Bagmati,Dhading,Galchhi,NP03,NP0330,NP0330410,8,affected,population projections 2026,male,age_group_55_59,77
Bagmati,Dhading,Galchhi,NP03,NP0330,NP0330410,8,affected,population projections 2026,female,age_group_55_59,89
Bagmati,Dhading,Galchhi,NP03,NP0330,NP0330410,8,affected,population projections 2026,total,age_group_60_64,141
Bagmati,Dhading,Galchhi,NP03,NP0330,NP0330410,8,affected,population projections 2026,male,age_group_60_64,78
Bagmati,Dhading,Galchhi,NP03,NP0330,NP0330410,8,affected,population projections 2026,female,age_group_60_64,63
Bagmati,Dhading,Galchhi,NP03,NP0330,NP0330410,8,affected,population projections 2026,total,age_group_65_69,101
Bagmati,Dhading,Galchhi,NP03,NP0330,NP0330410,8,affected,population projections 2026,male,age_group_65_69,57
Bagmati,Dhading,Galchhi,NP03,NP0330,NP0330410,8,affected,population projections 2026,female,age_group_65_69,44
Bagmati,Dhading,Galchhi,NP03,NP0330,NP0330410,8,affected,population projections 2026,total,age_group_70_74,69
Bagmati,Dhading,Galchhi,NP03,NP0330,NP0330410,8,affected,population projections 2026,male,age_group_70_74,35
Bagmati,Dhading,Galchhi,NP03,NP0330,NP0330410,8,affected,population projections 2026,female,age_group_70_74,34
Bagmati,Dhading,Galchhi,NP03,NP0330,NP0330410,8,affected,population projections 2026,total,age_group_75_79,49
Bagmati,Dhading,Galchhi,NP03,NP0330,NP0330410,8,affected,population projections 2026,male,age_group_75_79,21
Bagmati,Dhading,Galchhi,NP03,NP0330,NP0330410,8,affected,population projections 2026,female,age_group_75_79,28
Bagmati,Dhading,Galchhi,NP03,NP0330,NP0330410,8,affected,population projections 2026,total,age_group_80_84,28
Bagmati,Dhading,Galchhi,NP03,NP0330,NP0330410,8,affected,population projections 2026,male,age_group_80_84,13
Bagmati,Dhading,Galchhi,NP03,NP0330,NP0330410,8,affected,population projections 2026,female,age_group_80_84,15
Bagmati,Dhading,Galchhi,NP03,NP0330,NP0330410,8,affected,population projections 2026,total,age_group_85_89,7
Bagmati,Dhading,Galchhi,NP03,NP0330,NP0330410,8,affected,population projections 2026,male,age_group_85_89,3
Bagmati,Dhading,Galchhi,NP03,NP0330,NP0330410,8,affected,population projections 2026,female,age_group_85_89,4
Bagmati,Dhading,Galchhi,NP03,NP0330,NP0330410,8,affected,population projections 2026,total,age_group_90_94,5
Bagmati,Dhading,Galchhi,NP03,NP0330,NP0330410,8,affected,population projections 2026,male,age_group_90_94,0
Bagmati,Dhading,Galchhi,NP03,NP0330,NP0330410,8,affected,population projections 2026,female,age_group_90_94,5
Bagmati,Dhading,Galchhi,NP03,NP0330,NP0330410,8,affected,population projections 2026,total,age_group_95plus,2
Bagmati,Dhading,Galchhi,NP03,NP0330,NP0330410,8,affected,population projections 2026,male,age_group_95plus,0
Bagmati,Dhading,Galchhi,NP03,NP0330,NP0330410,8,affected,population projections 2026,female,age_group_95plus,2
Bagmati,Dhading,Gajuri,NP03,NP0330,NP0330409,1,affected,population projections 2026,total,population_total,5214
Bagmati,Dhading,Gajuri,NP03,NP0330,NP0330409,1,affected,population projections 2026,male,population_overall_male,2581
Bagmati,Dhading,Gajuri,NP03,NP0330,NP0330409,1,affected,population projections 2026,female,population_overall_female,2633
Bagmati,Dhading,Gajuri,NP03,NP0330,NP0330409,1,affected,population projections 2026,total,age_group_0_4,455
Bagmati,Dhading,Gajuri,NP03,NP0330,NP0330409,1,affected,population projections 2026,male,age_group_0_4,234
Bagmati,Dhading,Gajuri,NP03,NP0330,NP0330409,1,affected,population projections 2026,female,age_group_0_4,221
Bagmati,Dhading,Gajuri,NP03,NP0330,NP0330409,1,affected,population projections 2026,total,age_group_5_9,447
Bagmati,Dhading,Gajuri,NP03,NP0330,NP0330409,1,affected,population projections 2026,male,age_group_5_9,230
Bagmati,Dhading,Gajuri,NP03,NP0330,NP0330409,1,affected,population projections 2026,female,age_group_5_9,217
Bagmati,Dhading,Gajuri,NP03,NP0330,NP0330409,1,affected,population projections 2026,total,age_group_10_14,477
Bagmati,Dhading,Gajuri,NP03,NP0330,NP0330409,1,affected,population projections 2026,male,age_group_10_14,240
Bagmati,Dhading,Gajuri,NP03,NP0330,NP0330409,1,affected,population projections 2026,female,age_group_10_14,237
Bagmati,Dhading,Gajuri,NP03,NP0330,NP0330409,1,affected,population projections 2026,total,age_group_15_19,414
Bagmati,Dhading,Gajuri,NP03,NP0330,NP0330409,1,affected,population projections 2026,male,age_group_15_19,215
Bagmati,Dhading,Gajuri,NP03,NP0330,NP0330409,1,affected,population projections 2026,female,age_group_15_19,199
Bagmati,Dhading,Gajuri,NP03,NP0330,NP0330409,1,affected,population projections 2026,total,age_group_20_24,448
Bagmati,Dhading,Gajuri,NP03,NP0330,NP0330409,1,affected,population projections 2026,male,age_group_20_24,220
Bagmati,Dhading,Gajuri,NP03,NP0330,NP0330409,1,affected,population projections 2026,female,age_group_20_24,228
Bagmati,Dhading,Gajuri,NP03,NP0330,NP0330409,1,affected,population projections 2026,total,age_group_25_29,437
Bagmati,Dhading,Gajuri,NP03,NP0330,NP0330409,1,affected,population projections 2026,male,age_group_25_29,196
Bagmati,Dhading,Gajuri,NP03,NP0330,NP0330409,1,affected,population projections 2026,female,age_group_25_29,241
Bagmati,Dhading,Gajuri,NP03,NP0330,NP0330409,1,affected,population projections 2026,total,age_group_30_34,510
Bagmati,Dhading,Gajuri,NP03,NP0330,NP0330409,1,affected,population projections 2026,male,age_group_30_34,236
Bagmati,Dhading,Gajuri,NP03,NP0330,NP0330409,1,affected,population projections 2026,female,age_group_30_34,274
Bagmati,Dhading,Gajuri,NP03,NP0330,NP0330409,1,affected,population projections 2026,total,age_group_35_39,403
Bagmati,Dhading,Gajuri,NP03,NP0330,NP0330409,1,affected,population projections 2026,male,age_group_35_39,191
Bagmati,Dhading,Gajuri,NP03,NP0330,NP0330409,1,affected,population projections 2026,female,age_group_35_39,212
Bagmati,Dhading,Gajuri,NP03,NP0330,NP0330409,1,affected,population projections 2026,total,age_group_40_44,364
Bagmati,Dhading,Gajuri,NP03,NP0330,NP0330409,1,affected,population projections 2026,male,age_group_40_44,181
Bagmati,Dhading,Gajuri,NP03,NP0330,NP0330409,1,affected,population projections 2026,female,age_group_40_44,183
Bagmati,Dhading,Gajuri,NP03,NP0330,NP0330409,1,affected,population projections 2026,total,age_group_45_49,304
Bagmati,Dhading,Gajuri,NP03,NP0330,NP0330409,1,affected,population projections 2026,male,age_group_45_49,160
Bagmati,Dhading,Gajuri,NP03,NP0330,NP0330409,1,affected,population projections 2026,female,age_group_45_49,144
Bagmati,Dhading,Gajuri,NP03,NP0330,NP0330409,1,affected,population projections 2026,total,age_group_50_54,249
Bagmati,Dhading,Gajuri,NP03,NP0330,NP0330409,1,affected,population projections 2026,male,age_group_50_54,128
Bagmati,Dhading,Gajuri,NP03,NP0330,NP0330409,1,affected,population projections 2026,female,age_group_50_54,121
Bagmati,Dhading,Gajuri,NP03,NP0330,NP0330409,1,affected,population projections 2026,total,age_group_55_59,217
Bagmati,Dhading,Gajuri,NP03,NP0330,NP0330409,1,affected,population projections 2026,male,age_group_55_59,112
Bagmati,Dhading,Gajuri,NP03,NP0330,NP0330409,1,affected,population projections 2026,female,age_group_55_59,105
Bagmati,Dhading,Gajuri,NP03,NP0330,NP0330409,1,affected,population projections 2026,total,age_group_60_64,158
Bagmati,Dhading,Gajuri,NP03,NP0330,NP0330409,1,affected,population projections 2026,male,age_group_60_64,85
Bagmati,Dhading,Gajuri,NP03,NP0330,NP0330409,1,affected,population projections 2026,female,age_group_60_64,73
Bagmati,Dhading,Gajuri,NP03,NP0330,NP0330409,1,affected,population projections 2026,total,age_group_65_69,118
Bagmati,Dhading,Gajuri,NP03,NP0330,NP0330409,1,affected,population projections 2026,male,age_group_65_69,62
Bagmati,Dhading,Gajuri,NP03,NP0330,NP0330409,1,affected,population projections 2026,female,age_group_65_69,56
Bagmati,Dhading,Gajuri,NP03,NP0330,NP0330409,1,affected,population projections 2026,total,age_group_70_74,92
Bagmati,Dhading,Gajuri,NP03,NP0330,NP0330409,1,affected,population projections 2026,male,age_group_70_74,40
Bagmati,Dhading,Gajuri,NP03,NP0330,NP0330409,1,affected,population projections 2026,female,age_group_70_74,52
Bagmati,Dhading,Gajuri,NP03,NP0330,NP0330409,1,affected,population projections 2026,total,age_group_75_79,64
Bagmati,Dhading,Gajuri,NP03,NP0330,NP0330409,1,affected,population projections 2026,male,age_group_75_79,26
Bagmati,Dhading,Gajuri,NP03,NP0330,NP0330409,1,affected,population projections 2026,female,age_group_75_79,38
Bagmati,Dhading,Gajuri,NP03,NP0330,NP0330409,1,affected,population projections 2026,total,age_group_80_84,33
Bagmati,Dhading,Gajuri,NP03,NP0330,NP0330409,1,affected,population projections 2026,male,age_group_80_84,14
Bagmati,Dhading,Gajuri,NP03,NP0330,NP0330409,1,affected,population projections 2026,female,age_group_80_84,19
Bagmati,Dhading,Gajuri,NP03,NP0330,NP0330409,1,affected,population projections 2026,total,age_group_85_89,13
Bagmati,Dhading,Gajuri,NP03,NP0330,NP0330409,1,affected,population projections 2026,male,age_group_85_89,6
Bagmati,Dhading,Gajuri,NP03,NP0330,NP0330409,1,affected,population projections 2026,female,age_group_85_89,7
Bagmati,Dhading,Gajuri,NP03,NP0330,NP0330409,1,affected,population projections 2026,total,age_group_90_94,10
Bagmati,Dhading,Gajuri,NP03,NP0330,NP0330409,1,affected,population projections 2026,male,age_group_90_94,5
Bagmati,Dhading,Gajuri,NP03,NP0330,NP0330409,1,affected,population projections 2026,female,age_group_90_94,5
Bagmati,Dhading,Gajuri,NP03,NP0330,NP0330409,1,affected,population projections 2026,total,age_group_95plus,1
Bagmati,Dhading,Gajuri,NP03,NP0330,NP0330409,1,affected,population projections 2026,male,age_group_95plus,0
Bagmati,Dhading,Gajuri,NP03,NP0330,NP0330409,1,affected,population projections 2026,female,age_group_95plus,1
Bagmati,Dhading,Gajuri,NP03,NP0330,NP0330409,2,affected,population projections 2026,total,population_total,4076
Bagmati,Dhading,Gajuri,NP03,NP0330,NP0330409,2,affected,population projections 2026,male,population_overall_male,2052
Bagmati,Dhading,Gajuri,NP03,NP0330,NP0330409,2,affected,population projections 2026,female,population_overall_female,2024
Bagmati,Dhading,Gajuri,NP03,NP0330,NP0330409,2,affected,population projections 2026,total,age_group_0_4,326
Bagmati,Dhading,Gajuri,NP03,NP0330,NP0330409,2,affected,population projections 2026,male,age_group_0_4,168
Bagmati,Dhading,Gajuri,NP03,NP0330,NP0330409,2,affected,population projections 2026,female,age_group_0_4,158
Bagmati,Dhading,Gajuri,NP03,NP0330,NP0330409,2,affected,population projections 2026,total,age_group_5_9,314
Bagmati,Dhading,Gajuri,NP03,NP0330,NP0330409,2,affected,population projections 2026,male,age_group_5_9,160
Bagmati,Dhading,Gajuri,NP03,NP0330,NP0330409,2,affected,population projections 2026,female,age_group_5_9,154
Bagmati,Dhading,Gajuri,NP03,NP0330,NP0330409,2,affected,population projections 2026,total,age_group_10_14,324
Bagmati,Dhading,Gajuri,NP03,NP0330,NP0330409,2,affected,population projections 2026,male,age_group_10_14,161
Bagmati,Dhading,Gajuri,NP03,NP0330,NP0330409,2,affected,population projections 2026,female,age_group_10_14,163
Bagmati,Dhading,Gajuri,NP03,NP0330,NP0330409,2,affected,population projections 2026,total,age_group_15_19,374
Bagmati,Dhading,Gajuri,NP03,NP0330,NP0330409,2,affected,population projections 2026,male,age_group_15_19,192
Bagmati,Dhading,Gajuri,NP03,NP0330,NP0330409,2,affected,population projections 2026,female,age_group_15_19,182
Bagmati,Dhading,Gajuri,NP03,NP0330,NP0330409,2,affected,population projections 2026,total,age_group_20_24,391
Bagmati,Dhading,Gajuri,NP03,NP0330,NP0330409,2,affected,population projections 2026,male,age_group_20_24,211
Bagmati,Dhading,Gajuri,NP03,NP0330,NP0330409,2,affected,population projections 2026,female,age_group_20_24,180
Bagmati,Dhading,Gajuri,NP03,NP0330,NP0330409,2,affected,population projections 2026,total,age_group_25_29,350
Bagmati,Dhading,Gajuri,NP03,NP0330,NP0330409,2,affected,population projections 2026,male,age_group_25_29,174
Bagmati,Dhading,Gajuri,NP03,NP0330,NP0330409,2,affected,population projections 2026,female,age_group_25_29,176
Bagmati,Dhading,Gajuri,NP03,NP0330,NP0330409,2,affected,population projections 2026,total,age_group_30_34,325
Bagmati,Dhading,Gajuri,NP03,NP0330,NP0330409,2,affected,population projections 2026,male,age_group_30_34,155
Bagmati,Dhading,Gajuri,NP03,NP0330,NP0330409,2,affected,population projections 2026,female,age_group_30_34,170
Bagmati,Dhading,Gajuri,NP03,NP0330,NP0330409,2,affected,population projections 2026,total,age_group_35_39,262
Bagmati,Dhading,Gajuri,NP03,NP0330,NP0330409,2,affected,population projections 2026,male,age_group_35_39,136
Bagmati,Dhading,Gajuri,NP03,NP0330,NP0330409,2,affected,population projections 2026,female,age_group_35_39,126
Bagmati,Dhading,Gajuri,NP03,NP0330,NP0330409,2,affected,population projections 2026,total,age_group_40_44,278
Bagmati,Dhading,Gajuri,NP03,NP0330,NP0330409,2,affected,population projections 2026,male,age_group_40_44,128
Bagmati,Dhading,Gajuri,NP03,NP0330,NP0330409,2,affected,population projections 2026,female,age_group_40_44,150
Bagmati,Dhading,Gajuri,NP03,NP0330,NP0330409,2,affected,population projections 2026,total,age_group_45_49,261
Bagmati,Dhading,Gajuri,NP03,NP0330,NP0330409,2,affected,population projections 2026,male,age_group_45_49,127
Bagmati,Dhading,Gajuri,NP03,NP0330,NP0330409,2,affected,population projections 2026,female,age_group_45_49,134
Bagmati,Dhading,Gajuri,NP03,NP0330,NP0330409,2,affected,population projections 2026,total,age_group_50_54,204
Bagmati,Dhading,Gajuri,NP03,NP0330,NP0330409,2,affected,population projections 2026,male,age_group_50_54,105
Bagmati,Dhading,Gajuri,NP03,NP0330,NP0330409,2,affected,population projections 2026,female,age_group_50_54,99
Bagmati,Dhading,Gajuri,NP03,NP0330,NP0330409,2,affected,population projections 2026,total,age_group_55_59,183
Bagmati,Dhading,Gajuri,NP03,NP0330,NP0330409,2,affected,population projections 2026,male,age_group_55_59,96
Bagmati,Dhading,Gajuri,NP03,NP0330,NP0330409,2,affected,population projections 2026,female,age_group_55_59,87
Bagmati,Dhading,Gajuri,NP03,NP0330,NP0330409,2,affected,population projections 2026,total,age_group_60_64,145
Bagmati,Dhading,Gajuri,NP03,NP0330,NP0330409,2,affected,population projections 2026,male,age_group_60_64,73
Bagmati,Dhading,Gajuri,NP03,NP0330,NP0330409,2,affected,population projections 2026,female,age_group_60_64,72
Bagmati,Dhading,Gajuri,NP03,NP0330,NP0330409,2,affected,population projections 2026,total,age_group_65_69,131
Bagmati,Dhading,Gajuri,NP03,NP0330,NP0330409,2,affected,population projections 2026,male,age_group_65_69,65
Bagmati,Dhading,Gajuri,NP03,NP0330,NP0330409,2,affected,population projections 2026,female,age_group_65_69,66
Bagmati,Dhading,Gajuri,NP03,NP0330,NP0330409,2,affected,population projections 2026,total,age_group_70_74,98
Bagmati,Dhading,Gajuri,NP03,NP0330,NP0330409,2,affected,population projections 2026,male,age_group_70_74,45
Bagmati,Dhading,Gajuri,NP03,NP0330,NP0330409,2,affected,population projections 2026,female,age_group_70_74,53
Bagmati,Dhading,Gajuri,NP03,NP0330,NP0330409,2,affected,population projections 2026,total,age_group_75_79,56
Bagmati,Dhading,Gajuri,NP03,NP0330,NP0330409,2,affected,population projections 2026,male,age_group_75_79,28
Bagmati,Dhading,Gajuri,NP03,NP0330,NP0330409,2,affected,population projections 2026,female,age_group_75_79,28
Bagmati,Dhading,Gajuri,NP03,NP0330,NP0330409,2,affected,population projections 2026,total,age_group_80_84,33
Bagmati,Dhading,Gajuri,NP03,NP0330,NP0330409,2,affected,population projections 2026,male,age_group_80_84,17
Bagmati,Dhading,Gajuri,NP03,NP0330,NP0330409,2,affected,population projections 2026,female,age_group_80_84,16
Bagmati,Dhading,Gajuri,NP03,NP0330,NP0330409,2,affected,population projections 2026,total,age_group_85_89,12
Bagmati,Dhading,Gajuri,NP03,NP0330,NP0330409,2,affected,population projections 2026,male,age_group_85_89,7
Bagmati,Dhading,Gajuri,NP03,NP0330,NP0330409,2,affected,population projections 2026,female,age_group_85_89,5
Bagmati,Dhading,Gajuri,NP03,NP0330,NP0330409,2,affected,population projections 2026,total,age_group_90_94,9
Bagmati,Dhading,Gajuri,NP03,NP0330,NP0330409,2,affected,population projections 2026,male,age_group_90_94,4
Bagmati,Dhading,Gajuri,NP03,NP0330,NP0330409,2,affected,population projections 2026,female,age_group_90_94,5
Bagmati,Dhading,Gajuri,NP03,NP0330,NP0330409,2,affected,population projections 2026,total,age_group_95plus,0
Bagmati,Dhading,Gajuri,NP03,NP0330,NP0330409,2,affected,population projections 2026,male,age_group_95plus,0
Bagmati,Dhading,Gajuri,NP03,NP0330,NP0330409,2,affected,population projections 2026,female,age_group_95plus,0
Bagmati,Dhading,Gajuri,NP03,NP0330,NP0330409,3,NA,population projections 2026,total,population_total,1932
Bagmati,Dhading,Gajuri,NP03,NP0330,NP0330409,3,NA,population projections 2026,male,population_overall_male,955
Bagmati,Dhading,Gajuri,NP03,NP0330,NP0330409,3,NA,population projections 2026,female,population_overall_female,977
Bagmati,Dhading,Gajuri,NP03,NP0330,NP0330409,3,NA,population projections 2026,total,age_group_0_4,150
Bagmati,Dhading,Gajuri,NP03,NP0330,NP0330409,3,NA,population projections 2026,male,age_group_0_4,77
Bagmati,Dhading,Gajuri,NP03,NP0330,NP0330409,3,NA,population projections 2026,female,age_group_0_4,73
Bagmati,Dhading,Gajuri,NP03,NP0330,NP0330409,3,NA,population projections 2026,total,age_group_5_9,184
Bagmati,Dhading,Gajuri,NP03,NP0330,NP0330409,3,NA,population projections 2026,male,age_group_5_9,95
Bagmati,Dhading,Gajuri,NP03,NP0330,NP0330409,3,NA,population projections 2026,female,age_group_5_9,89
Bagmati,Dhading,Gajuri,NP03,NP0330,NP0330409,3,NA,population projections 2026,total,age_group_10_14,205
Bagmati,Dhading,Gajuri,NP03,NP0330,NP0330409,3,NA,population projections 2026,male,age_group_10_14,109
Bagmati,Dhading,Gajuri,NP03,NP0330,NP0330409,3,NA,population projections 2026,female,age_group_10_14,96
Bagmati,Dhading,Gajuri,NP03,NP0330,NP0330409,3,NA,population projections 2026,total,age_group_15_19,232
Bagmati,Dhading,Gajuri,NP03,NP0330,NP0330409,3,NA,population projections 2026,male,age_group_15_19,112
Bagmati,Dhading,Gajuri,NP03,NP0330,NP0330409,3,NA,population projections 2026,female,age_group_15_19,120
Bagmati,Dhading,Gajuri,NP03,NP0330,NP0330409,3,NA,population projections 2026,total,age_group_20_24,191
Bagmati,Dhading,Gajuri,NP03,NP0330,NP0330409,3,NA,population projections 2026,male,age_group_20_24,93
Bagmati,Dhading,Gajuri,NP03,NP0330,NP0330409,3,NA,population projections 2026,female,age_group_20_24,98
Bagmati,Dhading,Gajuri,NP03,NP0330,NP0330409,3,NA,population projections 2026,total,age_group_25_29,139
Bagmati,Dhading,Gajuri,NP03,NP0330,NP0330409,3,NA,population projections 2026,male,age_group_25_29,66
Bagmati,Dhading,Gajuri,NP03,NP0330,NP0330409,3,NA,population projections 2026,female,age_group_25_29,73
Bagmati,Dhading,Gajuri,NP03,NP0330,NP0330409,3,NA,population projections 2026,total,age_group_30_34,121
Bagmati,Dhading,Gajuri,NP03,NP0330,NP0330409,3,NA,population projections 2026,male,age_group_30_34,55
Bagmati,Dhading,Gajuri,NP03,NP0330,NP0330409,3,NA,population projections 2026,female,age_group_30_34,66
Bagmati,Dhading,Gajuri,NP03,NP0330,NP0330409,3,NA,population projections 2026,total,age_group_35_39,114
Bagmati,Dhading,Gajuri,NP03,NP0330,NP0330409,3,NA,population projections 2026,male,age_group_35_39,48
Bagmati,Dhading,Gajuri,NP03,NP0330,NP0330409,3,NA,population projections 2026,female,age_group_35_39,66
Bagmati,Dhading,Gajuri,NP03,NP0330,NP0330409,3,NA,population projections 2026,total,age_group_40_44,126
Bagmati,Dhading,Gajuri,NP03,NP0330,NP0330409,3,NA,population projections 2026,male,age_group_40_44,63
Bagmati,Dhading,Gajuri,NP03,NP0330,NP0330409,3,NA,population projections 2026,female,age_group_40_44,63
Bagmati,Dhading,Gajuri,NP03,NP0330,NP0330409,3,NA,population projections 2026,total,age_group_45_49,100
Bagmati,Dhading,Gajuri,NP03,NP0330,NP0330409,3,NA,population projections 2026,male,age_group_45_49,48
Bagmati,Dhading,Gajuri,NP03,NP0330,NP0330409,3,NA,population projections 2026,female,age_group_45_49,52
Bagmati,Dhading,Gajuri,NP03,NP0330,NP0330409,3,NA,population projections 2026,total,age_group_50_54,73
Bagmati,Dhading,Gajuri,NP03,NP0330,NP0330409,3,NA,population projections 2026,male,age_group_50_54,38
Bagmati,Dhading,Gajuri,NP03,NP0330,NP0330409,3,NA,population projections 2026,female,age_group_50_54,35
Bagmati,Dhading,Gajuri,NP03,NP0330,NP0330409,3,NA,population projections 2026,total,age_group_55_59,83
Bagmati,Dhading,Gajuri,NP03,NP0330,NP0330409,3,NA,population projections 2026,male,age_group_55_59,45
Bagmati,Dhading,Gajuri,NP03,NP0330,NP0330409,3,NA,population projections 2026,female,age_group_55_59,38
Bagmati,Dhading,Gajuri,NP03,NP0330,NP0330409,3,NA,population projections 2026,total,age_group_60_64,61
Bagmati,Dhading,Gajuri,NP03,NP0330,NP0330409,3,NA,population projections 2026,male,age_group_60_64,33
Bagmati,Dhading,Gajuri,NP03,NP0330,NP0330409,3,NA,population projections 2026,female,age_group_60_64,28
Bagmati,Dhading,Gajuri,NP03,NP0330,NP0330409,3,NA,population projections 2026,total,age_group_65_69,53
Bagmati,Dhading,Gajuri,NP03,NP0330,NP0330409,3,NA,population projections 2026,male,age_group_65_69,27
Bagmati,Dhading,Gajuri,NP03,NP0330,NP0330409,3,NA,population projections 2026,female,age_group_65_69,26
Bagmati,Dhading,Gajuri,NP03,NP0330,NP0330409,3,NA,population projections 2026,total,age_group_70_74,44
Bagmati,Dhading,Gajuri,NP03,NP0330,NP0330409,3,NA,population projections 2026,male,age_group_70_74,21
Bagmati,Dhading,Gajuri,NP03,NP0330,NP0330409,3,NA,population projections 2026,female,age_group_70_74,23
Bagmati,Dhading,Gajuri,NP03,NP0330,NP0330409,3,NA,population projections 2026,total,age_group_75_79,32
Bagmati,Dhading,Gajuri,NP03,NP0330,NP0330409,3,NA,population projections 2026,male,age_group_75_79,12
Bagmati,Dhading,Gajuri,NP03,NP0330,NP0330409,3,NA,population projections 2026,female,age_group_75_79,20
Bagmati,Dhading,Gajuri,NP03,NP0330,NP0330409,3,NA,population projections 2026,total,age_group_80_84,19
Bagmati,Dhading,Gajuri,NP03,NP0330,NP0330409,3,NA,population projections 2026,male,age_group_80_84,10
Bagmati,Dhading,Gajuri,NP03,NP0330,NP0330409,3,NA,population projections 2026,female,age_group_80_84,9
Bagmati,Dhading,Gajuri,NP03,NP0330,NP0330409,3,NA,population projections 2026,total,age_group_85_89,5
Bagmati,Dhading,Gajuri,NP03,NP0330,NP0330409,3,NA,population projections 2026,male,age_group_85_89,3
Bagmati,Dhading,Gajuri,NP03,NP0330,NP0330409,3,NA,population projections 2026,female,age_group_85_89,2
Bagmati,Dhading,Gajuri,NP03,NP0330,NP0330409,3,NA,population projections 2026,total,age_group_90_94,0
Bagmati,Dhading,Gajuri,NP03,NP0330,NP0330409,3,NA,population projections 2026,male,age_group_90_94,0
Bagmati,Dhading,Gajuri,NP03,NP0330,NP0330409,3,NA,population projections 2026,female,age_group_90_94,0
Bagmati,Dhading,Gajuri,NP03,NP0330,NP0330409,3,NA,population projections 2026,total,age_group_95plus,0
Bagmati,Dhading,Gajuri,NP03,NP0330,NP0330409,3,NA,population projections 2026,male,age_group_95plus,0
Bagmati,Dhading,Gajuri,NP03,NP0330,NP0330409,3,NA,population projections 2026,female,age_group_95plus,0
Bagmati,Dhading,Gajuri,NP03,NP0330,NP0330409,4,NA,population projections 2026,total,population_total,2826
Bagmati,Dhading,Gajuri,NP03,NP0330,NP0330409,4,NA,population projections 2026,male,population_overall_male,1421
Bagmati,Dhading,Gajuri,NP03,NP0330,NP0330409,4,NA,population projections 2026,female,population_overall_female,1405
Bagmati,Dhading,Gajuri,NP03,NP0330,NP0330409,4,NA,population projections 2026,total,age_group_0_4,222
Bagmati,Dhading,Gajuri,NP03,NP0330,NP0330409,4,NA,population projections 2026,male,age_group_0_4,114
Bagmati,Dhading,Gajuri,NP03,NP0330,NP0330409,4,NA,population projections 2026,female,age_group_0_4,108
Bagmati,Dhading,Gajuri,NP03,NP0330,NP0330409,4,NA,population projections 2026,total,age_group_5_9,325
Bagmati,Dhading,Gajuri,NP03,NP0330,NP0330409,4,NA,population projections 2026,male,age_group_5_9,162
Bagmati,Dhading,Gajuri,NP03,NP0330,NP0330409,4,NA,population projections 2026,female,age_group_5_9,163
Bagmati,Dhading,Gajuri,NP03,NP0330,NP0330409,4,NA,population projections 2026,total,age_group_10_14,335
Bagmati,Dhading,Gajuri,NP03,NP0330,NP0330409,4,NA,population projections 2026,male,age_group_10_14,167
Bagmati,Dhading,Gajuri,NP03,NP0330,NP0330409,4,NA,population projections 2026,female,age_group_10_14,168
Bagmati,Dhading,Gajuri,NP03,NP0330,NP0330409,4,NA,population projections 2026,total,age_group_15_19,336
Bagmati,Dhading,Gajuri,NP03,NP0330,NP0330409,4,NA,population projections 2026,male,age_group_15_19,170
Bagmati,Dhading,Gajuri,NP03,NP0330,NP0330409,4,NA,population projections 2026,female,age_group_15_19,166
Bagmati,Dhading,Gajuri,NP03,NP0330,NP0330409,4,NA,population projections 2026,total,age_group_20_24,282
Bagmati,Dhading,Gajuri,NP03,NP0330,NP0330409,4,NA,population projections 2026,male,age_group_20_24,145
Bagmati,Dhading,Gajuri,NP03,NP0330,NP0330409,4,NA,population projections 2026,female,age_group_20_24,137
Bagmati,Dhading,Gajuri,NP03,NP0330,NP0330409,4,NA,population projections 2026,total,age_group_25_29,230
Bagmati,Dhading,Gajuri,NP03,NP0330,NP0330409,4,NA,population projections 2026,male,age_group_25_29,108
Bagmati,Dhading,Gajuri,NP03,NP0330,NP0330409,4,NA,population projections 2026,female,age_group_25_29,122
Bagmati,Dhading,Gajuri,NP03,NP0330,NP0330409,4,NA,population projections 2026,total,age_group_30_34,194
Bagmati,Dhading,Gajuri,NP03,NP0330,NP0330409,4,NA,population projections 2026,male,age_group_30_34,99
Bagmati,Dhading,Gajuri,NP03,NP0330,NP0330409,4,NA,population projections 2026,female,age_group_30_34,95
Bagmati,Dhading,Gajuri,NP03,NP0330,NP0330409,4,NA,population projections 2026,total,age_group_35_39,154
Bagmati,Dhading,Gajuri,NP03,NP0330,NP0330409,4,NA,population projections 2026,male,age_group_35_39,76
Bagmati,Dhading,Gajuri,NP03,NP0330,NP0330409,4,NA,population projections 2026,female,age_group_35_39,78
Bagmati,Dhading,Gajuri,NP03,NP0330,NP0330409,4,NA,population projections 2026,total,age_group_40_44,141
Bagmati,Dhading,Gajuri,NP03,NP0330,NP0330409,4,NA,population projections 2026,male,age_group_40_44,64
Bagmati,Dhading,Gajuri,NP03,NP0330,NP0330409,4,NA,population projections 2026,female,age_group_40_44,77
Bagmati,Dhading,Gajuri,NP03,NP0330,NP0330409,4,NA,population projections 2026,total,age_group_45_49,118
Bagmati,Dhading,Gajuri,NP03,NP0330,NP0330409,4,NA,population projections 2026,male,age_group_45_49,61
Bagmati,Dhading,Gajuri,NP03,NP0330,NP0330409,4,NA,population projections 2026,female,age_group_45_49,57
Bagmati,Dhading,Gajuri,NP03,NP0330,NP0330409,4,NA,population projections 2026,total,age_group_50_54,109
Bagmati,Dhading,Gajuri,NP03,NP0330,NP0330409,4,NA,population projections 2026,male,age_group_50_54,53
Bagmati,Dhading,Gajuri,NP03,NP0330,NP0330409,4,NA,population projections 2026,female,age_group_50_54,56
Bagmati,Dhading,Gajuri,NP03,NP0330,NP0330409,4,NA,population projections 2026,total,age_group_55_59,105
Bagmati,Dhading,Gajuri,NP03,NP0330,NP0330409,4,NA,population projections 2026,male,age_group_55_59,53
Bagmati,Dhading,Gajuri,NP03,NP0330,NP0330409,4,NA,population projections 2026,female,age_group_55_59,52
Bagmati,Dhading,Gajuri,NP03,NP0330,NP0330409,4,NA,population projections 2026,total,age_group_60_64,80
Bagmati,Dhading,Gajuri,NP03,NP0330,NP0330409,4,NA,population projections 2026,male,age_group_60_64,45
Bagmati,Dhading,Gajuri,NP03,NP0330,NP0330409,4,NA,population projections 2026,female,age_group_60_64,35
Bagmati,Dhading,Gajuri,NP03,NP0330,NP0330409,4,NA,population projections 2026,total,age_group_65_69,58
Bagmati,Dhading,Gajuri,NP03,NP0330,NP0330409,4,NA,population projections 2026,male,age_group_65_69,36
Bagmati,Dhading,Gajuri,NP03,NP0330,NP0330409,4,NA,population projections 2026,female,age_group_65_69,22
Bagmati,Dhading,Gajuri,NP03,NP0330,NP0330409,4,NA,population projections 2026,total,age_group_70_74,64
Bagmati,Dhading,Gajuri,NP03,NP0330,NP0330409,4,NA,population projections 2026,male,age_group_70_74,33
Bagmati,Dhading,Gajuri,NP03,NP0330,NP0330409,4,NA,population projections 2026,female,age_group_70_74,31
Bagmati,Dhading,Gajuri,NP03,NP0330,NP0330409,4,NA,population projections 2026,total,age_group_75_79,48
Bagmati,Dhading,Gajuri,NP03,NP0330,NP0330409,4,NA,population projections 2026,male,age_group_75_79,25
Bagmati,Dhading,Gajuri,NP03,NP0330,NP0330409,4,NA,population projections 2026,female,age_group_75_79,23
Bagmati,Dhading,Gajuri,NP03,NP0330,NP0330409,4,NA,population projections 2026,total,age_group_80_84,19
Bagmati,Dhading,Gajuri,NP03,NP0330,NP0330409,4,NA,population projections 2026,male,age_group_80_84,9
Bagmati,Dhading,Gajuri,NP03,NP0330,NP0330409,4,NA,population projections 2026,female,age_group_80_84,10
Bagmati,Dhading,Gajuri,NP03,NP0330,NP0330409,4,NA,population projections 2026,total,age_group_85_89,6
Bagmati,Dhading,Gajuri,NP03,NP0330,NP0330409,4,NA,population projections 2026,male,age_group_85_89,1
Bagmati,Dhading,Gajuri,NP03,NP0330,NP0330409,4,NA,population projections 2026,female,age_group_85_89,5
Bagmati,Dhading,Gajuri,NP03,NP0330,NP0330409,4,NA,population projections 2026,total,age_group_90_94,0
Bagmati,Dhading,Gajuri,NP03,NP0330,NP0330409,4,NA,population projections 2026,male,age_group_90_94,0
Bagmati,Dhading,Gajuri,NP03,NP0330,NP0330409,4,NA,population projections 2026,female,age_group_90_94,0
Bagmati,Dhading,Gajuri,NP03,NP0330,NP0330409,4,NA,population projections 2026,total,age_group_95plus,0
Bagmati,Dhading,Gajuri,NP03,NP0330,NP0330409,4,NA,population projections 2026,male,age_group_95plus,0
Bagmati,Dhading,Gajuri,NP03,NP0330,NP0330409,4,NA,population projections 2026,female,age_group_95plus,0
Bagmati,Dhading,Gajuri,NP03,NP0330,NP0330409,5,affected,population projections 2026,total,population_total,3788
Bagmati,Dhading,Gajuri,NP03,NP0330,NP0330409,5,affected,population projections 2026,male,population_overall_male,1875
Bagmati,Dhading,Gajuri,NP03,NP0330,NP0330409,5,affected,population projections 2026,female,population_overall_female,1913
Bagmati,Dhading,Gajuri,NP03,NP0330,NP0330409,5,affected,population projections 2026,total,age_group_0_4,311
Bagmati,Dhading,Gajuri,NP03,NP0330,NP0330409,5,affected,population projections 2026,male,age_group_0_4,160
Bagmati,Dhading,Gajuri,NP03,NP0330,NP0330409,5,affected,population projections 2026,female,age_group_0_4,151
Bagmati,Dhading,Gajuri,NP03,NP0330,NP0330409,5,affected,population projections 2026,total,age_group_5_9,261
Bagmati,Dhading,Gajuri,NP03,NP0330,NP0330409,5,affected,population projections 2026,male,age_group_5_9,137
Bagmati,Dhading,Gajuri,NP03,NP0330,NP0330409,5,affected,population projections 2026,female,age_group_5_9,124
Bagmati,Dhading,Gajuri,NP03,NP0330,NP0330409,5,affected,population projections 2026,total,age_group_10_14,317
Bagmati,Dhading,Gajuri,NP03,NP0330,NP0330409,5,affected,population projections 2026,male,age_group_10_14,172
Bagmati,Dhading,Gajuri,NP03,NP0330,NP0330409,5,affected,population projections 2026,female,age_group_10_14,145
Bagmati,Dhading,Gajuri,NP03,NP0330,NP0330409,5,affected,population projections 2026,total,age_group_15_19,348
Bagmati,Dhading,Gajuri,NP03,NP0330,NP0330409,5,affected,population projections 2026,male,age_group_15_19,182
Bagmati,Dhading,Gajuri,NP03,NP0330,NP0330409,5,affected,population projections 2026,female,age_group_15_19,166
Bagmati,Dhading,Gajuri,NP03,NP0330,NP0330409,5,affected,population projections 2026,total,age_group_20_24,369
Bagmati,Dhading,Gajuri,NP03,NP0330,NP0330409,5,affected,population projections 2026,male,age_group_20_24,183
Bagmati,Dhading,Gajuri,NP03,NP0330,NP0330409,5,affected,population projections 2026,female,age_group_20_24,186
Bagmati,Dhading,Gajuri,NP03,NP0330,NP0330409,5,affected,population projections 2026,total,age_group_25_29,316
Bagmati,Dhading,Gajuri,NP03,NP0330,NP0330409,5,affected,population projections 2026,male,age_group_25_29,153
Bagmati,Dhading,Gajuri,NP03,NP0330,NP0330409,5,affected,population projections 2026,female,age_group_25_29,163
Bagmati,Dhading,Gajuri,NP03,NP0330,NP0330409,5,affected,population projections 2026,total,age_group_30_34,265
Bagmati,Dhading,Gajuri,NP03,NP0330,NP0330409,5,affected,population projections 2026,male,age_group_30_34,123
Bagmati,Dhading,Gajuri,NP03,NP0330,NP0330409,5,affected,population projections 2026,female,age_group_30_34,142
Bagmati,Dhading,Gajuri,NP03,NP0330,NP0330409,5,affected,population projections 2026,total,age_group_35_39,241
Bagmati,Dhading,Gajuri,NP03,NP0330,NP0330409,5,affected,population projections 2026,male,age_group_35_39,105
Bagmati,Dhading,Gajuri,NP03,NP0330,NP0330409,5,affected,population projections 2026,female,age_group_35_39,136
Bagmati,Dhading,Gajuri,NP03,NP0330,NP0330409,5,affected,population projections 2026,total,age_group_40_44,257
Bagmati,Dhading,Gajuri,NP03,NP0330,NP0330409,5,affected,population projections 2026,male,age_group_40_44,116
Bagmati,Dhading,Gajuri,NP03,NP0330,NP0330409,5,affected,population projections 2026,female,age_group_40_44,141
Bagmati,Dhading,Gajuri,NP03,NP0330,NP0330409,5,affected,population projections 2026,total,age_group_45_49,247
Bagmati,Dhading,Gajuri,NP03,NP0330,NP0330409,5,affected,population projections 2026,male,age_group_45_49,114
Bagmati,Dhading,Gajuri,NP03,NP0330,NP0330409,5,affected,population projections 2026,female,age_group_45_49,133
Bagmati,Dhading,Gajuri,NP03,NP0330,NP0330409,5,affected,population projections 2026,total,age_group_50_54,203
Bagmati,Dhading,Gajuri,NP03,NP0330,NP0330409,5,affected,population projections 2026,male,age_group_50_54,99
Bagmati,Dhading,Gajuri,NP03,NP0330,NP0330409,5,affected,population projections 2026,female,age_group_50_54,104
Bagmati,Dhading,Gajuri,NP03,NP0330,NP0330409,5,affected,population projections 2026,total,age_group_55_59,199
Bagmati,Dhading,Gajuri,NP03,NP0330,NP0330409,5,affected,population projections 2026,male,age_group_55_59,102
Bagmati,Dhading,Gajuri,NP03,NP0330,NP0330409,5,affected,population projections 2026,female,age_group_55_59,97
Bagmati,Dhading,Gajuri,NP03,NP0330,NP0330409,5,affected,population projections 2026,total,age_group_60_64,134
Bagmati,Dhading,Gajuri,NP03,NP0330,NP0330409,5,affected,population projections 2026,male,age_group_60_64,70
Bagmati,Dhading,Gajuri,NP03,NP0330,NP0330409,5,affected,population projections 2026,female,age_group_60_64,64
Bagmati,Dhading,Gajuri,NP03,NP0330,NP0330409,5,affected,population projections 2026,total,age_group_65_69,114
Bagmati,Dhading,Gajuri,NP03,NP0330,NP0330409,5,affected,population projections 2026,male,age_group_65_69,60
Bagmati,Dhading,Gajuri,NP03,NP0330,NP0330409,5,affected,population projections 2026,female,age_group_65_69,54
Bagmati,Dhading,Gajuri,NP03,NP0330,NP0330409,5,affected,population projections 2026,total,age_group_70_74,92
Bagmati,Dhading,Gajuri,NP03,NP0330,NP0330409,5,affected,population projections 2026,male,age_group_70_74,43
Bagmati,Dhading,Gajuri,NP03,NP0330,NP0330409,5,affected,population projections 2026,female,age_group_70_74,49
Bagmati,Dhading,Gajuri,NP03,NP0330,NP0330409,5,affected,population projections 2026,total,age_group_75_79,65
Bagmati,Dhading,Gajuri,NP03,NP0330,NP0330409,5,affected,population projections 2026,male,age_group_75_79,33
Bagmati,Dhading,Gajuri,NP03,NP0330,NP0330409,5,affected,population projections 2026,female,age_group_75_79,32
Bagmati,Dhading,Gajuri,NP03,NP0330,NP0330409,5,affected,population projections 2026,total,age_group_80_84,31
Bagmati,Dhading,Gajuri,NP03,NP0330,NP0330409,5,affected,population projections 2026,male,age_group_80_84,14
Bagmati,Dhading,Gajuri,NP03,NP0330,NP0330409,5,affected,population projections 2026,female,age_group_80_84,17
Bagmati,Dhading,Gajuri,NP03,NP0330,NP0330409,5,affected,population projections 2026,total,age_group_85_89,11
Bagmati,Dhading,Gajuri,NP03,NP0330,NP0330409,5,affected,population projections 2026,male,age_group_85_89,5
Bagmati,Dhading,Gajuri,NP03,NP0330,NP0330409,5,affected,population projections 2026,female,age_group_85_89,6
Bagmati,Dhading,Gajuri,NP03,NP0330,NP0330409,5,affected,population projections 2026,total,age_group_90_94,7
Bagmati,Dhading,Gajuri,NP03,NP0330,NP0330409,5,affected,population projections 2026,male,age_group_90_94,4
Bagmati,Dhading,Gajuri,NP03,NP0330,NP0330409,5,affected,population projections 2026,female,age_group_90_94,3
Bagmati,Dhading,Gajuri,NP03,NP0330,NP0330409,5,affected,population projections 2026,total,age_group_95plus,0
Bagmati,Dhading,Gajuri,NP03,NP0330,NP0330409,5,affected,population projections 2026,male,age_group_95plus,0
Bagmati,Dhading,Gajuri,NP03,NP0330,NP0330409,5,affected,population projections 2026,female,age_group_95plus,0
Bagmati,Dhading,Gajuri,NP03,NP0330,NP0330409,6,affected,population projections 2026,total,population_total,4625
Bagmati,Dhading,Gajuri,NP03,NP0330,NP0330409,6,affected,population projections 2026,male,population_overall_male,2296
Bagmati,Dhading,Gajuri,NP03,NP0330,NP0330409,6,affected,population projections 2026,female,population_overall_female,2329
Bagmati,Dhading,Gajuri,NP03,NP0330,NP0330409,6,affected,population projections 2026,total,age_group_0_4,376
Bagmati,Dhading,Gajuri,NP03,NP0330,NP0330409,6,affected,population projections 2026,male,age_group_0_4,194
Bagmati,Dhading,Gajuri,NP03,NP0330,NP0330409,6,affected,population projections 2026,female,age_group_0_4,182
Bagmati,Dhading,Gajuri,NP03,NP0330,NP0330409,6,affected,population projections 2026,total,age_group_5_9,370
Bagmati,Dhading,Gajuri,NP03,NP0330,NP0330409,6,affected,population projections 2026,male,age_group_5_9,178
Bagmati,Dhading,Gajuri,NP03,NP0330,NP0330409,6,affected,population projections 2026,female,age_group_5_9,192
Bagmati,Dhading,Gajuri,NP03,NP0330,NP0330409,6,affected,population projections 2026,total,age_group_10_14,405
Bagmati,Dhading,Gajuri,NP03,NP0330,NP0330409,6,affected,population projections 2026,male,age_group_10_14,202
Bagmati,Dhading,Gajuri,NP03,NP0330,NP0330409,6,affected,population projections 2026,female,age_group_10_14,203
Bagmati,Dhading,Gajuri,NP03,NP0330,NP0330409,6,affected,population projections 2026,total,age_group_15_19,435
Bagmati,Dhading,Gajuri,NP03,NP0330,NP0330409,6,affected,population projections 2026,male,age_group_15_19,235
Bagmati,Dhading,Gajuri,NP03,NP0330,NP0330409,6,affected,population projections 2026,female,age_group_15_19,200
Bagmati,Dhading,Gajuri,NP03,NP0330,NP0330409,6,affected,population projections 2026,total,age_group_20_24,434
Bagmati,Dhading,Gajuri,NP03,NP0330,NP0330409,6,affected,population projections 2026,male,age_group_20_24,219
Bagmati,Dhading,Gajuri,NP03,NP0330,NP0330409,6,affected,population projections 2026,female,age_group_20_24,215
Bagmati,Dhading,Gajuri,NP03,NP0330,NP0330409,6,affected,population projections 2026,total,age_group_25_29,374
Bagmati,Dhading,Gajuri,NP03,NP0330,NP0330409,6,affected,population projections 2026,male,age_group_25_29,175
Bagmati,Dhading,Gajuri,NP03,NP0330,NP0330409,6,affected,population projections 2026,female,age_group_25_29,199
Bagmati,Dhading,Gajuri,NP03,NP0330,NP0330409,6,affected,population projections 2026,total,age_group_30_34,371
Bagmati,Dhading,Gajuri,NP03,NP0330,NP0330409,6,affected,population projections 2026,male,age_group_30_34,185
Bagmati,Dhading,Gajuri,NP03,NP0330,NP0330409,6,affected,population projections 2026,female,age_group_30_34,186
Bagmati,Dhading,Gajuri,NP03,NP0330,NP0330409,6,affected,population projections 2026,total,age_group_35_39,304
Bagmati,Dhading,Gajuri,NP03,NP0330,NP0330409,6,affected,population projections 2026,male,age_group_35_39,144
Bagmati,Dhading,Gajuri,NP03,NP0330,NP0330409,6,affected,population projections 2026,female,age_group_35_39,160
Bagmati,Dhading,Gajuri,NP03,NP0330,NP0330409,6,affected,population projections 2026,total,age_group_40_44,318
Bagmati,Dhading,Gajuri,NP03,NP0330,NP0330409,6,affected,population projections 2026,male,age_group_40_44,151
Bagmati,Dhading,Gajuri,NP03,NP0330,NP0330409,6,affected,population projections 2026,female,age_group_40_44,167
Bagmati,Dhading,Gajuri,NP03,NP0330,NP0330409,6,affected,population projections 2026,total,age_group_45_49,279
Bagmati,Dhading,Gajuri,NP03,NP0330,NP0330409,6,affected,population projections 2026,male,age_group_45_49,140
Bagmati,Dhading,Gajuri,NP03,NP0330,NP0330409,6,affected,population projections 2026,female,age_group_45_49,139
Bagmati,Dhading,Gajuri,NP03,NP0330,NP0330409,6,affected,population projections 2026,total,age_group_50_54,208
Bagmati,Dhading,Gajuri,NP03,NP0330,NP0330409,6,affected,population projections 2026,male,age_group_50_54,105
Bagmati,Dhading,Gajuri,NP03,NP0330,NP0330409,6,affected,population projections 2026,female,age_group_50_54,103
Bagmati,Dhading,Gajuri,NP03,NP0330,NP0330409,6,affected,population projections 2026,total,age_group_55_59,180
Bagmati,Dhading,Gajuri,NP03,NP0330,NP0330409,6,affected,population projections 2026,male,age_group_55_59,89
Bagmati,Dhading,Gajuri,NP03,NP0330,NP0330409,6,affected,population projections 2026,female,age_group_55_59,91
Bagmati,Dhading,Gajuri,NP03,NP0330,NP0330409,6,affected,population projections 2026,total,age_group_60_64,170
Bagmati,Dhading,Gajuri,NP03,NP0330,NP0330409,6,affected,population projections 2026,male,age_group_60_64,84
Bagmati,Dhading,Gajuri,NP03,NP0330,NP0330409,6,affected,population projections 2026,female,age_group_60_64,86
Bagmati,Dhading,Gajuri,NP03,NP0330,NP0330409,6,affected,population projections 2026,total,age_group_65_69,134
Bagmati,Dhading,Gajuri,NP03,NP0330,NP0330409,6,affected,population projections 2026,male,age_group_65_69,65
Bagmati,Dhading,Gajuri,NP03,NP0330,NP0330409,6,affected,population projections 2026,female,age_group_65_69,69
Bagmati,Dhading,Gajuri,NP03,NP0330,NP0330409,6,affected,population projections 2026,total,age_group_70_74,109
Bagmati,Dhading,Gajuri,NP03,NP0330,NP0330409,6,affected,population projections 2026,male,age_group_70_74,53
Bagmati,Dhading,Gajuri,NP03,NP0330,NP0330409,6,affected,population projections 2026,female,age_group_70_74,56
Bagmati,Dhading,Gajuri,NP03,NP0330,NP0330409,6,affected,population projections 2026,total,age_group_75_79,85
Bagmati,Dhading,Gajuri,NP03,NP0330,NP0330409,6,affected,population projections 2026,male,age_group_75_79,40
Bagmati,Dhading,Gajuri,NP03,NP0330,NP0330409,6,affected,population projections 2026,female,age_group_75_79,45
Bagmati,Dhading,Gajuri,NP03,NP0330,NP0330409,6,affected,population projections 2026,total,age_group_80_84,43
Bagmati,Dhading,Gajuri,NP03,NP0330,NP0330409,6,affected,population projections 2026,male,age_group_80_84,22
Bagmati,Dhading,Gajuri,NP03,NP0330,NP0330409,6,affected,population projections 2026,female,age_group_80_84,21
Bagmati,Dhading,Gajuri,NP03,NP0330,NP0330409,6,affected,population projections 2026,total,age_group_85_89,21
Bagmati,Dhading,Gajuri,NP03,NP0330,NP0330409,6,affected,population projections 2026,male,age_group_85_89,11
Bagmati,Dhading,Gajuri,NP03,NP0330,NP0330409,6,affected,population projections 2026,female,age_group_85_89,10
Bagmati,Dhading,Gajuri,NP03,NP0330,NP0330409,6,affected,population projections 2026,total,age_group_90_94,9
Bagmati,Dhading,Gajuri,NP03,NP0330,NP0330409,6,affected,population projections 2026,male,age_group_90_94,4
Bagmati,Dhading,Gajuri,NP03,NP0330,NP0330409,6,affected,population projections 2026,female,age_group_90_94,5
Bagmati,Dhading,Gajuri,NP03,NP0330,NP0330409,6,affected,population projections 2026,total,age_group_95plus,0
Bagmati,Dhading,Gajuri,NP03,NP0330,NP0330409,6,affected,population projections 2026,male,age_group_95plus,0
Bagmati,Dhading,Gajuri,NP03,NP0330,NP0330409,6,affected,population projections 2026,female,age_group_95plus,0
Bagmati,Dhading,Gajuri,NP03,NP0330,NP0330409,7,NA,population projections 2026,total,population_total,2167
Bagmati,Dhading,Gajuri,NP03,NP0330,NP0330409,7,NA,population projections 2026,male,population_overall_male,1092
Bagmati,Dhading,Gajuri,NP03,NP0330,NP0330409,7,NA,population projections 2026,female,population_overall_female,1075
Bagmati,Dhading,Gajuri,NP03,NP0330,NP0330409,7,NA,population projections 2026,total,age_group_0_4,175
Bagmati,Dhading,Gajuri,NP03,NP0330,NP0330409,7,NA,population projections 2026,male,age_group_0_4,90
Bagmati,Dhading,Gajuri,NP03,NP0330,NP0330409,7,NA,population projections 2026,female,age_group_0_4,85
Bagmati,Dhading,Gajuri,NP03,NP0330,NP0330409,7,NA,population projections 2026,total,age_group_5_9,153
Bagmati,Dhading,Gajuri,NP03,NP0330,NP0330409,7,NA,population projections 2026,male,age_group_5_9,73
Bagmati,Dhading,Gajuri,NP03,NP0330,NP0330409,7,NA,population projections 2026,female,age_group_5_9,80
Bagmati,Dhading,Gajuri,NP03,NP0330,NP0330409,7,NA,population projections 2026,total,age_group_10_14,190
Bagmati,Dhading,Gajuri,NP03,NP0330,NP0330409,7,NA,population projections 2026,male,age_group_10_14,107
Bagmati,Dhading,Gajuri,NP03,NP0330,NP0330409,7,NA,population projections 2026,female,age_group_10_14,83
Bagmati,Dhading,Gajuri,NP03,NP0330,NP0330409,7,NA,population projections 2026,total,age_group_15_19,235
Bagmati,Dhading,Gajuri,NP03,NP0330,NP0330409,7,NA,population projections 2026,male,age_group_15_19,127
Bagmati,Dhading,Gajuri,NP03,NP0330,NP0330409,7,NA,population projections 2026,female,age_group_15_19,108
Bagmati,Dhading,Gajuri,NP03,NP0330,NP0330409,7,NA,population projections 2026,total,age_group_20_24,212
Bagmati,Dhading,Gajuri,NP03,NP0330,NP0330409,7,NA,population projections 2026,male,age_group_20_24,99
Bagmati,Dhading,Gajuri,NP03,NP0330,NP0330409,7,NA,population projections 2026,female,age_group_20_24,113
Bagmati,Dhading,Gajuri,NP03,NP0330,NP0330409,7,NA,population projections 2026,total,age_group_25_29,181
Bagmati,Dhading,Gajuri,NP03,NP0330,NP0330409,7,NA,population projections 2026,male,age_group_25_29,87
Bagmati,Dhading,Gajuri,NP03,NP0330,NP0330409,7,NA,population projections 2026,female,age_group_25_29,94
Bagmati,Dhading,Gajuri,NP03,NP0330,NP0330409,7,NA,population projections 2026,total,age_group_30_34,155
Bagmati,Dhading,Gajuri,NP03,NP0330,NP0330409,7,NA,population projections 2026,male,age_group_30_34,81
Bagmati,Dhading,Gajuri,NP03,NP0330,NP0330409,7,NA,population projections 2026,female,age_group_30_34,74
Bagmati,Dhading,Gajuri,NP03,NP0330,NP0330409,7,NA,population projections 2026,total,age_group_35_39,111
Bagmati,Dhading,Gajuri,NP03,NP0330,NP0330409,7,NA,population projections 2026,male,age_group_35_39,55
Bagmati,Dhading,Gajuri,NP03,NP0330,NP0330409,7,NA,population projections 2026,female,age_group_35_39,56
Bagmati,Dhading,Gajuri,NP03,NP0330,NP0330409,7,NA,population projections 2026,total,age_group_40_44,126
Bagmati,Dhading,Gajuri,NP03,NP0330,NP0330409,7,NA,population projections 2026,male,age_group_40_44,57
Bagmati,Dhading,Gajuri,NP03,NP0330,NP0330409,7,NA,population projections 2026,female,age_group_40_44,69
Bagmati,Dhading,Gajuri,NP03,NP0330,NP0330409,7,NA,population projections 2026,total,age_group_45_49,124
Bagmati,Dhading,Gajuri,NP03,NP0330,NP0330409,7,NA,population projections 2026,male,age_group_45_49,63
Bagmati,Dhading,Gajuri,NP03,NP0330,NP0330409,7,NA,population projections 2026,female,age_group_45_49,61
Bagmati,Dhading,Gajuri,NP03,NP0330,NP0330409,7,NA,population projections 2026,total,age_group_50_54,113
Bagmati,Dhading,Gajuri,NP03,NP0330,NP0330409,7,NA,population projections 2026,male,age_group_50_54,58
Bagmati,Dhading,Gajuri,NP03,NP0330,NP0330409,7,NA,population projections 2026,female,age_group_50_54,55
Bagmati,Dhading,Gajuri,NP03,NP0330,NP0330409,7,NA,population projections 2026,total,age_group_55_59,88
Bagmati,Dhading,Gajuri,NP03,NP0330,NP0330409,7,NA,population projections 2026,male,age_group_55_59,43
Bagmati,Dhading,Gajuri,NP03,NP0330,NP0330409,7,NA,population projections 2026,female,age_group_55_59,45
Bagmati,Dhading,Gajuri,NP03,NP0330,NP0330409,7,NA,population projections 2026,total,age_group_60_64,81
Bagmati,Dhading,Gajuri,NP03,NP0330,NP0330409,7,NA,population projections 2026,male,age_group_60_64,44
Bagmati,Dhading,Gajuri,NP03,NP0330,NP0330409,7,NA,population projections 2026,female,age_group_60_64,37
Bagmati,Dhading,Gajuri,NP03,NP0330,NP0330409,7,NA,population projections 2026,total,age_group_65_69,74
Bagmati,Dhading,Gajuri,NP03,NP0330,NP0330409,7,NA,population projections 2026,male,age_group_65_69,36
Bagmati,Dhading,Gajuri,NP03,NP0330,NP0330409,7,NA,population projections 2026,female,age_group_65_69,38
Bagmati,Dhading,Gajuri,NP03,NP0330,NP0330409,7,NA,population projections 2026,total,age_group_70_74,63
Bagmati,Dhading,Gajuri,NP03,NP0330,NP0330409,7,NA,population projections 2026,male,age_group_70_74,30
Bagmati,Dhading,Gajuri,NP03,NP0330,NP0330409,7,NA,population projections 2026,female,age_group_70_74,33
Bagmati,Dhading,Gajuri,NP03,NP0330,NP0330409,7,NA,population projections 2026,total,age_group_75_79,48
Bagmati,Dhading,Gajuri,NP03,NP0330,NP0330409,7,NA,population projections 2026,male,age_group_75_79,24
Bagmati,Dhading,Gajuri,NP03,NP0330,NP0330409,7,NA,population projections 2026,female,age_group_75_79,24
Bagmati,Dhading,Gajuri,NP03,NP0330,NP0330409,7,NA,population projections 2026,total,age_group_80_84,25
Bagmati,Dhading,Gajuri,NP03,NP0330,NP0330409,7,NA,population projections 2026,male,age_group_80_84,11
Bagmati,Dhading,Gajuri,NP03,NP0330,NP0330409,7,NA,population projections 2026,female,age_group_80_84,14
Bagmati,Dhading,Gajuri,NP03,NP0330,NP0330409,7,NA,population projections 2026,total,age_group_85_89,10
Bagmati,Dhading,Gajuri,NP03,NP0330,NP0330409,7,NA,population projections 2026,male,age_group_85_89,5
Bagmati,Dhading,Gajuri,NP03,NP0330,NP0330409,7,NA,population projections 2026,female,age_group_85_89,5
Bagmati,Dhading,Gajuri,NP03,NP0330,NP0330409,7,NA,population projections 2026,total,age_group_90_94,2
Bagmati,Dhading,Gajuri,NP03,NP0330,NP0330409,7,NA,population projections 2026,male,age_group_90_94,2
Bagmati,Dhading,Gajuri,NP03,NP0330,NP0330409,7,NA,population projections 2026,female,age_group_90_94,0
Bagmati,Dhading,Gajuri,NP03,NP0330,NP0330409,7,NA,population projections 2026,total,age_group_95plus,1
Bagmati,Dhading,Gajuri,NP03,NP0330,NP0330409,7,NA,population projections 2026,male,age_group_95plus,0
Bagmati,Dhading,Gajuri,NP03,NP0330,NP0330409,7,NA,population projections 2026,female,age_group_95plus,1
Bagmati,Dhading,Gajuri,NP03,NP0330,NP0330409,8,NA,population projections 2026,total,population_total,3088
Bagmati,Dhading,Gajuri,NP03,NP0330,NP0330409,8,NA,population projections 2026,male,population_overall_male,1537
Bagmati,Dhading,Gajuri,NP03,NP0330,NP0330409,8,NA,population projections 2026,female,population_overall_female,1551
Bagmati,Dhading,Gajuri,NP03,NP0330,NP0330409,8,NA,population projections 2026,total,age_group_0_4,228
Bagmati,Dhading,Gajuri,NP03,NP0330,NP0330409,8,NA,population projections 2026,male,age_group_0_4,118
Bagmati,Dhading,Gajuri,NP03,NP0330,NP0330409,8,NA,population projections 2026,female,age_group_0_4,110
Bagmati,Dhading,Gajuri,NP03,NP0330,NP0330409,8,NA,population projections 2026,total,age_group_5_9,258
Bagmati,Dhading,Gajuri,NP03,NP0330,NP0330409,8,NA,population projections 2026,male,age_group_5_9,128
Bagmati,Dhading,Gajuri,NP03,NP0330,NP0330409,8,NA,population projections 2026,female,age_group_5_9,130
Bagmati,Dhading,Gajuri,NP03,NP0330,NP0330409,8,NA,population projections 2026,total,age_group_10_14,302
Bagmati,Dhading,Gajuri,NP03,NP0330,NP0330409,8,NA,population projections 2026,male,age_group_10_14,159
Bagmati,Dhading,Gajuri,NP03,NP0330,NP0330409,8,NA,population projections 2026,female,age_group_10_14,143
Bagmati,Dhading,Gajuri,NP03,NP0330,NP0330409,8,NA,population projections 2026,total,age_group_15_19,352
Bagmati,Dhading,Gajuri,NP03,NP0330,NP0330409,8,NA,population projections 2026,male,age_group_15_19,179
Bagmati,Dhading,Gajuri,NP03,NP0330,NP0330409,8,NA,population projections 2026,female,age_group_15_19,173
Bagmati,Dhading,Gajuri,NP03,NP0330,NP0330409,8,NA,population projections 2026,total,age_group_20_24,281
Bagmati,Dhading,Gajuri,NP03,NP0330,NP0330409,8,NA,population projections 2026,male,age_group_20_24,143
Bagmati,Dhading,Gajuri,NP03,NP0330,NP0330409,8,NA,population projections 2026,female,age_group_20_24,138
Bagmati,Dhading,Gajuri,NP03,NP0330,NP0330409,8,NA,population projections 2026,total,age_group_25_29,227
Bagmati,Dhading,Gajuri,NP03,NP0330,NP0330409,8,NA,population projections 2026,male,age_group_25_29,109
Bagmati,Dhading,Gajuri,NP03,NP0330,NP0330409,8,NA,population projections 2026,female,age_group_25_29,118
Bagmati,Dhading,Gajuri,NP03,NP0330,NP0330409,8,NA,population projections 2026,total,age_group_30_34,197
Bagmati,Dhading,Gajuri,NP03,NP0330,NP0330409,8,NA,population projections 2026,male,age_group_30_34,91
Bagmati,Dhading,Gajuri,NP03,NP0330,NP0330409,8,NA,population projections 2026,female,age_group_30_34,106
Bagmati,Dhading,Gajuri,NP03,NP0330,NP0330409,8,NA,population projections 2026,total,age_group_35_39,186
Bagmati,Dhading,Gajuri,NP03,NP0330,NP0330409,8,NA,population projections 2026,male,age_group_35_39,89
Bagmati,Dhading,Gajuri,NP03,NP0330,NP0330409,8,NA,population projections 2026,female,age_group_35_39,97
Bagmati,Dhading,Gajuri,NP03,NP0330,NP0330409,8,NA,population projections 2026,total,age_group_40_44,189
Bagmati,Dhading,Gajuri,NP03,NP0330,NP0330409,8,NA,population projections 2026,male,age_group_40_44,91
Bagmati,Dhading,Gajuri,NP03,NP0330,NP0330409,8,NA,population projections 2026,female,age_group_40_44,98
Bagmati,Dhading,Gajuri,NP03,NP0330,NP0330409,8,NA,population projections 2026,total,age_group_45_49,175
Bagmati,Dhading,Gajuri,NP03,NP0330,NP0330409,8,NA,population projections 2026,male,age_group_45_49,87
Bagmati,Dhading,Gajuri,NP03,NP0330,NP0330409,8,NA,population projections 2026,female,age_group_45_49,88
Bagmati,Dhading,Gajuri,NP03,NP0330,NP0330409,8,NA,population projections 2026,total,age_group_50_54,147
Bagmati,Dhading,Gajuri,NP03,NP0330,NP0330409,8,NA,population projections 2026,male,age_group_50_54,79
Bagmati,Dhading,Gajuri,NP03,NP0330,NP0330409,8,NA,population projections 2026,female,age_group_50_54,68
Bagmati,Dhading,Gajuri,NP03,NP0330,NP0330409,8,NA,population projections 2026,total,age_group_55_59,137
Bagmati,Dhading,Gajuri,NP03,NP0330,NP0330409,8,NA,population projections 2026,male,age_group_55_59,71
Bagmati,Dhading,Gajuri,NP03,NP0330,NP0330409,8,NA,population projections 2026,female,age_group_55_59,66
Bagmati,Dhading,Gajuri,NP03,NP0330,NP0330409,8,NA,population projections 2026,total,age_group_60_64,111
Bagmati,Dhading,Gajuri,NP03,NP0330,NP0330409,8,NA,population projections 2026,male,age_group_60_64,52
Bagmati,Dhading,Gajuri,NP03,NP0330,NP0330409,8,NA,population projections 2026,female,age_group_60_64,59
Bagmati,Dhading,Gajuri,NP03,NP0330,NP0330409,8,NA,population projections 2026,total,age_group_65_69,109
Bagmati,Dhading,Gajuri,NP03,NP0330,NP0330409,8,NA,population projections 2026,male,age_group_65_69,53
Bagmati,Dhading,Gajuri,NP03,NP0330,NP0330409,8,NA,population projections 2026,female,age_group_65_69,56
Bagmati,Dhading,Gajuri,NP03,NP0330,NP0330409,8,NA,population projections 2026,total,age_group_70_74,86
Bagmati,Dhading,Gajuri,NP03,NP0330,NP0330409,8,NA,population projections 2026,male,age_group_70_74,42
Bagmati,Dhading,Gajuri,NP03,NP0330,NP0330409,8,NA,population projections 2026,female,age_group_70_74,44
Bagmati,Dhading,Gajuri,NP03,NP0330,NP0330409,8,NA,population projections 2026,total,age_group_75_79,54
Bagmati,Dhading,Gajuri,NP03,NP0330,NP0330409,8,NA,population projections 2026,male,age_group_75_79,24
Bagmati,Dhading,Gajuri,NP03,NP0330,NP0330409,8,NA,population projections 2026,female,age_group_75_79,30
Bagmati,Dhading,Gajuri,NP03,NP0330,NP0330409,8,NA,population projections 2026,total,age_group_80_84,29
Bagmati,Dhading,Gajuri,NP03,NP0330,NP0330409,8,NA,population projections 2026,male,age_group_80_84,13
Bagmati,Dhading,Gajuri,NP03,NP0330,NP0330409,8,NA,population projections 2026,female,age_group_80_84,16
Bagmati,Dhading,Gajuri,NP03,NP0330,NP0330409,8,NA,population projections 2026,total,age_group_85_89,10
Bagmati,Dhading,Gajuri,NP03,NP0330,NP0330409,8,NA,population projections 2026,male,age_group_85_89,5
Bagmati,Dhading,Gajuri,NP03,NP0330,NP0330409,8,NA,population projections 2026,female,age_group_85_89,5
Bagmati,Dhading,Gajuri,NP03,NP0330,NP0330409,8,NA,population projections 2026,total,age_group_90_94,9
Bagmati,Dhading,Gajuri,NP03,NP0330,NP0330409,8,NA,population projections 2026,male,age_group_90_94,4
Bagmati,Dhading,Gajuri,NP03,NP0330,NP0330409,8,NA,population projections 2026,female,age_group_90_94,5
Bagmati,Dhading,Gajuri,NP03,NP0330,NP0330409,8,NA,population projections 2026,total,age_group_95plus,1
Bagmati,Dhading,Gajuri,NP03,NP0330,NP0330409,8,NA,population projections 2026,male,age_group_95plus,0
Bagmati,Dhading,Gajuri,NP03,NP0330,NP0330409,8,NA,population projections 2026,female,age_group_95plus,1
Bagmati,Dhading,Benighat Rorang,NP03,NP0330,NP0330408,1,NA,population projections 2026,total,population_total,1907
Bagmati,Dhading,Benighat Rorang,NP03,NP0330,NP0330408,1,NA,population projections 2026,male,population_overall_male,928
Bagmati,Dhading,Benighat Rorang,NP03,NP0330,NP0330408,1,NA,population projections 2026,female,population_overall_female,979
Bagmati,Dhading,Benighat Rorang,NP03,NP0330,NP0330408,1,NA,population projections 2026,total,age_group_0_4,161
Bagmati,Dhading,Benighat Rorang,NP03,NP0330,NP0330408,1,NA,population projections 2026,male,age_group_0_4,83
Bagmati,Dhading,Benighat Rorang,NP03,NP0330,NP0330408,1,NA,population projections 2026,female,age_group_0_4,78
Bagmati,Dhading,Benighat Rorang,NP03,NP0330,NP0330408,1,NA,population projections 2026,total,age_group_5_9,184
Bagmati,Dhading,Benighat Rorang,NP03,NP0330,NP0330408,1,NA,population projections 2026,male,age_group_5_9,81
Bagmati,Dhading,Benighat Rorang,NP03,NP0330,NP0330408,1,NA,population projections 2026,female,age_group_5_9,103
Bagmati,Dhading,Benighat Rorang,NP03,NP0330,NP0330408,1,NA,population projections 2026,total,age_group_10_14,248
Bagmati,Dhading,Benighat Rorang,NP03,NP0330,NP0330408,1,NA,population projections 2026,male,age_group_10_14,122
Bagmati,Dhading,Benighat Rorang,NP03,NP0330,NP0330408,1,NA,population projections 2026,female,age_group_10_14,126
Bagmati,Dhading,Benighat Rorang,NP03,NP0330,NP0330408,1,NA,population projections 2026,total,age_group_15_19,203
Bagmati,Dhading,Benighat Rorang,NP03,NP0330,NP0330408,1,NA,population projections 2026,male,age_group_15_19,100
Bagmati,Dhading,Benighat Rorang,NP03,NP0330,NP0330408,1,NA,population projections 2026,female,age_group_15_19,103
Bagmati,Dhading,Benighat Rorang,NP03,NP0330,NP0330408,1,NA,population projections 2026,total,age_group_20_24,186
Bagmati,Dhading,Benighat Rorang,NP03,NP0330,NP0330408,1,NA,population projections 2026,male,age_group_20_24,82
Bagmati,Dhading,Benighat Rorang,NP03,NP0330,NP0330408,1,NA,population projections 2026,female,age_group_20_24,104
Bagmati,Dhading,Benighat Rorang,NP03,NP0330,NP0330408,1,NA,population projections 2026,total,age_group_25_29,148
Bagmati,Dhading,Benighat Rorang,NP03,NP0330,NP0330408,1,NA,population projections 2026,male,age_group_25_29,68
Bagmati,Dhading,Benighat Rorang,NP03,NP0330,NP0330408,1,NA,population projections 2026,female,age_group_25_29,80
Bagmati,Dhading,Benighat Rorang,NP03,NP0330,NP0330408,1,NA,population projections 2026,total,age_group_30_34,115
Bagmati,Dhading,Benighat Rorang,NP03,NP0330,NP0330408,1,NA,population projections 2026,male,age_group_30_34,54
Bagmati,Dhading,Benighat Rorang,NP03,NP0330,NP0330408,1,NA,population projections 2026,female,age_group_30_34,61
Bagmati,Dhading,Benighat Rorang,NP03,NP0330,NP0330408,1,NA,population projections 2026,total,age_group_35_39,104
Bagmati,Dhading,Benighat Rorang,NP03,NP0330,NP0330408,1,NA,population projections 2026,male,age_group_35_39,51
Bagmati,Dhading,Benighat Rorang,NP03,NP0330,NP0330408,1,NA,population projections 2026,female,age_group_35_39,53
Bagmati,Dhading,Benighat Rorang,NP03,NP0330,NP0330408,1,NA,population projections 2026,total,age_group_40_44,100
Bagmati,Dhading,Benighat Rorang,NP03,NP0330,NP0330408,1,NA,population projections 2026,male,age_group_40_44,52
Bagmati,Dhading,Benighat Rorang,NP03,NP0330,NP0330408,1,NA,population projections 2026,female,age_group_40_44,48
Bagmati,Dhading,Benighat Rorang,NP03,NP0330,NP0330408,1,NA,population projections 2026,total,age_group_45_49,97
Bagmati,Dhading,Benighat Rorang,NP03,NP0330,NP0330408,1,NA,population projections 2026,male,age_group_45_49,49
Bagmati,Dhading,Benighat Rorang,NP03,NP0330,NP0330408,1,NA,population projections 2026,female,age_group_45_49,48
Bagmati,Dhading,Benighat Rorang,NP03,NP0330,NP0330408,1,NA,population projections 2026,total,age_group_50_54,66
Bagmati,Dhading,Benighat Rorang,NP03,NP0330,NP0330408,1,NA,population projections 2026,male,age_group_50_54,32
Bagmati,Dhading,Benighat Rorang,NP03,NP0330,NP0330408,1,NA,population projections 2026,female,age_group_50_54,34
Bagmati,Dhading,Benighat Rorang,NP03,NP0330,NP0330408,1,NA,population projections 2026,total,age_group_55_59,66
Bagmati,Dhading,Benighat Rorang,NP03,NP0330,NP0330408,1,NA,population projections 2026,male,age_group_55_59,32
Bagmati,Dhading,Benighat Rorang,NP03,NP0330,NP0330408,1,NA,population projections 2026,female,age_group_55_59,34
Bagmati,Dhading,Benighat Rorang,NP03,NP0330,NP0330408,1,NA,population projections 2026,total,age_group_60_64,83
Bagmati,Dhading,Benighat Rorang,NP03,NP0330,NP0330408,1,NA,population projections 2026,male,age_group_60_64,44
Bagmati,Dhading,Benighat Rorang,NP03,NP0330,NP0330408,1,NA,population projections 2026,female,age_group_60_64,39
Bagmati,Dhading,Benighat Rorang,NP03,NP0330,NP0330408,1,NA,population projections 2026,total,age_group_65_69,57
Bagmati,Dhading,Benighat Rorang,NP03,NP0330,NP0330408,1,NA,population projections 2026,male,age_group_65_69,32
Bagmati,Dhading,Benighat Rorang,NP03,NP0330,NP0330408,1,NA,population projections 2026,female,age_group_65_69,25
Bagmati,Dhading,Benighat Rorang,NP03,NP0330,NP0330408,1,NA,population projections 2026,total,age_group_70_74,37
Bagmati,Dhading,Benighat Rorang,NP03,NP0330,NP0330408,1,NA,population projections 2026,male,age_group_70_74,20
Bagmati,Dhading,Benighat Rorang,NP03,NP0330,NP0330408,1,NA,population projections 2026,female,age_group_70_74,17
Bagmati,Dhading,Benighat Rorang,NP03,NP0330,NP0330408,1,NA,population projections 2026,total,age_group_75_79,27
Bagmati,Dhading,Benighat Rorang,NP03,NP0330,NP0330408,1,NA,population projections 2026,male,age_group_75_79,14
Bagmati,Dhading,Benighat Rorang,NP03,NP0330,NP0330408,1,NA,population projections 2026,female,age_group_75_79,13
Bagmati,Dhading,Benighat Rorang,NP03,NP0330,NP0330408,1,NA,population projections 2026,total,age_group_80_84,17
Bagmati,Dhading,Benighat Rorang,NP03,NP0330,NP0330408,1,NA,population projections 2026,male,age_group_80_84,9
Bagmati,Dhading,Benighat Rorang,NP03,NP0330,NP0330408,1,NA,population projections 2026,female,age_group_80_84,8
Bagmati,Dhading,Benighat Rorang,NP03,NP0330,NP0330408,1,NA,population projections 2026,total,age_group_85_89,8
Bagmati,Dhading,Benighat Rorang,NP03,NP0330,NP0330408,1,NA,population projections 2026,male,age_group_85_89,3
Bagmati,Dhading,Benighat Rorang,NP03,NP0330,NP0330408,1,NA,population projections 2026,female,age_group_85_89,5
Bagmati,Dhading,Benighat Rorang,NP03,NP0330,NP0330408,1,NA,population projections 2026,total,age_group_90_94,0
Bagmati,Dhading,Benighat Rorang,NP03,NP0330,NP0330408,1,NA,population projections 2026,male,age_group_90_94,0
Bagmati,Dhading,Benighat Rorang,NP03,NP0330,NP0330408,1,NA,population projections 2026,female,age_group_90_94,0
Bagmati,Dhading,Benighat Rorang,NP03,NP0330,NP0330408,1,NA,population projections 2026,total,age_group_95plus,0
Bagmati,Dhading,Benighat Rorang,NP03,NP0330,NP0330408,1,NA,population projections 2026,male,age_group_95plus,0
Bagmati,Dhading,Benighat Rorang,NP03,NP0330,NP0330408,1,NA,population projections 2026,female,age_group_95plus,0
Bagmati,Dhading,Benighat Rorang,NP03,NP0330,NP0330408,2,NA,population projections 2026,total,population_total,5102
Bagmati,Dhading,Benighat Rorang,NP03,NP0330,NP0330408,2,NA,population projections 2026,male,population_overall_male,2513
Bagmati,Dhading,Benighat Rorang,NP03,NP0330,NP0330408,2,NA,population projections 2026,female,population_overall_female,2589
Bagmati,Dhading,Benighat Rorang,NP03,NP0330,NP0330408,2,NA,population projections 2026,total,age_group_0_4,443
Bagmati,Dhading,Benighat Rorang,NP03,NP0330,NP0330408,2,NA,population projections 2026,male,age_group_0_4,229
Bagmati,Dhading,Benighat Rorang,NP03,NP0330,NP0330408,2,NA,population projections 2026,female,age_group_0_4,214
Bagmati,Dhading,Benighat Rorang,NP03,NP0330,NP0330408,2,NA,population projections 2026,total,age_group_5_9,559
Bagmati,Dhading,Benighat Rorang,NP03,NP0330,NP0330408,2,NA,population projections 2026,male,age_group_5_9,285
Bagmati,Dhading,Benighat Rorang,NP03,NP0330,NP0330408,2,NA,population projections 2026,female,age_group_5_9,274
Bagmati,Dhading,Benighat Rorang,NP03,NP0330,NP0330408,2,NA,population projections 2026,total,age_group_10_14,580
Bagmati,Dhading,Benighat Rorang,NP03,NP0330,NP0330408,2,NA,population projections 2026,male,age_group_10_14,279
Bagmati,Dhading,Benighat Rorang,NP03,NP0330,NP0330408,2,NA,population projections 2026,female,age_group_10_14,301
Bagmati,Dhading,Benighat Rorang,NP03,NP0330,NP0330408,2,NA,population projections 2026,total,age_group_15_19,559
Bagmati,Dhading,Benighat Rorang,NP03,NP0330,NP0330408,2,NA,population projections 2026,male,age_group_15_19,272
Bagmati,Dhading,Benighat Rorang,NP03,NP0330,NP0330408,2,NA,population projections 2026,female,age_group_15_19,287
Bagmati,Dhading,Benighat Rorang,NP03,NP0330,NP0330408,2,NA,population projections 2026,total,age_group_20_24,459
Bagmati,Dhading,Benighat Rorang,NP03,NP0330,NP0330408,2,NA,population projections 2026,male,age_group_20_24,224
Bagmati,Dhading,Benighat Rorang,NP03,NP0330,NP0330408,2,NA,population projections 2026,female,age_group_20_24,235
Bagmati,Dhading,Benighat Rorang,NP03,NP0330,NP0330408,2,NA,population projections 2026,total,age_group_25_29,444
Bagmati,Dhading,Benighat Rorang,NP03,NP0330,NP0330408,2,NA,population projections 2026,male,age_group_25_29,204
Bagmati,Dhading,Benighat Rorang,NP03,NP0330,NP0330408,2,NA,population projections 2026,female,age_group_25_29,240
Bagmati,Dhading,Benighat Rorang,NP03,NP0330,NP0330408,2,NA,population projections 2026,total,age_group_30_34,392
Bagmati,Dhading,Benighat Rorang,NP03,NP0330,NP0330408,2,NA,population projections 2026,male,age_group_30_34,188
Bagmati,Dhading,Benighat Rorang,NP03,NP0330,NP0330408,2,NA,population projections 2026,female,age_group_30_34,204
Bagmati,Dhading,Benighat Rorang,NP03,NP0330,NP0330408,2,NA,population projections 2026,total,age_group_35_39,322
Bagmati,Dhading,Benighat Rorang,NP03,NP0330,NP0330408,2,NA,population projections 2026,male,age_group_35_39,158
Bagmati,Dhading,Benighat Rorang,NP03,NP0330,NP0330408,2,NA,population projections 2026,female,age_group_35_39,164
Bagmati,Dhading,Benighat Rorang,NP03,NP0330,NP0330408,2,NA,population projections 2026,total,age_group_40_44,266
Bagmati,Dhading,Benighat Rorang,NP03,NP0330,NP0330408,2,NA,population projections 2026,male,age_group_40_44,129
Bagmati,Dhading,Benighat Rorang,NP03,NP0330,NP0330408,2,NA,population projections 2026,female,age_group_40_44,137
Bagmati,Dhading,Benighat Rorang,NP03,NP0330,NP0330408,2,NA,population projections 2026,total,age_group_45_49,217
Bagmati,Dhading,Benighat Rorang,NP03,NP0330,NP0330408,2,NA,population projections 2026,male,age_group_45_49,101
Bagmati,Dhading,Benighat Rorang,NP03,NP0330,NP0330408,2,NA,population projections 2026,female,age_group_45_49,116
Bagmati,Dhading,Benighat Rorang,NP03,NP0330,NP0330408,2,NA,population projections 2026,total,age_group_50_54,184
Bagmati,Dhading,Benighat Rorang,NP03,NP0330,NP0330408,2,NA,population projections 2026,male,age_group_50_54,94
Bagmati,Dhading,Benighat Rorang,NP03,NP0330,NP0330408,2,NA,population projections 2026,female,age_group_50_54,90
Bagmati,Dhading,Benighat Rorang,NP03,NP0330,NP0330408,2,NA,population projections 2026,total,age_group_55_59,187
Bagmati,Dhading,Benighat Rorang,NP03,NP0330,NP0330408,2,NA,population projections 2026,male,age_group_55_59,102
Bagmati,Dhading,Benighat Rorang,NP03,NP0330,NP0330408,2,NA,population projections 2026,female,age_group_55_59,85
Bagmati,Dhading,Benighat Rorang,NP03,NP0330,NP0330408,2,NA,population projections 2026,total,age_group_60_64,136
Bagmati,Dhading,Benighat Rorang,NP03,NP0330,NP0330408,2,NA,population projections 2026,male,age_group_60_64,74
Bagmati,Dhading,Benighat Rorang,NP03,NP0330,NP0330408,2,NA,population projections 2026,female,age_group_60_64,62
Bagmati,Dhading,Benighat Rorang,NP03,NP0330,NP0330408,2,NA,population projections 2026,total,age_group_65_69,114
Bagmati,Dhading,Benighat Rorang,NP03,NP0330,NP0330408,2,NA,population projections 2026,male,age_group_65_69,60
Bagmati,Dhading,Benighat Rorang,NP03,NP0330,NP0330408,2,NA,population projections 2026,female,age_group_65_69,54
Bagmati,Dhading,Benighat Rorang,NP03,NP0330,NP0330408,2,NA,population projections 2026,total,age_group_70_74,102
Bagmati,Dhading,Benighat Rorang,NP03,NP0330,NP0330408,2,NA,population projections 2026,male,age_group_70_74,51
Bagmati,Dhading,Benighat Rorang,NP03,NP0330,NP0330408,2,NA,population projections 2026,female,age_group_70_74,51
Bagmati,Dhading,Benighat Rorang,NP03,NP0330,NP0330408,2,NA,population projections 2026,total,age_group_75_79,74
Bagmati,Dhading,Benighat Rorang,NP03,NP0330,NP0330408,2,NA,population projections 2026,male,age_group_75_79,36
Bagmati,Dhading,Benighat Rorang,NP03,NP0330,NP0330408,2,NA,population projections 2026,female,age_group_75_79,38
Bagmati,Dhading,Benighat Rorang,NP03,NP0330,NP0330408,2,NA,population projections 2026,total,age_group_80_84,41
Bagmati,Dhading,Benighat Rorang,NP03,NP0330,NP0330408,2,NA,population projections 2026,male,age_group_80_84,17
Bagmati,Dhading,Benighat Rorang,NP03,NP0330,NP0330408,2,NA,population projections 2026,female,age_group_80_84,24
Bagmati,Dhading,Benighat Rorang,NP03,NP0330,NP0330408,2,NA,population projections 2026,total,age_group_85_89,15
Bagmati,Dhading,Benighat Rorang,NP03,NP0330,NP0330408,2,NA,population projections 2026,male,age_group_85_89,6
Bagmati,Dhading,Benighat Rorang,NP03,NP0330,NP0330408,2,NA,population projections 2026,female,age_group_85_89,9
Bagmati,Dhading,Benighat Rorang,NP03,NP0330,NP0330408,2,NA,population projections 2026,total,age_group_90_94,7
Bagmati,Dhading,Benighat Rorang,NP03,NP0330,NP0330408,2,NA,population projections 2026,male,age_group_90_94,4
Bagmati,Dhading,Benighat Rorang,NP03,NP0330,NP0330408,2,NA,population projections 2026,female,age_group_90_94,3
Bagmati,Dhading,Benighat Rorang,NP03,NP0330,NP0330408,2,NA,population projections 2026,total,age_group_95plus,1
Bagmati,Dhading,Benighat Rorang,NP03,NP0330,NP0330408,2,NA,population projections 2026,male,age_group_95plus,0
Bagmati,Dhading,Benighat Rorang,NP03,NP0330,NP0330408,2,NA,population projections 2026,female,age_group_95plus,1
Bagmati,Dhading,Benighat Rorang,NP03,NP0330,NP0330408,3,affected,population projections 2026,total,population_total,4532
Bagmati,Dhading,Benighat Rorang,NP03,NP0330,NP0330408,3,affected,population projections 2026,male,population_overall_male,2315
Bagmati,Dhading,Benighat Rorang,NP03,NP0330,NP0330408,3,affected,population projections 2026,female,population_overall_female,2217
Bagmati,Dhading,Benighat Rorang,NP03,NP0330,NP0330408,3,affected,population projections 2026,total,age_group_0_4,394
Bagmati,Dhading,Benighat Rorang,NP03,NP0330,NP0330408,3,affected,population projections 2026,male,age_group_0_4,203
Bagmati,Dhading,Benighat Rorang,NP03,NP0330,NP0330408,3,affected,population projections 2026,female,age_group_0_4,191
Bagmati,Dhading,Benighat Rorang,NP03,NP0330,NP0330408,3,affected,population projections 2026,total,age_group_5_9,357
Bagmati,Dhading,Benighat Rorang,NP03,NP0330,NP0330408,3,affected,population projections 2026,male,age_group_5_9,192
Bagmati,Dhading,Benighat Rorang,NP03,NP0330,NP0330408,3,affected,population projections 2026,female,age_group_5_9,165
Bagmati,Dhading,Benighat Rorang,NP03,NP0330,NP0330408,3,affected,population projections 2026,total,age_group_10_14,430
Bagmati,Dhading,Benighat Rorang,NP03,NP0330,NP0330408,3,affected,population projections 2026,male,age_group_10_14,239
Bagmati,Dhading,Benighat Rorang,NP03,NP0330,NP0330408,3,affected,population projections 2026,female,age_group_10_14,191
Bagmati,Dhading,Benighat Rorang,NP03,NP0330,NP0330408,3,affected,population projections 2026,total,age_group_15_19,425
Bagmati,Dhading,Benighat Rorang,NP03,NP0330,NP0330408,3,affected,population projections 2026,male,age_group_15_19,211
Bagmati,Dhading,Benighat Rorang,NP03,NP0330,NP0330408,3,affected,population projections 2026,female,age_group_15_19,214
Bagmati,Dhading,Benighat Rorang,NP03,NP0330,NP0330408,3,affected,population projections 2026,total,age_group_20_24,396
Bagmati,Dhading,Benighat Rorang,NP03,NP0330,NP0330408,3,affected,population projections 2026,male,age_group_20_24,201
Bagmati,Dhading,Benighat Rorang,NP03,NP0330,NP0330408,3,affected,population projections 2026,female,age_group_20_24,195
Bagmati,Dhading,Benighat Rorang,NP03,NP0330,NP0330408,3,affected,population projections 2026,total,age_group_25_29,389
Bagmati,Dhading,Benighat Rorang,NP03,NP0330,NP0330408,3,affected,population projections 2026,male,age_group_25_29,193
Bagmati,Dhading,Benighat Rorang,NP03,NP0330,NP0330408,3,affected,population projections 2026,female,age_group_25_29,196
Bagmati,Dhading,Benighat Rorang,NP03,NP0330,NP0330408,3,affected,population projections 2026,total,age_group_30_34,399
Bagmati,Dhading,Benighat Rorang,NP03,NP0330,NP0330408,3,affected,population projections 2026,male,age_group_30_34,190
Bagmati,Dhading,Benighat Rorang,NP03,NP0330,NP0330408,3,affected,population projections 2026,female,age_group_30_34,209
Bagmati,Dhading,Benighat Rorang,NP03,NP0330,NP0330408,3,affected,population projections 2026,total,age_group_35_39,358
Bagmati,Dhading,Benighat Rorang,NP03,NP0330,NP0330408,3,affected,population projections 2026,male,age_group_35_39,169
Bagmati,Dhading,Benighat Rorang,NP03,NP0330,NP0330408,3,affected,population projections 2026,female,age_group_35_39,189
Bagmati,Dhading,Benighat Rorang,NP03,NP0330,NP0330408,3,affected,population projections 2026,total,age_group_40_44,327
Bagmati,Dhading,Benighat Rorang,NP03,NP0330,NP0330408,3,affected,population projections 2026,male,age_group_40_44,170
Bagmati,Dhading,Benighat Rorang,NP03,NP0330,NP0330408,3,affected,population projections 2026,female,age_group_40_44,157
Bagmati,Dhading,Benighat Rorang,NP03,NP0330,NP0330408,3,affected,population projections 2026,total,age_group_45_49,278
Bagmati,Dhading,Benighat Rorang,NP03,NP0330,NP0330408,3,affected,population projections 2026,male,age_group_45_49,150
Bagmati,Dhading,Benighat Rorang,NP03,NP0330,NP0330408,3,affected,population projections 2026,female,age_group_45_49,128
Bagmati,Dhading,Benighat Rorang,NP03,NP0330,NP0330408,3,affected,population projections 2026,total,age_group_50_54,206
Bagmati,Dhading,Benighat Rorang,NP03,NP0330,NP0330408,3,affected,population projections 2026,male,age_group_50_54,105
Bagmati,Dhading,Benighat Rorang,NP03,NP0330,NP0330408,3,affected,population projections 2026,female,age_group_50_54,101
Bagmati,Dhading,Benighat Rorang,NP03,NP0330,NP0330408,3,affected,population projections 2026,total,age_group_55_59,156
Bagmati,Dhading,Benighat Rorang,NP03,NP0330,NP0330408,3,affected,population projections 2026,male,age_group_55_59,81
Bagmati,Dhading,Benighat Rorang,NP03,NP0330,NP0330408,3,affected,population projections 2026,female,age_group_55_59,75
Bagmati,Dhading,Benighat Rorang,NP03,NP0330,NP0330408,3,affected,population projections 2026,total,age_group_60_64,124
Bagmati,Dhading,Benighat Rorang,NP03,NP0330,NP0330408,3,affected,population projections 2026,male,age_group_60_64,68
Bagmati,Dhading,Benighat Rorang,NP03,NP0330,NP0330408,3,affected,population projections 2026,female,age_group_60_64,56
Bagmati,Dhading,Benighat Rorang,NP03,NP0330,NP0330408,3,affected,population projections 2026,total,age_group_65_69,103
Bagmati,Dhading,Benighat Rorang,NP03,NP0330,NP0330408,3,affected,population projections 2026,male,age_group_65_69,54
Bagmati,Dhading,Benighat Rorang,NP03,NP0330,NP0330408,3,affected,population projections 2026,female,age_group_65_69,49
Bagmati,Dhading,Benighat Rorang,NP03,NP0330,NP0330408,3,affected,population projections 2026,total,age_group_70_74,85
Bagmati,Dhading,Benighat Rorang,NP03,NP0330,NP0330408,3,affected,population projections 2026,male,age_group_70_74,40
Bagmati,Dhading,Benighat Rorang,NP03,NP0330,NP0330408,3,affected,population projections 2026,female,age_group_70_74,45
Bagmati,Dhading,Benighat Rorang,NP03,NP0330,NP0330408,3,affected,population projections 2026,total,age_group_75_79,63
Bagmati,Dhading,Benighat Rorang,NP03,NP0330,NP0330408,3,affected,population projections 2026,male,age_group_75_79,28
Bagmati,Dhading,Benighat Rorang,NP03,NP0330,NP0330408,3,affected,population projections 2026,female,age_group_75_79,35
Bagmati,Dhading,Benighat Rorang,NP03,NP0330,NP0330408,3,affected,population projections 2026,total,age_group_80_84,30
Bagmati,Dhading,Benighat Rorang,NP03,NP0330,NP0330408,3,affected,population projections 2026,male,age_group_80_84,15
Bagmati,Dhading,Benighat Rorang,NP03,NP0330,NP0330408,3,affected,population projections 2026,female,age_group_80_84,15
Bagmati,Dhading,Benighat Rorang,NP03,NP0330,NP0330408,3,affected,population projections 2026,total,age_group_85_89,10
Bagmati,Dhading,Benighat Rorang,NP03,NP0330,NP0330408,3,affected,population projections 2026,male,age_group_85_89,5
Bagmati,Dhading,Benighat Rorang,NP03,NP0330,NP0330408,3,affected,population projections 2026,female,age_group_85_89,5
Bagmati,Dhading,Benighat Rorang,NP03,NP0330,NP0330408,3,affected,population projections 2026,total,age_group_90_94,2
Bagmati,Dhading,Benighat Rorang,NP03,NP0330,NP0330408,3,affected,population projections 2026,male,age_group_90_94,1
Bagmati,Dhading,Benighat Rorang,NP03,NP0330,NP0330408,3,affected,population projections 2026,female,age_group_90_94,1
Bagmati,Dhading,Benighat Rorang,NP03,NP0330,NP0330408,3,affected,population projections 2026,total,age_group_95plus,0
Bagmati,Dhading,Benighat Rorang,NP03,NP0330,NP0330408,3,affected,population projections 2026,male,age_group_95plus,0
Bagmati,Dhading,Benighat Rorang,NP03,NP0330,NP0330408,3,affected,population projections 2026,female,age_group_95plus,0
Bagmati,Dhading,Benighat Rorang,NP03,NP0330,NP0330408,4,NA,population projections 2026,total,population_total,2232
Bagmati,Dhading,Benighat Rorang,NP03,NP0330,NP0330408,4,NA,population projections 2026,male,population_overall_male,1070
Bagmati,Dhading,Benighat Rorang,NP03,NP0330,NP0330408,4,NA,population projections 2026,female,population_overall_female,1162
Bagmati,Dhading,Benighat Rorang,NP03,NP0330,NP0330408,4,NA,population projections 2026,total,age_group_0_4,214
Bagmati,Dhading,Benighat Rorang,NP03,NP0330,NP0330408,4,NA,population projections 2026,male,age_group_0_4,110
Bagmati,Dhading,Benighat Rorang,NP03,NP0330,NP0330408,4,NA,population projections 2026,female,age_group_0_4,104
Bagmati,Dhading,Benighat Rorang,NP03,NP0330,NP0330408,4,NA,population projections 2026,total,age_group_5_9,173
Bagmati,Dhading,Benighat Rorang,NP03,NP0330,NP0330408,4,NA,population projections 2026,male,age_group_5_9,90
Bagmati,Dhading,Benighat Rorang,NP03,NP0330,NP0330408,4,NA,population projections 2026,female,age_group_5_9,83
Bagmati,Dhading,Benighat Rorang,NP03,NP0330,NP0330408,4,NA,population projections 2026,total,age_group_10_14,186
Bagmati,Dhading,Benighat Rorang,NP03,NP0330,NP0330408,4,NA,population projections 2026,male,age_group_10_14,92
Bagmati,Dhading,Benighat Rorang,NP03,NP0330,NP0330408,4,NA,population projections 2026,female,age_group_10_14,94
Bagmati,Dhading,Benighat Rorang,NP03,NP0330,NP0330408,4,NA,population projections 2026,total,age_group_15_19,199
Bagmati,Dhading,Benighat Rorang,NP03,NP0330,NP0330408,4,NA,population projections 2026,male,age_group_15_19,102
Bagmati,Dhading,Benighat Rorang,NP03,NP0330,NP0330408,4,NA,population projections 2026,female,age_group_15_19,97
Bagmati,Dhading,Benighat Rorang,NP03,NP0330,NP0330408,4,NA,population projections 2026,total,age_group_20_24,216
Bagmati,Dhading,Benighat Rorang,NP03,NP0330,NP0330408,4,NA,population projections 2026,male,age_group_20_24,93
Bagmati,Dhading,Benighat Rorang,NP03,NP0330,NP0330408,4,NA,population projections 2026,female,age_group_20_24,123
Bagmati,Dhading,Benighat Rorang,NP03,NP0330,NP0330408,4,NA,population projections 2026,total,age_group_25_29,205
Bagmati,Dhading,Benighat Rorang,NP03,NP0330,NP0330408,4,NA,population projections 2026,male,age_group_25_29,91
Bagmati,Dhading,Benighat Rorang,NP03,NP0330,NP0330408,4,NA,population projections 2026,female,age_group_25_29,114
Bagmati,Dhading,Benighat Rorang,NP03,NP0330,NP0330408,4,NA,population projections 2026,total,age_group_30_34,163
Bagmati,Dhading,Benighat Rorang,NP03,NP0330,NP0330408,4,NA,population projections 2026,male,age_group_30_34,68
Bagmati,Dhading,Benighat Rorang,NP03,NP0330,NP0330408,4,NA,population projections 2026,female,age_group_30_34,95
Bagmati,Dhading,Benighat Rorang,NP03,NP0330,NP0330408,4,NA,population projections 2026,total,age_group_35_39,143
Bagmati,Dhading,Benighat Rorang,NP03,NP0330,NP0330408,4,NA,population projections 2026,male,age_group_35_39,70
Bagmati,Dhading,Benighat Rorang,NP03,NP0330,NP0330408,4,NA,population projections 2026,female,age_group_35_39,73
Bagmati,Dhading,Benighat Rorang,NP03,NP0330,NP0330408,4,NA,population projections 2026,total,age_group_40_44,132
Bagmati,Dhading,Benighat Rorang,NP03,NP0330,NP0330408,4,NA,population projections 2026,male,age_group_40_44,58
Bagmati,Dhading,Benighat Rorang,NP03,NP0330,NP0330408,4,NA,population projections 2026,female,age_group_40_44,74
Bagmati,Dhading,Benighat Rorang,NP03,NP0330,NP0330408,4,NA,population projections 2026,total,age_group_45_49,111
Bagmati,Dhading,Benighat Rorang,NP03,NP0330,NP0330408,4,NA,population projections 2026,male,age_group_45_49,51
Bagmati,Dhading,Benighat Rorang,NP03,NP0330,NP0330408,4,NA,population projections 2026,female,age_group_45_49,60
Bagmati,Dhading,Benighat Rorang,NP03,NP0330,NP0330408,4,NA,population projections 2026,total,age_group_50_54,103
Bagmati,Dhading,Benighat Rorang,NP03,NP0330,NP0330408,4,NA,population projections 2026,male,age_group_50_54,50
Bagmati,Dhading,Benighat Rorang,NP03,NP0330,NP0330408,4,NA,population projections 2026,female,age_group_50_54,53
Bagmati,Dhading,Benighat Rorang,NP03,NP0330,NP0330408,4,NA,population projections 2026,total,age_group_55_59,105
Bagmati,Dhading,Benighat Rorang,NP03,NP0330,NP0330408,4,NA,population projections 2026,male,age_group_55_59,50
Bagmati,Dhading,Benighat Rorang,NP03,NP0330,NP0330408,4,NA,population projections 2026,female,age_group_55_59,55
Bagmati,Dhading,Benighat Rorang,NP03,NP0330,NP0330408,4,NA,population projections 2026,total,age_group_60_64,91
Bagmati,Dhading,Benighat Rorang,NP03,NP0330,NP0330408,4,NA,population projections 2026,male,age_group_60_64,45
Bagmati,Dhading,Benighat Rorang,NP03,NP0330,NP0330408,4,NA,population projections 2026,female,age_group_60_64,46
Bagmati,Dhading,Benighat Rorang,NP03,NP0330,NP0330408,4,NA,population projections 2026,total,age_group_65_69,75
Bagmati,Dhading,Benighat Rorang,NP03,NP0330,NP0330408,4,NA,population projections 2026,male,age_group_65_69,44
Bagmati,Dhading,Benighat Rorang,NP03,NP0330,NP0330408,4,NA,population projections 2026,female,age_group_65_69,31
Bagmati,Dhading,Benighat Rorang,NP03,NP0330,NP0330408,4,NA,population projections 2026,total,age_group_70_74,46
Bagmati,Dhading,Benighat Rorang,NP03,NP0330,NP0330408,4,NA,population projections 2026,male,age_group_70_74,25
Bagmati,Dhading,Benighat Rorang,NP03,NP0330,NP0330408,4,NA,population projections 2026,female,age_group_70_74,21
Bagmati,Dhading,Benighat Rorang,NP03,NP0330,NP0330408,4,NA,population projections 2026,total,age_group_75_79,34
Bagmati,Dhading,Benighat Rorang,NP03,NP0330,NP0330408,4,NA,population projections 2026,male,age_group_75_79,14
Bagmati,Dhading,Benighat Rorang,NP03,NP0330,NP0330408,4,NA,population projections 2026,female,age_group_75_79,20
Bagmati,Dhading,Benighat Rorang,NP03,NP0330,NP0330408,4,NA,population projections 2026,total,age_group_80_84,23
Bagmati,Dhading,Benighat Rorang,NP03,NP0330,NP0330408,4,NA,population projections 2026,male,age_group_80_84,9
Bagmati,Dhading,Benighat Rorang,NP03,NP0330,NP0330408,4,NA,population projections 2026,female,age_group_80_84,14
Bagmati,Dhading,Benighat Rorang,NP03,NP0330,NP0330408,4,NA,population projections 2026,total,age_group_85_89,10
Bagmati,Dhading,Benighat Rorang,NP03,NP0330,NP0330408,4,NA,population projections 2026,male,age_group_85_89,5
Bagmati,Dhading,Benighat Rorang,NP03,NP0330,NP0330408,4,NA,population projections 2026,female,age_group_85_89,5
Bagmati,Dhading,Benighat Rorang,NP03,NP0330,NP0330408,4,NA,population projections 2026,total,age_group_90_94,3
Bagmati,Dhading,Benighat Rorang,NP03,NP0330,NP0330408,4,NA,population projections 2026,male,age_group_90_94,3
Bagmati,Dhading,Benighat Rorang,NP03,NP0330,NP0330408,4,NA,population projections 2026,female,age_group_90_94,0
Bagmati,Dhading,Benighat Rorang,NP03,NP0330,NP0330408,4,NA,population projections 2026,total,age_group_95plus,0
Bagmati,Dhading,Benighat Rorang,NP03,NP0330,NP0330408,4,NA,population projections 2026,male,age_group_95plus,0
Bagmati,Dhading,Benighat Rorang,NP03,NP0330,NP0330408,4,NA,population projections 2026,female,age_group_95plus,0
Bagmati,Dhading,Benighat Rorang,NP03,NP0330,NP0330408,5,affected,population projections 2026,total,population_total,3049
Bagmati,Dhading,Benighat Rorang,NP03,NP0330,NP0330408,5,affected,population projections 2026,male,population_overall_male,1491
Bagmati,Dhading,Benighat Rorang,NP03,NP0330,NP0330408,5,affected,population projections 2026,female,population_overall_female,1558
Bagmati,Dhading,Benighat Rorang,NP03,NP0330,NP0330408,5,affected,population projections 2026,total,age_group_0_4,271
Bagmati,Dhading,Benighat Rorang,NP03,NP0330,NP0330408,5,affected,population projections 2026,male,age_group_0_4,140
Bagmati,Dhading,Benighat Rorang,NP03,NP0330,NP0330408,5,affected,population projections 2026,female,age_group_0_4,131
Bagmati,Dhading,Benighat Rorang,NP03,NP0330,NP0330408,5,affected,population projections 2026,total,age_group_5_9,215
Bagmati,Dhading,Benighat Rorang,NP03,NP0330,NP0330408,5,affected,population projections 2026,male,age_group_5_9,122
Bagmati,Dhading,Benighat Rorang,NP03,NP0330,NP0330408,5,affected,population projections 2026,female,age_group_5_9,93
Bagmati,Dhading,Benighat Rorang,NP03,NP0330,NP0330408,5,affected,population projections 2026,total,age_group_10_14,235
Bagmati,Dhading,Benighat Rorang,NP03,NP0330,NP0330408,5,affected,population projections 2026,male,age_group_10_14,124
Bagmati,Dhading,Benighat Rorang,NP03,NP0330,NP0330408,5,affected,population projections 2026,female,age_group_10_14,111
Bagmati,Dhading,Benighat Rorang,NP03,NP0330,NP0330408,5,affected,population projections 2026,total,age_group_15_19,228
Bagmati,Dhading,Benighat Rorang,NP03,NP0330,NP0330408,5,affected,population projections 2026,male,age_group_15_19,114
Bagmati,Dhading,Benighat Rorang,NP03,NP0330,NP0330408,5,affected,population projections 2026,female,age_group_15_19,114
Bagmati,Dhading,Benighat Rorang,NP03,NP0330,NP0330408,5,affected,population projections 2026,total,age_group_20_24,238
Bagmati,Dhading,Benighat Rorang,NP03,NP0330,NP0330408,5,affected,population projections 2026,male,age_group_20_24,103
Bagmati,Dhading,Benighat Rorang,NP03,NP0330,NP0330408,5,affected,population projections 2026,female,age_group_20_24,135
Bagmati,Dhading,Benighat Rorang,NP03,NP0330,NP0330408,5,affected,population projections 2026,total,age_group_25_29,260
Bagmati,Dhading,Benighat Rorang,NP03,NP0330,NP0330408,5,affected,population projections 2026,male,age_group_25_29,117
Bagmati,Dhading,Benighat Rorang,NP03,NP0330,NP0330408,5,affected,population projections 2026,female,age_group_25_29,143
Bagmati,Dhading,Benighat Rorang,NP03,NP0330,NP0330408,5,affected,population projections 2026,total,age_group_30_34,253
Bagmati,Dhading,Benighat Rorang,NP03,NP0330,NP0330408,5,affected,population projections 2026,male,age_group_30_34,116
Bagmati,Dhading,Benighat Rorang,NP03,NP0330,NP0330408,5,affected,population projections 2026,female,age_group_30_34,137
Bagmati,Dhading,Benighat Rorang,NP03,NP0330,NP0330408,5,affected,population projections 2026,total,age_group_35_39,226
Bagmati,Dhading,Benighat Rorang,NP03,NP0330,NP0330408,5,affected,population projections 2026,male,age_group_35_39,108
Bagmati,Dhading,Benighat Rorang,NP03,NP0330,NP0330408,5,affected,population projections 2026,female,age_group_35_39,118
Bagmati,Dhading,Benighat Rorang,NP03,NP0330,NP0330408,5,affected,population projections 2026,total,age_group_40_44,209
Bagmati,Dhading,Benighat Rorang,NP03,NP0330,NP0330408,5,affected,population projections 2026,male,age_group_40_44,93
Bagmati,Dhading,Benighat Rorang,NP03,NP0330,NP0330408,5,affected,population projections 2026,female,age_group_40_44,116
Bagmati,Dhading,Benighat Rorang,NP03,NP0330,NP0330408,5,affected,population projections 2026,total,age_group_45_49,201
Bagmati,Dhading,Benighat Rorang,NP03,NP0330,NP0330408,5,affected,population projections 2026,male,age_group_45_49,95
Bagmati,Dhading,Benighat Rorang,NP03,NP0330,NP0330408,5,affected,population projections 2026,female,age_group_45_49,106
Bagmati,Dhading,Benighat Rorang,NP03,NP0330,NP0330408,5,affected,population projections 2026,total,age_group_50_54,182
Bagmati,Dhading,Benighat Rorang,NP03,NP0330,NP0330408,5,affected,population projections 2026,male,age_group_50_54,98
Bagmati,Dhading,Benighat Rorang,NP03,NP0330,NP0330408,5,affected,population projections 2026,female,age_group_50_54,84
Bagmati,Dhading,Benighat Rorang,NP03,NP0330,NP0330408,5,affected,population projections 2026,total,age_group_55_59,135
Bagmati,Dhading,Benighat Rorang,NP03,NP0330,NP0330408,5,affected,population projections 2026,male,age_group_55_59,64
Bagmati,Dhading,Benighat Rorang,NP03,NP0330,NP0330408,5,affected,population projections 2026,female,age_group_55_59,71
Bagmati,Dhading,Benighat Rorang,NP03,NP0330,NP0330408,5,affected,population projections 2026,total,age_group_60_64,121
Bagmati,Dhading,Benighat Rorang,NP03,NP0330,NP0330408,5,affected,population projections 2026,male,age_group_60_64,64
Bagmati,Dhading,Benighat Rorang,NP03,NP0330,NP0330408,5,affected,population projections 2026,female,age_group_60_64,57
Bagmati,Dhading,Benighat Rorang,NP03,NP0330,NP0330408,5,affected,population projections 2026,total,age_group_65_69,99
Bagmati,Dhading,Benighat Rorang,NP03,NP0330,NP0330408,5,affected,population projections 2026,male,age_group_65_69,46
Bagmati,Dhading,Benighat Rorang,NP03,NP0330,NP0330408,5,affected,population projections 2026,female,age_group_65_69,53
Bagmati,Dhading,Benighat Rorang,NP03,NP0330,NP0330408,5,affected,population projections 2026,total,age_group_70_74,78
Bagmati,Dhading,Benighat Rorang,NP03,NP0330,NP0330408,5,affected,population projections 2026,male,age_group_70_74,38
Bagmati,Dhading,Benighat Rorang,NP03,NP0330,NP0330408,5,affected,population projections 2026,female,age_group_70_74,40
Bagmati,Dhading,Benighat Rorang,NP03,NP0330,NP0330408,5,affected,population projections 2026,total,age_group_75_79,51
Bagmati,Dhading,Benighat Rorang,NP03,NP0330,NP0330408,5,affected,population projections 2026,male,age_group_75_79,26
Bagmati,Dhading,Benighat Rorang,NP03,NP0330,NP0330408,5,affected,population projections 2026,female,age_group_75_79,25
Bagmati,Dhading,Benighat Rorang,NP03,NP0330,NP0330408,5,affected,population projections 2026,total,age_group_80_84,33
Bagmati,Dhading,Benighat Rorang,NP03,NP0330,NP0330408,5,affected,population projections 2026,male,age_group_80_84,19
Bagmati,Dhading,Benighat Rorang,NP03,NP0330,NP0330408,5,affected,population projections 2026,female,age_group_80_84,14
Bagmati,Dhading,Benighat Rorang,NP03,NP0330,NP0330408,5,affected,population projections 2026,total,age_group_85_89,9
Bagmati,Dhading,Benighat Rorang,NP03,NP0330,NP0330408,5,affected,population projections 2026,male,age_group_85_89,4
Bagmati,Dhading,Benighat Rorang,NP03,NP0330,NP0330408,5,affected,population projections 2026,female,age_group_85_89,5
Bagmati,Dhading,Benighat Rorang,NP03,NP0330,NP0330408,5,affected,population projections 2026,total,age_group_90_94,5
Bagmati,Dhading,Benighat Rorang,NP03,NP0330,NP0330408,5,affected,population projections 2026,male,age_group_90_94,0
Bagmati,Dhading,Benighat Rorang,NP03,NP0330,NP0330408,5,affected,population projections 2026,female,age_group_90_94,5
Bagmati,Dhading,Benighat Rorang,NP03,NP0330,NP0330408,5,affected,population projections 2026,total,age_group_95plus,0
Bagmati,Dhading,Benighat Rorang,NP03,NP0330,NP0330408,5,affected,population projections 2026,male,age_group_95plus,0
Bagmati,Dhading,Benighat Rorang,NP03,NP0330,NP0330408,5,affected,population projections 2026,female,age_group_95plus,0
Bagmati,Dhading,Benighat Rorang,NP03,NP0330,NP0330408,6,NA,population projections 2026,total,population_total,2475
Bagmati,Dhading,Benighat Rorang,NP03,NP0330,NP0330408,6,NA,population projections 2026,male,population_overall_male,1250
Bagmati,Dhading,Benighat Rorang,NP03,NP0330,NP0330408,6,NA,population projections 2026,female,population_overall_female,1225
Bagmati,Dhading,Benighat Rorang,NP03,NP0330,NP0330408,6,NA,population projections 2026,total,age_group_0_4,205
Bagmati,Dhading,Benighat Rorang,NP03,NP0330,NP0330408,6,NA,population projections 2026,male,age_group_0_4,105
Bagmati,Dhading,Benighat Rorang,NP03,NP0330,NP0330408,6,NA,population projections 2026,female,age_group_0_4,100
Bagmati,Dhading,Benighat Rorang,NP03,NP0330,NP0330408,6,NA,population projections 2026,total,age_group_5_9,291
Bagmati,Dhading,Benighat Rorang,NP03,NP0330,NP0330408,6,NA,population projections 2026,male,age_group_5_9,151
Bagmati,Dhading,Benighat Rorang,NP03,NP0330,NP0330408,6,NA,population projections 2026,female,age_group_5_9,140
Bagmati,Dhading,Benighat Rorang,NP03,NP0330,NP0330408,6,NA,population projections 2026,total,age_group_10_14,270
Bagmati,Dhading,Benighat Rorang,NP03,NP0330,NP0330408,6,NA,population projections 2026,male,age_group_10_14,142
Bagmati,Dhading,Benighat Rorang,NP03,NP0330,NP0330408,6,NA,population projections 2026,female,age_group_10_14,128
Bagmati,Dhading,Benighat Rorang,NP03,NP0330,NP0330408,6,NA,population projections 2026,total,age_group_15_19,261
Bagmati,Dhading,Benighat Rorang,NP03,NP0330,NP0330408,6,NA,population projections 2026,male,age_group_15_19,139
Bagmati,Dhading,Benighat Rorang,NP03,NP0330,NP0330408,6,NA,population projections 2026,female,age_group_15_19,122
Bagmati,Dhading,Benighat Rorang,NP03,NP0330,NP0330408,6,NA,population projections 2026,total,age_group_20_24,232
Bagmati,Dhading,Benighat Rorang,NP03,NP0330,NP0330408,6,NA,population projections 2026,male,age_group_20_24,117
Bagmati,Dhading,Benighat Rorang,NP03,NP0330,NP0330408,6,NA,population projections 2026,female,age_group_20_24,115
Bagmati,Dhading,Benighat Rorang,NP03,NP0330,NP0330408,6,NA,population projections 2026,total,age_group_25_29,216
Bagmati,Dhading,Benighat Rorang,NP03,NP0330,NP0330408,6,NA,population projections 2026,male,age_group_25_29,104
Bagmati,Dhading,Benighat Rorang,NP03,NP0330,NP0330408,6,NA,population projections 2026,female,age_group_25_29,112
Bagmati,Dhading,Benighat Rorang,NP03,NP0330,NP0330408,6,NA,population projections 2026,total,age_group_30_34,183
Bagmati,Dhading,Benighat Rorang,NP03,NP0330,NP0330408,6,NA,population projections 2026,male,age_group_30_34,94
Bagmati,Dhading,Benighat Rorang,NP03,NP0330,NP0330408,6,NA,population projections 2026,female,age_group_30_34,89
Bagmati,Dhading,Benighat Rorang,NP03,NP0330,NP0330408,6,NA,population projections 2026,total,age_group_35_39,133
Bagmati,Dhading,Benighat Rorang,NP03,NP0330,NP0330408,6,NA,population projections 2026,male,age_group_35_39,64
Bagmati,Dhading,Benighat Rorang,NP03,NP0330,NP0330408,6,NA,population projections 2026,female,age_group_35_39,69
Bagmati,Dhading,Benighat Rorang,NP03,NP0330,NP0330408,6,NA,population projections 2026,total,age_group_40_44,149
Bagmati,Dhading,Benighat Rorang,NP03,NP0330,NP0330408,6,NA,population projections 2026,male,age_group_40_44,68
Bagmati,Dhading,Benighat Rorang,NP03,NP0330,NP0330408,6,NA,population projections 2026,female,age_group_40_44,81
Bagmati,Dhading,Benighat Rorang,NP03,NP0330,NP0330408,6,NA,population projections 2026,total,age_group_45_49,128
Bagmati,Dhading,Benighat Rorang,NP03,NP0330,NP0330408,6,NA,population projections 2026,male,age_group_45_49,60
Bagmati,Dhading,Benighat Rorang,NP03,NP0330,NP0330408,6,NA,population projections 2026,female,age_group_45_49,68
Bagmati,Dhading,Benighat Rorang,NP03,NP0330,NP0330408,6,NA,population projections 2026,total,age_group_50_54,92
Bagmati,Dhading,Benighat Rorang,NP03,NP0330,NP0330408,6,NA,population projections 2026,male,age_group_50_54,45
Bagmati,Dhading,Benighat Rorang,NP03,NP0330,NP0330408,6,NA,population projections 2026,female,age_group_50_54,47
Bagmati,Dhading,Benighat Rorang,NP03,NP0330,NP0330408,6,NA,population projections 2026,total,age_group_55_59,71
Bagmati,Dhading,Benighat Rorang,NP03,NP0330,NP0330408,6,NA,population projections 2026,male,age_group_55_59,38
Bagmati,Dhading,Benighat Rorang,NP03,NP0330,NP0330408,6,NA,population projections 2026,female,age_group_55_59,33
Bagmati,Dhading,Benighat Rorang,NP03,NP0330,NP0330408,6,NA,population projections 2026,total,age_group_60_64,68
Bagmati,Dhading,Benighat Rorang,NP03,NP0330,NP0330408,6,NA,population projections 2026,male,age_group_60_64,31
Bagmati,Dhading,Benighat Rorang,NP03,NP0330,NP0330408,6,NA,population projections 2026,female,age_group_60_64,37
Bagmati,Dhading,Benighat Rorang,NP03,NP0330,NP0330408,6,NA,population projections 2026,total,age_group_65_69,75
Bagmati,Dhading,Benighat Rorang,NP03,NP0330,NP0330408,6,NA,population projections 2026,male,age_group_65_69,39
Bagmati,Dhading,Benighat Rorang,NP03,NP0330,NP0330408,6,NA,population projections 2026,female,age_group_65_69,36
Bagmati,Dhading,Benighat Rorang,NP03,NP0330,NP0330408,6,NA,population projections 2026,total,age_group_70_74,46
Bagmati,Dhading,Benighat Rorang,NP03,NP0330,NP0330408,6,NA,population projections 2026,male,age_group_70_74,24
Bagmati,Dhading,Benighat Rorang,NP03,NP0330,NP0330408,6,NA,population projections 2026,female,age_group_70_74,22
Bagmati,Dhading,Benighat Rorang,NP03,NP0330,NP0330408,6,NA,population projections 2026,total,age_group_75_79,35
Bagmati,Dhading,Benighat Rorang,NP03,NP0330,NP0330408,6,NA,population projections 2026,male,age_group_75_79,16
Bagmati,Dhading,Benighat Rorang,NP03,NP0330,NP0330408,6,NA,population projections 2026,female,age_group_75_79,19
Bagmati,Dhading,Benighat Rorang,NP03,NP0330,NP0330408,6,NA,population projections 2026,total,age_group_80_84,18
Bagmati,Dhading,Benighat Rorang,NP03,NP0330,NP0330408,6,NA,population projections 2026,male,age_group_80_84,11
Bagmati,Dhading,Benighat Rorang,NP03,NP0330,NP0330408,6,NA,population projections 2026,female,age_group_80_84,7
Bagmati,Dhading,Benighat Rorang,NP03,NP0330,NP0330408,6,NA,population projections 2026,total,age_group_85_89,2
Bagmati,Dhading,Benighat Rorang,NP03,NP0330,NP0330408,6,NA,population projections 2026,male,age_group_85_89,2
Bagmati,Dhading,Benighat Rorang,NP03,NP0330,NP0330408,6,NA,population projections 2026,female,age_group_85_89,0
Bagmati,Dhading,Benighat Rorang,NP03,NP0330,NP0330408,6,NA,population projections 2026,total,age_group_90_94,0
Bagmati,Dhading,Benighat Rorang,NP03,NP0330,NP0330408,6,NA,population projections 2026,male,age_group_90_94,0
Bagmati,Dhading,Benighat Rorang,NP03,NP0330,NP0330408,6,NA,population projections 2026,female,age_group_90_94,0
Bagmati,Dhading,Benighat Rorang,NP03,NP0330,NP0330408,6,NA,population projections 2026,total,age_group_95plus,0
Bagmati,Dhading,Benighat Rorang,NP03,NP0330,NP0330408,6,NA,population projections 2026,male,age_group_95plus,0
Bagmati,Dhading,Benighat Rorang,NP03,NP0330,NP0330408,6,NA,population projections 2026,female,age_group_95plus,0
Bagmati,Dhading,Benighat Rorang,NP03,NP0330,NP0330408,7,affected,population projections 2026,total,population_total,2886
Bagmati,Dhading,Benighat Rorang,NP03,NP0330,NP0330408,7,affected,population projections 2026,male,population_overall_male,1424
Bagmati,Dhading,Benighat Rorang,NP03,NP0330,NP0330408,7,affected,population projections 2026,female,population_overall_female,1462
Bagmati,Dhading,Benighat Rorang,NP03,NP0330,NP0330408,7,affected,population projections 2026,total,age_group_0_4,261
Bagmati,Dhading,Benighat Rorang,NP03,NP0330,NP0330408,7,affected,population projections 2026,male,age_group_0_4,134
Bagmati,Dhading,Benighat Rorang,NP03,NP0330,NP0330408,7,affected,population projections 2026,female,age_group_0_4,127
Bagmati,Dhading,Benighat Rorang,NP03,NP0330,NP0330408,7,affected,population projections 2026,total,age_group_5_9,236
Bagmati,Dhading,Benighat Rorang,NP03,NP0330,NP0330408,7,affected,population projections 2026,male,age_group_5_9,124
Bagmati,Dhading,Benighat Rorang,NP03,NP0330,NP0330408,7,affected,population projections 2026,female,age_group_5_9,112
Bagmati,Dhading,Benighat Rorang,NP03,NP0330,NP0330408,7,affected,population projections 2026,total,age_group_10_14,248
Bagmati,Dhading,Benighat Rorang,NP03,NP0330,NP0330408,7,affected,population projections 2026,male,age_group_10_14,132
Bagmati,Dhading,Benighat Rorang,NP03,NP0330,NP0330408,7,affected,population projections 2026,female,age_group_10_14,116
Bagmati,Dhading,Benighat Rorang,NP03,NP0330,NP0330408,7,affected,population projections 2026,total,age_group_15_19,240
Bagmati,Dhading,Benighat Rorang,NP03,NP0330,NP0330408,7,affected,population projections 2026,male,age_group_15_19,123
Bagmati,Dhading,Benighat Rorang,NP03,NP0330,NP0330408,7,affected,population projections 2026,female,age_group_15_19,117
Bagmati,Dhading,Benighat Rorang,NP03,NP0330,NP0330408,7,affected,population projections 2026,total,age_group_20_24,268
Bagmati,Dhading,Benighat Rorang,NP03,NP0330,NP0330408,7,affected,population projections 2026,male,age_group_20_24,131
Bagmati,Dhading,Benighat Rorang,NP03,NP0330,NP0330408,7,affected,population projections 2026,female,age_group_20_24,137
Bagmati,Dhading,Benighat Rorang,NP03,NP0330,NP0330408,7,affected,population projections 2026,total,age_group_25_29,236
Bagmati,Dhading,Benighat Rorang,NP03,NP0330,NP0330408,7,affected,population projections 2026,male,age_group_25_29,97
Bagmati,Dhading,Benighat Rorang,NP03,NP0330,NP0330408,7,affected,population projections 2026,female,age_group_25_29,139
Bagmati,Dhading,Benighat Rorang,NP03,NP0330,NP0330408,7,affected,population projections 2026,total,age_group_30_34,239
Bagmati,Dhading,Benighat Rorang,NP03,NP0330,NP0330408,7,affected,population projections 2026,male,age_group_30_34,118
Bagmati,Dhading,Benighat Rorang,NP03,NP0330,NP0330408,7,affected,population projections 2026,female,age_group_30_34,121
Bagmati,Dhading,Benighat Rorang,NP03,NP0330,NP0330408,7,affected,population projections 2026,total,age_group_35_39,206
Bagmati,Dhading,Benighat Rorang,NP03,NP0330,NP0330408,7,affected,population projections 2026,male,age_group_35_39,95
Bagmati,Dhading,Benighat Rorang,NP03,NP0330,NP0330408,7,affected,population projections 2026,female,age_group_35_39,111
Bagmati,Dhading,Benighat Rorang,NP03,NP0330,NP0330408,7,affected,population projections 2026,total,age_group_40_44,195
Bagmati,Dhading,Benighat Rorang,NP03,NP0330,NP0330408,7,affected,population projections 2026,male,age_group_40_44,81
Bagmati,Dhading,Benighat Rorang,NP03,NP0330,NP0330408,7,affected,population projections 2026,female,age_group_40_44,114
Bagmati,Dhading,Benighat Rorang,NP03,NP0330,NP0330408,7,affected,population projections 2026,total,age_group_45_49,170
Bagmati,Dhading,Benighat Rorang,NP03,NP0330,NP0330408,7,affected,population projections 2026,male,age_group_45_49,87
Bagmati,Dhading,Benighat Rorang,NP03,NP0330,NP0330408,7,affected,population projections 2026,female,age_group_45_49,83
Bagmati,Dhading,Benighat Rorang,NP03,NP0330,NP0330408,7,affected,population projections 2026,total,age_group_50_54,164
Bagmati,Dhading,Benighat Rorang,NP03,NP0330,NP0330408,7,affected,population projections 2026,male,age_group_50_54,80
Bagmati,Dhading,Benighat Rorang,NP03,NP0330,NP0330408,7,affected,population projections 2026,female,age_group_50_54,84
Bagmati,Dhading,Benighat Rorang,NP03,NP0330,NP0330408,7,affected,population projections 2026,total,age_group_55_59,133
Bagmati,Dhading,Benighat Rorang,NP03,NP0330,NP0330408,7,affected,population projections 2026,male,age_group_55_59,68
Bagmati,Dhading,Benighat Rorang,NP03,NP0330,NP0330408,7,affected,population projections 2026,female,age_group_55_59,65
Bagmati,Dhading,Benighat Rorang,NP03,NP0330,NP0330408,7,affected,population projections 2026,total,age_group_60_64,97
Bagmati,Dhading,Benighat Rorang,NP03,NP0330,NP0330408,7,affected,population projections 2026,male,age_group_60_64,55
Bagmati,Dhading,Benighat Rorang,NP03,NP0330,NP0330408,7,affected,population projections 2026,female,age_group_60_64,42
Bagmati,Dhading,Benighat Rorang,NP03,NP0330,NP0330408,7,affected,population projections 2026,total,age_group_65_69,74
Bagmati,Dhading,Benighat Rorang,NP03,NP0330,NP0330408,7,affected,population projections 2026,male,age_group_65_69,37
Bagmati,Dhading,Benighat Rorang,NP03,NP0330,NP0330408,7,affected,population projections 2026,female,age_group_65_69,37
Bagmati,Dhading,Benighat Rorang,NP03,NP0330,NP0330408,7,affected,population projections 2026,total,age_group_70_74,49
Bagmati,Dhading,Benighat Rorang,NP03,NP0330,NP0330408,7,affected,population projections 2026,male,age_group_70_74,26
Bagmati,Dhading,Benighat Rorang,NP03,NP0330,NP0330408,7,affected,population projections 2026,female,age_group_70_74,23
Bagmati,Dhading,Benighat Rorang,NP03,NP0330,NP0330408,7,affected,population projections 2026,total,age_group_75_79,40
Bagmati,Dhading,Benighat Rorang,NP03,NP0330,NP0330408,7,affected,population projections 2026,male,age_group_75_79,21
Bagmati,Dhading,Benighat Rorang,NP03,NP0330,NP0330408,7,affected,population projections 2026,female,age_group_75_79,19
Bagmati,Dhading,Benighat Rorang,NP03,NP0330,NP0330408,7,affected,population projections 2026,total,age_group_80_84,21
Bagmati,Dhading,Benighat Rorang,NP03,NP0330,NP0330408,7,affected,population projections 2026,male,age_group_80_84,12
Bagmati,Dhading,Benighat Rorang,NP03,NP0330,NP0330408,7,affected,population projections 2026,female,age_group_80_84,9
Bagmati,Dhading,Benighat Rorang,NP03,NP0330,NP0330408,7,affected,population projections 2026,total,age_group_85_89,8
Bagmati,Dhading,Benighat Rorang,NP03,NP0330,NP0330408,7,affected,population projections 2026,male,age_group_85_89,3
Bagmati,Dhading,Benighat Rorang,NP03,NP0330,NP0330408,7,affected,population projections 2026,female,age_group_85_89,5
Bagmati,Dhading,Benighat Rorang,NP03,NP0330,NP0330408,7,affected,population projections 2026,total,age_group_90_94,1
Bagmati,Dhading,Benighat Rorang,NP03,NP0330,NP0330408,7,affected,population projections 2026,male,age_group_90_94,0
Bagmati,Dhading,Benighat Rorang,NP03,NP0330,NP0330408,7,affected,population projections 2026,female,age_group_90_94,1
Bagmati,Dhading,Benighat Rorang,NP03,NP0330,NP0330408,7,affected,population projections 2026,total,age_group_95plus,0
Bagmati,Dhading,Benighat Rorang,NP03,NP0330,NP0330408,7,affected,population projections 2026,male,age_group_95plus,0
Bagmati,Dhading,Benighat Rorang,NP03,NP0330,NP0330408,7,affected,population projections 2026,female,age_group_95plus,0
Bagmati,Dhading,Benighat Rorang,NP03,NP0330,NP0330408,8,NA,population projections 2026,total,population_total,2322
Bagmati,Dhading,Benighat Rorang,NP03,NP0330,NP0330408,8,NA,population projections 2026,male,population_overall_male,1160
Bagmati,Dhading,Benighat Rorang,NP03,NP0330,NP0330408,8,NA,population projections 2026,female,population_overall_female,1162
Bagmati,Dhading,Benighat Rorang,NP03,NP0330,NP0330408,8,NA,population projections 2026,total,age_group_0_4,195
Bagmati,Dhading,Benighat Rorang,NP03,NP0330,NP0330408,8,NA,population projections 2026,male,age_group_0_4,101
Bagmati,Dhading,Benighat Rorang,NP03,NP0330,NP0330408,8,NA,population projections 2026,female,age_group_0_4,94
Bagmati,Dhading,Benighat Rorang,NP03,NP0330,NP0330408,8,NA,population projections 2026,total,age_group_5_9,202
Bagmati,Dhading,Benighat Rorang,NP03,NP0330,NP0330408,8,NA,population projections 2026,male,age_group_5_9,107
Bagmati,Dhading,Benighat Rorang,NP03,NP0330,NP0330408,8,NA,population projections 2026,female,age_group_5_9,95
Bagmati,Dhading,Benighat Rorang,NP03,NP0330,NP0330408,8,NA,population projections 2026,total,age_group_10_14,226
Bagmati,Dhading,Benighat Rorang,NP03,NP0330,NP0330408,8,NA,population projections 2026,male,age_group_10_14,111
Bagmati,Dhading,Benighat Rorang,NP03,NP0330,NP0330408,8,NA,population projections 2026,female,age_group_10_14,115
Bagmati,Dhading,Benighat Rorang,NP03,NP0330,NP0330408,8,NA,population projections 2026,total,age_group_15_19,274
Bagmati,Dhading,Benighat Rorang,NP03,NP0330,NP0330408,8,NA,population projections 2026,male,age_group_15_19,137
Bagmati,Dhading,Benighat Rorang,NP03,NP0330,NP0330408,8,NA,population projections 2026,female,age_group_15_19,137
Bagmati,Dhading,Benighat Rorang,NP03,NP0330,NP0330408,8,NA,population projections 2026,total,age_group_20_24,243
Bagmati,Dhading,Benighat Rorang,NP03,NP0330,NP0330408,8,NA,population projections 2026,male,age_group_20_24,120
Bagmati,Dhading,Benighat Rorang,NP03,NP0330,NP0330408,8,NA,population projections 2026,female,age_group_20_24,123
Bagmati,Dhading,Benighat Rorang,NP03,NP0330,NP0330408,8,NA,population projections 2026,total,age_group_25_29,185
Bagmati,Dhading,Benighat Rorang,NP03,NP0330,NP0330408,8,NA,population projections 2026,male,age_group_25_29,87
Bagmati,Dhading,Benighat Rorang,NP03,NP0330,NP0330408,8,NA,population projections 2026,female,age_group_25_29,98
Bagmati,Dhading,Benighat Rorang,NP03,NP0330,NP0330408,8,NA,population projections 2026,total,age_group_30_34,134
Bagmati,Dhading,Benighat Rorang,NP03,NP0330,NP0330408,8,NA,population projections 2026,male,age_group_30_34,64
Bagmati,Dhading,Benighat Rorang,NP03,NP0330,NP0330408,8,NA,population projections 2026,female,age_group_30_34,70
Bagmati,Dhading,Benighat Rorang,NP03,NP0330,NP0330408,8,NA,population projections 2026,total,age_group_35_39,137
Bagmati,Dhading,Benighat Rorang,NP03,NP0330,NP0330408,8,NA,population projections 2026,male,age_group_35_39,65
Bagmati,Dhading,Benighat Rorang,NP03,NP0330,NP0330408,8,NA,population projections 2026,female,age_group_35_39,72
Bagmati,Dhading,Benighat Rorang,NP03,NP0330,NP0330408,8,NA,population projections 2026,total,age_group_40_44,168
Bagmati,Dhading,Benighat Rorang,NP03,NP0330,NP0330408,8,NA,population projections 2026,male,age_group_40_44,73
Bagmati,Dhading,Benighat Rorang,NP03,NP0330,NP0330408,8,NA,population projections 2026,female,age_group_40_44,95
Bagmati,Dhading,Benighat Rorang,NP03,NP0330,NP0330408,8,NA,population projections 2026,total,age_group_45_49,112
Bagmati,Dhading,Benighat Rorang,NP03,NP0330,NP0330408,8,NA,population projections 2026,male,age_group_45_49,61
Bagmati,Dhading,Benighat Rorang,NP03,NP0330,NP0330408,8,NA,population projections 2026,female,age_group_45_49,51
Bagmati,Dhading,Benighat Rorang,NP03,NP0330,NP0330408,8,NA,population projections 2026,total,age_group_50_54,93
Bagmati,Dhading,Benighat Rorang,NP03,NP0330,NP0330408,8,NA,population projections 2026,male,age_group_50_54,47
Bagmati,Dhading,Benighat Rorang,NP03,NP0330,NP0330408,8,NA,population projections 2026,female,age_group_50_54,46
Bagmati,Dhading,Benighat Rorang,NP03,NP0330,NP0330408,8,NA,population projections 2026,total,age_group_55_59,91
Bagmati,Dhading,Benighat Rorang,NP03,NP0330,NP0330408,8,NA,population projections 2026,male,age_group_55_59,50
Bagmati,Dhading,Benighat Rorang,NP03,NP0330,NP0330408,8,NA,population projections 2026,female,age_group_55_59,41
Bagmati,Dhading,Benighat Rorang,NP03,NP0330,NP0330408,8,NA,population projections 2026,total,age_group_60_64,75
Bagmati,Dhading,Benighat Rorang,NP03,NP0330,NP0330408,8,NA,population projections 2026,male,age_group_60_64,40
Bagmati,Dhading,Benighat Rorang,NP03,NP0330,NP0330408,8,NA,population projections 2026,female,age_group_60_64,35
Bagmati,Dhading,Benighat Rorang,NP03,NP0330,NP0330408,8,NA,population projections 2026,total,age_group_65_69,52
Bagmati,Dhading,Benighat Rorang,NP03,NP0330,NP0330408,8,NA,population projections 2026,male,age_group_65_69,29
Bagmati,Dhading,Benighat Rorang,NP03,NP0330,NP0330408,8,NA,population projections 2026,female,age_group_65_69,23
Bagmati,Dhading,Benighat Rorang,NP03,NP0330,NP0330408,8,NA,population projections 2026,total,age_group_70_74,54
Bagmati,Dhading,Benighat Rorang,NP03,NP0330,NP0330408,8,NA,population projections 2026,male,age_group_70_74,28
Bagmati,Dhading,Benighat Rorang,NP03,NP0330,NP0330408,8,NA,population projections 2026,female,age_group_70_74,26
Bagmati,Dhading,Benighat Rorang,NP03,NP0330,NP0330408,8,NA,population projections 2026,total,age_group_75_79,50
Bagmati,Dhading,Benighat Rorang,NP03,NP0330,NP0330408,8,NA,population projections 2026,male,age_group_75_79,26
Bagmati,Dhading,Benighat Rorang,NP03,NP0330,NP0330408,8,NA,population projections 2026,female,age_group_75_79,24
Bagmati,Dhading,Benighat Rorang,NP03,NP0330,NP0330408,8,NA,population projections 2026,total,age_group_80_84,22
Bagmati,Dhading,Benighat Rorang,NP03,NP0330,NP0330408,8,NA,population projections 2026,male,age_group_80_84,11
Bagmati,Dhading,Benighat Rorang,NP03,NP0330,NP0330408,8,NA,population projections 2026,female,age_group_80_84,11
Bagmati,Dhading,Benighat Rorang,NP03,NP0330,NP0330408,8,NA,population projections 2026,total,age_group_85_89,6
Bagmati,Dhading,Benighat Rorang,NP03,NP0330,NP0330408,8,NA,population projections 2026,male,age_group_85_89,1
Bagmati,Dhading,Benighat Rorang,NP03,NP0330,NP0330408,8,NA,population projections 2026,female,age_group_85_89,5
Bagmati,Dhading,Benighat Rorang,NP03,NP0330,NP0330408,8,NA,population projections 2026,total,age_group_90_94,3
Bagmati,Dhading,Benighat Rorang,NP03,NP0330,NP0330408,8,NA,population projections 2026,male,age_group_90_94,2
Bagmati,Dhading,Benighat Rorang,NP03,NP0330,NP0330408,8,NA,population projections 2026,female,age_group_90_94,1
Bagmati,Dhading,Benighat Rorang,NP03,NP0330,NP0330408,8,NA,population projections 2026,total,age_group_95plus,0
Bagmati,Dhading,Benighat Rorang,NP03,NP0330,NP0330408,8,NA,population projections 2026,male,age_group_95plus,0
Bagmati,Dhading,Benighat Rorang,NP03,NP0330,NP0330408,8,NA,population projections 2026,female,age_group_95plus,0
Bagmati,Dhading,Benighat Rorang,NP03,NP0330,NP0330408,9,affected,population projections 2026,total,population_total,3438
Bagmati,Dhading,Benighat Rorang,NP03,NP0330,NP0330408,9,affected,population projections 2026,male,population_overall_male,1674
Bagmati,Dhading,Benighat Rorang,NP03,NP0330,NP0330408,9,affected,population projections 2026,female,population_overall_female,1764
Bagmati,Dhading,Benighat Rorang,NP03,NP0330,NP0330408,9,affected,population projections 2026,total,age_group_0_4,299
Bagmati,Dhading,Benighat Rorang,NP03,NP0330,NP0330408,9,affected,population projections 2026,male,age_group_0_4,154
Bagmati,Dhading,Benighat Rorang,NP03,NP0330,NP0330408,9,affected,population projections 2026,female,age_group_0_4,145
Bagmati,Dhading,Benighat Rorang,NP03,NP0330,NP0330408,9,affected,population projections 2026,total,age_group_5_9,339
Bagmati,Dhading,Benighat Rorang,NP03,NP0330,NP0330408,9,affected,population projections 2026,male,age_group_5_9,163
Bagmati,Dhading,Benighat Rorang,NP03,NP0330,NP0330408,9,affected,population projections 2026,female,age_group_5_9,176
Bagmati,Dhading,Benighat Rorang,NP03,NP0330,NP0330408,9,affected,population projections 2026,total,age_group_10_14,357
Bagmati,Dhading,Benighat Rorang,NP03,NP0330,NP0330408,9,affected,population projections 2026,male,age_group_10_14,174
Bagmati,Dhading,Benighat Rorang,NP03,NP0330,NP0330408,9,affected,population projections 2026,female,age_group_10_14,183
Bagmati,Dhading,Benighat Rorang,NP03,NP0330,NP0330408,9,affected,population projections 2026,total,age_group_15_19,331
Bagmati,Dhading,Benighat Rorang,NP03,NP0330,NP0330408,9,affected,population projections 2026,male,age_group_15_19,165
Bagmati,Dhading,Benighat Rorang,NP03,NP0330,NP0330408,9,affected,population projections 2026,female,age_group_15_19,166
Bagmati,Dhading,Benighat Rorang,NP03,NP0330,NP0330408,9,affected,population projections 2026,total,age_group_20_24,293
Bagmati,Dhading,Benighat Rorang,NP03,NP0330,NP0330408,9,affected,population projections 2026,male,age_group_20_24,137
Bagmati,Dhading,Benighat Rorang,NP03,NP0330,NP0330408,9,affected,population projections 2026,female,age_group_20_24,156
Bagmati,Dhading,Benighat Rorang,NP03,NP0330,NP0330408,9,affected,population projections 2026,total,age_group_25_29,278
Bagmati,Dhading,Benighat Rorang,NP03,NP0330,NP0330408,9,affected,population projections 2026,male,age_group_25_29,128
Bagmati,Dhading,Benighat Rorang,NP03,NP0330,NP0330408,9,affected,population projections 2026,female,age_group_25_29,150
Bagmati,Dhading,Benighat Rorang,NP03,NP0330,NP0330408,9,affected,population projections 2026,total,age_group_30_34,287
Bagmati,Dhading,Benighat Rorang,NP03,NP0330,NP0330408,9,affected,population projections 2026,male,age_group_30_34,131
Bagmati,Dhading,Benighat Rorang,NP03,NP0330,NP0330408,9,affected,population projections 2026,female,age_group_30_34,156
Bagmati,Dhading,Benighat Rorang,NP03,NP0330,NP0330408,9,affected,population projections 2026,total,age_group_35_39,241
Bagmati,Dhading,Benighat Rorang,NP03,NP0330,NP0330408,9,affected,population projections 2026,male,age_group_35_39,116
Bagmati,Dhading,Benighat Rorang,NP03,NP0330,NP0330408,9,affected,population projections 2026,female,age_group_35_39,125
Bagmati,Dhading,Benighat Rorang,NP03,NP0330,NP0330408,9,affected,population projections 2026,total,age_group_40_44,189
Bagmati,Dhading,Benighat Rorang,NP03,NP0330,NP0330408,9,affected,population projections 2026,male,age_group_40_44,89
Bagmati,Dhading,Benighat Rorang,NP03,NP0330,NP0330408,9,affected,population projections 2026,female,age_group_40_44,100
Bagmati,Dhading,Benighat Rorang,NP03,NP0330,NP0330408,9,affected,population projections 2026,total,age_group_45_49,163
Bagmati,Dhading,Benighat Rorang,NP03,NP0330,NP0330408,9,affected,population projections 2026,male,age_group_45_49,83
Bagmati,Dhading,Benighat Rorang,NP03,NP0330,NP0330408,9,affected,population projections 2026,female,age_group_45_49,80
Bagmati,Dhading,Benighat Rorang,NP03,NP0330,NP0330408,9,affected,population projections 2026,total,age_group_50_54,149
Bagmati,Dhading,Benighat Rorang,NP03,NP0330,NP0330408,9,affected,population projections 2026,male,age_group_50_54,73
Bagmati,Dhading,Benighat Rorang,NP03,NP0330,NP0330408,9,affected,population projections 2026,female,age_group_50_54,76
Bagmati,Dhading,Benighat Rorang,NP03,NP0330,NP0330408,9,affected,population projections 2026,total,age_group_55_59,139
Bagmati,Dhading,Benighat Rorang,NP03,NP0330,NP0330408,9,affected,population projections 2026,male,age_group_55_59,73
Bagmati,Dhading,Benighat Rorang,NP03,NP0330,NP0330408,9,affected,population projections 2026,female,age_group_55_59,66
Bagmati,Dhading,Benighat Rorang,NP03,NP0330,NP0330408,9,affected,population projections 2026,total,age_group_60_64,116
Bagmati,Dhading,Benighat Rorang,NP03,NP0330,NP0330408,9,affected,population projections 2026,male,age_group_60_64,62
Bagmati,Dhading,Benighat Rorang,NP03,NP0330,NP0330408,9,affected,population projections 2026,female,age_group_60_64,54
Bagmati,Dhading,Benighat Rorang,NP03,NP0330,NP0330408,9,affected,population projections 2026,total,age_group_65_69,88
Bagmati,Dhading,Benighat Rorang,NP03,NP0330,NP0330408,9,affected,population projections 2026,male,age_group_65_69,48
Bagmati,Dhading,Benighat Rorang,NP03,NP0330,NP0330408,9,affected,population projections 2026,female,age_group_65_69,40
Bagmati,Dhading,Benighat Rorang,NP03,NP0330,NP0330408,9,affected,population projections 2026,total,age_group_70_74,69
Bagmati,Dhading,Benighat Rorang,NP03,NP0330,NP0330408,9,affected,population projections 2026,male,age_group_70_74,36
Bagmati,Dhading,Benighat Rorang,NP03,NP0330,NP0330408,9,affected,population projections 2026,female,age_group_70_74,33
Bagmati,Dhading,Benighat Rorang,NP03,NP0330,NP0330408,9,affected,population projections 2026,total,age_group_75_79,58
Bagmati,Dhading,Benighat Rorang,NP03,NP0330,NP0330408,9,affected,population projections 2026,male,age_group_75_79,24
Bagmati,Dhading,Benighat Rorang,NP03,NP0330,NP0330408,9,affected,population projections 2026,female,age_group_75_79,34
Bagmati,Dhading,Benighat Rorang,NP03,NP0330,NP0330408,9,affected,population projections 2026,total,age_group_80_84,27
Bagmati,Dhading,Benighat Rorang,NP03,NP0330,NP0330408,9,affected,population projections 2026,male,age_group_80_84,11
Bagmati,Dhading,Benighat Rorang,NP03,NP0330,NP0330408,9,affected,population projections 2026,female,age_group_80_84,16
Bagmati,Dhading,Benighat Rorang,NP03,NP0330,NP0330408,9,affected,population projections 2026,total,age_group_85_89,12
Bagmati,Dhading,Benighat Rorang,NP03,NP0330,NP0330408,9,affected,population projections 2026,male,age_group_85_89,5
Bagmati,Dhading,Benighat Rorang,NP03,NP0330,NP0330408,9,affected,population projections 2026,female,age_group_85_89,7
Bagmati,Dhading,Benighat Rorang,NP03,NP0330,NP0330408,9,affected,population projections 2026,total,age_group_90_94,3
Bagmati,Dhading,Benighat Rorang,NP03,NP0330,NP0330408,9,affected,population projections 2026,male,age_group_90_94,2
Bagmati,Dhading,Benighat Rorang,NP03,NP0330,NP0330408,9,affected,population projections 2026,female,age_group_90_94,1
Bagmati,Dhading,Benighat Rorang,NP03,NP0330,NP0330408,9,affected,population projections 2026,total,age_group_95plus,0
Bagmati,Dhading,Benighat Rorang,NP03,NP0330,NP0330408,9,affected,population projections 2026,male,age_group_95plus,0
Bagmati,Dhading,Benighat Rorang,NP03,NP0330,NP0330408,9,affected,population projections 2026,female,age_group_95plus,0
Bagmati,Dhading,Benighat Rorang,NP03,NP0330,NP0330408,10,affected,population projections 2026,total,population_total,4652
Bagmati,Dhading,Benighat Rorang,NP03,NP0330,NP0330408,10,affected,population projections 2026,male,population_overall_male,2285
Bagmati,Dhading,Benighat Rorang,NP03,NP0330,NP0330408,10,affected,population projections 2026,female,population_overall_female,2367
Bagmati,Dhading,Benighat Rorang,NP03,NP0330,NP0330408,10,affected,population projections 2026,total,age_group_0_4,422
Bagmati,Dhading,Benighat Rorang,NP03,NP0330,NP0330408,10,affected,population projections 2026,male,age_group_0_4,218
Bagmati,Dhading,Benighat Rorang,NP03,NP0330,NP0330408,10,affected,population projections 2026,female,age_group_0_4,204
Bagmati,Dhading,Benighat Rorang,NP03,NP0330,NP0330408,10,affected,population projections 2026,total,age_group_5_9,438
Bagmati,Dhading,Benighat Rorang,NP03,NP0330,NP0330408,10,affected,population projections 2026,male,age_group_5_9,215
Bagmati,Dhading,Benighat Rorang,NP03,NP0330,NP0330408,10,affected,population projections 2026,female,age_group_5_9,223
Bagmati,Dhading,Benighat Rorang,NP03,NP0330,NP0330408,10,affected,population projections 2026,total,age_group_10_14,432
Bagmati,Dhading,Benighat Rorang,NP03,NP0330,NP0330408,10,affected,population projections 2026,male,age_group_10_14,209
Bagmati,Dhading,Benighat Rorang,NP03,NP0330,NP0330408,10,affected,population projections 2026,female,age_group_10_14,223
Bagmati,Dhading,Benighat Rorang,NP03,NP0330,NP0330408,10,affected,population projections 2026,total,age_group_15_19,437
Bagmati,Dhading,Benighat Rorang,NP03,NP0330,NP0330408,10,affected,population projections 2026,male,age_group_15_19,217
Bagmati,Dhading,Benighat Rorang,NP03,NP0330,NP0330408,10,affected,population projections 2026,female,age_group_15_19,220
Bagmati,Dhading,Benighat Rorang,NP03,NP0330,NP0330408,10,affected,population projections 2026,total,age_group_20_24,454
Bagmati,Dhading,Benighat Rorang,NP03,NP0330,NP0330408,10,affected,population projections 2026,male,age_group_20_24,211
Bagmati,Dhading,Benighat Rorang,NP03,NP0330,NP0330408,10,affected,population projections 2026,female,age_group_20_24,243
Bagmati,Dhading,Benighat Rorang,NP03,NP0330,NP0330408,10,affected,population projections 2026,total,age_group_25_29,432
Bagmati,Dhading,Benighat Rorang,NP03,NP0330,NP0330408,10,affected,population projections 2026,male,age_group_25_29,204
Bagmati,Dhading,Benighat Rorang,NP03,NP0330,NP0330408,10,affected,population projections 2026,female,age_group_25_29,228
Bagmati,Dhading,Benighat Rorang,NP03,NP0330,NP0330408,10,affected,population projections 2026,total,age_group_30_34,369
Bagmati,Dhading,Benighat Rorang,NP03,NP0330,NP0330408,10,affected,population projections 2026,male,age_group_30_34,184
Bagmati,Dhading,Benighat Rorang,NP03,NP0330,NP0330408,10,affected,population projections 2026,female,age_group_30_34,185
Bagmati,Dhading,Benighat Rorang,NP03,NP0330,NP0330408,10,affected,population projections 2026,total,age_group_35_39,291
Bagmati,Dhading,Benighat Rorang,NP03,NP0330,NP0330408,10,affected,population projections 2026,male,age_group_35_39,145
Bagmati,Dhading,Benighat Rorang,NP03,NP0330,NP0330408,10,affected,population projections 2026,female,age_group_35_39,146
Bagmati,Dhading,Benighat Rorang,NP03,NP0330,NP0330408,10,affected,population projections 2026,total,age_group_40_44,235
Bagmati,Dhading,Benighat Rorang,NP03,NP0330,NP0330408,10,affected,population projections 2026,male,age_group_40_44,112
Bagmati,Dhading,Benighat Rorang,NP03,NP0330,NP0330408,10,affected,population projections 2026,female,age_group_40_44,123
Bagmati,Dhading,Benighat Rorang,NP03,NP0330,NP0330408,10,affected,population projections 2026,total,age_group_45_49,228
Bagmati,Dhading,Benighat Rorang,NP03,NP0330,NP0330408,10,affected,population projections 2026,male,age_group_45_49,108
Bagmati,Dhading,Benighat Rorang,NP03,NP0330,NP0330408,10,affected,population projections 2026,female,age_group_45_49,120
Bagmati,Dhading,Benighat Rorang,NP03,NP0330,NP0330408,10,affected,population projections 2026,total,age_group_50_54,177
Bagmati,Dhading,Benighat Rorang,NP03,NP0330,NP0330408,10,affected,population projections 2026,male,age_group_50_54,83
Bagmati,Dhading,Benighat Rorang,NP03,NP0330,NP0330408,10,affected,population projections 2026,female,age_group_50_54,94
Bagmati,Dhading,Benighat Rorang,NP03,NP0330,NP0330408,10,affected,population projections 2026,total,age_group_55_59,200
Bagmati,Dhading,Benighat Rorang,NP03,NP0330,NP0330408,10,affected,population projections 2026,male,age_group_55_59,101
Bagmati,Dhading,Benighat Rorang,NP03,NP0330,NP0330408,10,affected,population projections 2026,female,age_group_55_59,99
Bagmati,Dhading,Benighat Rorang,NP03,NP0330,NP0330408,10,affected,population projections 2026,total,age_group_60_64,159
Bagmati,Dhading,Benighat Rorang,NP03,NP0330,NP0330408,10,affected,population projections 2026,male,age_group_60_64,87
Bagmati,Dhading,Benighat Rorang,NP03,NP0330,NP0330408,10,affected,population projections 2026,female,age_group_60_64,72
Bagmati,Dhading,Benighat Rorang,NP03,NP0330,NP0330408,10,affected,population projections 2026,total,age_group_65_69,120
Bagmati,Dhading,Benighat Rorang,NP03,NP0330,NP0330408,10,affected,population projections 2026,male,age_group_65_69,62
Bagmati,Dhading,Benighat Rorang,NP03,NP0330,NP0330408,10,affected,population projections 2026,female,age_group_65_69,58
Bagmati,Dhading,Benighat Rorang,NP03,NP0330,NP0330408,10,affected,population projections 2026,total,age_group_70_74,111
Bagmati,Dhading,Benighat Rorang,NP03,NP0330,NP0330408,10,affected,population projections 2026,male,age_group_70_74,54
Bagmati,Dhading,Benighat Rorang,NP03,NP0330,NP0330408,10,affected,population projections 2026,female,age_group_70_74,57
Bagmati,Dhading,Benighat Rorang,NP03,NP0330,NP0330408,10,affected,population projections 2026,total,age_group_75_79,81
Bagmati,Dhading,Benighat Rorang,NP03,NP0330,NP0330408,10,affected,population projections 2026,male,age_group_75_79,42
Bagmati,Dhading,Benighat Rorang,NP03,NP0330,NP0330408,10,affected,population projections 2026,female,age_group_75_79,39
Bagmati,Dhading,Benighat Rorang,NP03,NP0330,NP0330408,10,affected,population projections 2026,total,age_group_80_84,42
Bagmati,Dhading,Benighat Rorang,NP03,NP0330,NP0330408,10,affected,population projections 2026,male,age_group_80_84,22
Bagmati,Dhading,Benighat Rorang,NP03,NP0330,NP0330408,10,affected,population projections 2026,female,age_group_80_84,20
Bagmati,Dhading,Benighat Rorang,NP03,NP0330,NP0330408,10,affected,population projections 2026,total,age_group_85_89,15
Bagmati,Dhading,Benighat Rorang,NP03,NP0330,NP0330408,10,affected,population projections 2026,male,age_group_85_89,7
Bagmati,Dhading,Benighat Rorang,NP03,NP0330,NP0330408,10,affected,population projections 2026,female,age_group_85_89,8
Bagmati,Dhading,Benighat Rorang,NP03,NP0330,NP0330408,10,affected,population projections 2026,total,age_group_90_94,9
Bagmati,Dhading,Benighat Rorang,NP03,NP0330,NP0330408,10,affected,population projections 2026,male,age_group_90_94,4
Bagmati,Dhading,Benighat Rorang,NP03,NP0330,NP0330408,10,affected,population projections 2026,female,age_group_90_94,5
Bagmati,Dhading,Benighat Rorang,NP03,NP0330,NP0330408,10,affected,population projections 2026,total,age_group_95plus,0
Bagmati,Dhading,Benighat Rorang,NP03,NP0330,NP0330408,10,affected,population projections 2026,male,age_group_95plus,0
Bagmati,Dhading,Benighat Rorang,NP03,NP0330,NP0330408,10,affected,population projections 2026,female,age_group_95plus,0
Bagmati,Dhading,Siddhalek,NP03,NP0330,NP0330407,1,NA,population projections 2026,total,population_total,3294
Bagmati,Dhading,Siddhalek,NP03,NP0330,NP0330407,1,NA,population projections 2026,male,population_overall_male,1526
Bagmati,Dhading,Siddhalek,NP03,NP0330,NP0330407,1,NA,population projections 2026,female,population_overall_female,1768
Bagmati,Dhading,Siddhalek,NP03,NP0330,NP0330407,1,NA,population projections 2026,total,age_group_0_4,218
Bagmati,Dhading,Siddhalek,NP03,NP0330,NP0330407,1,NA,population projections 2026,male,age_group_0_4,113
Bagmati,Dhading,Siddhalek,NP03,NP0330,NP0330407,1,NA,population projections 2026,female,age_group_0_4,105
Bagmati,Dhading,Siddhalek,NP03,NP0330,NP0330407,1,NA,population projections 2026,total,age_group_5_9,220
Bagmati,Dhading,Siddhalek,NP03,NP0330,NP0330407,1,NA,population projections 2026,male,age_group_5_9,120
Bagmati,Dhading,Siddhalek,NP03,NP0330,NP0330407,1,NA,population projections 2026,female,age_group_5_9,100
Bagmati,Dhading,Siddhalek,NP03,NP0330,NP0330407,1,NA,population projections 2026,total,age_group_10_14,263
Bagmati,Dhading,Siddhalek,NP03,NP0330,NP0330407,1,NA,population projections 2026,male,age_group_10_14,148
Bagmati,Dhading,Siddhalek,NP03,NP0330,NP0330407,1,NA,population projections 2026,female,age_group_10_14,115
Bagmati,Dhading,Siddhalek,NP03,NP0330,NP0330407,1,NA,population projections 2026,total,age_group_15_19,318
Bagmati,Dhading,Siddhalek,NP03,NP0330,NP0330407,1,NA,population projections 2026,male,age_group_15_19,158
Bagmati,Dhading,Siddhalek,NP03,NP0330,NP0330407,1,NA,population projections 2026,female,age_group_15_19,160
Bagmati,Dhading,Siddhalek,NP03,NP0330,NP0330407,1,NA,population projections 2026,total,age_group_20_24,289
Bagmati,Dhading,Siddhalek,NP03,NP0330,NP0330407,1,NA,population projections 2026,male,age_group_20_24,130
Bagmati,Dhading,Siddhalek,NP03,NP0330,NP0330407,1,NA,population projections 2026,female,age_group_20_24,159
Bagmati,Dhading,Siddhalek,NP03,NP0330,NP0330407,1,NA,population projections 2026,total,age_group_25_29,217
Bagmati,Dhading,Siddhalek,NP03,NP0330,NP0330407,1,NA,population projections 2026,male,age_group_25_29,90
Bagmati,Dhading,Siddhalek,NP03,NP0330,NP0330407,1,NA,population projections 2026,female,age_group_25_29,127
Bagmati,Dhading,Siddhalek,NP03,NP0330,NP0330407,1,NA,population projections 2026,total,age_group_30_34,207
Bagmati,Dhading,Siddhalek,NP03,NP0330,NP0330407,1,NA,population projections 2026,male,age_group_30_34,75
Bagmati,Dhading,Siddhalek,NP03,NP0330,NP0330407,1,NA,population projections 2026,female,age_group_30_34,132
Bagmati,Dhading,Siddhalek,NP03,NP0330,NP0330407,1,NA,population projections 2026,total,age_group_35_39,201
Bagmati,Dhading,Siddhalek,NP03,NP0330,NP0330407,1,NA,population projections 2026,male,age_group_35_39,73
Bagmati,Dhading,Siddhalek,NP03,NP0330,NP0330407,1,NA,population projections 2026,female,age_group_35_39,128
Bagmati,Dhading,Siddhalek,NP03,NP0330,NP0330407,1,NA,population projections 2026,total,age_group_40_44,221
Bagmati,Dhading,Siddhalek,NP03,NP0330,NP0330407,1,NA,population projections 2026,male,age_group_40_44,102
Bagmati,Dhading,Siddhalek,NP03,NP0330,NP0330407,1,NA,population projections 2026,female,age_group_40_44,119
Bagmati,Dhading,Siddhalek,NP03,NP0330,NP0330407,1,NA,population projections 2026,total,age_group_45_49,210
Bagmati,Dhading,Siddhalek,NP03,NP0330,NP0330407,1,NA,population projections 2026,male,age_group_45_49,91
Bagmati,Dhading,Siddhalek,NP03,NP0330,NP0330407,1,NA,population projections 2026,female,age_group_45_49,119
Bagmati,Dhading,Siddhalek,NP03,NP0330,NP0330407,1,NA,population projections 2026,total,age_group_50_54,189
Bagmati,Dhading,Siddhalek,NP03,NP0330,NP0330407,1,NA,population projections 2026,male,age_group_50_54,79
Bagmati,Dhading,Siddhalek,NP03,NP0330,NP0330407,1,NA,population projections 2026,female,age_group_50_54,110
Bagmati,Dhading,Siddhalek,NP03,NP0330,NP0330407,1,NA,population projections 2026,total,age_group_55_59,184
Bagmati,Dhading,Siddhalek,NP03,NP0330,NP0330407,1,NA,population projections 2026,male,age_group_55_59,89
Bagmati,Dhading,Siddhalek,NP03,NP0330,NP0330407,1,NA,population projections 2026,female,age_group_55_59,95
Bagmati,Dhading,Siddhalek,NP03,NP0330,NP0330407,1,NA,population projections 2026,total,age_group_60_64,154
Bagmati,Dhading,Siddhalek,NP03,NP0330,NP0330407,1,NA,population projections 2026,male,age_group_60_64,69
Bagmati,Dhading,Siddhalek,NP03,NP0330,NP0330407,1,NA,population projections 2026,female,age_group_60_64,85
Bagmati,Dhading,Siddhalek,NP03,NP0330,NP0330407,1,NA,population projections 2026,total,age_group_65_69,149
Bagmati,Dhading,Siddhalek,NP03,NP0330,NP0330407,1,NA,population projections 2026,male,age_group_65_69,68
Bagmati,Dhading,Siddhalek,NP03,NP0330,NP0330407,1,NA,population projections 2026,female,age_group_65_69,81
Bagmati,Dhading,Siddhalek,NP03,NP0330,NP0330407,1,NA,population projections 2026,total,age_group_70_74,105
Bagmati,Dhading,Siddhalek,NP03,NP0330,NP0330407,1,NA,population projections 2026,male,age_group_70_74,51
Bagmati,Dhading,Siddhalek,NP03,NP0330,NP0330407,1,NA,population projections 2026,female,age_group_70_74,54
Bagmati,Dhading,Siddhalek,NP03,NP0330,NP0330407,1,NA,population projections 2026,total,age_group_75_79,75
Bagmati,Dhading,Siddhalek,NP03,NP0330,NP0330407,1,NA,population projections 2026,male,age_group_75_79,37
Bagmati,Dhading,Siddhalek,NP03,NP0330,NP0330407,1,NA,population projections 2026,female,age_group_75_79,38
Bagmati,Dhading,Siddhalek,NP03,NP0330,NP0330407,1,NA,population projections 2026,total,age_group_80_84,46
Bagmati,Dhading,Siddhalek,NP03,NP0330,NP0330407,1,NA,population projections 2026,male,age_group_80_84,23
Bagmati,Dhading,Siddhalek,NP03,NP0330,NP0330407,1,NA,population projections 2026,female,age_group_80_84,23
Bagmati,Dhading,Siddhalek,NP03,NP0330,NP0330407,1,NA,population projections 2026,total,age_group_85_89,17
Bagmati,Dhading,Siddhalek,NP03,NP0330,NP0330407,1,NA,population projections 2026,male,age_group_85_89,7
Bagmati,Dhading,Siddhalek,NP03,NP0330,NP0330407,1,NA,population projections 2026,female,age_group_85_89,10
Bagmati,Dhading,Siddhalek,NP03,NP0330,NP0330407,1,NA,population projections 2026,total,age_group_90_94,10
Bagmati,Dhading,Siddhalek,NP03,NP0330,NP0330407,1,NA,population projections 2026,male,age_group_90_94,3
Bagmati,Dhading,Siddhalek,NP03,NP0330,NP0330407,1,NA,population projections 2026,female,age_group_90_94,7
Bagmati,Dhading,Siddhalek,NP03,NP0330,NP0330407,1,NA,population projections 2026,total,age_group_95plus,1
Bagmati,Dhading,Siddhalek,NP03,NP0330,NP0330407,1,NA,population projections 2026,male,age_group_95plus,0
Bagmati,Dhading,Siddhalek,NP03,NP0330,NP0330407,1,NA,population projections 2026,female,age_group_95plus,1
Bagmati,Dhading,Siddhalek,NP03,NP0330,NP0330407,2,NA,population projections 2026,total,population_total,3231
Bagmati,Dhading,Siddhalek,NP03,NP0330,NP0330407,2,NA,population projections 2026,male,population_overall_male,1457
Bagmati,Dhading,Siddhalek,NP03,NP0330,NP0330407,2,NA,population projections 2026,female,population_overall_female,1774
Bagmati,Dhading,Siddhalek,NP03,NP0330,NP0330407,2,NA,population projections 2026,total,age_group_0_4,195
Bagmati,Dhading,Siddhalek,NP03,NP0330,NP0330407,2,NA,population projections 2026,male,age_group_0_4,100
Bagmati,Dhading,Siddhalek,NP03,NP0330,NP0330407,2,NA,population projections 2026,female,age_group_0_4,95
Bagmati,Dhading,Siddhalek,NP03,NP0330,NP0330407,2,NA,population projections 2026,total,age_group_5_9,197
Bagmati,Dhading,Siddhalek,NP03,NP0330,NP0330407,2,NA,population projections 2026,male,age_group_5_9,103
Bagmati,Dhading,Siddhalek,NP03,NP0330,NP0330407,2,NA,population projections 2026,female,age_group_5_9,94
Bagmati,Dhading,Siddhalek,NP03,NP0330,NP0330407,2,NA,population projections 2026,total,age_group_10_14,256
Bagmati,Dhading,Siddhalek,NP03,NP0330,NP0330407,2,NA,population projections 2026,male,age_group_10_14,129
Bagmati,Dhading,Siddhalek,NP03,NP0330,NP0330407,2,NA,population projections 2026,female,age_group_10_14,127
Bagmati,Dhading,Siddhalek,NP03,NP0330,NP0330407,2,NA,population projections 2026,total,age_group_15_19,320
Bagmati,Dhading,Siddhalek,NP03,NP0330,NP0330407,2,NA,population projections 2026,male,age_group_15_19,158
Bagmati,Dhading,Siddhalek,NP03,NP0330,NP0330407,2,NA,population projections 2026,female,age_group_15_19,162
Bagmati,Dhading,Siddhalek,NP03,NP0330,NP0330407,2,NA,population projections 2026,total,age_group_20_24,241
Bagmati,Dhading,Siddhalek,NP03,NP0330,NP0330407,2,NA,population projections 2026,male,age_group_20_24,101
Bagmati,Dhading,Siddhalek,NP03,NP0330,NP0330407,2,NA,population projections 2026,female,age_group_20_24,140
Bagmati,Dhading,Siddhalek,NP03,NP0330,NP0330407,2,NA,population projections 2026,total,age_group_25_29,165
Bagmati,Dhading,Siddhalek,NP03,NP0330,NP0330407,2,NA,population projections 2026,male,age_group_25_29,55
Bagmati,Dhading,Siddhalek,NP03,NP0330,NP0330407,2,NA,population projections 2026,female,age_group_25_29,110
Bagmati,Dhading,Siddhalek,NP03,NP0330,NP0330407,2,NA,population projections 2026,total,age_group_30_34,190
Bagmati,Dhading,Siddhalek,NP03,NP0330,NP0330407,2,NA,population projections 2026,male,age_group_30_34,72
Bagmati,Dhading,Siddhalek,NP03,NP0330,NP0330407,2,NA,population projections 2026,female,age_group_30_34,118
Bagmati,Dhading,Siddhalek,NP03,NP0330,NP0330407,2,NA,population projections 2026,total,age_group_35_39,179
Bagmati,Dhading,Siddhalek,NP03,NP0330,NP0330407,2,NA,population projections 2026,male,age_group_35_39,63
Bagmati,Dhading,Siddhalek,NP03,NP0330,NP0330407,2,NA,population projections 2026,female,age_group_35_39,116
Bagmati,Dhading,Siddhalek,NP03,NP0330,NP0330407,2,NA,population projections 2026,total,age_group_40_44,212
Bagmati,Dhading,Siddhalek,NP03,NP0330,NP0330407,2,NA,population projections 2026,male,age_group_40_44,78
Bagmati,Dhading,Siddhalek,NP03,NP0330,NP0330407,2,NA,population projections 2026,female,age_group_40_44,134
Bagmati,Dhading,Siddhalek,NP03,NP0330,NP0330407,2,NA,population projections 2026,total,age_group_45_49,189
Bagmati,Dhading,Siddhalek,NP03,NP0330,NP0330407,2,NA,population projections 2026,male,age_group_45_49,89
Bagmati,Dhading,Siddhalek,NP03,NP0330,NP0330407,2,NA,population projections 2026,female,age_group_45_49,100
Bagmati,Dhading,Siddhalek,NP03,NP0330,NP0330407,2,NA,population projections 2026,total,age_group_50_54,183
Bagmati,Dhading,Siddhalek,NP03,NP0330,NP0330407,2,NA,population projections 2026,male,age_group_50_54,84
Bagmati,Dhading,Siddhalek,NP03,NP0330,NP0330407,2,NA,population projections 2026,female,age_group_50_54,99
Bagmati,Dhading,Siddhalek,NP03,NP0330,NP0330407,2,NA,population projections 2026,total,age_group_55_59,213
Bagmati,Dhading,Siddhalek,NP03,NP0330,NP0330407,2,NA,population projections 2026,male,age_group_55_59,105
Bagmati,Dhading,Siddhalek,NP03,NP0330,NP0330407,2,NA,population projections 2026,female,age_group_55_59,108
Bagmati,Dhading,Siddhalek,NP03,NP0330,NP0330407,2,NA,population projections 2026,total,age_group_60_64,199
Bagmati,Dhading,Siddhalek,NP03,NP0330,NP0330407,2,NA,population projections 2026,male,age_group_60_64,93
Bagmati,Dhading,Siddhalek,NP03,NP0330,NP0330407,2,NA,population projections 2026,female,age_group_60_64,106
Bagmati,Dhading,Siddhalek,NP03,NP0330,NP0330407,2,NA,population projections 2026,total,age_group_65_69,192
Bagmati,Dhading,Siddhalek,NP03,NP0330,NP0330407,2,NA,population projections 2026,male,age_group_65_69,89
Bagmati,Dhading,Siddhalek,NP03,NP0330,NP0330407,2,NA,population projections 2026,female,age_group_65_69,103
Bagmati,Dhading,Siddhalek,NP03,NP0330,NP0330407,2,NA,population projections 2026,total,age_group_70_74,130
Bagmati,Dhading,Siddhalek,NP03,NP0330,NP0330407,2,NA,population projections 2026,male,age_group_70_74,61
Bagmati,Dhading,Siddhalek,NP03,NP0330,NP0330407,2,NA,population projections 2026,female,age_group_70_74,69
Bagmati,Dhading,Siddhalek,NP03,NP0330,NP0330407,2,NA,population projections 2026,total,age_group_75_79,81
Bagmati,Dhading,Siddhalek,NP03,NP0330,NP0330407,2,NA,population projections 2026,male,age_group_75_79,36
Bagmati,Dhading,Siddhalek,NP03,NP0330,NP0330407,2,NA,population projections 2026,female,age_group_75_79,45
Bagmati,Dhading,Siddhalek,NP03,NP0330,NP0330407,2,NA,population projections 2026,total,age_group_80_84,55
Bagmati,Dhading,Siddhalek,NP03,NP0330,NP0330407,2,NA,population projections 2026,male,age_group_80_84,26
Bagmati,Dhading,Siddhalek,NP03,NP0330,NP0330407,2,NA,population projections 2026,female,age_group_80_84,29
Bagmati,Dhading,Siddhalek,NP03,NP0330,NP0330407,2,NA,population projections 2026,total,age_group_85_89,23
Bagmati,Dhading,Siddhalek,NP03,NP0330,NP0330407,2,NA,population projections 2026,male,age_group_85_89,12
Bagmati,Dhading,Siddhalek,NP03,NP0330,NP0330407,2,NA,population projections 2026,female,age_group_85_89,11
Bagmati,Dhading,Siddhalek,NP03,NP0330,NP0330407,2,NA,population projections 2026,total,age_group_90_94,8
Bagmati,Dhading,Siddhalek,NP03,NP0330,NP0330407,2,NA,population projections 2026,male,age_group_90_94,3
Bagmati,Dhading,Siddhalek,NP03,NP0330,NP0330407,2,NA,population projections 2026,female,age_group_90_94,5
Bagmati,Dhading,Siddhalek,NP03,NP0330,NP0330407,2,NA,population projections 2026,total,age_group_95plus,3
Bagmati,Dhading,Siddhalek,NP03,NP0330,NP0330407,2,NA,population projections 2026,male,age_group_95plus,0
Bagmati,Dhading,Siddhalek,NP03,NP0330,NP0330407,2,NA,population projections 2026,female,age_group_95plus,3
Bagmati,Dhading,Siddhalek,NP03,NP0330,NP0330407,3,affected,population projections 2026,total,population_total,2337
Bagmati,Dhading,Siddhalek,NP03,NP0330,NP0330407,3,affected,population projections 2026,male,population_overall_male,1096
Bagmati,Dhading,Siddhalek,NP03,NP0330,NP0330407,3,affected,population projections 2026,female,population_overall_female,1241
Bagmati,Dhading,Siddhalek,NP03,NP0330,NP0330407,3,affected,population projections 2026,total,age_group_0_4,152
Bagmati,Dhading,Siddhalek,NP03,NP0330,NP0330407,3,affected,population projections 2026,male,age_group_0_4,79
Bagmati,Dhading,Siddhalek,NP03,NP0330,NP0330407,3,affected,population projections 2026,female,age_group_0_4,73
Bagmati,Dhading,Siddhalek,NP03,NP0330,NP0330407,3,affected,population projections 2026,total,age_group_5_9,175
Bagmati,Dhading,Siddhalek,NP03,NP0330,NP0330407,3,affected,population projections 2026,male,age_group_5_9,90
Bagmati,Dhading,Siddhalek,NP03,NP0330,NP0330407,3,affected,population projections 2026,female,age_group_5_9,85
Bagmati,Dhading,Siddhalek,NP03,NP0330,NP0330407,3,affected,population projections 2026,total,age_group_10_14,186
Bagmati,Dhading,Siddhalek,NP03,NP0330,NP0330407,3,affected,population projections 2026,male,age_group_10_14,89
Bagmati,Dhading,Siddhalek,NP03,NP0330,NP0330407,3,affected,population projections 2026,female,age_group_10_14,97
Bagmati,Dhading,Siddhalek,NP03,NP0330,NP0330407,3,affected,population projections 2026,total,age_group_15_19,196
Bagmati,Dhading,Siddhalek,NP03,NP0330,NP0330407,3,affected,population projections 2026,male,age_group_15_19,89
Bagmati,Dhading,Siddhalek,NP03,NP0330,NP0330407,3,affected,population projections 2026,female,age_group_15_19,107
Bagmati,Dhading,Siddhalek,NP03,NP0330,NP0330407,3,affected,population projections 2026,total,age_group_20_24,177
Bagmati,Dhading,Siddhalek,NP03,NP0330,NP0330407,3,affected,population projections 2026,male,age_group_20_24,79
Bagmati,Dhading,Siddhalek,NP03,NP0330,NP0330407,3,affected,population projections 2026,female,age_group_20_24,98
Bagmati,Dhading,Siddhalek,NP03,NP0330,NP0330407,3,affected,population projections 2026,total,age_group_25_29,170
Bagmati,Dhading,Siddhalek,NP03,NP0330,NP0330407,3,affected,population projections 2026,male,age_group_25_29,70
Bagmati,Dhading,Siddhalek,NP03,NP0330,NP0330407,3,affected,population projections 2026,female,age_group_25_29,100
Bagmati,Dhading,Siddhalek,NP03,NP0330,NP0330407,3,affected,population projections 2026,total,age_group_30_34,155
Bagmati,Dhading,Siddhalek,NP03,NP0330,NP0330407,3,affected,population projections 2026,male,age_group_30_34,69
Bagmati,Dhading,Siddhalek,NP03,NP0330,NP0330407,3,affected,population projections 2026,female,age_group_30_34,86
Bagmati,Dhading,Siddhalek,NP03,NP0330,NP0330407,3,affected,population projections 2026,total,age_group_35_39,155
Bagmati,Dhading,Siddhalek,NP03,NP0330,NP0330407,3,affected,population projections 2026,male,age_group_35_39,69
Bagmati,Dhading,Siddhalek,NP03,NP0330,NP0330407,3,affected,population projections 2026,female,age_group_35_39,86
Bagmati,Dhading,Siddhalek,NP03,NP0330,NP0330407,3,affected,population projections 2026,total,age_group_40_44,145
Bagmati,Dhading,Siddhalek,NP03,NP0330,NP0330407,3,affected,population projections 2026,male,age_group_40_44,66
Bagmati,Dhading,Siddhalek,NP03,NP0330,NP0330407,3,affected,population projections 2026,female,age_group_40_44,79
Bagmati,Dhading,Siddhalek,NP03,NP0330,NP0330407,3,affected,population projections 2026,total,age_group_45_49,144
Bagmati,Dhading,Siddhalek,NP03,NP0330,NP0330407,3,affected,population projections 2026,male,age_group_45_49,71
Bagmati,Dhading,Siddhalek,NP03,NP0330,NP0330407,3,affected,population projections 2026,female,age_group_45_49,73
Bagmati,Dhading,Siddhalek,NP03,NP0330,NP0330407,3,affected,population projections 2026,total,age_group_50_54,125
Bagmati,Dhading,Siddhalek,NP03,NP0330,NP0330407,3,affected,population projections 2026,male,age_group_50_54,58
Bagmati,Dhading,Siddhalek,NP03,NP0330,NP0330407,3,affected,population projections 2026,female,age_group_50_54,67
Bagmati,Dhading,Siddhalek,NP03,NP0330,NP0330407,3,affected,population projections 2026,total,age_group_55_59,131
Bagmati,Dhading,Siddhalek,NP03,NP0330,NP0330407,3,affected,population projections 2026,male,age_group_55_59,60
Bagmati,Dhading,Siddhalek,NP03,NP0330,NP0330407,3,affected,population projections 2026,female,age_group_55_59,71
Bagmati,Dhading,Siddhalek,NP03,NP0330,NP0330407,3,affected,population projections 2026,total,age_group_60_64,130
Bagmati,Dhading,Siddhalek,NP03,NP0330,NP0330407,3,affected,population projections 2026,male,age_group_60_64,58
Bagmati,Dhading,Siddhalek,NP03,NP0330,NP0330407,3,affected,population projections 2026,female,age_group_60_64,72
Bagmati,Dhading,Siddhalek,NP03,NP0330,NP0330407,3,affected,population projections 2026,total,age_group_65_69,94
Bagmati,Dhading,Siddhalek,NP03,NP0330,NP0330407,3,affected,population projections 2026,male,age_group_65_69,52
Bagmati,Dhading,Siddhalek,NP03,NP0330,NP0330407,3,affected,population projections 2026,female,age_group_65_69,42
Bagmati,Dhading,Siddhalek,NP03,NP0330,NP0330407,3,affected,population projections 2026,total,age_group_70_74,81
Bagmati,Dhading,Siddhalek,NP03,NP0330,NP0330407,3,affected,population projections 2026,male,age_group_70_74,42
Bagmati,Dhading,Siddhalek,NP03,NP0330,NP0330407,3,affected,population projections 2026,female,age_group_70_74,39
Bagmati,Dhading,Siddhalek,NP03,NP0330,NP0330407,3,affected,population projections 2026,total,age_group_75_79,58
Bagmati,Dhading,Siddhalek,NP03,NP0330,NP0330407,3,affected,population projections 2026,male,age_group_75_79,28
Bagmati,Dhading,Siddhalek,NP03,NP0330,NP0330407,3,affected,population projections 2026,female,age_group_75_79,30
Bagmati,Dhading,Siddhalek,NP03,NP0330,NP0330407,3,affected,population projections 2026,total,age_group_80_84,38
Bagmati,Dhading,Siddhalek,NP03,NP0330,NP0330407,3,affected,population projections 2026,male,age_group_80_84,18
Bagmati,Dhading,Siddhalek,NP03,NP0330,NP0330407,3,affected,population projections 2026,female,age_group_80_84,20
Bagmati,Dhading,Siddhalek,NP03,NP0330,NP0330407,3,affected,population projections 2026,total,age_group_85_89,15
Bagmati,Dhading,Siddhalek,NP03,NP0330,NP0330407,3,affected,population projections 2026,male,age_group_85_89,5
Bagmati,Dhading,Siddhalek,NP03,NP0330,NP0330407,3,affected,population projections 2026,female,age_group_85_89,10
Bagmati,Dhading,Siddhalek,NP03,NP0330,NP0330407,3,affected,population projections 2026,total,age_group_90_94,9
Bagmati,Dhading,Siddhalek,NP03,NP0330,NP0330407,3,affected,population projections 2026,male,age_group_90_94,4
Bagmati,Dhading,Siddhalek,NP03,NP0330,NP0330407,3,affected,population projections 2026,female,age_group_90_94,5
Bagmati,Dhading,Siddhalek,NP03,NP0330,NP0330407,3,affected,population projections 2026,total,age_group_95plus,1
Bagmati,Dhading,Siddhalek,NP03,NP0330,NP0330407,3,affected,population projections 2026,male,age_group_95plus,0
Bagmati,Dhading,Siddhalek,NP03,NP0330,NP0330407,3,affected,population projections 2026,female,age_group_95plus,1
Bagmati,Dhading,Siddhalek,NP03,NP0330,NP0330407,4,affected,population projections 2026,total,population_total,2401
Bagmati,Dhading,Siddhalek,NP03,NP0330,NP0330407,4,affected,population projections 2026,male,population_overall_male,1099
Bagmati,Dhading,Siddhalek,NP03,NP0330,NP0330407,4,affected,population projections 2026,female,population_overall_female,1302
Bagmati,Dhading,Siddhalek,NP03,NP0330,NP0330407,4,affected,population projections 2026,total,age_group_0_4,156
Bagmati,Dhading,Siddhalek,NP03,NP0330,NP0330407,4,affected,population projections 2026,male,age_group_0_4,80
Bagmati,Dhading,Siddhalek,NP03,NP0330,NP0330407,4,affected,population projections 2026,female,age_group_0_4,76
Bagmati,Dhading,Siddhalek,NP03,NP0330,NP0330407,4,affected,population projections 2026,total,age_group_5_9,167
Bagmati,Dhading,Siddhalek,NP03,NP0330,NP0330407,4,affected,population projections 2026,male,age_group_5_9,82
Bagmati,Dhading,Siddhalek,NP03,NP0330,NP0330407,4,affected,population projections 2026,female,age_group_5_9,85
Bagmati,Dhading,Siddhalek,NP03,NP0330,NP0330407,4,affected,population projections 2026,total,age_group_10_14,192
Bagmati,Dhading,Siddhalek,NP03,NP0330,NP0330407,4,affected,population projections 2026,male,age_group_10_14,98
Bagmati,Dhading,Siddhalek,NP03,NP0330,NP0330407,4,affected,population projections 2026,female,age_group_10_14,94
Bagmati,Dhading,Siddhalek,NP03,NP0330,NP0330407,4,affected,population projections 2026,total,age_group_15_19,203
Bagmati,Dhading,Siddhalek,NP03,NP0330,NP0330407,4,affected,population projections 2026,male,age_group_15_19,94
Bagmati,Dhading,Siddhalek,NP03,NP0330,NP0330407,4,affected,population projections 2026,female,age_group_15_19,109
Bagmati,Dhading,Siddhalek,NP03,NP0330,NP0330407,4,affected,population projections 2026,total,age_group_20_24,171
Bagmati,Dhading,Siddhalek,NP03,NP0330,NP0330407,4,affected,population projections 2026,male,age_group_20_24,65
Bagmati,Dhading,Siddhalek,NP03,NP0330,NP0330407,4,affected,population projections 2026,female,age_group_20_24,106
Bagmati,Dhading,Siddhalek,NP03,NP0330,NP0330407,4,affected,population projections 2026,total,age_group_25_29,155
Bagmati,Dhading,Siddhalek,NP03,NP0330,NP0330407,4,affected,population projections 2026,male,age_group_25_29,57
Bagmati,Dhading,Siddhalek,NP03,NP0330,NP0330407,4,affected,population projections 2026,female,age_group_25_29,98
Bagmati,Dhading,Siddhalek,NP03,NP0330,NP0330407,4,affected,population projections 2026,total,age_group_30_34,166
Bagmati,Dhading,Siddhalek,NP03,NP0330,NP0330407,4,affected,population projections 2026,male,age_group_30_34,70
Bagmati,Dhading,Siddhalek,NP03,NP0330,NP0330407,4,affected,population projections 2026,female,age_group_30_34,96
Bagmati,Dhading,Siddhalek,NP03,NP0330,NP0330407,4,affected,population projections 2026,total,age_group_35_39,162
Bagmati,Dhading,Siddhalek,NP03,NP0330,NP0330407,4,affected,population projections 2026,male,age_group_35_39,69
Bagmati,Dhading,Siddhalek,NP03,NP0330,NP0330407,4,affected,population projections 2026,female,age_group_35_39,93
Bagmati,Dhading,Siddhalek,NP03,NP0330,NP0330407,4,affected,population projections 2026,total,age_group_40_44,187
Bagmati,Dhading,Siddhalek,NP03,NP0330,NP0330407,4,affected,population projections 2026,male,age_group_40_44,88
Bagmati,Dhading,Siddhalek,NP03,NP0330,NP0330407,4,affected,population projections 2026,female,age_group_40_44,99
Bagmati,Dhading,Siddhalek,NP03,NP0330,NP0330407,4,affected,population projections 2026,total,age_group_45_49,167
Bagmati,Dhading,Siddhalek,NP03,NP0330,NP0330407,4,affected,population projections 2026,male,age_group_45_49,82
Bagmati,Dhading,Siddhalek,NP03,NP0330,NP0330407,4,affected,population projections 2026,female,age_group_45_49,85
Bagmati,Dhading,Siddhalek,NP03,NP0330,NP0330407,4,affected,population projections 2026,total,age_group_50_54,139
Bagmati,Dhading,Siddhalek,NP03,NP0330,NP0330407,4,affected,population projections 2026,male,age_group_50_54,61
Bagmati,Dhading,Siddhalek,NP03,NP0330,NP0330407,4,affected,population projections 2026,female,age_group_50_54,78
Bagmati,Dhading,Siddhalek,NP03,NP0330,NP0330407,4,affected,population projections 2026,total,age_group_55_59,137
Bagmati,Dhading,Siddhalek,NP03,NP0330,NP0330407,4,affected,population projections 2026,male,age_group_55_59,64
Bagmati,Dhading,Siddhalek,NP03,NP0330,NP0330407,4,affected,population projections 2026,female,age_group_55_59,73
Bagmati,Dhading,Siddhalek,NP03,NP0330,NP0330407,4,affected,population projections 2026,total,age_group_60_64,115
Bagmati,Dhading,Siddhalek,NP03,NP0330,NP0330407,4,affected,population projections 2026,male,age_group_60_64,51
Bagmati,Dhading,Siddhalek,NP03,NP0330,NP0330407,4,affected,population projections 2026,female,age_group_60_64,64
Bagmati,Dhading,Siddhalek,NP03,NP0330,NP0330407,4,affected,population projections 2026,total,age_group_65_69,102
Bagmati,Dhading,Siddhalek,NP03,NP0330,NP0330407,4,affected,population projections 2026,male,age_group_65_69,52
Bagmati,Dhading,Siddhalek,NP03,NP0330,NP0330407,4,affected,population projections 2026,female,age_group_65_69,50
Bagmati,Dhading,Siddhalek,NP03,NP0330,NP0330407,4,affected,population projections 2026,total,age_group_70_74,64
Bagmati,Dhading,Siddhalek,NP03,NP0330,NP0330407,4,affected,population projections 2026,male,age_group_70_74,31
Bagmati,Dhading,Siddhalek,NP03,NP0330,NP0330407,4,affected,population projections 2026,female,age_group_70_74,33
Bagmati,Dhading,Siddhalek,NP03,NP0330,NP0330407,4,affected,population projections 2026,total,age_group_75_79,59
Bagmati,Dhading,Siddhalek,NP03,NP0330,NP0330407,4,affected,population projections 2026,male,age_group_75_79,25
Bagmati,Dhading,Siddhalek,NP03,NP0330,NP0330407,4,affected,population projections 2026,female,age_group_75_79,34
Bagmati,Dhading,Siddhalek,NP03,NP0330,NP0330407,4,affected,population projections 2026,total,age_group_80_84,40
Bagmati,Dhading,Siddhalek,NP03,NP0330,NP0330407,4,affected,population projections 2026,male,age_group_80_84,20
Bagmati,Dhading,Siddhalek,NP03,NP0330,NP0330407,4,affected,population projections 2026,female,age_group_80_84,20
Bagmati,Dhading,Siddhalek,NP03,NP0330,NP0330407,4,affected,population projections 2026,total,age_group_85_89,14
Bagmati,Dhading,Siddhalek,NP03,NP0330,NP0330407,4,affected,population projections 2026,male,age_group_85_89,8
Bagmati,Dhading,Siddhalek,NP03,NP0330,NP0330407,4,affected,population projections 2026,female,age_group_85_89,6
Bagmati,Dhading,Siddhalek,NP03,NP0330,NP0330407,4,affected,population projections 2026,total,age_group_90_94,5
Bagmati,Dhading,Siddhalek,NP03,NP0330,NP0330407,4,affected,population projections 2026,male,age_group_90_94,2
Bagmati,Dhading,Siddhalek,NP03,NP0330,NP0330407,4,affected,population projections 2026,female,age_group_90_94,3
Bagmati,Dhading,Siddhalek,NP03,NP0330,NP0330407,4,affected,population projections 2026,total,age_group_95plus,0
Bagmati,Dhading,Siddhalek,NP03,NP0330,NP0330407,4,affected,population projections 2026,male,age_group_95plus,0
Bagmati,Dhading,Siddhalek,NP03,NP0330,NP0330407,4,affected,population projections 2026,female,age_group_95plus,0
Bagmati,Dhading,Siddhalek,NP03,NP0330,NP0330407,5,NA,population projections 2026,total,population_total,2372
Bagmati,Dhading,Siddhalek,NP03,NP0330,NP0330407,5,NA,population projections 2026,male,population_overall_male,1071
Bagmati,Dhading,Siddhalek,NP03,NP0330,NP0330407,5,NA,population projections 2026,female,population_overall_female,1301
Bagmati,Dhading,Siddhalek,NP03,NP0330,NP0330407,5,NA,population projections 2026,total,age_group_0_4,155
Bagmati,Dhading,Siddhalek,NP03,NP0330,NP0330407,5,NA,population projections 2026,male,age_group_0_4,80
Bagmati,Dhading,Siddhalek,NP03,NP0330,NP0330407,5,NA,population projections 2026,female,age_group_0_4,75
Bagmati,Dhading,Siddhalek,NP03,NP0330,NP0330407,5,NA,population projections 2026,total,age_group_5_9,180
Bagmati,Dhading,Siddhalek,NP03,NP0330,NP0330407,5,NA,population projections 2026,male,age_group_5_9,98
Bagmati,Dhading,Siddhalek,NP03,NP0330,NP0330407,5,NA,population projections 2026,female,age_group_5_9,82
Bagmati,Dhading,Siddhalek,NP03,NP0330,NP0330407,5,NA,population projections 2026,total,age_group_10_14,204
Bagmati,Dhading,Siddhalek,NP03,NP0330,NP0330407,5,NA,population projections 2026,male,age_group_10_14,97
Bagmati,Dhading,Siddhalek,NP03,NP0330,NP0330407,5,NA,population projections 2026,female,age_group_10_14,107
Bagmati,Dhading,Siddhalek,NP03,NP0330,NP0330407,5,NA,population projections 2026,total,age_group_15_19,236
Bagmati,Dhading,Siddhalek,NP03,NP0330,NP0330407,5,NA,population projections 2026,male,age_group_15_19,117
Bagmati,Dhading,Siddhalek,NP03,NP0330,NP0330407,5,NA,population projections 2026,female,age_group_15_19,119
Bagmati,Dhading,Siddhalek,NP03,NP0330,NP0330407,5,NA,population projections 2026,total,age_group_20_24,190
Bagmati,Dhading,Siddhalek,NP03,NP0330,NP0330407,5,NA,population projections 2026,male,age_group_20_24,75
Bagmati,Dhading,Siddhalek,NP03,NP0330,NP0330407,5,NA,population projections 2026,female,age_group_20_24,115
Bagmati,Dhading,Siddhalek,NP03,NP0330,NP0330407,5,NA,population projections 2026,total,age_group_25_29,144
Bagmati,Dhading,Siddhalek,NP03,NP0330,NP0330407,5,NA,population projections 2026,male,age_group_25_29,50
Bagmati,Dhading,Siddhalek,NP03,NP0330,NP0330407,5,NA,population projections 2026,female,age_group_25_29,94
Bagmati,Dhading,Siddhalek,NP03,NP0330,NP0330407,5,NA,population projections 2026,total,age_group_30_34,138
Bagmati,Dhading,Siddhalek,NP03,NP0330,NP0330407,5,NA,population projections 2026,male,age_group_30_34,54
Bagmati,Dhading,Siddhalek,NP03,NP0330,NP0330407,5,NA,population projections 2026,female,age_group_30_34,84
Bagmati,Dhading,Siddhalek,NP03,NP0330,NP0330407,5,NA,population projections 2026,total,age_group_35_39,134
Bagmati,Dhading,Siddhalek,NP03,NP0330,NP0330407,5,NA,population projections 2026,male,age_group_35_39,46
Bagmati,Dhading,Siddhalek,NP03,NP0330,NP0330407,5,NA,population projections 2026,female,age_group_35_39,88
Bagmati,Dhading,Siddhalek,NP03,NP0330,NP0330407,5,NA,population projections 2026,total,age_group_40_44,141
Bagmati,Dhading,Siddhalek,NP03,NP0330,NP0330407,5,NA,population projections 2026,male,age_group_40_44,51
Bagmati,Dhading,Siddhalek,NP03,NP0330,NP0330407,5,NA,population projections 2026,female,age_group_40_44,90
Bagmati,Dhading,Siddhalek,NP03,NP0330,NP0330407,5,NA,population projections 2026,total,age_group_45_49,145
Bagmati,Dhading,Siddhalek,NP03,NP0330,NP0330407,5,NA,population projections 2026,male,age_group_45_49,67
Bagmati,Dhading,Siddhalek,NP03,NP0330,NP0330407,5,NA,population projections 2026,female,age_group_45_49,78
Bagmati,Dhading,Siddhalek,NP03,NP0330,NP0330407,5,NA,population projections 2026,total,age_group_50_54,154
Bagmati,Dhading,Siddhalek,NP03,NP0330,NP0330407,5,NA,population projections 2026,male,age_group_50_54,70
Bagmati,Dhading,Siddhalek,NP03,NP0330,NP0330407,5,NA,population projections 2026,female,age_group_50_54,84
Bagmati,Dhading,Siddhalek,NP03,NP0330,NP0330407,5,NA,population projections 2026,total,age_group_55_59,140
Bagmati,Dhading,Siddhalek,NP03,NP0330,NP0330407,5,NA,population projections 2026,male,age_group_55_59,64
Bagmati,Dhading,Siddhalek,NP03,NP0330,NP0330407,5,NA,population projections 2026,female,age_group_55_59,76
Bagmati,Dhading,Siddhalek,NP03,NP0330,NP0330407,5,NA,population projections 2026,total,age_group_60_64,111
Bagmati,Dhading,Siddhalek,NP03,NP0330,NP0330407,5,NA,population projections 2026,male,age_group_60_64,54
Bagmati,Dhading,Siddhalek,NP03,NP0330,NP0330407,5,NA,population projections 2026,female,age_group_60_64,57
Bagmati,Dhading,Siddhalek,NP03,NP0330,NP0330407,5,NA,population projections 2026,total,age_group_65_69,114
Bagmati,Dhading,Siddhalek,NP03,NP0330,NP0330407,5,NA,population projections 2026,male,age_group_65_69,57
Bagmati,Dhading,Siddhalek,NP03,NP0330,NP0330407,5,NA,population projections 2026,female,age_group_65_69,57
Bagmati,Dhading,Siddhalek,NP03,NP0330,NP0330407,5,NA,population projections 2026,total,age_group_70_74,89
Bagmati,Dhading,Siddhalek,NP03,NP0330,NP0330407,5,NA,population projections 2026,male,age_group_70_74,45
Bagmati,Dhading,Siddhalek,NP03,NP0330,NP0330407,5,NA,population projections 2026,female,age_group_70_74,44
Bagmati,Dhading,Siddhalek,NP03,NP0330,NP0330407,5,NA,population projections 2026,total,age_group_75_79,46
Bagmati,Dhading,Siddhalek,NP03,NP0330,NP0330407,5,NA,population projections 2026,male,age_group_75_79,27
Bagmati,Dhading,Siddhalek,NP03,NP0330,NP0330407,5,NA,population projections 2026,female,age_group_75_79,19
Bagmati,Dhading,Siddhalek,NP03,NP0330,NP0330407,5,NA,population projections 2026,total,age_group_80_84,34
Bagmati,Dhading,Siddhalek,NP03,NP0330,NP0330407,5,NA,population projections 2026,male,age_group_80_84,15
Bagmati,Dhading,Siddhalek,NP03,NP0330,NP0330407,5,NA,population projections 2026,female,age_group_80_84,19
Bagmati,Dhading,Siddhalek,NP03,NP0330,NP0330407,5,NA,population projections 2026,total,age_group_85_89,11
Bagmati,Dhading,Siddhalek,NP03,NP0330,NP0330407,5,NA,population projections 2026,male,age_group_85_89,4
Bagmati,Dhading,Siddhalek,NP03,NP0330,NP0330407,5,NA,population projections 2026,female,age_group_85_89,7
Bagmati,Dhading,Siddhalek,NP03,NP0330,NP0330407,5,NA,population projections 2026,total,age_group_90_94,5
Bagmati,Dhading,Siddhalek,NP03,NP0330,NP0330407,5,NA,population projections 2026,male,age_group_90_94,0
Bagmati,Dhading,Siddhalek,NP03,NP0330,NP0330407,5,NA,population projections 2026,female,age_group_90_94,5
Bagmati,Dhading,Siddhalek,NP03,NP0330,NP0330407,5,NA,population projections 2026,total,age_group_95plus,1
Bagmati,Dhading,Siddhalek,NP03,NP0330,NP0330407,5,NA,population projections 2026,male,age_group_95plus,0
Bagmati,Dhading,Siddhalek,NP03,NP0330,NP0330407,5,NA,population projections 2026,female,age_group_95plus,1
Bagmati,Dhading,Siddhalek,NP03,NP0330,NP0330407,6,affected,population projections 2026,total,population_total,2700
Bagmati,Dhading,Siddhalek,NP03,NP0330,NP0330407,6,affected,population projections 2026,male,population_overall_male,1288
Bagmati,Dhading,Siddhalek,NP03,NP0330,NP0330407,6,affected,population projections 2026,female,population_overall_female,1412
Bagmati,Dhading,Siddhalek,NP03,NP0330,NP0330407,6,affected,population projections 2026,total,age_group_0_4,190
Bagmati,Dhading,Siddhalek,NP03,NP0330,NP0330407,6,affected,population projections 2026,male,age_group_0_4,98
Bagmati,Dhading,Siddhalek,NP03,NP0330,NP0330407,6,affected,population projections 2026,female,age_group_0_4,92
Bagmati,Dhading,Siddhalek,NP03,NP0330,NP0330407,6,affected,population projections 2026,total,age_group_5_9,192
Bagmati,Dhading,Siddhalek,NP03,NP0330,NP0330407,6,affected,population projections 2026,male,age_group_5_9,97
Bagmati,Dhading,Siddhalek,NP03,NP0330,NP0330407,6,affected,population projections 2026,female,age_group_5_9,95
Bagmati,Dhading,Siddhalek,NP03,NP0330,NP0330407,6,affected,population projections 2026,total,age_group_10_14,229
Bagmati,Dhading,Siddhalek,NP03,NP0330,NP0330407,6,affected,population projections 2026,male,age_group_10_14,127
Bagmati,Dhading,Siddhalek,NP03,NP0330,NP0330407,6,affected,population projections 2026,female,age_group_10_14,102
Bagmati,Dhading,Siddhalek,NP03,NP0330,NP0330407,6,affected,population projections 2026,total,age_group_15_19,214
Bagmati,Dhading,Siddhalek,NP03,NP0330,NP0330407,6,affected,population projections 2026,male,age_group_15_19,108
Bagmati,Dhading,Siddhalek,NP03,NP0330,NP0330407,6,affected,population projections 2026,female,age_group_15_19,106
Bagmati,Dhading,Siddhalek,NP03,NP0330,NP0330407,6,affected,population projections 2026,total,age_group_20_24,226
Bagmati,Dhading,Siddhalek,NP03,NP0330,NP0330407,6,affected,population projections 2026,male,age_group_20_24,98
Bagmati,Dhading,Siddhalek,NP03,NP0330,NP0330407,6,affected,population projections 2026,female,age_group_20_24,128
Bagmati,Dhading,Siddhalek,NP03,NP0330,NP0330407,6,affected,population projections 2026,total,age_group_25_29,214
Bagmati,Dhading,Siddhalek,NP03,NP0330,NP0330407,6,affected,population projections 2026,male,age_group_25_29,83
Bagmati,Dhading,Siddhalek,NP03,NP0330,NP0330407,6,affected,population projections 2026,female,age_group_25_29,131
Bagmati,Dhading,Siddhalek,NP03,NP0330,NP0330407,6,affected,population projections 2026,total,age_group_30_34,184
Bagmati,Dhading,Siddhalek,NP03,NP0330,NP0330407,6,affected,population projections 2026,male,age_group_30_34,79
Bagmati,Dhading,Siddhalek,NP03,NP0330,NP0330407,6,affected,population projections 2026,female,age_group_30_34,105
Bagmati,Dhading,Siddhalek,NP03,NP0330,NP0330407,6,affected,population projections 2026,total,age_group_35_39,164
Bagmati,Dhading,Siddhalek,NP03,NP0330,NP0330407,6,affected,population projections 2026,male,age_group_35_39,77
Bagmati,Dhading,Siddhalek,NP03,NP0330,NP0330407,6,affected,population projections 2026,female,age_group_35_39,87
Bagmati,Dhading,Siddhalek,NP03,NP0330,NP0330407,6,affected,population projections 2026,total,age_group_40_44,188
Bagmati,Dhading,Siddhalek,NP03,NP0330,NP0330407,6,affected,population projections 2026,male,age_group_40_44,85
Bagmati,Dhading,Siddhalek,NP03,NP0330,NP0330407,6,affected,population projections 2026,female,age_group_40_44,103
Bagmati,Dhading,Siddhalek,NP03,NP0330,NP0330407,6,affected,population projections 2026,total,age_group_45_49,165
Bagmati,Dhading,Siddhalek,NP03,NP0330,NP0330407,6,affected,population projections 2026,male,age_group_45_49,76
Bagmati,Dhading,Siddhalek,NP03,NP0330,NP0330407,6,affected,population projections 2026,female,age_group_45_49,89
Bagmati,Dhading,Siddhalek,NP03,NP0330,NP0330407,6,affected,population projections 2026,total,age_group_50_54,152
Bagmati,Dhading,Siddhalek,NP03,NP0330,NP0330407,6,affected,population projections 2026,male,age_group_50_54,72
Bagmati,Dhading,Siddhalek,NP03,NP0330,NP0330407,6,affected,population projections 2026,female,age_group_50_54,80
Bagmati,Dhading,Siddhalek,NP03,NP0330,NP0330407,6,affected,population projections 2026,total,age_group_55_59,142
Bagmati,Dhading,Siddhalek,NP03,NP0330,NP0330407,6,affected,population projections 2026,male,age_group_55_59,68
Bagmati,Dhading,Siddhalek,NP03,NP0330,NP0330407,6,affected,population projections 2026,female,age_group_55_59,74
Bagmati,Dhading,Siddhalek,NP03,NP0330,NP0330407,6,affected,population projections 2026,total,age_group_60_64,117
Bagmati,Dhading,Siddhalek,NP03,NP0330,NP0330407,6,affected,population projections 2026,male,age_group_60_64,59
Bagmati,Dhading,Siddhalek,NP03,NP0330,NP0330407,6,affected,population projections 2026,female,age_group_60_64,58
Bagmati,Dhading,Siddhalek,NP03,NP0330,NP0330407,6,affected,population projections 2026,total,age_group_65_69,104
Bagmati,Dhading,Siddhalek,NP03,NP0330,NP0330407,6,affected,population projections 2026,male,age_group_65_69,51
Bagmati,Dhading,Siddhalek,NP03,NP0330,NP0330407,6,affected,population projections 2026,female,age_group_65_69,53
Bagmati,Dhading,Siddhalek,NP03,NP0330,NP0330407,6,affected,population projections 2026,total,age_group_70_74,94
Bagmati,Dhading,Siddhalek,NP03,NP0330,NP0330407,6,affected,population projections 2026,male,age_group_70_74,49
Bagmati,Dhading,Siddhalek,NP03,NP0330,NP0330407,6,affected,population projections 2026,female,age_group_70_74,45
Bagmati,Dhading,Siddhalek,NP03,NP0330,NP0330407,6,affected,population projections 2026,total,age_group_75_79,67
Bagmati,Dhading,Siddhalek,NP03,NP0330,NP0330407,6,affected,population projections 2026,male,age_group_75_79,35
Bagmati,Dhading,Siddhalek,NP03,NP0330,NP0330407,6,affected,population projections 2026,female,age_group_75_79,32
Bagmati,Dhading,Siddhalek,NP03,NP0330,NP0330407,6,affected,population projections 2026,total,age_group_80_84,36
Bagmati,Dhading,Siddhalek,NP03,NP0330,NP0330407,6,affected,population projections 2026,male,age_group_80_84,17
Bagmati,Dhading,Siddhalek,NP03,NP0330,NP0330407,6,affected,population projections 2026,female,age_group_80_84,19
Bagmati,Dhading,Siddhalek,NP03,NP0330,NP0330407,6,affected,population projections 2026,total,age_group_85_89,16
Bagmati,Dhading,Siddhalek,NP03,NP0330,NP0330407,6,affected,population projections 2026,male,age_group_85_89,7
Bagmati,Dhading,Siddhalek,NP03,NP0330,NP0330407,6,affected,population projections 2026,female,age_group_85_89,9
Bagmati,Dhading,Siddhalek,NP03,NP0330,NP0330407,6,affected,population projections 2026,total,age_group_90_94,5
Bagmati,Dhading,Siddhalek,NP03,NP0330,NP0330407,6,affected,population projections 2026,male,age_group_90_94,2
Bagmati,Dhading,Siddhalek,NP03,NP0330,NP0330407,6,affected,population projections 2026,female,age_group_90_94,3
Bagmati,Dhading,Siddhalek,NP03,NP0330,NP0330407,6,affected,population projections 2026,total,age_group_95plus,1
Bagmati,Dhading,Siddhalek,NP03,NP0330,NP0330407,6,affected,population projections 2026,male,age_group_95plus,0
Bagmati,Dhading,Siddhalek,NP03,NP0330,NP0330407,6,affected,population projections 2026,female,age_group_95plus,1
Bagmati,Dhading,Siddhalek,NP03,NP0330,NP0330407,7,affected,population projections 2026,total,population_total,3731
Bagmati,Dhading,Siddhalek,NP03,NP0330,NP0330407,7,affected,population projections 2026,male,population_overall_male,1755
Bagmati,Dhading,Siddhalek,NP03,NP0330,NP0330407,7,affected,population projections 2026,female,population_overall_female,1976
Bagmati,Dhading,Siddhalek,NP03,NP0330,NP0330407,7,affected,population projections 2026,total,age_group_0_4,277
Bagmati,Dhading,Siddhalek,NP03,NP0330,NP0330407,7,affected,population projections 2026,male,age_group_0_4,143
Bagmati,Dhading,Siddhalek,NP03,NP0330,NP0330407,7,affected,population projections 2026,female,age_group_0_4,134
Bagmati,Dhading,Siddhalek,NP03,NP0330,NP0330407,7,affected,population projections 2026,total,age_group_5_9,280
Bagmati,Dhading,Siddhalek,NP03,NP0330,NP0330407,7,affected,population projections 2026,male,age_group_5_9,148
Bagmati,Dhading,Siddhalek,NP03,NP0330,NP0330407,7,affected,population projections 2026,female,age_group_5_9,132
Bagmati,Dhading,Siddhalek,NP03,NP0330,NP0330407,7,affected,population projections 2026,total,age_group_10_14,309
Bagmati,Dhading,Siddhalek,NP03,NP0330,NP0330407,7,affected,population projections 2026,male,age_group_10_14,155
Bagmati,Dhading,Siddhalek,NP03,NP0330,NP0330407,7,affected,population projections 2026,female,age_group_10_14,154
Bagmati,Dhading,Siddhalek,NP03,NP0330,NP0330407,7,affected,population projections 2026,total,age_group_15_19,299
Bagmati,Dhading,Siddhalek,NP03,NP0330,NP0330407,7,affected,population projections 2026,male,age_group_15_19,156
Bagmati,Dhading,Siddhalek,NP03,NP0330,NP0330407,7,affected,population projections 2026,female,age_group_15_19,143
Bagmati,Dhading,Siddhalek,NP03,NP0330,NP0330407,7,affected,population projections 2026,total,age_group_20_24,300
Bagmati,Dhading,Siddhalek,NP03,NP0330,NP0330407,7,affected,population projections 2026,male,age_group_20_24,126
Bagmati,Dhading,Siddhalek,NP03,NP0330,NP0330407,7,affected,population projections 2026,female,age_group_20_24,174
Bagmati,Dhading,Siddhalek,NP03,NP0330,NP0330407,7,affected,population projections 2026,total,age_group_25_29,323
Bagmati,Dhading,Siddhalek,NP03,NP0330,NP0330407,7,affected,population projections 2026,male,age_group_25_29,130
Bagmati,Dhading,Siddhalek,NP03,NP0330,NP0330407,7,affected,population projections 2026,female,age_group_25_29,193
Bagmati,Dhading,Siddhalek,NP03,NP0330,NP0330407,7,affected,population projections 2026,total,age_group_30_34,294
Bagmati,Dhading,Siddhalek,NP03,NP0330,NP0330407,7,affected,population projections 2026,male,age_group_30_34,123
Bagmati,Dhading,Siddhalek,NP03,NP0330,NP0330407,7,affected,population projections 2026,female,age_group_30_34,171
Bagmati,Dhading,Siddhalek,NP03,NP0330,NP0330407,7,affected,population projections 2026,total,age_group_35_39,252
Bagmati,Dhading,Siddhalek,NP03,NP0330,NP0330407,7,affected,population projections 2026,male,age_group_35_39,115
Bagmati,Dhading,Siddhalek,NP03,NP0330,NP0330407,7,affected,population projections 2026,female,age_group_35_39,137
Bagmati,Dhading,Siddhalek,NP03,NP0330,NP0330407,7,affected,population projections 2026,total,age_group_40_44,232
Bagmati,Dhading,Siddhalek,NP03,NP0330,NP0330407,7,affected,population projections 2026,male,age_group_40_44,109
Bagmati,Dhading,Siddhalek,NP03,NP0330,NP0330407,7,affected,population projections 2026,female,age_group_40_44,123
Bagmati,Dhading,Siddhalek,NP03,NP0330,NP0330407,7,affected,population projections 2026,total,age_group_45_49,210
Bagmati,Dhading,Siddhalek,NP03,NP0330,NP0330407,7,affected,population projections 2026,male,age_group_45_49,97
Bagmati,Dhading,Siddhalek,NP03,NP0330,NP0330407,7,affected,population projections 2026,female,age_group_45_49,113
Bagmati,Dhading,Siddhalek,NP03,NP0330,NP0330407,7,affected,population projections 2026,total,age_group_50_54,199
Bagmati,Dhading,Siddhalek,NP03,NP0330,NP0330407,7,affected,population projections 2026,male,age_group_50_54,88
Bagmati,Dhading,Siddhalek,NP03,NP0330,NP0330407,7,affected,population projections 2026,female,age_group_50_54,111
Bagmati,Dhading,Siddhalek,NP03,NP0330,NP0330407,7,affected,population projections 2026,total,age_group_55_59,210
Bagmati,Dhading,Siddhalek,NP03,NP0330,NP0330407,7,affected,population projections 2026,male,age_group_55_59,104
Bagmati,Dhading,Siddhalek,NP03,NP0330,NP0330407,7,affected,population projections 2026,female,age_group_55_59,106
Bagmati,Dhading,Siddhalek,NP03,NP0330,NP0330407,7,affected,population projections 2026,total,age_group_60_64,162
Bagmati,Dhading,Siddhalek,NP03,NP0330,NP0330407,7,affected,population projections 2026,male,age_group_60_64,86
Bagmati,Dhading,Siddhalek,NP03,NP0330,NP0330407,7,affected,population projections 2026,female,age_group_60_64,76
Bagmati,Dhading,Siddhalek,NP03,NP0330,NP0330407,7,affected,population projections 2026,total,age_group_65_69,144
Bagmati,Dhading,Siddhalek,NP03,NP0330,NP0330407,7,affected,population projections 2026,male,age_group_65_69,70
Bagmati,Dhading,Siddhalek,NP03,NP0330,NP0330407,7,affected,population projections 2026,female,age_group_65_69,74
Bagmati,Dhading,Siddhalek,NP03,NP0330,NP0330407,7,affected,population projections 2026,total,age_group_70_74,97
Bagmati,Dhading,Siddhalek,NP03,NP0330,NP0330407,7,affected,population projections 2026,male,age_group_70_74,43
Bagmati,Dhading,Siddhalek,NP03,NP0330,NP0330407,7,affected,population projections 2026,female,age_group_70_74,54
Bagmati,Dhading,Siddhalek,NP03,NP0330,NP0330407,7,affected,population projections 2026,total,age_group_75_79,73
Bagmati,Dhading,Siddhalek,NP03,NP0330,NP0330407,7,affected,population projections 2026,male,age_group_75_79,33
Bagmati,Dhading,Siddhalek,NP03,NP0330,NP0330407,7,affected,population projections 2026,female,age_group_75_79,40
Bagmati,Dhading,Siddhalek,NP03,NP0330,NP0330407,7,affected,population projections 2026,total,age_group_80_84,49
Bagmati,Dhading,Siddhalek,NP03,NP0330,NP0330407,7,affected,population projections 2026,male,age_group_80_84,22
Bagmati,Dhading,Siddhalek,NP03,NP0330,NP0330407,7,affected,population projections 2026,female,age_group_80_84,27
Bagmati,Dhading,Siddhalek,NP03,NP0330,NP0330407,7,affected,population projections 2026,total,age_group_85_89,16
Bagmati,Dhading,Siddhalek,NP03,NP0330,NP0330407,7,affected,population projections 2026,male,age_group_85_89,7
Bagmati,Dhading,Siddhalek,NP03,NP0330,NP0330407,7,affected,population projections 2026,female,age_group_85_89,9
Bagmati,Dhading,Siddhalek,NP03,NP0330,NP0330407,7,affected,population projections 2026,total,age_group_90_94,5
Bagmati,Dhading,Siddhalek,NP03,NP0330,NP0330407,7,affected,population projections 2026,male,age_group_90_94,0
Bagmati,Dhading,Siddhalek,NP03,NP0330,NP0330407,7,affected,population projections 2026,female,age_group_90_94,5
Bagmati,Dhading,Siddhalek,NP03,NP0330,NP0330407,7,affected,population projections 2026,total,age_group_95plus,0
Bagmati,Dhading,Siddhalek,NP03,NP0330,NP0330407,7,affected,population projections 2026,male,age_group_95plus,0
Bagmati,Dhading,Siddhalek,NP03,NP0330,NP0330407,7,affected,population projections 2026,female,age_group_95plus,0
Gandaki,Gorkha,Gandaki,NP04,NP0436,NP0436409,1,affected,population projections 2026,total,population_total,2038
Gandaki,Gorkha,Gandaki,NP04,NP0436,NP0436409,1,affected,population projections 2026,male,population_overall_male,970
Gandaki,Gorkha,Gandaki,NP04,NP0436,NP0436409,1,affected,population projections 2026,female,population_overall_female,1068
Gandaki,Gorkha,Gandaki,NP04,NP0436,NP0436409,1,affected,population projections 2026,total,age_group_0_4,140
Gandaki,Gorkha,Gandaki,NP04,NP0436,NP0436409,1,affected,population projections 2026,male,age_group_0_4,75
Gandaki,Gorkha,Gandaki,NP04,NP0436,NP0436409,1,affected,population projections 2026,female,age_group_0_4,65
Gandaki,Gorkha,Gandaki,NP04,NP0436,NP0436409,1,affected,population projections 2026,total,age_group_5_9,140
Gandaki,Gorkha,Gandaki,NP04,NP0436,NP0436409,1,affected,population projections 2026,male,age_group_5_9,71
Gandaki,Gorkha,Gandaki,NP04,NP0436,NP0436409,1,affected,population projections 2026,female,age_group_5_9,69
Gandaki,Gorkha,Gandaki,NP04,NP0436,NP0436409,1,affected,population projections 2026,total,age_group_10_14,171
Gandaki,Gorkha,Gandaki,NP04,NP0436,NP0436409,1,affected,population projections 2026,male,age_group_10_14,89
Gandaki,Gorkha,Gandaki,NP04,NP0436,NP0436409,1,affected,population projections 2026,female,age_group_10_14,82
Gandaki,Gorkha,Gandaki,NP04,NP0436,NP0436409,1,affected,population projections 2026,total,age_group_15_19,169
Gandaki,Gorkha,Gandaki,NP04,NP0436,NP0436409,1,affected,population projections 2026,male,age_group_15_19,87
Gandaki,Gorkha,Gandaki,NP04,NP0436,NP0436409,1,affected,population projections 2026,female,age_group_15_19,82
Gandaki,Gorkha,Gandaki,NP04,NP0436,NP0436409,1,affected,population projections 2026,total,age_group_20_24,155
Gandaki,Gorkha,Gandaki,NP04,NP0436,NP0436409,1,affected,population projections 2026,male,age_group_20_24,67
Gandaki,Gorkha,Gandaki,NP04,NP0436,NP0436409,1,affected,population projections 2026,female,age_group_20_24,88
Gandaki,Gorkha,Gandaki,NP04,NP0436,NP0436409,1,affected,population projections 2026,total,age_group_25_29,136
Gandaki,Gorkha,Gandaki,NP04,NP0436,NP0436409,1,affected,population projections 2026,male,age_group_25_29,58
Gandaki,Gorkha,Gandaki,NP04,NP0436,NP0436409,1,affected,population projections 2026,female,age_group_25_29,78
Gandaki,Gorkha,Gandaki,NP04,NP0436,NP0436409,1,affected,population projections 2026,total,age_group_30_34,138
Gandaki,Gorkha,Gandaki,NP04,NP0436,NP0436409,1,affected,population projections 2026,male,age_group_30_34,68
Gandaki,Gorkha,Gandaki,NP04,NP0436,NP0436409,1,affected,population projections 2026,female,age_group_30_34,70
Gandaki,Gorkha,Gandaki,NP04,NP0436,NP0436409,1,affected,population projections 2026,total,age_group_35_39,130
Gandaki,Gorkha,Gandaki,NP04,NP0436,NP0436409,1,affected,population projections 2026,male,age_group_35_39,55
Gandaki,Gorkha,Gandaki,NP04,NP0436,NP0436409,1,affected,population projections 2026,female,age_group_35_39,75
Gandaki,Gorkha,Gandaki,NP04,NP0436,NP0436409,1,affected,population projections 2026,total,age_group_40_44,136
Gandaki,Gorkha,Gandaki,NP04,NP0436,NP0436409,1,affected,population projections 2026,male,age_group_40_44,52
Gandaki,Gorkha,Gandaki,NP04,NP0436,NP0436409,1,affected,population projections 2026,female,age_group_40_44,84
Gandaki,Gorkha,Gandaki,NP04,NP0436,NP0436409,1,affected,population projections 2026,total,age_group_45_49,122
Gandaki,Gorkha,Gandaki,NP04,NP0436,NP0436409,1,affected,population projections 2026,male,age_group_45_49,60
Gandaki,Gorkha,Gandaki,NP04,NP0436,NP0436409,1,affected,population projections 2026,female,age_group_45_49,62
Gandaki,Gorkha,Gandaki,NP04,NP0436,NP0436409,1,affected,population projections 2026,total,age_group_50_54,112
Gandaki,Gorkha,Gandaki,NP04,NP0436,NP0436409,1,affected,population projections 2026,male,age_group_50_54,53
Gandaki,Gorkha,Gandaki,NP04,NP0436,NP0436409,1,affected,population projections 2026,female,age_group_50_54,59
Gandaki,Gorkha,Gandaki,NP04,NP0436,NP0436409,1,affected,population projections 2026,total,age_group_55_59,105
Gandaki,Gorkha,Gandaki,NP04,NP0436,NP0436409,1,affected,population projections 2026,male,age_group_55_59,55
Gandaki,Gorkha,Gandaki,NP04,NP0436,NP0436409,1,affected,population projections 2026,female,age_group_55_59,50
Gandaki,Gorkha,Gandaki,NP04,NP0436,NP0436409,1,affected,population projections 2026,total,age_group_60_64,101
Gandaki,Gorkha,Gandaki,NP04,NP0436,NP0436409,1,affected,population projections 2026,male,age_group_60_64,55
Gandaki,Gorkha,Gandaki,NP04,NP0436,NP0436409,1,affected,population projections 2026,female,age_group_60_64,46
Gandaki,Gorkha,Gandaki,NP04,NP0436,NP0436409,1,affected,population projections 2026,total,age_group_65_69,88
Gandaki,Gorkha,Gandaki,NP04,NP0436,NP0436409,1,affected,population projections 2026,male,age_group_65_69,42
Gandaki,Gorkha,Gandaki,NP04,NP0436,NP0436409,1,affected,population projections 2026,female,age_group_65_69,46
Gandaki,Gorkha,Gandaki,NP04,NP0436,NP0436409,1,affected,population projections 2026,total,age_group_70_74,84
Gandaki,Gorkha,Gandaki,NP04,NP0436,NP0436409,1,affected,population projections 2026,male,age_group_70_74,36
Gandaki,Gorkha,Gandaki,NP04,NP0436,NP0436409,1,affected,population projections 2026,female,age_group_70_74,48
Gandaki,Gorkha,Gandaki,NP04,NP0436,NP0436409,1,affected,population projections 2026,total,age_group_75_79,62
Gandaki,Gorkha,Gandaki,NP04,NP0436,NP0436409,1,affected,population projections 2026,male,age_group_75_79,26
Gandaki,Gorkha,Gandaki,NP04,NP0436,NP0436409,1,affected,population projections 2026,female,age_group_75_79,36
Gandaki,Gorkha,Gandaki,NP04,NP0436,NP0436409,1,affected,population projections 2026,total,age_group_80_84,33
Gandaki,Gorkha,Gandaki,NP04,NP0436,NP0436409,1,affected,population projections 2026,male,age_group_80_84,14
Gandaki,Gorkha,Gandaki,NP04,NP0436,NP0436409,1,affected,population projections 2026,female,age_group_80_84,19
Gandaki,Gorkha,Gandaki,NP04,NP0436,NP0436409,1,affected,population projections 2026,total,age_group_85_89,10
Gandaki,Gorkha,Gandaki,NP04,NP0436,NP0436409,1,affected,population projections 2026,male,age_group_85_89,4
Gandaki,Gorkha,Gandaki,NP04,NP0436,NP0436409,1,affected,population projections 2026,female,age_group_85_89,6
Gandaki,Gorkha,Gandaki,NP04,NP0436,NP0436409,1,affected,population projections 2026,total,age_group_90_94,6
Gandaki,Gorkha,Gandaki,NP04,NP0436,NP0436409,1,affected,population projections 2026,male,age_group_90_94,3
Gandaki,Gorkha,Gandaki,NP04,NP0436,NP0436409,1,affected,population projections 2026,female,age_group_90_94,3
Gandaki,Gorkha,Gandaki,NP04,NP0436,NP0436409,1,affected,population projections 2026,total,age_group_95plus,0
Gandaki,Gorkha,Gandaki,NP04,NP0436,NP0436409,1,affected,population projections 2026,male,age_group_95plus,0
Gandaki,Gorkha,Gandaki,NP04,NP0436,NP0436409,1,affected,population projections 2026,female,age_group_95plus,0
Gandaki,Gorkha,Gandaki,NP04,NP0436,NP0436409,2,affected,population projections 2026,total,population_total,2742
Gandaki,Gorkha,Gandaki,NP04,NP0436,NP0436409,2,affected,population projections 2026,male,population_overall_male,1249
Gandaki,Gorkha,Gandaki,NP04,NP0436,NP0436409,2,affected,population projections 2026,female,population_overall_female,1493
Gandaki,Gorkha,Gandaki,NP04,NP0436,NP0436409,2,affected,population projections 2026,total,age_group_0_4,193
Gandaki,Gorkha,Gandaki,NP04,NP0436,NP0436409,2,affected,population projections 2026,male,age_group_0_4,103
Gandaki,Gorkha,Gandaki,NP04,NP0436,NP0436409,2,affected,population projections 2026,female,age_group_0_4,90
Gandaki,Gorkha,Gandaki,NP04,NP0436,NP0436409,2,affected,population projections 2026,total,age_group_5_9,199
Gandaki,Gorkha,Gandaki,NP04,NP0436,NP0436409,2,affected,population projections 2026,male,age_group_5_9,105
Gandaki,Gorkha,Gandaki,NP04,NP0436,NP0436409,2,affected,population projections 2026,female,age_group_5_9,94
Gandaki,Gorkha,Gandaki,NP04,NP0436,NP0436409,2,affected,population projections 2026,total,age_group_10_14,176
Gandaki,Gorkha,Gandaki,NP04,NP0436,NP0436409,2,affected,population projections 2026,male,age_group_10_14,85
Gandaki,Gorkha,Gandaki,NP04,NP0436,NP0436409,2,affected,population projections 2026,female,age_group_10_14,91
Gandaki,Gorkha,Gandaki,NP04,NP0436,NP0436409,2,affected,population projections 2026,total,age_group_15_19,200
Gandaki,Gorkha,Gandaki,NP04,NP0436,NP0436409,2,affected,population projections 2026,male,age_group_15_19,87
Gandaki,Gorkha,Gandaki,NP04,NP0436,NP0436409,2,affected,population projections 2026,female,age_group_15_19,113
Gandaki,Gorkha,Gandaki,NP04,NP0436,NP0436409,2,affected,population projections 2026,total,age_group_20_24,201
Gandaki,Gorkha,Gandaki,NP04,NP0436,NP0436409,2,affected,population projections 2026,male,age_group_20_24,81
Gandaki,Gorkha,Gandaki,NP04,NP0436,NP0436409,2,affected,population projections 2026,female,age_group_20_24,120
Gandaki,Gorkha,Gandaki,NP04,NP0436,NP0436409,2,affected,population projections 2026,total,age_group_25_29,188
Gandaki,Gorkha,Gandaki,NP04,NP0436,NP0436409,2,affected,population projections 2026,male,age_group_25_29,77
Gandaki,Gorkha,Gandaki,NP04,NP0436,NP0436409,2,affected,population projections 2026,female,age_group_25_29,111
Gandaki,Gorkha,Gandaki,NP04,NP0436,NP0436409,2,affected,population projections 2026,total,age_group_30_34,190
Gandaki,Gorkha,Gandaki,NP04,NP0436,NP0436409,2,affected,population projections 2026,male,age_group_30_34,79
Gandaki,Gorkha,Gandaki,NP04,NP0436,NP0436409,2,affected,population projections 2026,female,age_group_30_34,111
Gandaki,Gorkha,Gandaki,NP04,NP0436,NP0436409,2,affected,population projections 2026,total,age_group_35_39,146
Gandaki,Gorkha,Gandaki,NP04,NP0436,NP0436409,2,affected,population projections 2026,male,age_group_35_39,70
Gandaki,Gorkha,Gandaki,NP04,NP0436,NP0436409,2,affected,population projections 2026,female,age_group_35_39,76
Gandaki,Gorkha,Gandaki,NP04,NP0436,NP0436409,2,affected,population projections 2026,total,age_group_40_44,142
Gandaki,Gorkha,Gandaki,NP04,NP0436,NP0436409,2,affected,population projections 2026,male,age_group_40_44,61
Gandaki,Gorkha,Gandaki,NP04,NP0436,NP0436409,2,affected,population projections 2026,female,age_group_40_44,81
Gandaki,Gorkha,Gandaki,NP04,NP0436,NP0436409,2,affected,population projections 2026,total,age_group_45_49,166
Gandaki,Gorkha,Gandaki,NP04,NP0436,NP0436409,2,affected,population projections 2026,male,age_group_45_49,75
Gandaki,Gorkha,Gandaki,NP04,NP0436,NP0436409,2,affected,population projections 2026,female,age_group_45_49,91
Gandaki,Gorkha,Gandaki,NP04,NP0436,NP0436409,2,affected,population projections 2026,total,age_group_50_54,156
Gandaki,Gorkha,Gandaki,NP04,NP0436,NP0436409,2,affected,population projections 2026,male,age_group_50_54,70
Gandaki,Gorkha,Gandaki,NP04,NP0436,NP0436409,2,affected,population projections 2026,female,age_group_50_54,86
Gandaki,Gorkha,Gandaki,NP04,NP0436,NP0436409,2,affected,population projections 2026,total,age_group_55_59,188
Gandaki,Gorkha,Gandaki,NP04,NP0436,NP0436409,2,affected,population projections 2026,male,age_group_55_59,84
Gandaki,Gorkha,Gandaki,NP04,NP0436,NP0436409,2,affected,population projections 2026,female,age_group_55_59,104
Gandaki,Gorkha,Gandaki,NP04,NP0436,NP0436409,2,affected,population projections 2026,total,age_group_60_64,167
Gandaki,Gorkha,Gandaki,NP04,NP0436,NP0436409,2,affected,population projections 2026,male,age_group_60_64,78
Gandaki,Gorkha,Gandaki,NP04,NP0436,NP0436409,2,affected,population projections 2026,female,age_group_60_64,89
Gandaki,Gorkha,Gandaki,NP04,NP0436,NP0436409,2,affected,population projections 2026,total,age_group_65_69,135
Gandaki,Gorkha,Gandaki,NP04,NP0436,NP0436409,2,affected,population projections 2026,male,age_group_65_69,70
Gandaki,Gorkha,Gandaki,NP04,NP0436,NP0436409,2,affected,population projections 2026,female,age_group_65_69,65
Gandaki,Gorkha,Gandaki,NP04,NP0436,NP0436409,2,affected,population projections 2026,total,age_group_70_74,117
Gandaki,Gorkha,Gandaki,NP04,NP0436,NP0436409,2,affected,population projections 2026,male,age_group_70_74,51
Gandaki,Gorkha,Gandaki,NP04,NP0436,NP0436409,2,affected,population projections 2026,female,age_group_70_74,66
Gandaki,Gorkha,Gandaki,NP04,NP0436,NP0436409,2,affected,population projections 2026,total,age_group_75_79,81
Gandaki,Gorkha,Gandaki,NP04,NP0436,NP0436409,2,affected,population projections 2026,male,age_group_75_79,31
Gandaki,Gorkha,Gandaki,NP04,NP0436,NP0436409,2,affected,population projections 2026,female,age_group_75_79,50
Gandaki,Gorkha,Gandaki,NP04,NP0436,NP0436409,2,affected,population projections 2026,total,age_group_80_84,52
Gandaki,Gorkha,Gandaki,NP04,NP0436,NP0436409,2,affected,population projections 2026,male,age_group_80_84,24
Gandaki,Gorkha,Gandaki,NP04,NP0436,NP0436409,2,affected,population projections 2026,female,age_group_80_84,28
Gandaki,Gorkha,Gandaki,NP04,NP0436,NP0436409,2,affected,population projections 2026,total,age_group_85_89,29
Gandaki,Gorkha,Gandaki,NP04,NP0436,NP0436409,2,affected,population projections 2026,male,age_group_85_89,15
Gandaki,Gorkha,Gandaki,NP04,NP0436,NP0436409,2,affected,population projections 2026,female,age_group_85_89,14
Gandaki,Gorkha,Gandaki,NP04,NP0436,NP0436409,2,affected,population projections 2026,total,age_group_90_94,8
Gandaki,Gorkha,Gandaki,NP04,NP0436,NP0436409,2,affected,population projections 2026,male,age_group_90_94,2
Gandaki,Gorkha,Gandaki,NP04,NP0436,NP0436409,2,affected,population projections 2026,female,age_group_90_94,6
Gandaki,Gorkha,Gandaki,NP04,NP0436,NP0436409,2,affected,population projections 2026,total,age_group_95plus,8
Gandaki,Gorkha,Gandaki,NP04,NP0436,NP0436409,2,affected,population projections 2026,male,age_group_95plus,1
Gandaki,Gorkha,Gandaki,NP04,NP0436,NP0436409,2,affected,population projections 2026,female,age_group_95plus,7
Gandaki,Gorkha,Gandaki,NP04,NP0436,NP0436409,3,NA,population projections 2026,total,population_total,1426
Gandaki,Gorkha,Gandaki,NP04,NP0436,NP0436409,3,NA,population projections 2026,male,population_overall_male,634
Gandaki,Gorkha,Gandaki,NP04,NP0436,NP0436409,3,NA,population projections 2026,female,population_overall_female,792
Gandaki,Gorkha,Gandaki,NP04,NP0436,NP0436409,3,NA,population projections 2026,total,age_group_0_4,75
Gandaki,Gorkha,Gandaki,NP04,NP0436,NP0436409,3,NA,population projections 2026,male,age_group_0_4,40
Gandaki,Gorkha,Gandaki,NP04,NP0436,NP0436409,3,NA,population projections 2026,female,age_group_0_4,35
Gandaki,Gorkha,Gandaki,NP04,NP0436,NP0436409,3,NA,population projections 2026,total,age_group_5_9,80
Gandaki,Gorkha,Gandaki,NP04,NP0436,NP0436409,3,NA,population projections 2026,male,age_group_5_9,40
Gandaki,Gorkha,Gandaki,NP04,NP0436,NP0436409,3,NA,population projections 2026,female,age_group_5_9,40
Gandaki,Gorkha,Gandaki,NP04,NP0436,NP0436409,3,NA,population projections 2026,total,age_group_10_14,80
Gandaki,Gorkha,Gandaki,NP04,NP0436,NP0436409,3,NA,population projections 2026,male,age_group_10_14,45
Gandaki,Gorkha,Gandaki,NP04,NP0436,NP0436409,3,NA,population projections 2026,female,age_group_10_14,35
Gandaki,Gorkha,Gandaki,NP04,NP0436,NP0436409,3,NA,population projections 2026,total,age_group_15_19,91
Gandaki,Gorkha,Gandaki,NP04,NP0436,NP0436409,3,NA,population projections 2026,male,age_group_15_19,47
Gandaki,Gorkha,Gandaki,NP04,NP0436,NP0436409,3,NA,population projections 2026,female,age_group_15_19,44
Gandaki,Gorkha,Gandaki,NP04,NP0436,NP0436409,3,NA,population projections 2026,total,age_group_20_24,70
Gandaki,Gorkha,Gandaki,NP04,NP0436,NP0436409,3,NA,population projections 2026,male,age_group_20_24,26
Gandaki,Gorkha,Gandaki,NP04,NP0436,NP0436409,3,NA,population projections 2026,female,age_group_20_24,44
Gandaki,Gorkha,Gandaki,NP04,NP0436,NP0436409,3,NA,population projections 2026,total,age_group_25_29,55
Gandaki,Gorkha,Gandaki,NP04,NP0436,NP0436409,3,NA,population projections 2026,male,age_group_25_29,15
Gandaki,Gorkha,Gandaki,NP04,NP0436,NP0436409,3,NA,population projections 2026,female,age_group_25_29,40
Gandaki,Gorkha,Gandaki,NP04,NP0436,NP0436409,3,NA,population projections 2026,total,age_group_30_34,67
Gandaki,Gorkha,Gandaki,NP04,NP0436,NP0436409,3,NA,population projections 2026,male,age_group_30_34,23
Gandaki,Gorkha,Gandaki,NP04,NP0436,NP0436409,3,NA,population projections 2026,female,age_group_30_34,44
Gandaki,Gorkha,Gandaki,NP04,NP0436,NP0436409,3,NA,population projections 2026,total,age_group_35_39,61
Gandaki,Gorkha,Gandaki,NP04,NP0436,NP0436409,3,NA,population projections 2026,male,age_group_35_39,23
Gandaki,Gorkha,Gandaki,NP04,NP0436,NP0436409,3,NA,population projections 2026,female,age_group_35_39,38
Gandaki,Gorkha,Gandaki,NP04,NP0436,NP0436409,3,NA,population projections 2026,total,age_group_40_44,75
Gandaki,Gorkha,Gandaki,NP04,NP0436,NP0436409,3,NA,population projections 2026,male,age_group_40_44,30
Gandaki,Gorkha,Gandaki,NP04,NP0436,NP0436409,3,NA,population projections 2026,female,age_group_40_44,45
Gandaki,Gorkha,Gandaki,NP04,NP0436,NP0436409,3,NA,population projections 2026,total,age_group_45_49,90
Gandaki,Gorkha,Gandaki,NP04,NP0436,NP0436409,3,NA,population projections 2026,male,age_group_45_49,32
Gandaki,Gorkha,Gandaki,NP04,NP0436,NP0436409,3,NA,population projections 2026,female,age_group_45_49,58
Gandaki,Gorkha,Gandaki,NP04,NP0436,NP0436409,3,NA,population projections 2026,total,age_group_50_54,106
Gandaki,Gorkha,Gandaki,NP04,NP0436,NP0436409,3,NA,population projections 2026,male,age_group_50_54,43
Gandaki,Gorkha,Gandaki,NP04,NP0436,NP0436409,3,NA,population projections 2026,female,age_group_50_54,63
Gandaki,Gorkha,Gandaki,NP04,NP0436,NP0436409,3,NA,population projections 2026,total,age_group_55_59,130
Gandaki,Gorkha,Gandaki,NP04,NP0436,NP0436409,3,NA,population projections 2026,male,age_group_55_59,54
Gandaki,Gorkha,Gandaki,NP04,NP0436,NP0436409,3,NA,population projections 2026,female,age_group_55_59,76
Gandaki,Gorkha,Gandaki,NP04,NP0436,NP0436409,3,NA,population projections 2026,total,age_group_60_64,126
Gandaki,Gorkha,Gandaki,NP04,NP0436,NP0436409,3,NA,population projections 2026,male,age_group_60_64,60
Gandaki,Gorkha,Gandaki,NP04,NP0436,NP0436409,3,NA,population projections 2026,female,age_group_60_64,66
Gandaki,Gorkha,Gandaki,NP04,NP0436,NP0436409,3,NA,population projections 2026,total,age_group_65_69,109
Gandaki,Gorkha,Gandaki,NP04,NP0436,NP0436409,3,NA,population projections 2026,male,age_group_65_69,56
Gandaki,Gorkha,Gandaki,NP04,NP0436,NP0436409,3,NA,population projections 2026,female,age_group_65_69,53
Gandaki,Gorkha,Gandaki,NP04,NP0436,NP0436409,3,NA,population projections 2026,total,age_group_70_74,87
Gandaki,Gorkha,Gandaki,NP04,NP0436,NP0436409,3,NA,population projections 2026,male,age_group_70_74,43
Gandaki,Gorkha,Gandaki,NP04,NP0436,NP0436409,3,NA,population projections 2026,female,age_group_70_74,44
Gandaki,Gorkha,Gandaki,NP04,NP0436,NP0436409,3,NA,population projections 2026,total,age_group_75_79,61
Gandaki,Gorkha,Gandaki,NP04,NP0436,NP0436409,3,NA,population projections 2026,male,age_group_75_79,29
Gandaki,Gorkha,Gandaki,NP04,NP0436,NP0436409,3,NA,population projections 2026,female,age_group_75_79,32
Gandaki,Gorkha,Gandaki,NP04,NP0436,NP0436409,3,NA,population projections 2026,total,age_group_80_84,34
Gandaki,Gorkha,Gandaki,NP04,NP0436,NP0436409,3,NA,population projections 2026,male,age_group_80_84,15
Gandaki,Gorkha,Gandaki,NP04,NP0436,NP0436409,3,NA,population projections 2026,female,age_group_80_84,19
Gandaki,Gorkha,Gandaki,NP04,NP0436,NP0436409,3,NA,population projections 2026,total,age_group_85_89,18
Gandaki,Gorkha,Gandaki,NP04,NP0436,NP0436409,3,NA,population projections 2026,male,age_group_85_89,8
Gandaki,Gorkha,Gandaki,NP04,NP0436,NP0436409,3,NA,population projections 2026,female,age_group_85_89,10
Gandaki,Gorkha,Gandaki,NP04,NP0436,NP0436409,3,NA,population projections 2026,total,age_group_90_94,10
Gandaki,Gorkha,Gandaki,NP04,NP0436,NP0436409,3,NA,population projections 2026,male,age_group_90_94,5
Gandaki,Gorkha,Gandaki,NP04,NP0436,NP0436409,3,NA,population projections 2026,female,age_group_90_94,5
Gandaki,Gorkha,Gandaki,NP04,NP0436,NP0436409,3,NA,population projections 2026,total,age_group_95plus,1
Gandaki,Gorkha,Gandaki,NP04,NP0436,NP0436409,3,NA,population projections 2026,male,age_group_95plus,0
Gandaki,Gorkha,Gandaki,NP04,NP0436,NP0436409,3,NA,population projections 2026,female,age_group_95plus,1
Gandaki,Gorkha,Gandaki,NP04,NP0436,NP0436409,4,NA,population projections 2026,total,population_total,1761
Gandaki,Gorkha,Gandaki,NP04,NP0436,NP0436409,4,NA,population projections 2026,male,population_overall_male,780
Gandaki,Gorkha,Gandaki,NP04,NP0436,NP0436409,4,NA,population projections 2026,female,population_overall_female,981
Gandaki,Gorkha,Gandaki,NP04,NP0436,NP0436409,4,NA,population projections 2026,total,age_group_0_4,112
Gandaki,Gorkha,Gandaki,NP04,NP0436,NP0436409,4,NA,population projections 2026,male,age_group_0_4,60
Gandaki,Gorkha,Gandaki,NP04,NP0436,NP0436409,4,NA,population projections 2026,female,age_group_0_4,52
Gandaki,Gorkha,Gandaki,NP04,NP0436,NP0436409,4,NA,population projections 2026,total,age_group_5_9,140
Gandaki,Gorkha,Gandaki,NP04,NP0436,NP0436409,4,NA,population projections 2026,male,age_group_5_9,70
Gandaki,Gorkha,Gandaki,NP04,NP0436,NP0436409,4,NA,population projections 2026,female,age_group_5_9,70
Gandaki,Gorkha,Gandaki,NP04,NP0436,NP0436409,4,NA,population projections 2026,total,age_group_10_14,114
Gandaki,Gorkha,Gandaki,NP04,NP0436,NP0436409,4,NA,population projections 2026,male,age_group_10_14,60
Gandaki,Gorkha,Gandaki,NP04,NP0436,NP0436409,4,NA,population projections 2026,female,age_group_10_14,54
Gandaki,Gorkha,Gandaki,NP04,NP0436,NP0436409,4,NA,population projections 2026,total,age_group_15_19,139
Gandaki,Gorkha,Gandaki,NP04,NP0436,NP0436409,4,NA,population projections 2026,male,age_group_15_19,72
Gandaki,Gorkha,Gandaki,NP04,NP0436,NP0436409,4,NA,population projections 2026,female,age_group_15_19,67
Gandaki,Gorkha,Gandaki,NP04,NP0436,NP0436409,4,NA,population projections 2026,total,age_group_20_24,133
Gandaki,Gorkha,Gandaki,NP04,NP0436,NP0436409,4,NA,population projections 2026,male,age_group_20_24,57
Gandaki,Gorkha,Gandaki,NP04,NP0436,NP0436409,4,NA,population projections 2026,female,age_group_20_24,76
Gandaki,Gorkha,Gandaki,NP04,NP0436,NP0436409,4,NA,population projections 2026,total,age_group_25_29,81
Gandaki,Gorkha,Gandaki,NP04,NP0436,NP0436409,4,NA,population projections 2026,male,age_group_25_29,26
Gandaki,Gorkha,Gandaki,NP04,NP0436,NP0436409,4,NA,population projections 2026,female,age_group_25_29,55
Gandaki,Gorkha,Gandaki,NP04,NP0436,NP0436409,4,NA,population projections 2026,total,age_group_30_34,88
Gandaki,Gorkha,Gandaki,NP04,NP0436,NP0436409,4,NA,population projections 2026,male,age_group_30_34,29
Gandaki,Gorkha,Gandaki,NP04,NP0436,NP0436409,4,NA,population projections 2026,female,age_group_30_34,59
Gandaki,Gorkha,Gandaki,NP04,NP0436,NP0436409,4,NA,population projections 2026,total,age_group_35_39,84
Gandaki,Gorkha,Gandaki,NP04,NP0436,NP0436409,4,NA,population projections 2026,male,age_group_35_39,30
Gandaki,Gorkha,Gandaki,NP04,NP0436,NP0436409,4,NA,population projections 2026,female,age_group_35_39,54
Gandaki,Gorkha,Gandaki,NP04,NP0436,NP0436409,4,NA,population projections 2026,total,age_group_40_44,102
Gandaki,Gorkha,Gandaki,NP04,NP0436,NP0436409,4,NA,population projections 2026,male,age_group_40_44,32
Gandaki,Gorkha,Gandaki,NP04,NP0436,NP0436409,4,NA,population projections 2026,female,age_group_40_44,70
Gandaki,Gorkha,Gandaki,NP04,NP0436,NP0436409,4,NA,population projections 2026,total,age_group_45_49,112
Gandaki,Gorkha,Gandaki,NP04,NP0436,NP0436409,4,NA,population projections 2026,male,age_group_45_49,44
Gandaki,Gorkha,Gandaki,NP04,NP0436,NP0436409,4,NA,population projections 2026,female,age_group_45_49,68
Gandaki,Gorkha,Gandaki,NP04,NP0436,NP0436409,4,NA,population projections 2026,total,age_group_50_54,114
Gandaki,Gorkha,Gandaki,NP04,NP0436,NP0436409,4,NA,population projections 2026,male,age_group_50_54,50
Gandaki,Gorkha,Gandaki,NP04,NP0436,NP0436409,4,NA,population projections 2026,female,age_group_50_54,64
Gandaki,Gorkha,Gandaki,NP04,NP0436,NP0436409,4,NA,population projections 2026,total,age_group_55_59,117
Gandaki,Gorkha,Gandaki,NP04,NP0436,NP0436409,4,NA,population projections 2026,male,age_group_55_59,53
Gandaki,Gorkha,Gandaki,NP04,NP0436,NP0436409,4,NA,population projections 2026,female,age_group_55_59,64
Gandaki,Gorkha,Gandaki,NP04,NP0436,NP0436409,4,NA,population projections 2026,total,age_group_60_64,101
Gandaki,Gorkha,Gandaki,NP04,NP0436,NP0436409,4,NA,population projections 2026,male,age_group_60_64,51
Gandaki,Gorkha,Gandaki,NP04,NP0436,NP0436409,4,NA,population projections 2026,female,age_group_60_64,50
Gandaki,Gorkha,Gandaki,NP04,NP0436,NP0436409,4,NA,population projections 2026,total,age_group_65_69,103
Gandaki,Gorkha,Gandaki,NP04,NP0436,NP0436409,4,NA,population projections 2026,male,age_group_65_69,54
Gandaki,Gorkha,Gandaki,NP04,NP0436,NP0436409,4,NA,population projections 2026,female,age_group_65_69,49
Gandaki,Gorkha,Gandaki,NP04,NP0436,NP0436409,4,NA,population projections 2026,total,age_group_70_74,97
Gandaki,Gorkha,Gandaki,NP04,NP0436,NP0436409,4,NA,population projections 2026,male,age_group_70_74,41
Gandaki,Gorkha,Gandaki,NP04,NP0436,NP0436409,4,NA,population projections 2026,female,age_group_70_74,56
Gandaki,Gorkha,Gandaki,NP04,NP0436,NP0436409,4,NA,population projections 2026,total,age_group_75_79,65
Gandaki,Gorkha,Gandaki,NP04,NP0436,NP0436409,4,NA,population projections 2026,male,age_group_75_79,26
Gandaki,Gorkha,Gandaki,NP04,NP0436,NP0436409,4,NA,population projections 2026,female,age_group_75_79,39
Gandaki,Gorkha,Gandaki,NP04,NP0436,NP0436409,4,NA,population projections 2026,total,age_group_80_84,36
Gandaki,Gorkha,Gandaki,NP04,NP0436,NP0436409,4,NA,population projections 2026,male,age_group_80_84,16
Gandaki,Gorkha,Gandaki,NP04,NP0436,NP0436409,4,NA,population projections 2026,female,age_group_80_84,20
Gandaki,Gorkha,Gandaki,NP04,NP0436,NP0436409,4,NA,population projections 2026,total,age_group_85_89,12
Gandaki,Gorkha,Gandaki,NP04,NP0436,NP0436409,4,NA,population projections 2026,male,age_group_85_89,5
Gandaki,Gorkha,Gandaki,NP04,NP0436,NP0436409,4,NA,population projections 2026,female,age_group_85_89,7
Gandaki,Gorkha,Gandaki,NP04,NP0436,NP0436409,4,NA,population projections 2026,total,age_group_90_94,9
Gandaki,Gorkha,Gandaki,NP04,NP0436,NP0436409,4,NA,population projections 2026,male,age_group_90_94,4
Gandaki,Gorkha,Gandaki,NP04,NP0436,NP0436409,4,NA,population projections 2026,female,age_group_90_94,5
Gandaki,Gorkha,Gandaki,NP04,NP0436,NP0436409,4,NA,population projections 2026,total,age_group_95plus,2
Gandaki,Gorkha,Gandaki,NP04,NP0436,NP0436409,4,NA,population projections 2026,male,age_group_95plus,0
Gandaki,Gorkha,Gandaki,NP04,NP0436,NP0436409,4,NA,population projections 2026,female,age_group_95plus,2
Gandaki,Gorkha,Gandaki,NP04,NP0436,NP0436409,5,NA,population projections 2026,total,population_total,2378
Gandaki,Gorkha,Gandaki,NP04,NP0436,NP0436409,5,NA,population projections 2026,male,population_overall_male,1077
Gandaki,Gorkha,Gandaki,NP04,NP0436,NP0436409,5,NA,population projections 2026,female,population_overall_female,1301
Gandaki,Gorkha,Gandaki,NP04,NP0436,NP0436409,5,NA,population projections 2026,total,age_group_0_4,160
Gandaki,Gorkha,Gandaki,NP04,NP0436,NP0436409,5,NA,population projections 2026,male,age_group_0_4,85
Gandaki,Gorkha,Gandaki,NP04,NP0436,NP0436409,5,NA,population projections 2026,female,age_group_0_4,75
Gandaki,Gorkha,Gandaki,NP04,NP0436,NP0436409,5,NA,population projections 2026,total,age_group_5_9,162
Gandaki,Gorkha,Gandaki,NP04,NP0436,NP0436409,5,NA,population projections 2026,male,age_group_5_9,85
Gandaki,Gorkha,Gandaki,NP04,NP0436,NP0436409,5,NA,population projections 2026,female,age_group_5_9,77
Gandaki,Gorkha,Gandaki,NP04,NP0436,NP0436409,5,NA,population projections 2026,total,age_group_10_14,177
Gandaki,Gorkha,Gandaki,NP04,NP0436,NP0436409,5,NA,population projections 2026,male,age_group_10_14,91
Gandaki,Gorkha,Gandaki,NP04,NP0436,NP0436409,5,NA,population projections 2026,female,age_group_10_14,86
Gandaki,Gorkha,Gandaki,NP04,NP0436,NP0436409,5,NA,population projections 2026,total,age_group_15_19,182
Gandaki,Gorkha,Gandaki,NP04,NP0436,NP0436409,5,NA,population projections 2026,male,age_group_15_19,91
Gandaki,Gorkha,Gandaki,NP04,NP0436,NP0436409,5,NA,population projections 2026,female,age_group_15_19,91
Gandaki,Gorkha,Gandaki,NP04,NP0436,NP0436409,5,NA,population projections 2026,total,age_group_20_24,165
Gandaki,Gorkha,Gandaki,NP04,NP0436,NP0436409,5,NA,population projections 2026,male,age_group_20_24,62
Gandaki,Gorkha,Gandaki,NP04,NP0436,NP0436409,5,NA,population projections 2026,female,age_group_20_24,103
Gandaki,Gorkha,Gandaki,NP04,NP0436,NP0436409,5,NA,population projections 2026,total,age_group_25_29,133
Gandaki,Gorkha,Gandaki,NP04,NP0436,NP0436409,5,NA,population projections 2026,male,age_group_25_29,50
Gandaki,Gorkha,Gandaki,NP04,NP0436,NP0436409,5,NA,population projections 2026,female,age_group_25_29,83
Gandaki,Gorkha,Gandaki,NP04,NP0436,NP0436409,5,NA,population projections 2026,total,age_group_30_34,139
Gandaki,Gorkha,Gandaki,NP04,NP0436,NP0436409,5,NA,population projections 2026,male,age_group_30_34,46
Gandaki,Gorkha,Gandaki,NP04,NP0436,NP0436409,5,NA,population projections 2026,female,age_group_30_34,93
Gandaki,Gorkha,Gandaki,NP04,NP0436,NP0436409,5,NA,population projections 2026,total,age_group_35_39,125
Gandaki,Gorkha,Gandaki,NP04,NP0436,NP0436409,5,NA,population projections 2026,male,age_group_35_39,48
Gandaki,Gorkha,Gandaki,NP04,NP0436,NP0436409,5,NA,population projections 2026,female,age_group_35_39,77
Gandaki,Gorkha,Gandaki,NP04,NP0436,NP0436409,5,NA,population projections 2026,total,age_group_40_44,122
Gandaki,Gorkha,Gandaki,NP04,NP0436,NP0436409,5,NA,population projections 2026,male,age_group_40_44,47
Gandaki,Gorkha,Gandaki,NP04,NP0436,NP0436409,5,NA,population projections 2026,female,age_group_40_44,75
Gandaki,Gorkha,Gandaki,NP04,NP0436,NP0436409,5,NA,population projections 2026,total,age_group_45_49,165
Gandaki,Gorkha,Gandaki,NP04,NP0436,NP0436409,5,NA,population projections 2026,male,age_group_45_49,76
Gandaki,Gorkha,Gandaki,NP04,NP0436,NP0436409,5,NA,population projections 2026,female,age_group_45_49,89
Gandaki,Gorkha,Gandaki,NP04,NP0436,NP0436409,5,NA,population projections 2026,total,age_group_50_54,149
Gandaki,Gorkha,Gandaki,NP04,NP0436,NP0436409,5,NA,population projections 2026,male,age_group_50_54,58
Gandaki,Gorkha,Gandaki,NP04,NP0436,NP0436409,5,NA,population projections 2026,female,age_group_50_54,91
Gandaki,Gorkha,Gandaki,NP04,NP0436,NP0436409,5,NA,population projections 2026,total,age_group_55_59,159
Gandaki,Gorkha,Gandaki,NP04,NP0436,NP0436409,5,NA,population projections 2026,male,age_group_55_59,72
Gandaki,Gorkha,Gandaki,NP04,NP0436,NP0436409,5,NA,population projections 2026,female,age_group_55_59,87
Gandaki,Gorkha,Gandaki,NP04,NP0436,NP0436409,5,NA,population projections 2026,total,age_group_60_64,155
Gandaki,Gorkha,Gandaki,NP04,NP0436,NP0436409,5,NA,population projections 2026,male,age_group_60_64,80
Gandaki,Gorkha,Gandaki,NP04,NP0436,NP0436409,5,NA,population projections 2026,female,age_group_60_64,75
Gandaki,Gorkha,Gandaki,NP04,NP0436,NP0436409,5,NA,population projections 2026,total,age_group_65_69,142
Gandaki,Gorkha,Gandaki,NP04,NP0436,NP0436409,5,NA,population projections 2026,male,age_group_65_69,71
Gandaki,Gorkha,Gandaki,NP04,NP0436,NP0436409,5,NA,population projections 2026,female,age_group_65_69,71
Gandaki,Gorkha,Gandaki,NP04,NP0436,NP0436409,5,NA,population projections 2026,total,age_group_70_74,105
Gandaki,Gorkha,Gandaki,NP04,NP0436,NP0436409,5,NA,population projections 2026,male,age_group_70_74,54
Gandaki,Gorkha,Gandaki,NP04,NP0436,NP0436409,5,NA,population projections 2026,female,age_group_70_74,51
Gandaki,Gorkha,Gandaki,NP04,NP0436,NP0436409,5,NA,population projections 2026,total,age_group_75_79,68
Gandaki,Gorkha,Gandaki,NP04,NP0436,NP0436409,5,NA,population projections 2026,male,age_group_75_79,29
Gandaki,Gorkha,Gandaki,NP04,NP0436,NP0436409,5,NA,population projections 2026,female,age_group_75_79,39
Gandaki,Gorkha,Gandaki,NP04,NP0436,NP0436409,5,NA,population projections 2026,total,age_group_80_84,43
Gandaki,Gorkha,Gandaki,NP04,NP0436,NP0436409,5,NA,population projections 2026,male,age_group_80_84,19
Gandaki,Gorkha,Gandaki,NP04,NP0436,NP0436409,5,NA,population projections 2026,female,age_group_80_84,24
Gandaki,Gorkha,Gandaki,NP04,NP0436,NP0436409,5,NA,population projections 2026,total,age_group_85_89,19
Gandaki,Gorkha,Gandaki,NP04,NP0436,NP0436409,5,NA,population projections 2026,male,age_group_85_89,10
Gandaki,Gorkha,Gandaki,NP04,NP0436,NP0436409,5,NA,population projections 2026,female,age_group_85_89,9
Gandaki,Gorkha,Gandaki,NP04,NP0436,NP0436409,5,NA,population projections 2026,total,age_group_90_94,7
Gandaki,Gorkha,Gandaki,NP04,NP0436,NP0436409,5,NA,population projections 2026,male,age_group_90_94,3
Gandaki,Gorkha,Gandaki,NP04,NP0436,NP0436409,5,NA,population projections 2026,female,age_group_90_94,4
Gandaki,Gorkha,Gandaki,NP04,NP0436,NP0436409,5,NA,population projections 2026,total,age_group_95plus,1
Gandaki,Gorkha,Gandaki,NP04,NP0436,NP0436409,5,NA,population projections 2026,male,age_group_95plus,0
Gandaki,Gorkha,Gandaki,NP04,NP0436,NP0436409,5,NA,population projections 2026,female,age_group_95plus,1
Gandaki,Gorkha,Gandaki,NP04,NP0436,NP0436409,6,affected,population projections 2026,total,population_total,3195
Gandaki,Gorkha,Gandaki,NP04,NP0436,NP0436409,6,affected,population projections 2026,male,population_overall_male,1499
Gandaki,Gorkha,Gandaki,NP04,NP0436,NP0436409,6,affected,population projections 2026,female,population_overall_female,1696
Gandaki,Gorkha,Gandaki,NP04,NP0436,NP0436409,6,affected,population projections 2026,total,age_group_0_4,274
Gandaki,Gorkha,Gandaki,NP04,NP0436,NP0436409,6,affected,population projections 2026,male,age_group_0_4,145
Gandaki,Gorkha,Gandaki,NP04,NP0436,NP0436409,6,affected,population projections 2026,female,age_group_0_4,129
Gandaki,Gorkha,Gandaki,NP04,NP0436,NP0436409,6,affected,population projections 2026,total,age_group_5_9,228
Gandaki,Gorkha,Gandaki,NP04,NP0436,NP0436409,6,affected,population projections 2026,male,age_group_5_9,122
Gandaki,Gorkha,Gandaki,NP04,NP0436,NP0436409,6,affected,population projections 2026,female,age_group_5_9,106
Gandaki,Gorkha,Gandaki,NP04,NP0436,NP0436409,6,affected,population projections 2026,total,age_group_10_14,232
Gandaki,Gorkha,Gandaki,NP04,NP0436,NP0436409,6,affected,population projections 2026,male,age_group_10_14,118
Gandaki,Gorkha,Gandaki,NP04,NP0436,NP0436409,6,affected,population projections 2026,female,age_group_10_14,114
Gandaki,Gorkha,Gandaki,NP04,NP0436,NP0436409,6,affected,population projections 2026,total,age_group_15_19,280
Gandaki,Gorkha,Gandaki,NP04,NP0436,NP0436409,6,affected,population projections 2026,male,age_group_15_19,118
Gandaki,Gorkha,Gandaki,NP04,NP0436,NP0436409,6,affected,population projections 2026,female,age_group_15_19,162
Gandaki,Gorkha,Gandaki,NP04,NP0436,NP0436409,6,affected,population projections 2026,total,age_group_20_24,308
Gandaki,Gorkha,Gandaki,NP04,NP0436,NP0436409,6,affected,population projections 2026,male,age_group_20_24,125
Gandaki,Gorkha,Gandaki,NP04,NP0436,NP0436409,6,affected,population projections 2026,female,age_group_20_24,183
Gandaki,Gorkha,Gandaki,NP04,NP0436,NP0436409,6,affected,population projections 2026,total,age_group_25_29,300
Gandaki,Gorkha,Gandaki,NP04,NP0436,NP0436409,6,affected,population projections 2026,male,age_group_25_29,118
Gandaki,Gorkha,Gandaki,NP04,NP0436,NP0436409,6,affected,population projections 2026,female,age_group_25_29,182
Gandaki,Gorkha,Gandaki,NP04,NP0436,NP0436409,6,affected,population projections 2026,total,age_group_30_34,214
Gandaki,Gorkha,Gandaki,NP04,NP0436,NP0436409,6,affected,population projections 2026,male,age_group_30_34,96
Gandaki,Gorkha,Gandaki,NP04,NP0436,NP0436409,6,affected,population projections 2026,female,age_group_30_34,118
Gandaki,Gorkha,Gandaki,NP04,NP0436,NP0436409,6,affected,population projections 2026,total,age_group_35_39,157
Gandaki,Gorkha,Gandaki,NP04,NP0436,NP0436409,6,affected,population projections 2026,male,age_group_35_39,76
Gandaki,Gorkha,Gandaki,NP04,NP0436,NP0436409,6,affected,population projections 2026,female,age_group_35_39,81
Gandaki,Gorkha,Gandaki,NP04,NP0436,NP0436409,6,affected,population projections 2026,total,age_group_40_44,176
Gandaki,Gorkha,Gandaki,NP04,NP0436,NP0436409,6,affected,population projections 2026,male,age_group_40_44,80
Gandaki,Gorkha,Gandaki,NP04,NP0436,NP0436409,6,affected,population projections 2026,female,age_group_40_44,96
Gandaki,Gorkha,Gandaki,NP04,NP0436,NP0436409,6,affected,population projections 2026,total,age_group_45_49,191
Gandaki,Gorkha,Gandaki,NP04,NP0436,NP0436409,6,affected,population projections 2026,male,age_group_45_49,81
Gandaki,Gorkha,Gandaki,NP04,NP0436,NP0436409,6,affected,population projections 2026,female,age_group_45_49,110
Gandaki,Gorkha,Gandaki,NP04,NP0436,NP0436409,6,affected,population projections 2026,total,age_group_50_54,202
Gandaki,Gorkha,Gandaki,NP04,NP0436,NP0436409,6,affected,population projections 2026,male,age_group_50_54,104
Gandaki,Gorkha,Gandaki,NP04,NP0436,NP0436409,6,affected,population projections 2026,female,age_group_50_54,98
Gandaki,Gorkha,Gandaki,NP04,NP0436,NP0436409,6,affected,population projections 2026,total,age_group_55_59,159
Gandaki,Gorkha,Gandaki,NP04,NP0436,NP0436409,6,affected,population projections 2026,male,age_group_55_59,84
Gandaki,Gorkha,Gandaki,NP04,NP0436,NP0436409,6,affected,population projections 2026,female,age_group_55_59,75
Gandaki,Gorkha,Gandaki,NP04,NP0436,NP0436409,6,affected,population projections 2026,total,age_group_60_64,136
Gandaki,Gorkha,Gandaki,NP04,NP0436,NP0436409,6,affected,population projections 2026,male,age_group_60_64,66
Gandaki,Gorkha,Gandaki,NP04,NP0436,NP0436409,6,affected,population projections 2026,female,age_group_60_64,70
Gandaki,Gorkha,Gandaki,NP04,NP0436,NP0436409,6,affected,population projections 2026,total,age_group_65_69,132
Gandaki,Gorkha,Gandaki,NP04,NP0436,NP0436409,6,affected,population projections 2026,male,age_group_65_69,65
Gandaki,Gorkha,Gandaki,NP04,NP0436,NP0436409,6,affected,population projections 2026,female,age_group_65_69,67
Gandaki,Gorkha,Gandaki,NP04,NP0436,NP0436409,6,affected,population projections 2026,total,age_group_70_74,93
Gandaki,Gorkha,Gandaki,NP04,NP0436,NP0436409,6,affected,population projections 2026,male,age_group_70_74,50
Gandaki,Gorkha,Gandaki,NP04,NP0436,NP0436409,6,affected,population projections 2026,female,age_group_70_74,43
Gandaki,Gorkha,Gandaki,NP04,NP0436,NP0436409,6,affected,population projections 2026,total,age_group_75_79,62
Gandaki,Gorkha,Gandaki,NP04,NP0436,NP0436409,6,affected,population projections 2026,male,age_group_75_79,27
Gandaki,Gorkha,Gandaki,NP04,NP0436,NP0436409,6,affected,population projections 2026,female,age_group_75_79,35
Gandaki,Gorkha,Gandaki,NP04,NP0436,NP0436409,6,affected,population projections 2026,total,age_group_80_84,35
Gandaki,Gorkha,Gandaki,NP04,NP0436,NP0436409,6,affected,population projections 2026,male,age_group_80_84,16
Gandaki,Gorkha,Gandaki,NP04,NP0436,NP0436409,6,affected,population projections 2026,female,age_group_80_84,19
Gandaki,Gorkha,Gandaki,NP04,NP0436,NP0436409,6,affected,population projections 2026,total,age_group_85_89,13
Gandaki,Gorkha,Gandaki,NP04,NP0436,NP0436409,6,affected,population projections 2026,male,age_group_85_89,7
Gandaki,Gorkha,Gandaki,NP04,NP0436,NP0436409,6,affected,population projections 2026,female,age_group_85_89,6
Gandaki,Gorkha,Gandaki,NP04,NP0436,NP0436409,6,affected,population projections 2026,total,age_group_90_94,1
Gandaki,Gorkha,Gandaki,NP04,NP0436,NP0436409,6,affected,population projections 2026,male,age_group_90_94,1
Gandaki,Gorkha,Gandaki,NP04,NP0436,NP0436409,6,affected,population projections 2026,female,age_group_90_94,0
Gandaki,Gorkha,Gandaki,NP04,NP0436,NP0436409,6,affected,population projections 2026,total,age_group_95plus,2
Gandaki,Gorkha,Gandaki,NP04,NP0436,NP0436409,6,affected,population projections 2026,male,age_group_95plus,0
Gandaki,Gorkha,Gandaki,NP04,NP0436,NP0436409,6,affected,population projections 2026,female,age_group_95plus,2
Gandaki,Gorkha,Gandaki,NP04,NP0436,NP0436409,7,affected,population projections 2026,total,population_total,2479
Gandaki,Gorkha,Gandaki,NP04,NP0436,NP0436409,7,affected,population projections 2026,male,population_overall_male,1193
Gandaki,Gorkha,Gandaki,NP04,NP0436,NP0436409,7,affected,population projections 2026,female,population_overall_female,1286
Gandaki,Gorkha,Gandaki,NP04,NP0436,NP0436409,7,affected,population projections 2026,total,age_group_0_4,190
Gandaki,Gorkha,Gandaki,NP04,NP0436,NP0436409,7,affected,population projections 2026,male,age_group_0_4,101
Gandaki,Gorkha,Gandaki,NP04,NP0436,NP0436409,7,affected,population projections 2026,female,age_group_0_4,89
Gandaki,Gorkha,Gandaki,NP04,NP0436,NP0436409,7,affected,population projections 2026,total,age_group_5_9,179
Gandaki,Gorkha,Gandaki,NP04,NP0436,NP0436409,7,affected,population projections 2026,male,age_group_5_9,92
Gandaki,Gorkha,Gandaki,NP04,NP0436,NP0436409,7,affected,population projections 2026,female,age_group_5_9,87
Gandaki,Gorkha,Gandaki,NP04,NP0436,NP0436409,7,affected,population projections 2026,total,age_group_10_14,161
Gandaki,Gorkha,Gandaki,NP04,NP0436,NP0436409,7,affected,population projections 2026,male,age_group_10_14,82
Gandaki,Gorkha,Gandaki,NP04,NP0436,NP0436409,7,affected,population projections 2026,female,age_group_10_14,79
Gandaki,Gorkha,Gandaki,NP04,NP0436,NP0436409,7,affected,population projections 2026,total,age_group_15_19,157
Gandaki,Gorkha,Gandaki,NP04,NP0436,NP0436409,7,affected,population projections 2026,male,age_group_15_19,70
Gandaki,Gorkha,Gandaki,NP04,NP0436,NP0436409,7,affected,population projections 2026,female,age_group_15_19,87
Gandaki,Gorkha,Gandaki,NP04,NP0436,NP0436409,7,affected,population projections 2026,total,age_group_20_24,193
Gandaki,Gorkha,Gandaki,NP04,NP0436,NP0436409,7,affected,population projections 2026,male,age_group_20_24,84
Gandaki,Gorkha,Gandaki,NP04,NP0436,NP0436409,7,affected,population projections 2026,female,age_group_20_24,109
Gandaki,Gorkha,Gandaki,NP04,NP0436,NP0436409,7,affected,population projections 2026,total,age_group_25_29,208
Gandaki,Gorkha,Gandaki,NP04,NP0436,NP0436409,7,affected,population projections 2026,male,age_group_25_29,88
Gandaki,Gorkha,Gandaki,NP04,NP0436,NP0436409,7,affected,population projections 2026,female,age_group_25_29,120
Gandaki,Gorkha,Gandaki,NP04,NP0436,NP0436409,7,affected,population projections 2026,total,age_group_30_34,192
Gandaki,Gorkha,Gandaki,NP04,NP0436,NP0436409,7,affected,population projections 2026,male,age_group_30_34,92
Gandaki,Gorkha,Gandaki,NP04,NP0436,NP0436409,7,affected,population projections 2026,female,age_group_30_34,100
Gandaki,Gorkha,Gandaki,NP04,NP0436,NP0436409,7,affected,population projections 2026,total,age_group_35_39,167
Gandaki,Gorkha,Gandaki,NP04,NP0436,NP0436409,7,affected,population projections 2026,male,age_group_35_39,89
Gandaki,Gorkha,Gandaki,NP04,NP0436,NP0436409,7,affected,population projections 2026,female,age_group_35_39,78
Gandaki,Gorkha,Gandaki,NP04,NP0436,NP0436409,7,affected,population projections 2026,total,age_group_40_44,168
Gandaki,Gorkha,Gandaki,NP04,NP0436,NP0436409,7,affected,population projections 2026,male,age_group_40_44,72
Gandaki,Gorkha,Gandaki,NP04,NP0436,NP0436409,7,affected,population projections 2026,female,age_group_40_44,96
Gandaki,Gorkha,Gandaki,NP04,NP0436,NP0436409,7,affected,population projections 2026,total,age_group_45_49,167
Gandaki,Gorkha,Gandaki,NP04,NP0436,NP0436409,7,affected,population projections 2026,male,age_group_45_49,83
Gandaki,Gorkha,Gandaki,NP04,NP0436,NP0436409,7,affected,population projections 2026,female,age_group_45_49,84
Gandaki,Gorkha,Gandaki,NP04,NP0436,NP0436409,7,affected,population projections 2026,total,age_group_50_54,157
Gandaki,Gorkha,Gandaki,NP04,NP0436,NP0436409,7,affected,population projections 2026,male,age_group_50_54,81
Gandaki,Gorkha,Gandaki,NP04,NP0436,NP0436409,7,affected,population projections 2026,female,age_group_50_54,76
Gandaki,Gorkha,Gandaki,NP04,NP0436,NP0436409,7,affected,population projections 2026,total,age_group_55_59,163
Gandaki,Gorkha,Gandaki,NP04,NP0436,NP0436409,7,affected,population projections 2026,male,age_group_55_59,79
Gandaki,Gorkha,Gandaki,NP04,NP0436,NP0436409,7,affected,population projections 2026,female,age_group_55_59,84
Gandaki,Gorkha,Gandaki,NP04,NP0436,NP0436409,7,affected,population projections 2026,total,age_group_60_64,109
Gandaki,Gorkha,Gandaki,NP04,NP0436,NP0436409,7,affected,population projections 2026,male,age_group_60_64,59
Gandaki,Gorkha,Gandaki,NP04,NP0436,NP0436409,7,affected,population projections 2026,female,age_group_60_64,50
Gandaki,Gorkha,Gandaki,NP04,NP0436,NP0436409,7,affected,population projections 2026,total,age_group_65_69,77
Gandaki,Gorkha,Gandaki,NP04,NP0436,NP0436409,7,affected,population projections 2026,male,age_group_65_69,39
Gandaki,Gorkha,Gandaki,NP04,NP0436,NP0436409,7,affected,population projections 2026,female,age_group_65_69,38
Gandaki,Gorkha,Gandaki,NP04,NP0436,NP0436409,7,affected,population projections 2026,total,age_group_70_74,73
Gandaki,Gorkha,Gandaki,NP04,NP0436,NP0436409,7,affected,population projections 2026,male,age_group_70_74,31
Gandaki,Gorkha,Gandaki,NP04,NP0436,NP0436409,7,affected,population projections 2026,female,age_group_70_74,42
Gandaki,Gorkha,Gandaki,NP04,NP0436,NP0436409,7,affected,population projections 2026,total,age_group_75_79,60
Gandaki,Gorkha,Gandaki,NP04,NP0436,NP0436409,7,affected,population projections 2026,male,age_group_75_79,25
Gandaki,Gorkha,Gandaki,NP04,NP0436,NP0436409,7,affected,population projections 2026,female,age_group_75_79,35
Gandaki,Gorkha,Gandaki,NP04,NP0436,NP0436409,7,affected,population projections 2026,total,age_group_80_84,37
Gandaki,Gorkha,Gandaki,NP04,NP0436,NP0436409,7,affected,population projections 2026,male,age_group_80_84,16
Gandaki,Gorkha,Gandaki,NP04,NP0436,NP0436409,7,affected,population projections 2026,female,age_group_80_84,21
Gandaki,Gorkha,Gandaki,NP04,NP0436,NP0436409,7,affected,population projections 2026,total,age_group_85_89,17
Gandaki,Gorkha,Gandaki,NP04,NP0436,NP0436409,7,affected,population projections 2026,male,age_group_85_89,8
Gandaki,Gorkha,Gandaki,NP04,NP0436,NP0436409,7,affected,population projections 2026,female,age_group_85_89,9
Gandaki,Gorkha,Gandaki,NP04,NP0436,NP0436409,7,affected,population projections 2026,total,age_group_90_94,4
Gandaki,Gorkha,Gandaki,NP04,NP0436,NP0436409,7,affected,population projections 2026,male,age_group_90_94,2
Gandaki,Gorkha,Gandaki,NP04,NP0436,NP0436409,7,affected,population projections 2026,female,age_group_90_94,2
Gandaki,Gorkha,Gandaki,NP04,NP0436,NP0436409,7,affected,population projections 2026,total,age_group_95plus,0
Gandaki,Gorkha,Gandaki,NP04,NP0436,NP0436409,7,affected,population projections 2026,male,age_group_95plus,0
Gandaki,Gorkha,Gandaki,NP04,NP0436,NP0436409,7,affected,population projections 2026,female,age_group_95plus,0
Gandaki,Gorkha,Gandaki,NP04,NP0436,NP0436409,8,affected,population projections 2026,total,population_total,2937
Gandaki,Gorkha,Gandaki,NP04,NP0436,NP0436409,8,affected,population projections 2026,male,population_overall_male,1355
Gandaki,Gorkha,Gandaki,NP04,NP0436,NP0436409,8,affected,population projections 2026,female,population_overall_female,1582
Gandaki,Gorkha,Gandaki,NP04,NP0436,NP0436409,8,affected,population projections 2026,total,age_group_0_4,225
Gandaki,Gorkha,Gandaki,NP04,NP0436,NP0436409,8,affected,population projections 2026,male,age_group_0_4,119
Gandaki,Gorkha,Gandaki,NP04,NP0436,NP0436409,8,affected,population projections 2026,female,age_group_0_4,106
Gandaki,Gorkha,Gandaki,NP04,NP0436,NP0436409,8,affected,population projections 2026,total,age_group_5_9,201
Gandaki,Gorkha,Gandaki,NP04,NP0436,NP0436409,8,affected,population projections 2026,male,age_group_5_9,95
Gandaki,Gorkha,Gandaki,NP04,NP0436,NP0436409,8,affected,population projections 2026,female,age_group_5_9,106
Gandaki,Gorkha,Gandaki,NP04,NP0436,NP0436409,8,affected,population projections 2026,total,age_group_10_14,229
Gandaki,Gorkha,Gandaki,NP04,NP0436,NP0436409,8,affected,population projections 2026,male,age_group_10_14,121
Gandaki,Gorkha,Gandaki,NP04,NP0436,NP0436409,8,affected,population projections 2026,female,age_group_10_14,108
Gandaki,Gorkha,Gandaki,NP04,NP0436,NP0436409,8,affected,population projections 2026,total,age_group_15_19,213
Gandaki,Gorkha,Gandaki,NP04,NP0436,NP0436409,8,affected,population projections 2026,male,age_group_15_19,108
Gandaki,Gorkha,Gandaki,NP04,NP0436,NP0436409,8,affected,population projections 2026,female,age_group_15_19,105
Gandaki,Gorkha,Gandaki,NP04,NP0436,NP0436409,8,affected,population projections 2026,total,age_group_20_24,211
Gandaki,Gorkha,Gandaki,NP04,NP0436,NP0436409,8,affected,population projections 2026,male,age_group_20_24,91
Gandaki,Gorkha,Gandaki,NP04,NP0436,NP0436409,8,affected,population projections 2026,female,age_group_20_24,120
Gandaki,Gorkha,Gandaki,NP04,NP0436,NP0436409,8,affected,population projections 2026,total,age_group_25_29,219
Gandaki,Gorkha,Gandaki,NP04,NP0436,NP0436409,8,affected,population projections 2026,male,age_group_25_29,80
Gandaki,Gorkha,Gandaki,NP04,NP0436,NP0436409,8,affected,population projections 2026,female,age_group_25_29,139
Gandaki,Gorkha,Gandaki,NP04,NP0436,NP0436409,8,affected,population projections 2026,total,age_group_30_34,215
Gandaki,Gorkha,Gandaki,NP04,NP0436,NP0436409,8,affected,population projections 2026,male,age_group_30_34,82
Gandaki,Gorkha,Gandaki,NP04,NP0436,NP0436409,8,affected,population projections 2026,female,age_group_30_34,133
Gandaki,Gorkha,Gandaki,NP04,NP0436,NP0436409,8,affected,population projections 2026,total,age_group_35_39,181
Gandaki,Gorkha,Gandaki,NP04,NP0436,NP0436409,8,affected,population projections 2026,male,age_group_35_39,86
Gandaki,Gorkha,Gandaki,NP04,NP0436,NP0436409,8,affected,population projections 2026,female,age_group_35_39,95
Gandaki,Gorkha,Gandaki,NP04,NP0436,NP0436409,8,affected,population projections 2026,total,age_group_40_44,177
Gandaki,Gorkha,Gandaki,NP04,NP0436,NP0436409,8,affected,population projections 2026,male,age_group_40_44,81
Gandaki,Gorkha,Gandaki,NP04,NP0436,NP0436409,8,affected,population projections 2026,female,age_group_40_44,96
Gandaki,Gorkha,Gandaki,NP04,NP0436,NP0436409,8,affected,population projections 2026,total,age_group_45_49,197
Gandaki,Gorkha,Gandaki,NP04,NP0436,NP0436409,8,affected,population projections 2026,male,age_group_45_49,89
Gandaki,Gorkha,Gandaki,NP04,NP0436,NP0436409,8,affected,population projections 2026,female,age_group_45_49,108
Gandaki,Gorkha,Gandaki,NP04,NP0436,NP0436409,8,affected,population projections 2026,total,age_group_50_54,183
Gandaki,Gorkha,Gandaki,NP04,NP0436,NP0436409,8,affected,population projections 2026,male,age_group_50_54,75
Gandaki,Gorkha,Gandaki,NP04,NP0436,NP0436409,8,affected,population projections 2026,female,age_group_50_54,108
Gandaki,Gorkha,Gandaki,NP04,NP0436,NP0436409,8,affected,population projections 2026,total,age_group_55_59,169
Gandaki,Gorkha,Gandaki,NP04,NP0436,NP0436409,8,affected,population projections 2026,male,age_group_55_59,82
Gandaki,Gorkha,Gandaki,NP04,NP0436,NP0436409,8,affected,population projections 2026,female,age_group_55_59,87
Gandaki,Gorkha,Gandaki,NP04,NP0436,NP0436409,8,affected,population projections 2026,total,age_group_60_64,140
Gandaki,Gorkha,Gandaki,NP04,NP0436,NP0436409,8,affected,population projections 2026,male,age_group_60_64,72
Gandaki,Gorkha,Gandaki,NP04,NP0436,NP0436409,8,affected,population projections 2026,female,age_group_60_64,68
Gandaki,Gorkha,Gandaki,NP04,NP0436,NP0436409,8,affected,population projections 2026,total,age_group_65_69,134
Gandaki,Gorkha,Gandaki,NP04,NP0436,NP0436409,8,affected,population projections 2026,male,age_group_65_69,68
Gandaki,Gorkha,Gandaki,NP04,NP0436,NP0436409,8,affected,population projections 2026,female,age_group_65_69,66
Gandaki,Gorkha,Gandaki,NP04,NP0436,NP0436409,8,affected,population projections 2026,total,age_group_70_74,97
Gandaki,Gorkha,Gandaki,NP04,NP0436,NP0436409,8,affected,population projections 2026,male,age_group_70_74,43
Gandaki,Gorkha,Gandaki,NP04,NP0436,NP0436409,8,affected,population projections 2026,female,age_group_70_74,54
Gandaki,Gorkha,Gandaki,NP04,NP0436,NP0436409,8,affected,population projections 2026,total,age_group_75_79,70
Gandaki,Gorkha,Gandaki,NP04,NP0436,NP0436409,8,affected,population projections 2026,male,age_group_75_79,34
Gandaki,Gorkha,Gandaki,NP04,NP0436,NP0436409,8,affected,population projections 2026,female,age_group_75_79,36
Gandaki,Gorkha,Gandaki,NP04,NP0436,NP0436409,8,affected,population projections 2026,total,age_group_80_84,50
Gandaki,Gorkha,Gandaki,NP04,NP0436,NP0436409,8,affected,population projections 2026,male,age_group_80_84,20
Gandaki,Gorkha,Gandaki,NP04,NP0436,NP0436409,8,affected,population projections 2026,female,age_group_80_84,30
Gandaki,Gorkha,Gandaki,NP04,NP0436,NP0436409,8,affected,population projections 2026,total,age_group_85_89,17
Gandaki,Gorkha,Gandaki,NP04,NP0436,NP0436409,8,affected,population projections 2026,male,age_group_85_89,6
Gandaki,Gorkha,Gandaki,NP04,NP0436,NP0436409,8,affected,population projections 2026,female,age_group_85_89,11
Gandaki,Gorkha,Gandaki,NP04,NP0436,NP0436409,8,affected,population projections 2026,total,age_group_90_94,9
Gandaki,Gorkha,Gandaki,NP04,NP0436,NP0436409,8,affected,population projections 2026,male,age_group_90_94,3
Gandaki,Gorkha,Gandaki,NP04,NP0436,NP0436409,8,affected,population projections 2026,female,age_group_90_94,6
Gandaki,Gorkha,Gandaki,NP04,NP0436,NP0436409,8,affected,population projections 2026,total,age_group_95plus,0
Gandaki,Gorkha,Gandaki,NP04,NP0436,NP0436409,8,affected,population projections 2026,male,age_group_95plus,0
Gandaki,Gorkha,Gandaki,NP04,NP0436,NP0436409,8,affected,population projections 2026,female,age_group_95plus,0
Gandaki,Tanahu,Devghat,NP04,NP0440,NP0440406,1,NA,population projections 2026,total,population_total,2263
Gandaki,Tanahu,Devghat,NP04,NP0440,NP0440406,1,NA,population projections 2026,male,population_overall_male,1047
Gandaki,Tanahu,Devghat,NP04,NP0440,NP0440406,1,NA,population projections 2026,female,population_overall_female,1216
Gandaki,Tanahu,Devghat,NP04,NP0440,NP0440406,1,NA,population projections 2026,total,age_group_0_4,165
Gandaki,Tanahu,Devghat,NP04,NP0440,NP0440406,1,NA,population projections 2026,male,age_group_0_4,90
Gandaki,Tanahu,Devghat,NP04,NP0440,NP0440406,1,NA,population projections 2026,female,age_group_0_4,75
Gandaki,Tanahu,Devghat,NP04,NP0440,NP0440406,1,NA,population projections 2026,total,age_group_5_9,179
Gandaki,Tanahu,Devghat,NP04,NP0440,NP0440406,1,NA,population projections 2026,male,age_group_5_9,89
Gandaki,Tanahu,Devghat,NP04,NP0440,NP0440406,1,NA,population projections 2026,female,age_group_5_9,90
Gandaki,Tanahu,Devghat,NP04,NP0440,NP0440406,1,NA,population projections 2026,total,age_group_10_14,200
Gandaki,Tanahu,Devghat,NP04,NP0440,NP0440406,1,NA,population projections 2026,male,age_group_10_14,102
Gandaki,Tanahu,Devghat,NP04,NP0440,NP0440406,1,NA,population projections 2026,female,age_group_10_14,98
Gandaki,Tanahu,Devghat,NP04,NP0440,NP0440406,1,NA,population projections 2026,total,age_group_15_19,233
Gandaki,Tanahu,Devghat,NP04,NP0440,NP0440406,1,NA,population projections 2026,male,age_group_15_19,124
Gandaki,Tanahu,Devghat,NP04,NP0440,NP0440406,1,NA,population projections 2026,female,age_group_15_19,109
Gandaki,Tanahu,Devghat,NP04,NP0440,NP0440406,1,NA,population projections 2026,total,age_group_20_24,183
Gandaki,Tanahu,Devghat,NP04,NP0440,NP0440406,1,NA,population projections 2026,male,age_group_20_24,81
Gandaki,Tanahu,Devghat,NP04,NP0440,NP0440406,1,NA,population projections 2026,female,age_group_20_24,102
Gandaki,Tanahu,Devghat,NP04,NP0440,NP0440406,1,NA,population projections 2026,total,age_group_25_29,147
Gandaki,Tanahu,Devghat,NP04,NP0440,NP0440406,1,NA,population projections 2026,male,age_group_25_29,52
Gandaki,Tanahu,Devghat,NP04,NP0440,NP0440406,1,NA,population projections 2026,female,age_group_25_29,95
Gandaki,Tanahu,Devghat,NP04,NP0440,NP0440406,1,NA,population projections 2026,total,age_group_30_34,135
Gandaki,Tanahu,Devghat,NP04,NP0440,NP0440406,1,NA,population projections 2026,male,age_group_30_34,48
Gandaki,Tanahu,Devghat,NP04,NP0440,NP0440406,1,NA,population projections 2026,female,age_group_30_34,87
Gandaki,Tanahu,Devghat,NP04,NP0440,NP0440406,1,NA,population projections 2026,total,age_group_35_39,144
Gandaki,Tanahu,Devghat,NP04,NP0440,NP0440406,1,NA,population projections 2026,male,age_group_35_39,66
Gandaki,Tanahu,Devghat,NP04,NP0440,NP0440406,1,NA,population projections 2026,female,age_group_35_39,78
Gandaki,Tanahu,Devghat,NP04,NP0440,NP0440406,1,NA,population projections 2026,total,age_group_40_44,143
Gandaki,Tanahu,Devghat,NP04,NP0440,NP0440406,1,NA,population projections 2026,male,age_group_40_44,56
Gandaki,Tanahu,Devghat,NP04,NP0440,NP0440406,1,NA,population projections 2026,female,age_group_40_44,87
Gandaki,Tanahu,Devghat,NP04,NP0440,NP0440406,1,NA,population projections 2026,total,age_group_45_49,149
Gandaki,Tanahu,Devghat,NP04,NP0440,NP0440406,1,NA,population projections 2026,male,age_group_45_49,62
Gandaki,Tanahu,Devghat,NP04,NP0440,NP0440406,1,NA,population projections 2026,female,age_group_45_49,87
Gandaki,Tanahu,Devghat,NP04,NP0440,NP0440406,1,NA,population projections 2026,total,age_group_50_54,139
Gandaki,Tanahu,Devghat,NP04,NP0440,NP0440406,1,NA,population projections 2026,male,age_group_50_54,63
Gandaki,Tanahu,Devghat,NP04,NP0440,NP0440406,1,NA,population projections 2026,female,age_group_50_54,76
Gandaki,Tanahu,Devghat,NP04,NP0440,NP0440406,1,NA,population projections 2026,total,age_group_55_59,143
Gandaki,Tanahu,Devghat,NP04,NP0440,NP0440406,1,NA,population projections 2026,male,age_group_55_59,73
Gandaki,Tanahu,Devghat,NP04,NP0440,NP0440406,1,NA,population projections 2026,female,age_group_55_59,70
Gandaki,Tanahu,Devghat,NP04,NP0440,NP0440406,1,NA,population projections 2026,total,age_group_60_64,95
Gandaki,Tanahu,Devghat,NP04,NP0440,NP0440406,1,NA,population projections 2026,male,age_group_60_64,48
Gandaki,Tanahu,Devghat,NP04,NP0440,NP0440406,1,NA,population projections 2026,female,age_group_60_64,47
Gandaki,Tanahu,Devghat,NP04,NP0440,NP0440406,1,NA,population projections 2026,total,age_group_65_69,64
Gandaki,Tanahu,Devghat,NP04,NP0440,NP0440406,1,NA,population projections 2026,male,age_group_65_69,32
Gandaki,Tanahu,Devghat,NP04,NP0440,NP0440406,1,NA,population projections 2026,female,age_group_65_69,32
Gandaki,Tanahu,Devghat,NP04,NP0440,NP0440406,1,NA,population projections 2026,total,age_group_70_74,59
Gandaki,Tanahu,Devghat,NP04,NP0440,NP0440406,1,NA,population projections 2026,male,age_group_70_74,27
Gandaki,Tanahu,Devghat,NP04,NP0440,NP0440406,1,NA,population projections 2026,female,age_group_70_74,32
Gandaki,Tanahu,Devghat,NP04,NP0440,NP0440406,1,NA,population projections 2026,total,age_group_75_79,47
Gandaki,Tanahu,Devghat,NP04,NP0440,NP0440406,1,NA,population projections 2026,male,age_group_75_79,18
Gandaki,Tanahu,Devghat,NP04,NP0440,NP0440406,1,NA,population projections 2026,female,age_group_75_79,29
Gandaki,Tanahu,Devghat,NP04,NP0440,NP0440406,1,NA,population projections 2026,total,age_group_80_84,27
Gandaki,Tanahu,Devghat,NP04,NP0440,NP0440406,1,NA,population projections 2026,male,age_group_80_84,10
Gandaki,Tanahu,Devghat,NP04,NP0440,NP0440406,1,NA,population projections 2026,female,age_group_80_84,17
Gandaki,Tanahu,Devghat,NP04,NP0440,NP0440406,1,NA,population projections 2026,total,age_group_85_89,10
Gandaki,Tanahu,Devghat,NP04,NP0440,NP0440406,1,NA,population projections 2026,male,age_group_85_89,5
Gandaki,Tanahu,Devghat,NP04,NP0440,NP0440406,1,NA,population projections 2026,female,age_group_85_89,5
Gandaki,Tanahu,Devghat,NP04,NP0440,NP0440406,1,NA,population projections 2026,total,age_group_90_94,1
Gandaki,Tanahu,Devghat,NP04,NP0440,NP0440406,1,NA,population projections 2026,male,age_group_90_94,1
Gandaki,Tanahu,Devghat,NP04,NP0440,NP0440406,1,NA,population projections 2026,female,age_group_90_94,0
Gandaki,Tanahu,Devghat,NP04,NP0440,NP0440406,1,NA,population projections 2026,total,age_group_95plus,0
Gandaki,Tanahu,Devghat,NP04,NP0440,NP0440406,1,NA,population projections 2026,male,age_group_95plus,0
Gandaki,Tanahu,Devghat,NP04,NP0440,NP0440406,1,NA,population projections 2026,female,age_group_95plus,0
Gandaki,Tanahu,Devghat,NP04,NP0440,NP0440406,2,NA,population projections 2026,total,population_total,2305
Gandaki,Tanahu,Devghat,NP04,NP0440,NP0440406,2,NA,population projections 2026,male,population_overall_male,1128
Gandaki,Tanahu,Devghat,NP04,NP0440,NP0440406,2,NA,population projections 2026,female,population_overall_female,1177
Gandaki,Tanahu,Devghat,NP04,NP0440,NP0440406,2,NA,population projections 2026,total,age_group_0_4,152
Gandaki,Tanahu,Devghat,NP04,NP0440,NP0440406,2,NA,population projections 2026,male,age_group_0_4,83
Gandaki,Tanahu,Devghat,NP04,NP0440,NP0440406,2,NA,population projections 2026,female,age_group_0_4,69
Gandaki,Tanahu,Devghat,NP04,NP0440,NP0440406,2,NA,population projections 2026,total,age_group_5_9,179
Gandaki,Tanahu,Devghat,NP04,NP0440,NP0440406,2,NA,population projections 2026,male,age_group_5_9,96
Gandaki,Tanahu,Devghat,NP04,NP0440,NP0440406,2,NA,population projections 2026,female,age_group_5_9,83
Gandaki,Tanahu,Devghat,NP04,NP0440,NP0440406,2,NA,population projections 2026,total,age_group_10_14,199
Gandaki,Tanahu,Devghat,NP04,NP0440,NP0440406,2,NA,population projections 2026,male,age_group_10_14,108
Gandaki,Tanahu,Devghat,NP04,NP0440,NP0440406,2,NA,population projections 2026,female,age_group_10_14,91
Gandaki,Tanahu,Devghat,NP04,NP0440,NP0440406,2,NA,population projections 2026,total,age_group_15_19,248
Gandaki,Tanahu,Devghat,NP04,NP0440,NP0440406,2,NA,population projections 2026,male,age_group_15_19,137
Gandaki,Tanahu,Devghat,NP04,NP0440,NP0440406,2,NA,population projections 2026,female,age_group_15_19,111
Gandaki,Tanahu,Devghat,NP04,NP0440,NP0440406,2,NA,population projections 2026,total,age_group_20_24,200
Gandaki,Tanahu,Devghat,NP04,NP0440,NP0440406,2,NA,population projections 2026,male,age_group_20_24,94
Gandaki,Tanahu,Devghat,NP04,NP0440,NP0440406,2,NA,population projections 2026,female,age_group_20_24,106
Gandaki,Tanahu,Devghat,NP04,NP0440,NP0440406,2,NA,population projections 2026,total,age_group_25_29,133
Gandaki,Tanahu,Devghat,NP04,NP0440,NP0440406,2,NA,population projections 2026,male,age_group_25_29,48
Gandaki,Tanahu,Devghat,NP04,NP0440,NP0440406,2,NA,population projections 2026,female,age_group_25_29,85
Gandaki,Tanahu,Devghat,NP04,NP0440,NP0440406,2,NA,population projections 2026,total,age_group_30_34,127
Gandaki,Tanahu,Devghat,NP04,NP0440,NP0440406,2,NA,population projections 2026,male,age_group_30_34,54
Gandaki,Tanahu,Devghat,NP04,NP0440,NP0440406,2,NA,population projections 2026,female,age_group_30_34,73
Gandaki,Tanahu,Devghat,NP04,NP0440,NP0440406,2,NA,population projections 2026,total,age_group_35_39,124
Gandaki,Tanahu,Devghat,NP04,NP0440,NP0440406,2,NA,population projections 2026,male,age_group_35_39,56
Gandaki,Tanahu,Devghat,NP04,NP0440,NP0440406,2,NA,population projections 2026,female,age_group_35_39,68
Gandaki,Tanahu,Devghat,NP04,NP0440,NP0440406,2,NA,population projections 2026,total,age_group_40_44,110
Gandaki,Tanahu,Devghat,NP04,NP0440,NP0440406,2,NA,population projections 2026,male,age_group_40_44,51
Gandaki,Tanahu,Devghat,NP04,NP0440,NP0440406,2,NA,population projections 2026,female,age_group_40_44,59
Gandaki,Tanahu,Devghat,NP04,NP0440,NP0440406,2,NA,population projections 2026,total,age_group_45_49,109
Gandaki,Tanahu,Devghat,NP04,NP0440,NP0440406,2,NA,population projections 2026,male,age_group_45_49,46
Gandaki,Tanahu,Devghat,NP04,NP0440,NP0440406,2,NA,population projections 2026,female,age_group_45_49,63
Gandaki,Tanahu,Devghat,NP04,NP0440,NP0440406,2,NA,population projections 2026,total,age_group_50_54,142
Gandaki,Tanahu,Devghat,NP04,NP0440,NP0440406,2,NA,population projections 2026,male,age_group_50_54,65
Gandaki,Tanahu,Devghat,NP04,NP0440,NP0440406,2,NA,population projections 2026,female,age_group_50_54,77
Gandaki,Tanahu,Devghat,NP04,NP0440,NP0440406,2,NA,population projections 2026,total,age_group_55_59,149
Gandaki,Tanahu,Devghat,NP04,NP0440,NP0440406,2,NA,population projections 2026,male,age_group_55_59,75
Gandaki,Tanahu,Devghat,NP04,NP0440,NP0440406,2,NA,population projections 2026,female,age_group_55_59,74
Gandaki,Tanahu,Devghat,NP04,NP0440,NP0440406,2,NA,population projections 2026,total,age_group_60_64,127
Gandaki,Tanahu,Devghat,NP04,NP0440,NP0440406,2,NA,population projections 2026,male,age_group_60_64,66
Gandaki,Tanahu,Devghat,NP04,NP0440,NP0440406,2,NA,population projections 2026,female,age_group_60_64,61
Gandaki,Tanahu,Devghat,NP04,NP0440,NP0440406,2,NA,population projections 2026,total,age_group_65_69,108
Gandaki,Tanahu,Devghat,NP04,NP0440,NP0440406,2,NA,population projections 2026,male,age_group_65_69,49
Gandaki,Tanahu,Devghat,NP04,NP0440,NP0440406,2,NA,population projections 2026,female,age_group_65_69,59
Gandaki,Tanahu,Devghat,NP04,NP0440,NP0440406,2,NA,population projections 2026,total,age_group_70_74,86
Gandaki,Tanahu,Devghat,NP04,NP0440,NP0440406,2,NA,population projections 2026,male,age_group_70_74,44
Gandaki,Tanahu,Devghat,NP04,NP0440,NP0440406,2,NA,population projections 2026,female,age_group_70_74,42
Gandaki,Tanahu,Devghat,NP04,NP0440,NP0440406,2,NA,population projections 2026,total,age_group_75_79,66
Gandaki,Tanahu,Devghat,NP04,NP0440,NP0440406,2,NA,population projections 2026,male,age_group_75_79,36
Gandaki,Tanahu,Devghat,NP04,NP0440,NP0440406,2,NA,population projections 2026,female,age_group_75_79,30
Gandaki,Tanahu,Devghat,NP04,NP0440,NP0440406,2,NA,population projections 2026,total,age_group_80_84,36
Gandaki,Tanahu,Devghat,NP04,NP0440,NP0440406,2,NA,population projections 2026,male,age_group_80_84,18
Gandaki,Tanahu,Devghat,NP04,NP0440,NP0440406,2,NA,population projections 2026,female,age_group_80_84,18
Gandaki,Tanahu,Devghat,NP04,NP0440,NP0440406,2,NA,population projections 2026,total,age_group_85_89,8
Gandaki,Tanahu,Devghat,NP04,NP0440,NP0440406,2,NA,population projections 2026,male,age_group_85_89,2
Gandaki,Tanahu,Devghat,NP04,NP0440,NP0440406,2,NA,population projections 2026,female,age_group_85_89,6
Gandaki,Tanahu,Devghat,NP04,NP0440,NP0440406,2,NA,population projections 2026,total,age_group_90_94,1
Gandaki,Tanahu,Devghat,NP04,NP0440,NP0440406,2,NA,population projections 2026,male,age_group_90_94,0
Gandaki,Tanahu,Devghat,NP04,NP0440,NP0440406,2,NA,population projections 2026,female,age_group_90_94,1
Gandaki,Tanahu,Devghat,NP04,NP0440,NP0440406,2,NA,population projections 2026,total,age_group_95plus,1
Gandaki,Tanahu,Devghat,NP04,NP0440,NP0440406,2,NA,population projections 2026,male,age_group_95plus,0
Gandaki,Tanahu,Devghat,NP04,NP0440,NP0440406,2,NA,population projections 2026,female,age_group_95plus,1
Gandaki,Tanahu,Devghat,NP04,NP0440,NP0440406,3,NA,population projections 2026,total,population_total,1426
Gandaki,Tanahu,Devghat,NP04,NP0440,NP0440406,3,NA,population projections 2026,male,population_overall_male,683
Gandaki,Tanahu,Devghat,NP04,NP0440,NP0440406,3,NA,population projections 2026,female,population_overall_female,743
Gandaki,Tanahu,Devghat,NP04,NP0440,NP0440406,3,NA,population projections 2026,total,age_group_0_4,106
Gandaki,Tanahu,Devghat,NP04,NP0440,NP0440406,3,NA,population projections 2026,male,age_group_0_4,58
Gandaki,Tanahu,Devghat,NP04,NP0440,NP0440406,3,NA,population projections 2026,female,age_group_0_4,48
Gandaki,Tanahu,Devghat,NP04,NP0440,NP0440406,3,NA,population projections 2026,total,age_group_5_9,83
Gandaki,Tanahu,Devghat,NP04,NP0440,NP0440406,3,NA,population projections 2026,male,age_group_5_9,42
Gandaki,Tanahu,Devghat,NP04,NP0440,NP0440406,3,NA,population projections 2026,female,age_group_5_9,41
Gandaki,Tanahu,Devghat,NP04,NP0440,NP0440406,3,NA,population projections 2026,total,age_group_10_14,112
Gandaki,Tanahu,Devghat,NP04,NP0440,NP0440406,3,NA,population projections 2026,male,age_group_10_14,62
Gandaki,Tanahu,Devghat,NP04,NP0440,NP0440406,3,NA,population projections 2026,female,age_group_10_14,50
Gandaki,Tanahu,Devghat,NP04,NP0440,NP0440406,3,NA,population projections 2026,total,age_group_15_19,143
Gandaki,Tanahu,Devghat,NP04,NP0440,NP0440406,3,NA,population projections 2026,male,age_group_15_19,79
Gandaki,Tanahu,Devghat,NP04,NP0440,NP0440406,3,NA,population projections 2026,female,age_group_15_19,64
Gandaki,Tanahu,Devghat,NP04,NP0440,NP0440406,3,NA,population projections 2026,total,age_group_20_24,125
Gandaki,Tanahu,Devghat,NP04,NP0440,NP0440406,3,NA,population projections 2026,male,age_group_20_24,55
Gandaki,Tanahu,Devghat,NP04,NP0440,NP0440406,3,NA,population projections 2026,female,age_group_20_24,70
Gandaki,Tanahu,Devghat,NP04,NP0440,NP0440406,3,NA,population projections 2026,total,age_group_25_29,99
Gandaki,Tanahu,Devghat,NP04,NP0440,NP0440406,3,NA,population projections 2026,male,age_group_25_29,36
Gandaki,Tanahu,Devghat,NP04,NP0440,NP0440406,3,NA,population projections 2026,female,age_group_25_29,63
Gandaki,Tanahu,Devghat,NP04,NP0440,NP0440406,3,NA,population projections 2026,total,age_group_30_34,92
Gandaki,Tanahu,Devghat,NP04,NP0440,NP0440406,3,NA,population projections 2026,male,age_group_30_34,46
Gandaki,Tanahu,Devghat,NP04,NP0440,NP0440406,3,NA,population projections 2026,female,age_group_30_34,46
Gandaki,Tanahu,Devghat,NP04,NP0440,NP0440406,3,NA,population projections 2026,total,age_group_35_39,88
Gandaki,Tanahu,Devghat,NP04,NP0440,NP0440406,3,NA,population projections 2026,male,age_group_35_39,39
Gandaki,Tanahu,Devghat,NP04,NP0440,NP0440406,3,NA,population projections 2026,female,age_group_35_39,49
Gandaki,Tanahu,Devghat,NP04,NP0440,NP0440406,3,NA,population projections 2026,total,age_group_40_44,72
Gandaki,Tanahu,Devghat,NP04,NP0440,NP0440406,3,NA,population projections 2026,male,age_group_40_44,31
Gandaki,Tanahu,Devghat,NP04,NP0440,NP0440406,3,NA,population projections 2026,female,age_group_40_44,41
Gandaki,Tanahu,Devghat,NP04,NP0440,NP0440406,3,NA,population projections 2026,total,age_group_45_49,84
Gandaki,Tanahu,Devghat,NP04,NP0440,NP0440406,3,NA,population projections 2026,male,age_group_45_49,36
Gandaki,Tanahu,Devghat,NP04,NP0440,NP0440406,3,NA,population projections 2026,female,age_group_45_49,48
Gandaki,Tanahu,Devghat,NP04,NP0440,NP0440406,3,NA,population projections 2026,total,age_group_50_54,83
Gandaki,Tanahu,Devghat,NP04,NP0440,NP0440406,3,NA,population projections 2026,male,age_group_50_54,41
Gandaki,Tanahu,Devghat,NP04,NP0440,NP0440406,3,NA,population projections 2026,female,age_group_50_54,42
Gandaki,Tanahu,Devghat,NP04,NP0440,NP0440406,3,NA,population projections 2026,total,age_group_55_59,91
Gandaki,Tanahu,Devghat,NP04,NP0440,NP0440406,3,NA,population projections 2026,male,age_group_55_59,45
Gandaki,Tanahu,Devghat,NP04,NP0440,NP0440406,3,NA,population projections 2026,female,age_group_55_59,46
Gandaki,Tanahu,Devghat,NP04,NP0440,NP0440406,3,NA,population projections 2026,total,age_group_60_64,90
Gandaki,Tanahu,Devghat,NP04,NP0440,NP0440406,3,NA,population projections 2026,male,age_group_60_64,36
Gandaki,Tanahu,Devghat,NP04,NP0440,NP0440406,3,NA,population projections 2026,female,age_group_60_64,54
Gandaki,Tanahu,Devghat,NP04,NP0440,NP0440406,3,NA,population projections 2026,total,age_group_65_69,61
Gandaki,Tanahu,Devghat,NP04,NP0440,NP0440406,3,NA,population projections 2026,male,age_group_65_69,27
Gandaki,Tanahu,Devghat,NP04,NP0440,NP0440406,3,NA,population projections 2026,female,age_group_65_69,34
Gandaki,Tanahu,Devghat,NP04,NP0440,NP0440406,3,NA,population projections 2026,total,age_group_70_74,38
Gandaki,Tanahu,Devghat,NP04,NP0440,NP0440406,3,NA,population projections 2026,male,age_group_70_74,23
Gandaki,Tanahu,Devghat,NP04,NP0440,NP0440406,3,NA,population projections 2026,female,age_group_70_74,15
Gandaki,Tanahu,Devghat,NP04,NP0440,NP0440406,3,NA,population projections 2026,total,age_group_75_79,37
Gandaki,Tanahu,Devghat,NP04,NP0440,NP0440406,3,NA,population projections 2026,male,age_group_75_79,16
Gandaki,Tanahu,Devghat,NP04,NP0440,NP0440406,3,NA,population projections 2026,female,age_group_75_79,21
Gandaki,Tanahu,Devghat,NP04,NP0440,NP0440406,3,NA,population projections 2026,total,age_group_80_84,15
Gandaki,Tanahu,Devghat,NP04,NP0440,NP0440406,3,NA,population projections 2026,male,age_group_80_84,7
Gandaki,Tanahu,Devghat,NP04,NP0440,NP0440406,3,NA,population projections 2026,female,age_group_80_84,8
Gandaki,Tanahu,Devghat,NP04,NP0440,NP0440406,3,NA,population projections 2026,total,age_group_85_89,7
Gandaki,Tanahu,Devghat,NP04,NP0440,NP0440406,3,NA,population projections 2026,male,age_group_85_89,4
Gandaki,Tanahu,Devghat,NP04,NP0440,NP0440406,3,NA,population projections 2026,female,age_group_85_89,3
Gandaki,Tanahu,Devghat,NP04,NP0440,NP0440406,3,NA,population projections 2026,total,age_group_90_94,0
Gandaki,Tanahu,Devghat,NP04,NP0440,NP0440406,3,NA,population projections 2026,male,age_group_90_94,0
Gandaki,Tanahu,Devghat,NP04,NP0440,NP0440406,3,NA,population projections 2026,female,age_group_90_94,0
Gandaki,Tanahu,Devghat,NP04,NP0440,NP0440406,3,NA,population projections 2026,total,age_group_95plus,0
Gandaki,Tanahu,Devghat,NP04,NP0440,NP0440406,3,NA,population projections 2026,male,age_group_95plus,0
Gandaki,Tanahu,Devghat,NP04,NP0440,NP0440406,3,NA,population projections 2026,female,age_group_95plus,0
Gandaki,Tanahu,Devghat,NP04,NP0440,NP0440406,4,affected,population projections 2026,total,population_total,1370
Gandaki,Tanahu,Devghat,NP04,NP0440,NP0440406,4,affected,population projections 2026,male,population_overall_male,665
Gandaki,Tanahu,Devghat,NP04,NP0440,NP0440406,4,affected,population projections 2026,female,population_overall_female,705
Gandaki,Tanahu,Devghat,NP04,NP0440,NP0440406,4,affected,population projections 2026,total,age_group_0_4,93
Gandaki,Tanahu,Devghat,NP04,NP0440,NP0440406,4,affected,population projections 2026,male,age_group_0_4,50
Gandaki,Tanahu,Devghat,NP04,NP0440,NP0440406,4,affected,population projections 2026,female,age_group_0_4,43
Gandaki,Tanahu,Devghat,NP04,NP0440,NP0440406,4,affected,population projections 2026,total,age_group_5_9,116
Gandaki,Tanahu,Devghat,NP04,NP0440,NP0440406,4,affected,population projections 2026,male,age_group_5_9,53
Gandaki,Tanahu,Devghat,NP04,NP0440,NP0440406,4,affected,population projections 2026,female,age_group_5_9,63
Gandaki,Tanahu,Devghat,NP04,NP0440,NP0440406,4,affected,population projections 2026,total,age_group_10_14,91
Gandaki,Tanahu,Devghat,NP04,NP0440,NP0440406,4,affected,population projections 2026,male,age_group_10_14,52
Gandaki,Tanahu,Devghat,NP04,NP0440,NP0440406,4,affected,population projections 2026,female,age_group_10_14,39
Gandaki,Tanahu,Devghat,NP04,NP0440,NP0440406,4,affected,population projections 2026,total,age_group_15_19,114
Gandaki,Tanahu,Devghat,NP04,NP0440,NP0440406,4,affected,population projections 2026,male,age_group_15_19,61
Gandaki,Tanahu,Devghat,NP04,NP0440,NP0440406,4,affected,population projections 2026,female,age_group_15_19,53
Gandaki,Tanahu,Devghat,NP04,NP0440,NP0440406,4,affected,population projections 2026,total,age_group_20_24,96
Gandaki,Tanahu,Devghat,NP04,NP0440,NP0440406,4,affected,population projections 2026,male,age_group_20_24,37
Gandaki,Tanahu,Devghat,NP04,NP0440,NP0440406,4,affected,population projections 2026,female,age_group_20_24,59
Gandaki,Tanahu,Devghat,NP04,NP0440,NP0440406,4,affected,population projections 2026,total,age_group_25_29,101
Gandaki,Tanahu,Devghat,NP04,NP0440,NP0440406,4,affected,population projections 2026,male,age_group_25_29,37
Gandaki,Tanahu,Devghat,NP04,NP0440,NP0440406,4,affected,population projections 2026,female,age_group_25_29,64
Gandaki,Tanahu,Devghat,NP04,NP0440,NP0440406,4,affected,population projections 2026,total,age_group_30_34,72
Gandaki,Tanahu,Devghat,NP04,NP0440,NP0440406,4,affected,population projections 2026,male,age_group_30_34,35
Gandaki,Tanahu,Devghat,NP04,NP0440,NP0440406,4,affected,population projections 2026,female,age_group_30_34,37
Gandaki,Tanahu,Devghat,NP04,NP0440,NP0440406,4,affected,population projections 2026,total,age_group_35_39,62
Gandaki,Tanahu,Devghat,NP04,NP0440,NP0440406,4,affected,population projections 2026,male,age_group_35_39,31
Gandaki,Tanahu,Devghat,NP04,NP0440,NP0440406,4,affected,population projections 2026,female,age_group_35_39,31
Gandaki,Tanahu,Devghat,NP04,NP0440,NP0440406,4,affected,population projections 2026,total,age_group_40_44,75
Gandaki,Tanahu,Devghat,NP04,NP0440,NP0440406,4,affected,population projections 2026,male,age_group_40_44,32
Gandaki,Tanahu,Devghat,NP04,NP0440,NP0440406,4,affected,population projections 2026,female,age_group_40_44,43
Gandaki,Tanahu,Devghat,NP04,NP0440,NP0440406,4,affected,population projections 2026,total,age_group_45_49,86
Gandaki,Tanahu,Devghat,NP04,NP0440,NP0440406,4,affected,population projections 2026,male,age_group_45_49,36
Gandaki,Tanahu,Devghat,NP04,NP0440,NP0440406,4,affected,population projections 2026,female,age_group_45_49,50
Gandaki,Tanahu,Devghat,NP04,NP0440,NP0440406,4,affected,population projections 2026,total,age_group_50_54,99
Gandaki,Tanahu,Devghat,NP04,NP0440,NP0440406,4,affected,population projections 2026,male,age_group_50_54,50
Gandaki,Tanahu,Devghat,NP04,NP0440,NP0440406,4,affected,population projections 2026,female,age_group_50_54,49
Gandaki,Tanahu,Devghat,NP04,NP0440,NP0440406,4,affected,population projections 2026,total,age_group_55_59,116
Gandaki,Tanahu,Devghat,NP04,NP0440,NP0440406,4,affected,population projections 2026,male,age_group_55_59,62
Gandaki,Tanahu,Devghat,NP04,NP0440,NP0440406,4,affected,population projections 2026,female,age_group_55_59,54
Gandaki,Tanahu,Devghat,NP04,NP0440,NP0440406,4,affected,population projections 2026,total,age_group_60_64,82
Gandaki,Tanahu,Devghat,NP04,NP0440,NP0440406,4,affected,population projections 2026,male,age_group_60_64,43
Gandaki,Tanahu,Devghat,NP04,NP0440,NP0440406,4,affected,population projections 2026,female,age_group_60_64,39
Gandaki,Tanahu,Devghat,NP04,NP0440,NP0440406,4,affected,population projections 2026,total,age_group_65_69,61
Gandaki,Tanahu,Devghat,NP04,NP0440,NP0440406,4,affected,population projections 2026,male,age_group_65_69,31
Gandaki,Tanahu,Devghat,NP04,NP0440,NP0440406,4,affected,population projections 2026,female,age_group_65_69,30
Gandaki,Tanahu,Devghat,NP04,NP0440,NP0440406,4,affected,population projections 2026,total,age_group_70_74,45
Gandaki,Tanahu,Devghat,NP04,NP0440,NP0440406,4,affected,population projections 2026,male,age_group_70_74,27
Gandaki,Tanahu,Devghat,NP04,NP0440,NP0440406,4,affected,population projections 2026,female,age_group_70_74,18
Gandaki,Tanahu,Devghat,NP04,NP0440,NP0440406,4,affected,population projections 2026,total,age_group_75_79,27
Gandaki,Tanahu,Devghat,NP04,NP0440,NP0440406,4,affected,population projections 2026,male,age_group_75_79,12
Gandaki,Tanahu,Devghat,NP04,NP0440,NP0440406,4,affected,population projections 2026,female,age_group_75_79,15
Gandaki,Tanahu,Devghat,NP04,NP0440,NP0440406,4,affected,population projections 2026,total,age_group_80_84,19
Gandaki,Tanahu,Devghat,NP04,NP0440,NP0440406,4,affected,population projections 2026,male,age_group_80_84,10
Gandaki,Tanahu,Devghat,NP04,NP0440,NP0440406,4,affected,population projections 2026,female,age_group_80_84,9
Gandaki,Tanahu,Devghat,NP04,NP0440,NP0440406,4,affected,population projections 2026,total,age_group_85_89,10
Gandaki,Tanahu,Devghat,NP04,NP0440,NP0440406,4,affected,population projections 2026,male,age_group_85_89,5
Gandaki,Tanahu,Devghat,NP04,NP0440,NP0440406,4,affected,population projections 2026,female,age_group_85_89,5
Gandaki,Tanahu,Devghat,NP04,NP0440,NP0440406,4,affected,population projections 2026,total,age_group_90_94,5
Gandaki,Tanahu,Devghat,NP04,NP0440,NP0440406,4,affected,population projections 2026,male,age_group_90_94,1
Gandaki,Tanahu,Devghat,NP04,NP0440,NP0440406,4,affected,population projections 2026,female,age_group_90_94,4
Gandaki,Tanahu,Devghat,NP04,NP0440,NP0440406,4,affected,population projections 2026,total,age_group_95plus,0
Gandaki,Tanahu,Devghat,NP04,NP0440,NP0440406,4,affected,population projections 2026,male,age_group_95plus,0
Gandaki,Tanahu,Devghat,NP04,NP0440,NP0440406,4,affected,population projections 2026,female,age_group_95plus,0
Gandaki,Tanahu,Devghat,NP04,NP0440,NP0440406,5,affected,population projections 2026,total,population_total,6347
Gandaki,Tanahu,Devghat,NP04,NP0440,NP0440406,5,affected,population projections 2026,male,population_overall_male,2981
Gandaki,Tanahu,Devghat,NP04,NP0440,NP0440406,5,affected,population projections 2026,female,population_overall_female,3366
Gandaki,Tanahu,Devghat,NP04,NP0440,NP0440406,5,affected,population projections 2026,total,age_group_0_4,468
Gandaki,Tanahu,Devghat,NP04,NP0440,NP0440406,5,affected,population projections 2026,male,age_group_0_4,255
Gandaki,Tanahu,Devghat,NP04,NP0440,NP0440406,5,affected,population projections 2026,female,age_group_0_4,213
Gandaki,Tanahu,Devghat,NP04,NP0440,NP0440406,5,affected,population projections 2026,total,age_group_5_9,451
Gandaki,Tanahu,Devghat,NP04,NP0440,NP0440406,5,affected,population projections 2026,male,age_group_5_9,236
Gandaki,Tanahu,Devghat,NP04,NP0440,NP0440406,5,affected,population projections 2026,female,age_group_5_9,215
Gandaki,Tanahu,Devghat,NP04,NP0440,NP0440406,5,affected,population projections 2026,total,age_group_10_14,506
Gandaki,Tanahu,Devghat,NP04,NP0440,NP0440406,5,affected,population projections 2026,male,age_group_10_14,270
Gandaki,Tanahu,Devghat,NP04,NP0440,NP0440406,5,affected,population projections 2026,female,age_group_10_14,236
Gandaki,Tanahu,Devghat,NP04,NP0440,NP0440406,5,affected,population projections 2026,total,age_group_15_19,500
Gandaki,Tanahu,Devghat,NP04,NP0440,NP0440406,5,affected,population projections 2026,male,age_group_15_19,262
Gandaki,Tanahu,Devghat,NP04,NP0440,NP0440406,5,affected,population projections 2026,female,age_group_15_19,238
Gandaki,Tanahu,Devghat,NP04,NP0440,NP0440406,5,affected,population projections 2026,total,age_group_20_24,445
Gandaki,Tanahu,Devghat,NP04,NP0440,NP0440406,5,affected,population projections 2026,male,age_group_20_24,197
Gandaki,Tanahu,Devghat,NP04,NP0440,NP0440406,5,affected,population projections 2026,female,age_group_20_24,248
Gandaki,Tanahu,Devghat,NP04,NP0440,NP0440406,5,affected,population projections 2026,total,age_group_25_29,474
Gandaki,Tanahu,Devghat,NP04,NP0440,NP0440406,5,affected,population projections 2026,male,age_group_25_29,193
Gandaki,Tanahu,Devghat,NP04,NP0440,NP0440406,5,affected,population projections 2026,female,age_group_25_29,281
Gandaki,Tanahu,Devghat,NP04,NP0440,NP0440406,5,affected,population projections 2026,total,age_group_30_34,498
Gandaki,Tanahu,Devghat,NP04,NP0440,NP0440406,5,affected,population projections 2026,male,age_group_30_34,217
Gandaki,Tanahu,Devghat,NP04,NP0440,NP0440406,5,affected,population projections 2026,female,age_group_30_34,281
Gandaki,Tanahu,Devghat,NP04,NP0440,NP0440406,5,affected,population projections 2026,total,age_group_35_39,431
Gandaki,Tanahu,Devghat,NP04,NP0440,NP0440406,5,affected,population projections 2026,male,age_group_35_39,182
Gandaki,Tanahu,Devghat,NP04,NP0440,NP0440406,5,affected,population projections 2026,female,age_group_35_39,249
Gandaki,Tanahu,Devghat,NP04,NP0440,NP0440406,5,affected,population projections 2026,total,age_group_40_44,395
Gandaki,Tanahu,Devghat,NP04,NP0440,NP0440406,5,affected,population projections 2026,male,age_group_40_44,167
Gandaki,Tanahu,Devghat,NP04,NP0440,NP0440406,5,affected,population projections 2026,female,age_group_40_44,228
Gandaki,Tanahu,Devghat,NP04,NP0440,NP0440406,5,affected,population projections 2026,total,age_group_45_49,383
Gandaki,Tanahu,Devghat,NP04,NP0440,NP0440406,5,affected,population projections 2026,male,age_group_45_49,183
Gandaki,Tanahu,Devghat,NP04,NP0440,NP0440406,5,affected,population projections 2026,female,age_group_45_49,200
Gandaki,Tanahu,Devghat,NP04,NP0440,NP0440406,5,affected,population projections 2026,total,age_group_50_54,364
Gandaki,Tanahu,Devghat,NP04,NP0440,NP0440406,5,affected,population projections 2026,male,age_group_50_54,170
Gandaki,Tanahu,Devghat,NP04,NP0440,NP0440406,5,affected,population projections 2026,female,age_group_50_54,194
Gandaki,Tanahu,Devghat,NP04,NP0440,NP0440406,5,affected,population projections 2026,total,age_group_55_59,346
Gandaki,Tanahu,Devghat,NP04,NP0440,NP0440406,5,affected,population projections 2026,male,age_group_55_59,167
Gandaki,Tanahu,Devghat,NP04,NP0440,NP0440406,5,affected,population projections 2026,female,age_group_55_59,179
Gandaki,Tanahu,Devghat,NP04,NP0440,NP0440406,5,affected,population projections 2026,total,age_group_60_64,282
Gandaki,Tanahu,Devghat,NP04,NP0440,NP0440406,5,affected,population projections 2026,male,age_group_60_64,136
Gandaki,Tanahu,Devghat,NP04,NP0440,NP0440406,5,affected,population projections 2026,female,age_group_60_64,146
Gandaki,Tanahu,Devghat,NP04,NP0440,NP0440406,5,affected,population projections 2026,total,age_group_65_69,245
Gandaki,Tanahu,Devghat,NP04,NP0440,NP0440406,5,affected,population projections 2026,male,age_group_65_69,109
Gandaki,Tanahu,Devghat,NP04,NP0440,NP0440406,5,affected,population projections 2026,female,age_group_65_69,136
Gandaki,Tanahu,Devghat,NP04,NP0440,NP0440406,5,affected,population projections 2026,total,age_group_70_74,224
Gandaki,Tanahu,Devghat,NP04,NP0440,NP0440406,5,affected,population projections 2026,male,age_group_70_74,93
Gandaki,Tanahu,Devghat,NP04,NP0440,NP0440406,5,affected,population projections 2026,female,age_group_70_74,131
Gandaki,Tanahu,Devghat,NP04,NP0440,NP0440406,5,affected,population projections 2026,total,age_group_75_79,164
Gandaki,Tanahu,Devghat,NP04,NP0440,NP0440406,5,affected,population projections 2026,male,age_group_75_79,75
Gandaki,Tanahu,Devghat,NP04,NP0440,NP0440406,5,affected,population projections 2026,female,age_group_75_79,89
Gandaki,Tanahu,Devghat,NP04,NP0440,NP0440406,5,affected,population projections 2026,total,age_group_80_84,100
Gandaki,Tanahu,Devghat,NP04,NP0440,NP0440406,5,affected,population projections 2026,male,age_group_80_84,43
Gandaki,Tanahu,Devghat,NP04,NP0440,NP0440406,5,affected,population projections 2026,female,age_group_80_84,57
Gandaki,Tanahu,Devghat,NP04,NP0440,NP0440406,5,affected,population projections 2026,total,age_group_85_89,45
Gandaki,Tanahu,Devghat,NP04,NP0440,NP0440406,5,affected,population projections 2026,male,age_group_85_89,17
Gandaki,Tanahu,Devghat,NP04,NP0440,NP0440406,5,affected,population projections 2026,female,age_group_85_89,28
Gandaki,Tanahu,Devghat,NP04,NP0440,NP0440406,5,affected,population projections 2026,total,age_group_90_94,19
Gandaki,Tanahu,Devghat,NP04,NP0440,NP0440406,5,affected,population projections 2026,male,age_group_90_94,7
Gandaki,Tanahu,Devghat,NP04,NP0440,NP0440406,5,affected,population projections 2026,female,age_group_90_94,12
Gandaki,Tanahu,Devghat,NP04,NP0440,NP0440406,5,affected,population projections 2026,total,age_group_95plus,7
Gandaki,Tanahu,Devghat,NP04,NP0440,NP0440406,5,affected,population projections 2026,male,age_group_95plus,2
Gandaki,Tanahu,Devghat,NP04,NP0440,NP0440406,5,affected,population projections 2026,female,age_group_95plus,5
Gandaki,Tanahu,Aanbu Khaireni,NP04,NP0440,NP0440405,1,NA,population projections 2026,total,population_total,3618
Gandaki,Tanahu,Aanbu Khaireni,NP04,NP0440,NP0440405,1,NA,population projections 2026,male,population_overall_male,1646
Gandaki,Tanahu,Aanbu Khaireni,NP04,NP0440,NP0440405,1,NA,population projections 2026,female,population_overall_female,1972
Gandaki,Tanahu,Aanbu Khaireni,NP04,NP0440,NP0440405,1,NA,population projections 2026,total,age_group_0_4,231
Gandaki,Tanahu,Aanbu Khaireni,NP04,NP0440,NP0440405,1,NA,population projections 2026,male,age_group_0_4,125
Gandaki,Tanahu,Aanbu Khaireni,NP04,NP0440,NP0440405,1,NA,population projections 2026,female,age_group_0_4,106
Gandaki,Tanahu,Aanbu Khaireni,NP04,NP0440,NP0440405,1,NA,population projections 2026,total,age_group_5_9,253
Gandaki,Tanahu,Aanbu Khaireni,NP04,NP0440,NP0440405,1,NA,population projections 2026,male,age_group_5_9,135
Gandaki,Tanahu,Aanbu Khaireni,NP04,NP0440,NP0440405,1,NA,population projections 2026,female,age_group_5_9,118
Gandaki,Tanahu,Aanbu Khaireni,NP04,NP0440,NP0440405,1,NA,population projections 2026,total,age_group_10_14,310
Gandaki,Tanahu,Aanbu Khaireni,NP04,NP0440,NP0440405,1,NA,population projections 2026,male,age_group_10_14,169
Gandaki,Tanahu,Aanbu Khaireni,NP04,NP0440,NP0440405,1,NA,population projections 2026,female,age_group_10_14,141
Gandaki,Tanahu,Aanbu Khaireni,NP04,NP0440,NP0440405,1,NA,population projections 2026,total,age_group_15_19,320
Gandaki,Tanahu,Aanbu Khaireni,NP04,NP0440,NP0440405,1,NA,population projections 2026,male,age_group_15_19,149
Gandaki,Tanahu,Aanbu Khaireni,NP04,NP0440,NP0440405,1,NA,population projections 2026,female,age_group_15_19,171
Gandaki,Tanahu,Aanbu Khaireni,NP04,NP0440,NP0440405,1,NA,population projections 2026,total,age_group_20_24,296
Gandaki,Tanahu,Aanbu Khaireni,NP04,NP0440,NP0440405,1,NA,population projections 2026,male,age_group_20_24,135
Gandaki,Tanahu,Aanbu Khaireni,NP04,NP0440,NP0440405,1,NA,population projections 2026,female,age_group_20_24,161
Gandaki,Tanahu,Aanbu Khaireni,NP04,NP0440,NP0440405,1,NA,population projections 2026,total,age_group_25_29,263
Gandaki,Tanahu,Aanbu Khaireni,NP04,NP0440,NP0440405,1,NA,population projections 2026,male,age_group_25_29,110
Gandaki,Tanahu,Aanbu Khaireni,NP04,NP0440,NP0440405,1,NA,population projections 2026,female,age_group_25_29,153
Gandaki,Tanahu,Aanbu Khaireni,NP04,NP0440,NP0440405,1,NA,population projections 2026,total,age_group_30_34,259
Gandaki,Tanahu,Aanbu Khaireni,NP04,NP0440,NP0440405,1,NA,population projections 2026,male,age_group_30_34,88
Gandaki,Tanahu,Aanbu Khaireni,NP04,NP0440,NP0440405,1,NA,population projections 2026,female,age_group_30_34,171
Gandaki,Tanahu,Aanbu Khaireni,NP04,NP0440,NP0440405,1,NA,population projections 2026,total,age_group_35_39,257
Gandaki,Tanahu,Aanbu Khaireni,NP04,NP0440,NP0440405,1,NA,population projections 2026,male,age_group_35_39,81
Gandaki,Tanahu,Aanbu Khaireni,NP04,NP0440,NP0440405,1,NA,population projections 2026,female,age_group_35_39,176
Gandaki,Tanahu,Aanbu Khaireni,NP04,NP0440,NP0440405,1,NA,population projections 2026,total,age_group_40_44,271
Gandaki,Tanahu,Aanbu Khaireni,NP04,NP0440,NP0440405,1,NA,population projections 2026,male,age_group_40_44,111
Gandaki,Tanahu,Aanbu Khaireni,NP04,NP0440,NP0440405,1,NA,population projections 2026,female,age_group_40_44,160
Gandaki,Tanahu,Aanbu Khaireni,NP04,NP0440,NP0440405,1,NA,population projections 2026,total,age_group_45_49,258
Gandaki,Tanahu,Aanbu Khaireni,NP04,NP0440,NP0440405,1,NA,population projections 2026,male,age_group_45_49,115
Gandaki,Tanahu,Aanbu Khaireni,NP04,NP0440,NP0440405,1,NA,population projections 2026,female,age_group_45_49,143
Gandaki,Tanahu,Aanbu Khaireni,NP04,NP0440,NP0440405,1,NA,population projections 2026,total,age_group_50_54,231
Gandaki,Tanahu,Aanbu Khaireni,NP04,NP0440,NP0440405,1,NA,population projections 2026,male,age_group_50_54,107
Gandaki,Tanahu,Aanbu Khaireni,NP04,NP0440,NP0440405,1,NA,population projections 2026,female,age_group_50_54,124
Gandaki,Tanahu,Aanbu Khaireni,NP04,NP0440,NP0440405,1,NA,population projections 2026,total,age_group_55_59,182
Gandaki,Tanahu,Aanbu Khaireni,NP04,NP0440,NP0440405,1,NA,population projections 2026,male,age_group_55_59,99
Gandaki,Tanahu,Aanbu Khaireni,NP04,NP0440,NP0440405,1,NA,population projections 2026,female,age_group_55_59,83
Gandaki,Tanahu,Aanbu Khaireni,NP04,NP0440,NP0440405,1,NA,population projections 2026,total,age_group_60_64,148
Gandaki,Tanahu,Aanbu Khaireni,NP04,NP0440,NP0440405,1,NA,population projections 2026,male,age_group_60_64,73
Gandaki,Tanahu,Aanbu Khaireni,NP04,NP0440,NP0440405,1,NA,population projections 2026,female,age_group_60_64,75
Gandaki,Tanahu,Aanbu Khaireni,NP04,NP0440,NP0440405,1,NA,population projections 2026,total,age_group_65_69,124
Gandaki,Tanahu,Aanbu Khaireni,NP04,NP0440,NP0440405,1,NA,population projections 2026,male,age_group_65_69,56
Gandaki,Tanahu,Aanbu Khaireni,NP04,NP0440,NP0440405,1,NA,population projections 2026,female,age_group_65_69,68
Gandaki,Tanahu,Aanbu Khaireni,NP04,NP0440,NP0440405,1,NA,population projections 2026,total,age_group_70_74,100
Gandaki,Tanahu,Aanbu Khaireni,NP04,NP0440,NP0440405,1,NA,population projections 2026,male,age_group_70_74,40
Gandaki,Tanahu,Aanbu Khaireni,NP04,NP0440,NP0440405,1,NA,population projections 2026,female,age_group_70_74,60
Gandaki,Tanahu,Aanbu Khaireni,NP04,NP0440,NP0440405,1,NA,population projections 2026,total,age_group_75_79,70
Gandaki,Tanahu,Aanbu Khaireni,NP04,NP0440,NP0440405,1,NA,population projections 2026,male,age_group_75_79,34
Gandaki,Tanahu,Aanbu Khaireni,NP04,NP0440,NP0440405,1,NA,population projections 2026,female,age_group_75_79,36
Gandaki,Tanahu,Aanbu Khaireni,NP04,NP0440,NP0440405,1,NA,population projections 2026,total,age_group_80_84,25
Gandaki,Tanahu,Aanbu Khaireni,NP04,NP0440,NP0440405,1,NA,population projections 2026,male,age_group_80_84,12
Gandaki,Tanahu,Aanbu Khaireni,NP04,NP0440,NP0440405,1,NA,population projections 2026,female,age_group_80_84,13
Gandaki,Tanahu,Aanbu Khaireni,NP04,NP0440,NP0440405,1,NA,population projections 2026,total,age_group_85_89,14
Gandaki,Tanahu,Aanbu Khaireni,NP04,NP0440,NP0440405,1,NA,population projections 2026,male,age_group_85_89,5
Gandaki,Tanahu,Aanbu Khaireni,NP04,NP0440,NP0440405,1,NA,population projections 2026,female,age_group_85_89,9
Gandaki,Tanahu,Aanbu Khaireni,NP04,NP0440,NP0440405,1,NA,population projections 2026,total,age_group_90_94,6
Gandaki,Tanahu,Aanbu Khaireni,NP04,NP0440,NP0440405,1,NA,population projections 2026,male,age_group_90_94,2
Gandaki,Tanahu,Aanbu Khaireni,NP04,NP0440,NP0440405,1,NA,population projections 2026,female,age_group_90_94,4
Gandaki,Tanahu,Aanbu Khaireni,NP04,NP0440,NP0440405,1,NA,population projections 2026,total,age_group_95plus,0
Gandaki,Tanahu,Aanbu Khaireni,NP04,NP0440,NP0440405,1,NA,population projections 2026,male,age_group_95plus,0
Gandaki,Tanahu,Aanbu Khaireni,NP04,NP0440,NP0440405,1,NA,population projections 2026,female,age_group_95plus,0
Gandaki,Tanahu,Aanbu Khaireni,NP04,NP0440,NP0440405,2,NA,population projections 2026,total,population_total,3815
Gandaki,Tanahu,Aanbu Khaireni,NP04,NP0440,NP0440405,2,NA,population projections 2026,male,population_overall_male,1775
Gandaki,Tanahu,Aanbu Khaireni,NP04,NP0440,NP0440405,2,NA,population projections 2026,female,population_overall_female,2040
Gandaki,Tanahu,Aanbu Khaireni,NP04,NP0440,NP0440405,2,NA,population projections 2026,total,age_group_0_4,250
Gandaki,Tanahu,Aanbu Khaireni,NP04,NP0440,NP0440405,2,NA,population projections 2026,male,age_group_0_4,135
Gandaki,Tanahu,Aanbu Khaireni,NP04,NP0440,NP0440405,2,NA,population projections 2026,female,age_group_0_4,115
Gandaki,Tanahu,Aanbu Khaireni,NP04,NP0440,NP0440405,2,NA,population projections 2026,total,age_group_5_9,291
Gandaki,Tanahu,Aanbu Khaireni,NP04,NP0440,NP0440405,2,NA,population projections 2026,male,age_group_5_9,163
Gandaki,Tanahu,Aanbu Khaireni,NP04,NP0440,NP0440405,2,NA,population projections 2026,female,age_group_5_9,128
Gandaki,Tanahu,Aanbu Khaireni,NP04,NP0440,NP0440405,2,NA,population projections 2026,total,age_group_10_14,312
Gandaki,Tanahu,Aanbu Khaireni,NP04,NP0440,NP0440405,2,NA,population projections 2026,male,age_group_10_14,159
Gandaki,Tanahu,Aanbu Khaireni,NP04,NP0440,NP0440405,2,NA,population projections 2026,female,age_group_10_14,153
Gandaki,Tanahu,Aanbu Khaireni,NP04,NP0440,NP0440405,2,NA,population projections 2026,total,age_group_15_19,281
Gandaki,Tanahu,Aanbu Khaireni,NP04,NP0440,NP0440405,2,NA,population projections 2026,male,age_group_15_19,134
Gandaki,Tanahu,Aanbu Khaireni,NP04,NP0440,NP0440405,2,NA,population projections 2026,female,age_group_15_19,147
Gandaki,Tanahu,Aanbu Khaireni,NP04,NP0440,NP0440405,2,NA,population projections 2026,total,age_group_20_24,263
Gandaki,Tanahu,Aanbu Khaireni,NP04,NP0440,NP0440405,2,NA,population projections 2026,male,age_group_20_24,120
Gandaki,Tanahu,Aanbu Khaireni,NP04,NP0440,NP0440405,2,NA,population projections 2026,female,age_group_20_24,143
Gandaki,Tanahu,Aanbu Khaireni,NP04,NP0440,NP0440405,2,NA,population projections 2026,total,age_group_25_29,307
Gandaki,Tanahu,Aanbu Khaireni,NP04,NP0440,NP0440405,2,NA,population projections 2026,male,age_group_25_29,121
Gandaki,Tanahu,Aanbu Khaireni,NP04,NP0440,NP0440405,2,NA,population projections 2026,female,age_group_25_29,186
Gandaki,Tanahu,Aanbu Khaireni,NP04,NP0440,NP0440405,2,NA,population projections 2026,total,age_group_30_34,335
Gandaki,Tanahu,Aanbu Khaireni,NP04,NP0440,NP0440405,2,NA,population projections 2026,male,age_group_30_34,126
Gandaki,Tanahu,Aanbu Khaireni,NP04,NP0440,NP0440405,2,NA,population projections 2026,female,age_group_30_34,209
Gandaki,Tanahu,Aanbu Khaireni,NP04,NP0440,NP0440405,2,NA,population projections 2026,total,age_group_35_39,296
Gandaki,Tanahu,Aanbu Khaireni,NP04,NP0440,NP0440405,2,NA,population projections 2026,male,age_group_35_39,122
Gandaki,Tanahu,Aanbu Khaireni,NP04,NP0440,NP0440405,2,NA,population projections 2026,female,age_group_35_39,174
Gandaki,Tanahu,Aanbu Khaireni,NP04,NP0440,NP0440405,2,NA,population projections 2026,total,age_group_40_44,257
Gandaki,Tanahu,Aanbu Khaireni,NP04,NP0440,NP0440405,2,NA,population projections 2026,male,age_group_40_44,112
Gandaki,Tanahu,Aanbu Khaireni,NP04,NP0440,NP0440405,2,NA,population projections 2026,female,age_group_40_44,145
Gandaki,Tanahu,Aanbu Khaireni,NP04,NP0440,NP0440405,2,NA,population projections 2026,total,age_group_45_49,256
Gandaki,Tanahu,Aanbu Khaireni,NP04,NP0440,NP0440405,2,NA,population projections 2026,male,age_group_45_49,125
Gandaki,Tanahu,Aanbu Khaireni,NP04,NP0440,NP0440405,2,NA,population projections 2026,female,age_group_45_49,131
Gandaki,Tanahu,Aanbu Khaireni,NP04,NP0440,NP0440405,2,NA,population projections 2026,total,age_group_50_54,229
Gandaki,Tanahu,Aanbu Khaireni,NP04,NP0440,NP0440405,2,NA,population projections 2026,male,age_group_50_54,116
Gandaki,Tanahu,Aanbu Khaireni,NP04,NP0440,NP0440405,2,NA,population projections 2026,female,age_group_50_54,113
Gandaki,Tanahu,Aanbu Khaireni,NP04,NP0440,NP0440405,2,NA,population projections 2026,total,age_group_55_59,218
Gandaki,Tanahu,Aanbu Khaireni,NP04,NP0440,NP0440405,2,NA,population projections 2026,male,age_group_55_59,106
Gandaki,Tanahu,Aanbu Khaireni,NP04,NP0440,NP0440405,2,NA,population projections 2026,female,age_group_55_59,112
Gandaki,Tanahu,Aanbu Khaireni,NP04,NP0440,NP0440405,2,NA,population projections 2026,total,age_group_60_64,190
Gandaki,Tanahu,Aanbu Khaireni,NP04,NP0440,NP0440405,2,NA,population projections 2026,male,age_group_60_64,92
Gandaki,Tanahu,Aanbu Khaireni,NP04,NP0440,NP0440405,2,NA,population projections 2026,female,age_group_60_64,98
Gandaki,Tanahu,Aanbu Khaireni,NP04,NP0440,NP0440405,2,NA,population projections 2026,total,age_group_65_69,140
Gandaki,Tanahu,Aanbu Khaireni,NP04,NP0440,NP0440405,2,NA,population projections 2026,male,age_group_65_69,58
Gandaki,Tanahu,Aanbu Khaireni,NP04,NP0440,NP0440405,2,NA,population projections 2026,female,age_group_65_69,82
Gandaki,Tanahu,Aanbu Khaireni,NP04,NP0440,NP0440405,2,NA,population projections 2026,total,age_group_70_74,101
Gandaki,Tanahu,Aanbu Khaireni,NP04,NP0440,NP0440405,2,NA,population projections 2026,male,age_group_70_74,46
Gandaki,Tanahu,Aanbu Khaireni,NP04,NP0440,NP0440405,2,NA,population projections 2026,female,age_group_70_74,55
Gandaki,Tanahu,Aanbu Khaireni,NP04,NP0440,NP0440405,2,NA,population projections 2026,total,age_group_75_79,57
Gandaki,Tanahu,Aanbu Khaireni,NP04,NP0440,NP0440405,2,NA,population projections 2026,male,age_group_75_79,30
Gandaki,Tanahu,Aanbu Khaireni,NP04,NP0440,NP0440405,2,NA,population projections 2026,female,age_group_75_79,27
Gandaki,Tanahu,Aanbu Khaireni,NP04,NP0440,NP0440405,2,NA,population projections 2026,total,age_group_80_84,19
Gandaki,Tanahu,Aanbu Khaireni,NP04,NP0440,NP0440405,2,NA,population projections 2026,male,age_group_80_84,9
Gandaki,Tanahu,Aanbu Khaireni,NP04,NP0440,NP0440405,2,NA,population projections 2026,female,age_group_80_84,10
Gandaki,Tanahu,Aanbu Khaireni,NP04,NP0440,NP0440405,2,NA,population projections 2026,total,age_group_85_89,6
Gandaki,Tanahu,Aanbu Khaireni,NP04,NP0440,NP0440405,2,NA,population projections 2026,male,age_group_85_89,1
Gandaki,Tanahu,Aanbu Khaireni,NP04,NP0440,NP0440405,2,NA,population projections 2026,female,age_group_85_89,5
Gandaki,Tanahu,Aanbu Khaireni,NP04,NP0440,NP0440405,2,NA,population projections 2026,total,age_group_90_94,5
Gandaki,Tanahu,Aanbu Khaireni,NP04,NP0440,NP0440405,2,NA,population projections 2026,male,age_group_90_94,0
Gandaki,Tanahu,Aanbu Khaireni,NP04,NP0440,NP0440405,2,NA,population projections 2026,female,age_group_90_94,5
Gandaki,Tanahu,Aanbu Khaireni,NP04,NP0440,NP0440405,2,NA,population projections 2026,total,age_group_95plus,2
Gandaki,Tanahu,Aanbu Khaireni,NP04,NP0440,NP0440405,2,NA,population projections 2026,male,age_group_95plus,0
Gandaki,Tanahu,Aanbu Khaireni,NP04,NP0440,NP0440405,2,NA,population projections 2026,female,age_group_95plus,2
Gandaki,Tanahu,Aanbu Khaireni,NP04,NP0440,NP0440405,3,NA,population projections 2026,total,population_total,9040
Gandaki,Tanahu,Aanbu Khaireni,NP04,NP0440,NP0440405,3,NA,population projections 2026,male,population_overall_male,4124
Gandaki,Tanahu,Aanbu Khaireni,NP04,NP0440,NP0440405,3,NA,population projections 2026,female,population_overall_female,4916
Gandaki,Tanahu,Aanbu Khaireni,NP04,NP0440,NP0440405,3,NA,population projections 2026,total,age_group_0_4,641
Gandaki,Tanahu,Aanbu Khaireni,NP04,NP0440,NP0440405,3,NA,population projections 2026,male,age_group_0_4,347
Gandaki,Tanahu,Aanbu Khaireni,NP04,NP0440,NP0440405,3,NA,population projections 2026,female,age_group_0_4,294
Gandaki,Tanahu,Aanbu Khaireni,NP04,NP0440,NP0440405,3,NA,population projections 2026,total,age_group_5_9,714
Gandaki,Tanahu,Aanbu Khaireni,NP04,NP0440,NP0440405,3,NA,population projections 2026,male,age_group_5_9,381
Gandaki,Tanahu,Aanbu Khaireni,NP04,NP0440,NP0440405,3,NA,population projections 2026,female,age_group_5_9,333
Gandaki,Tanahu,Aanbu Khaireni,NP04,NP0440,NP0440405,3,NA,population projections 2026,total,age_group_10_14,894
Gandaki,Tanahu,Aanbu Khaireni,NP04,NP0440,NP0440405,3,NA,population projections 2026,male,age_group_10_14,467
Gandaki,Tanahu,Aanbu Khaireni,NP04,NP0440,NP0440405,3,NA,population projections 2026,female,age_group_10_14,427
Gandaki,Tanahu,Aanbu Khaireni,NP04,NP0440,NP0440405,3,NA,population projections 2026,total,age_group_15_19,825
Gandaki,Tanahu,Aanbu Khaireni,NP04,NP0440,NP0440405,3,NA,population projections 2026,male,age_group_15_19,421
Gandaki,Tanahu,Aanbu Khaireni,NP04,NP0440,NP0440405,3,NA,population projections 2026,female,age_group_15_19,404
Gandaki,Tanahu,Aanbu Khaireni,NP04,NP0440,NP0440405,3,NA,population projections 2026,total,age_group_20_24,670
Gandaki,Tanahu,Aanbu Khaireni,NP04,NP0440,NP0440405,3,NA,population projections 2026,male,age_group_20_24,288
Gandaki,Tanahu,Aanbu Khaireni,NP04,NP0440,NP0440405,3,NA,population projections 2026,female,age_group_20_24,382
Gandaki,Tanahu,Aanbu Khaireni,NP04,NP0440,NP0440405,3,NA,population projections 2026,total,age_group_25_29,638
Gandaki,Tanahu,Aanbu Khaireni,NP04,NP0440,NP0440405,3,NA,population projections 2026,male,age_group_25_29,213
Gandaki,Tanahu,Aanbu Khaireni,NP04,NP0440,NP0440405,3,NA,population projections 2026,female,age_group_25_29,425
Gandaki,Tanahu,Aanbu Khaireni,NP04,NP0440,NP0440405,3,NA,population projections 2026,total,age_group_30_34,811
Gandaki,Tanahu,Aanbu Khaireni,NP04,NP0440,NP0440405,3,NA,population projections 2026,male,age_group_30_34,260
Gandaki,Tanahu,Aanbu Khaireni,NP04,NP0440,NP0440405,3,NA,population projections 2026,female,age_group_30_34,551
Gandaki,Tanahu,Aanbu Khaireni,NP04,NP0440,NP0440405,3,NA,population projections 2026,total,age_group_35_39,873
Gandaki,Tanahu,Aanbu Khaireni,NP04,NP0440,NP0440405,3,NA,population projections 2026,male,age_group_35_39,308
Gandaki,Tanahu,Aanbu Khaireni,NP04,NP0440,NP0440405,3,NA,population projections 2026,female,age_group_35_39,565
Gandaki,Tanahu,Aanbu Khaireni,NP04,NP0440,NP0440405,3,NA,population projections 2026,total,age_group_40_44,753
Gandaki,Tanahu,Aanbu Khaireni,NP04,NP0440,NP0440405,3,NA,population projections 2026,male,age_group_40_44,309
Gandaki,Tanahu,Aanbu Khaireni,NP04,NP0440,NP0440405,3,NA,population projections 2026,female,age_group_40_44,444
Gandaki,Tanahu,Aanbu Khaireni,NP04,NP0440,NP0440405,3,NA,population projections 2026,total,age_group_45_49,598
Gandaki,Tanahu,Aanbu Khaireni,NP04,NP0440,NP0440405,3,NA,population projections 2026,male,age_group_45_49,301
Gandaki,Tanahu,Aanbu Khaireni,NP04,NP0440,NP0440405,3,NA,population projections 2026,female,age_group_45_49,297
Gandaki,Tanahu,Aanbu Khaireni,NP04,NP0440,NP0440405,3,NA,population projections 2026,total,age_group_50_54,447
Gandaki,Tanahu,Aanbu Khaireni,NP04,NP0440,NP0440405,3,NA,population projections 2026,male,age_group_50_54,250
Gandaki,Tanahu,Aanbu Khaireni,NP04,NP0440,NP0440405,3,NA,population projections 2026,female,age_group_50_54,197
Gandaki,Tanahu,Aanbu Khaireni,NP04,NP0440,NP0440405,3,NA,population projections 2026,total,age_group_55_59,379
Gandaki,Tanahu,Aanbu Khaireni,NP04,NP0440,NP0440405,3,NA,population projections 2026,male,age_group_55_59,193
Gandaki,Tanahu,Aanbu Khaireni,NP04,NP0440,NP0440405,3,NA,population projections 2026,female,age_group_55_59,186
Gandaki,Tanahu,Aanbu Khaireni,NP04,NP0440,NP0440405,3,NA,population projections 2026,total,age_group_60_64,261
Gandaki,Tanahu,Aanbu Khaireni,NP04,NP0440,NP0440405,3,NA,population projections 2026,male,age_group_60_64,134
Gandaki,Tanahu,Aanbu Khaireni,NP04,NP0440,NP0440405,3,NA,population projections 2026,female,age_group_60_64,127
Gandaki,Tanahu,Aanbu Khaireni,NP04,NP0440,NP0440405,3,NA,population projections 2026,total,age_group_65_69,216
Gandaki,Tanahu,Aanbu Khaireni,NP04,NP0440,NP0440405,3,NA,population projections 2026,male,age_group_65_69,108
Gandaki,Tanahu,Aanbu Khaireni,NP04,NP0440,NP0440405,3,NA,population projections 2026,female,age_group_65_69,108
Gandaki,Tanahu,Aanbu Khaireni,NP04,NP0440,NP0440405,3,NA,population projections 2026,total,age_group_70_74,153
Gandaki,Tanahu,Aanbu Khaireni,NP04,NP0440,NP0440405,3,NA,population projections 2026,male,age_group_70_74,70
Gandaki,Tanahu,Aanbu Khaireni,NP04,NP0440,NP0440405,3,NA,population projections 2026,female,age_group_70_74,83
Gandaki,Tanahu,Aanbu Khaireni,NP04,NP0440,NP0440405,3,NA,population projections 2026,total,age_group_75_79,98
Gandaki,Tanahu,Aanbu Khaireni,NP04,NP0440,NP0440405,3,NA,population projections 2026,male,age_group_75_79,43
Gandaki,Tanahu,Aanbu Khaireni,NP04,NP0440,NP0440405,3,NA,population projections 2026,female,age_group_75_79,55
Gandaki,Tanahu,Aanbu Khaireni,NP04,NP0440,NP0440405,3,NA,population projections 2026,total,age_group_80_84,45
Gandaki,Tanahu,Aanbu Khaireni,NP04,NP0440,NP0440405,3,NA,population projections 2026,male,age_group_80_84,20
Gandaki,Tanahu,Aanbu Khaireni,NP04,NP0440,NP0440405,3,NA,population projections 2026,female,age_group_80_84,25
Gandaki,Tanahu,Aanbu Khaireni,NP04,NP0440,NP0440405,3,NA,population projections 2026,total,age_group_85_89,13
Gandaki,Tanahu,Aanbu Khaireni,NP04,NP0440,NP0440405,3,NA,population projections 2026,male,age_group_85_89,6
Gandaki,Tanahu,Aanbu Khaireni,NP04,NP0440,NP0440405,3,NA,population projections 2026,female,age_group_85_89,7
Gandaki,Tanahu,Aanbu Khaireni,NP04,NP0440,NP0440405,3,NA,population projections 2026,total,age_group_90_94,9
Gandaki,Tanahu,Aanbu Khaireni,NP04,NP0440,NP0440405,3,NA,population projections 2026,male,age_group_90_94,4
Gandaki,Tanahu,Aanbu Khaireni,NP04,NP0440,NP0440405,3,NA,population projections 2026,female,age_group_90_94,5
Gandaki,Tanahu,Aanbu Khaireni,NP04,NP0440,NP0440405,3,NA,population projections 2026,total,age_group_95plus,2
Gandaki,Tanahu,Aanbu Khaireni,NP04,NP0440,NP0440405,3,NA,population projections 2026,male,age_group_95plus,1
Gandaki,Tanahu,Aanbu Khaireni,NP04,NP0440,NP0440405,3,NA,population projections 2026,female,age_group_95plus,1
Gandaki,Tanahu,Aanbu Khaireni,NP04,NP0440,NP0440405,4,affected,population projections 2026,total,population_total,1640
Gandaki,Tanahu,Aanbu Khaireni,NP04,NP0440,NP0440405,4,affected,population projections 2026,male,population_overall_male,770
Gandaki,Tanahu,Aanbu Khaireni,NP04,NP0440,NP0440405,4,affected,population projections 2026,female,population_overall_female,870
Gandaki,Tanahu,Aanbu Khaireni,NP04,NP0440,NP0440405,4,affected,population projections 2026,total,age_group_0_4,107
Gandaki,Tanahu,Aanbu Khaireni,NP04,NP0440,NP0440405,4,affected,population projections 2026,male,age_group_0_4,58
Gandaki,Tanahu,Aanbu Khaireni,NP04,NP0440,NP0440405,4,affected,population projections 2026,female,age_group_0_4,49
Gandaki,Tanahu,Aanbu Khaireni,NP04,NP0440,NP0440405,4,affected,population projections 2026,total,age_group_5_9,119
Gandaki,Tanahu,Aanbu Khaireni,NP04,NP0440,NP0440405,4,affected,population projections 2026,male,age_group_5_9,69
Gandaki,Tanahu,Aanbu Khaireni,NP04,NP0440,NP0440405,4,affected,population projections 2026,female,age_group_5_9,50
Gandaki,Tanahu,Aanbu Khaireni,NP04,NP0440,NP0440405,4,affected,population projections 2026,total,age_group_10_14,125
Gandaki,Tanahu,Aanbu Khaireni,NP04,NP0440,NP0440405,4,affected,population projections 2026,male,age_group_10_14,58
Gandaki,Tanahu,Aanbu Khaireni,NP04,NP0440,NP0440405,4,affected,population projections 2026,female,age_group_10_14,67
Gandaki,Tanahu,Aanbu Khaireni,NP04,NP0440,NP0440405,4,affected,population projections 2026,total,age_group_15_19,133
Gandaki,Tanahu,Aanbu Khaireni,NP04,NP0440,NP0440405,4,affected,population projections 2026,male,age_group_15_19,67
Gandaki,Tanahu,Aanbu Khaireni,NP04,NP0440,NP0440405,4,affected,population projections 2026,female,age_group_15_19,66
Gandaki,Tanahu,Aanbu Khaireni,NP04,NP0440,NP0440405,4,affected,population projections 2026,total,age_group_20_24,130
Gandaki,Tanahu,Aanbu Khaireni,NP04,NP0440,NP0440405,4,affected,population projections 2026,male,age_group_20_24,55
Gandaki,Tanahu,Aanbu Khaireni,NP04,NP0440,NP0440405,4,affected,population projections 2026,female,age_group_20_24,75
Gandaki,Tanahu,Aanbu Khaireni,NP04,NP0440,NP0440405,4,affected,population projections 2026,total,age_group_25_29,133
Gandaki,Tanahu,Aanbu Khaireni,NP04,NP0440,NP0440405,4,affected,population projections 2026,male,age_group_25_29,54
Gandaki,Tanahu,Aanbu Khaireni,NP04,NP0440,NP0440405,4,affected,population projections 2026,female,age_group_25_29,79
Gandaki,Tanahu,Aanbu Khaireni,NP04,NP0440,NP0440405,4,affected,population projections 2026,total,age_group_30_34,121
Gandaki,Tanahu,Aanbu Khaireni,NP04,NP0440,NP0440405,4,affected,population projections 2026,male,age_group_30_34,46
Gandaki,Tanahu,Aanbu Khaireni,NP04,NP0440,NP0440405,4,affected,population projections 2026,female,age_group_30_34,75
Gandaki,Tanahu,Aanbu Khaireni,NP04,NP0440,NP0440405,4,affected,population projections 2026,total,age_group_35_39,99
Gandaki,Tanahu,Aanbu Khaireni,NP04,NP0440,NP0440405,4,affected,population projections 2026,male,age_group_35_39,45
Gandaki,Tanahu,Aanbu Khaireni,NP04,NP0440,NP0440405,4,affected,population projections 2026,female,age_group_35_39,54
Gandaki,Tanahu,Aanbu Khaireni,NP04,NP0440,NP0440405,4,affected,population projections 2026,total,age_group_40_44,100
Gandaki,Tanahu,Aanbu Khaireni,NP04,NP0440,NP0440405,4,affected,population projections 2026,male,age_group_40_44,43
Gandaki,Tanahu,Aanbu Khaireni,NP04,NP0440,NP0440405,4,affected,population projections 2026,female,age_group_40_44,57
Gandaki,Tanahu,Aanbu Khaireni,NP04,NP0440,NP0440405,4,affected,population projections 2026,total,age_group_45_49,93
Gandaki,Tanahu,Aanbu Khaireni,NP04,NP0440,NP0440405,4,affected,population projections 2026,male,age_group_45_49,42
Gandaki,Tanahu,Aanbu Khaireni,NP04,NP0440,NP0440405,4,affected,population projections 2026,female,age_group_45_49,51
Gandaki,Tanahu,Aanbu Khaireni,NP04,NP0440,NP0440405,4,affected,population projections 2026,total,age_group_50_54,102
Gandaki,Tanahu,Aanbu Khaireni,NP04,NP0440,NP0440405,4,affected,population projections 2026,male,age_group_50_54,46
Gandaki,Tanahu,Aanbu Khaireni,NP04,NP0440,NP0440405,4,affected,population projections 2026,female,age_group_50_54,56
Gandaki,Tanahu,Aanbu Khaireni,NP04,NP0440,NP0440405,4,affected,population projections 2026,total,age_group_55_59,94
Gandaki,Tanahu,Aanbu Khaireni,NP04,NP0440,NP0440405,4,affected,population projections 2026,male,age_group_55_59,42
Gandaki,Tanahu,Aanbu Khaireni,NP04,NP0440,NP0440405,4,affected,population projections 2026,female,age_group_55_59,52
Gandaki,Tanahu,Aanbu Khaireni,NP04,NP0440,NP0440405,4,affected,population projections 2026,total,age_group_60_64,83
Gandaki,Tanahu,Aanbu Khaireni,NP04,NP0440,NP0440405,4,affected,population projections 2026,male,age_group_60_64,42
Gandaki,Tanahu,Aanbu Khaireni,NP04,NP0440,NP0440405,4,affected,population projections 2026,female,age_group_60_64,41
Gandaki,Tanahu,Aanbu Khaireni,NP04,NP0440,NP0440405,4,affected,population projections 2026,total,age_group_65_69,76
Gandaki,Tanahu,Aanbu Khaireni,NP04,NP0440,NP0440405,4,affected,population projections 2026,male,age_group_65_69,36
Gandaki,Tanahu,Aanbu Khaireni,NP04,NP0440,NP0440405,4,affected,population projections 2026,female,age_group_65_69,40
Gandaki,Tanahu,Aanbu Khaireni,NP04,NP0440,NP0440405,4,affected,population projections 2026,total,age_group_70_74,64
Gandaki,Tanahu,Aanbu Khaireni,NP04,NP0440,NP0440405,4,affected,population projections 2026,male,age_group_70_74,34
Gandaki,Tanahu,Aanbu Khaireni,NP04,NP0440,NP0440405,4,affected,population projections 2026,female,age_group_70_74,30
Gandaki,Tanahu,Aanbu Khaireni,NP04,NP0440,NP0440405,4,affected,population projections 2026,total,age_group_75_79,40
Gandaki,Tanahu,Aanbu Khaireni,NP04,NP0440,NP0440405,4,affected,population projections 2026,male,age_group_75_79,21
Gandaki,Tanahu,Aanbu Khaireni,NP04,NP0440,NP0440405,4,affected,population projections 2026,female,age_group_75_79,19
Gandaki,Tanahu,Aanbu Khaireni,NP04,NP0440,NP0440405,4,affected,population projections 2026,total,age_group_80_84,20
Gandaki,Tanahu,Aanbu Khaireni,NP04,NP0440,NP0440405,4,affected,population projections 2026,male,age_group_80_84,11
Gandaki,Tanahu,Aanbu Khaireni,NP04,NP0440,NP0440405,4,affected,population projections 2026,female,age_group_80_84,9
Gandaki,Tanahu,Aanbu Khaireni,NP04,NP0440,NP0440405,4,affected,population projections 2026,total,age_group_85_89,1
Gandaki,Tanahu,Aanbu Khaireni,NP04,NP0440,NP0440405,4,affected,population projections 2026,male,age_group_85_89,1
Gandaki,Tanahu,Aanbu Khaireni,NP04,NP0440,NP0440405,4,affected,population projections 2026,female,age_group_85_89,0
Gandaki,Tanahu,Aanbu Khaireni,NP04,NP0440,NP0440405,4,affected,population projections 2026,total,age_group_90_94,0
Gandaki,Tanahu,Aanbu Khaireni,NP04,NP0440,NP0440405,4,affected,population projections 2026,male,age_group_90_94,0
Gandaki,Tanahu,Aanbu Khaireni,NP04,NP0440,NP0440405,4,affected,population projections 2026,female,age_group_90_94,0
Gandaki,Tanahu,Aanbu Khaireni,NP04,NP0440,NP0440405,4,affected,population projections 2026,total,age_group_95plus,0
Gandaki,Tanahu,Aanbu Khaireni,NP04,NP0440,NP0440405,4,affected,population projections 2026,male,age_group_95plus,0
Gandaki,Tanahu,Aanbu Khaireni,NP04,NP0440,NP0440405,4,affected,population projections 2026,female,age_group_95plus,0
Gandaki,Tanahu,Aanbu Khaireni,NP04,NP0440,NP0440405,5,affected,population projections 2026,total,population_total,1402
Gandaki,Tanahu,Aanbu Khaireni,NP04,NP0440,NP0440405,5,affected,population projections 2026,male,population_overall_male,670
Gandaki,Tanahu,Aanbu Khaireni,NP04,NP0440,NP0440405,5,affected,population projections 2026,female,population_overall_female,732
Gandaki,Tanahu,Aanbu Khaireni,NP04,NP0440,NP0440405,5,affected,population projections 2026,total,age_group_0_4,80
Gandaki,Tanahu,Aanbu Khaireni,NP04,NP0440,NP0440405,5,affected,population projections 2026,male,age_group_0_4,45
Gandaki,Tanahu,Aanbu Khaireni,NP04,NP0440,NP0440405,5,affected,population projections 2026,female,age_group_0_4,35
Gandaki,Tanahu,Aanbu Khaireni,NP04,NP0440,NP0440405,5,affected,population projections 2026,total,age_group_5_9,133
Gandaki,Tanahu,Aanbu Khaireni,NP04,NP0440,NP0440405,5,affected,population projections 2026,male,age_group_5_9,70
Gandaki,Tanahu,Aanbu Khaireni,NP04,NP0440,NP0440405,5,affected,population projections 2026,female,age_group_5_9,63
Gandaki,Tanahu,Aanbu Khaireni,NP04,NP0440,NP0440405,5,affected,population projections 2026,total,age_group_10_14,108
Gandaki,Tanahu,Aanbu Khaireni,NP04,NP0440,NP0440405,5,affected,population projections 2026,male,age_group_10_14,52
Gandaki,Tanahu,Aanbu Khaireni,NP04,NP0440,NP0440405,5,affected,population projections 2026,female,age_group_10_14,56
Gandaki,Tanahu,Aanbu Khaireni,NP04,NP0440,NP0440405,5,affected,population projections 2026,total,age_group_15_19,114
Gandaki,Tanahu,Aanbu Khaireni,NP04,NP0440,NP0440405,5,affected,population projections 2026,male,age_group_15_19,57
Gandaki,Tanahu,Aanbu Khaireni,NP04,NP0440,NP0440405,5,affected,population projections 2026,female,age_group_15_19,57
Gandaki,Tanahu,Aanbu Khaireni,NP04,NP0440,NP0440405,5,affected,population projections 2026,total,age_group_20_24,100
Gandaki,Tanahu,Aanbu Khaireni,NP04,NP0440,NP0440405,5,affected,population projections 2026,male,age_group_20_24,40
Gandaki,Tanahu,Aanbu Khaireni,NP04,NP0440,NP0440405,5,affected,population projections 2026,female,age_group_20_24,60
Gandaki,Tanahu,Aanbu Khaireni,NP04,NP0440,NP0440405,5,affected,population projections 2026,total,age_group_25_29,115
Gandaki,Tanahu,Aanbu Khaireni,NP04,NP0440,NP0440405,5,affected,population projections 2026,male,age_group_25_29,51
Gandaki,Tanahu,Aanbu Khaireni,NP04,NP0440,NP0440405,5,affected,population projections 2026,female,age_group_25_29,64
Gandaki,Tanahu,Aanbu Khaireni,NP04,NP0440,NP0440405,5,affected,population projections 2026,total,age_group_30_34,94
Gandaki,Tanahu,Aanbu Khaireni,NP04,NP0440,NP0440405,5,affected,population projections 2026,male,age_group_30_34,47
Gandaki,Tanahu,Aanbu Khaireni,NP04,NP0440,NP0440405,5,affected,population projections 2026,female,age_group_30_34,47
Gandaki,Tanahu,Aanbu Khaireni,NP04,NP0440,NP0440405,5,affected,population projections 2026,total,age_group_35_39,68
Gandaki,Tanahu,Aanbu Khaireni,NP04,NP0440,NP0440405,5,affected,population projections 2026,male,age_group_35_39,32
Gandaki,Tanahu,Aanbu Khaireni,NP04,NP0440,NP0440405,5,affected,population projections 2026,female,age_group_35_39,36
Gandaki,Tanahu,Aanbu Khaireni,NP04,NP0440,NP0440405,5,affected,population projections 2026,total,age_group_40_44,71
Gandaki,Tanahu,Aanbu Khaireni,NP04,NP0440,NP0440405,5,affected,population projections 2026,male,age_group_40_44,27
Gandaki,Tanahu,Aanbu Khaireni,NP04,NP0440,NP0440405,5,affected,population projections 2026,female,age_group_40_44,44
Gandaki,Tanahu,Aanbu Khaireni,NP04,NP0440,NP0440405,5,affected,population projections 2026,total,age_group_45_49,73
Gandaki,Tanahu,Aanbu Khaireni,NP04,NP0440,NP0440405,5,affected,population projections 2026,male,age_group_45_49,31
Gandaki,Tanahu,Aanbu Khaireni,NP04,NP0440,NP0440405,5,affected,population projections 2026,female,age_group_45_49,42
Gandaki,Tanahu,Aanbu Khaireni,NP04,NP0440,NP0440405,5,affected,population projections 2026,total,age_group_50_54,85
Gandaki,Tanahu,Aanbu Khaireni,NP04,NP0440,NP0440405,5,affected,population projections 2026,male,age_group_50_54,46
Gandaki,Tanahu,Aanbu Khaireni,NP04,NP0440,NP0440405,5,affected,population projections 2026,female,age_group_50_54,39
Gandaki,Tanahu,Aanbu Khaireni,NP04,NP0440,NP0440405,5,affected,population projections 2026,total,age_group_55_59,95
Gandaki,Tanahu,Aanbu Khaireni,NP04,NP0440,NP0440405,5,affected,population projections 2026,male,age_group_55_59,49
Gandaki,Tanahu,Aanbu Khaireni,NP04,NP0440,NP0440405,5,affected,population projections 2026,female,age_group_55_59,46
Gandaki,Tanahu,Aanbu Khaireni,NP04,NP0440,NP0440405,5,affected,population projections 2026,total,age_group_60_64,79
Gandaki,Tanahu,Aanbu Khaireni,NP04,NP0440,NP0440405,5,affected,population projections 2026,male,age_group_60_64,34
Gandaki,Tanahu,Aanbu Khaireni,NP04,NP0440,NP0440405,5,affected,population projections 2026,female,age_group_60_64,45
Gandaki,Tanahu,Aanbu Khaireni,NP04,NP0440,NP0440405,5,affected,population projections 2026,total,age_group_65_69,67
Gandaki,Tanahu,Aanbu Khaireni,NP04,NP0440,NP0440405,5,affected,population projections 2026,male,age_group_65_69,36
Gandaki,Tanahu,Aanbu Khaireni,NP04,NP0440,NP0440405,5,affected,population projections 2026,female,age_group_65_69,31
Gandaki,Tanahu,Aanbu Khaireni,NP04,NP0440,NP0440405,5,affected,population projections 2026,total,age_group_70_74,56
Gandaki,Tanahu,Aanbu Khaireni,NP04,NP0440,NP0440405,5,affected,population projections 2026,male,age_group_70_74,23
Gandaki,Tanahu,Aanbu Khaireni,NP04,NP0440,NP0440405,5,affected,population projections 2026,female,age_group_70_74,33
Gandaki,Tanahu,Aanbu Khaireni,NP04,NP0440,NP0440405,5,affected,population projections 2026,total,age_group_75_79,37
Gandaki,Tanahu,Aanbu Khaireni,NP04,NP0440,NP0440405,5,affected,population projections 2026,male,age_group_75_79,16
Gandaki,Tanahu,Aanbu Khaireni,NP04,NP0440,NP0440405,5,affected,population projections 2026,female,age_group_75_79,21
Gandaki,Tanahu,Aanbu Khaireni,NP04,NP0440,NP0440405,5,affected,population projections 2026,total,age_group_80_84,11
Gandaki,Tanahu,Aanbu Khaireni,NP04,NP0440,NP0440405,5,affected,population projections 2026,male,age_group_80_84,6
Gandaki,Tanahu,Aanbu Khaireni,NP04,NP0440,NP0440405,5,affected,population projections 2026,female,age_group_80_84,5
Gandaki,Tanahu,Aanbu Khaireni,NP04,NP0440,NP0440405,5,affected,population projections 2026,total,age_group_85_89,10
Gandaki,Tanahu,Aanbu Khaireni,NP04,NP0440,NP0440405,5,affected,population projections 2026,male,age_group_85_89,5
Gandaki,Tanahu,Aanbu Khaireni,NP04,NP0440,NP0440405,5,affected,population projections 2026,female,age_group_85_89,5
Gandaki,Tanahu,Aanbu Khaireni,NP04,NP0440,NP0440405,5,affected,population projections 2026,total,age_group_90_94,6
Gandaki,Tanahu,Aanbu Khaireni,NP04,NP0440,NP0440405,5,affected,population projections 2026,male,age_group_90_94,3
Gandaki,Tanahu,Aanbu Khaireni,NP04,NP0440,NP0440405,5,affected,population projections 2026,female,age_group_90_94,3
Gandaki,Tanahu,Aanbu Khaireni,NP04,NP0440,NP0440405,5,affected,population projections 2026,total,age_group_95plus,0
Gandaki,Tanahu,Aanbu Khaireni,NP04,NP0440,NP0440405,5,affected,population projections 2026,male,age_group_95plus,0
Gandaki,Tanahu,Aanbu Khaireni,NP04,NP0440,NP0440405,5,affected,population projections 2026,female,age_group_95plus,0
Gandaki,Tanahu,Aanbu Khaireni,NP04,NP0440,NP0440405,6,NA,population projections 2026,total,population_total,1519
Gandaki,Tanahu,Aanbu Khaireni,NP04,NP0440,NP0440405,6,NA,population projections 2026,male,population_overall_male,689
Gandaki,Tanahu,Aanbu Khaireni,NP04,NP0440,NP0440405,6,NA,population projections 2026,female,population_overall_female,830
Gandaki,Tanahu,Aanbu Khaireni,NP04,NP0440,NP0440405,6,NA,population projections 2026,total,age_group_0_4,85
Gandaki,Tanahu,Aanbu Khaireni,NP04,NP0440,NP0440405,6,NA,population projections 2026,male,age_group_0_4,45
Gandaki,Tanahu,Aanbu Khaireni,NP04,NP0440,NP0440405,6,NA,population projections 2026,female,age_group_0_4,40
Gandaki,Tanahu,Aanbu Khaireni,NP04,NP0440,NP0440405,6,NA,population projections 2026,total,age_group_5_9,116
Gandaki,Tanahu,Aanbu Khaireni,NP04,NP0440,NP0440405,6,NA,population projections 2026,male,age_group_5_9,57
Gandaki,Tanahu,Aanbu Khaireni,NP04,NP0440,NP0440405,6,NA,population projections 2026,female,age_group_5_9,59
Gandaki,Tanahu,Aanbu Khaireni,NP04,NP0440,NP0440405,6,NA,population projections 2026,total,age_group_10_14,108
Gandaki,Tanahu,Aanbu Khaireni,NP04,NP0440,NP0440405,6,NA,population projections 2026,male,age_group_10_14,53
Gandaki,Tanahu,Aanbu Khaireni,NP04,NP0440,NP0440405,6,NA,population projections 2026,female,age_group_10_14,55
Gandaki,Tanahu,Aanbu Khaireni,NP04,NP0440,NP0440405,6,NA,population projections 2026,total,age_group_15_19,146
Gandaki,Tanahu,Aanbu Khaireni,NP04,NP0440,NP0440405,6,NA,population projections 2026,male,age_group_15_19,73
Gandaki,Tanahu,Aanbu Khaireni,NP04,NP0440,NP0440405,6,NA,population projections 2026,female,age_group_15_19,73
Gandaki,Tanahu,Aanbu Khaireni,NP04,NP0440,NP0440405,6,NA,population projections 2026,total,age_group_20_24,118
Gandaki,Tanahu,Aanbu Khaireni,NP04,NP0440,NP0440405,6,NA,population projections 2026,male,age_group_20_24,46
Gandaki,Tanahu,Aanbu Khaireni,NP04,NP0440,NP0440405,6,NA,population projections 2026,female,age_group_20_24,72
Gandaki,Tanahu,Aanbu Khaireni,NP04,NP0440,NP0440405,6,NA,population projections 2026,total,age_group_25_29,88
Gandaki,Tanahu,Aanbu Khaireni,NP04,NP0440,NP0440405,6,NA,population projections 2026,male,age_group_25_29,31
Gandaki,Tanahu,Aanbu Khaireni,NP04,NP0440,NP0440405,6,NA,population projections 2026,female,age_group_25_29,57
Gandaki,Tanahu,Aanbu Khaireni,NP04,NP0440,NP0440405,6,NA,population projections 2026,total,age_group_30_34,87
Gandaki,Tanahu,Aanbu Khaireni,NP04,NP0440,NP0440405,6,NA,population projections 2026,male,age_group_30_34,39
Gandaki,Tanahu,Aanbu Khaireni,NP04,NP0440,NP0440405,6,NA,population projections 2026,female,age_group_30_34,48
Gandaki,Tanahu,Aanbu Khaireni,NP04,NP0440,NP0440405,6,NA,population projections 2026,total,age_group_35_39,88
Gandaki,Tanahu,Aanbu Khaireni,NP04,NP0440,NP0440405,6,NA,population projections 2026,male,age_group_35_39,38
Gandaki,Tanahu,Aanbu Khaireni,NP04,NP0440,NP0440405,6,NA,population projections 2026,female,age_group_35_39,50
Gandaki,Tanahu,Aanbu Khaireni,NP04,NP0440,NP0440405,6,NA,population projections 2026,total,age_group_40_44,80
Gandaki,Tanahu,Aanbu Khaireni,NP04,NP0440,NP0440405,6,NA,population projections 2026,male,age_group_40_44,37
Gandaki,Tanahu,Aanbu Khaireni,NP04,NP0440,NP0440405,6,NA,population projections 2026,female,age_group_40_44,43
Gandaki,Tanahu,Aanbu Khaireni,NP04,NP0440,NP0440405,6,NA,population projections 2026,total,age_group_45_49,81
Gandaki,Tanahu,Aanbu Khaireni,NP04,NP0440,NP0440405,6,NA,population projections 2026,male,age_group_45_49,35
Gandaki,Tanahu,Aanbu Khaireni,NP04,NP0440,NP0440405,6,NA,population projections 2026,female,age_group_45_49,46
Gandaki,Tanahu,Aanbu Khaireni,NP04,NP0440,NP0440405,6,NA,population projections 2026,total,age_group_50_54,102
Gandaki,Tanahu,Aanbu Khaireni,NP04,NP0440,NP0440405,6,NA,population projections 2026,male,age_group_50_54,44
Gandaki,Tanahu,Aanbu Khaireni,NP04,NP0440,NP0440405,6,NA,population projections 2026,female,age_group_50_54,58
Gandaki,Tanahu,Aanbu Khaireni,NP04,NP0440,NP0440405,6,NA,population projections 2026,total,age_group_55_59,115
Gandaki,Tanahu,Aanbu Khaireni,NP04,NP0440,NP0440405,6,NA,population projections 2026,male,age_group_55_59,54
Gandaki,Tanahu,Aanbu Khaireni,NP04,NP0440,NP0440405,6,NA,population projections 2026,female,age_group_55_59,61
Gandaki,Tanahu,Aanbu Khaireni,NP04,NP0440,NP0440405,6,NA,population projections 2026,total,age_group_60_64,98
Gandaki,Tanahu,Aanbu Khaireni,NP04,NP0440,NP0440405,6,NA,population projections 2026,male,age_group_60_64,43
Gandaki,Tanahu,Aanbu Khaireni,NP04,NP0440,NP0440405,6,NA,population projections 2026,female,age_group_60_64,55
Gandaki,Tanahu,Aanbu Khaireni,NP04,NP0440,NP0440405,6,NA,population projections 2026,total,age_group_65_69,77
Gandaki,Tanahu,Aanbu Khaireni,NP04,NP0440,NP0440405,6,NA,population projections 2026,male,age_group_65_69,38
Gandaki,Tanahu,Aanbu Khaireni,NP04,NP0440,NP0440405,6,NA,population projections 2026,female,age_group_65_69,39
Gandaki,Tanahu,Aanbu Khaireni,NP04,NP0440,NP0440405,6,NA,population projections 2026,total,age_group_70_74,57
Gandaki,Tanahu,Aanbu Khaireni,NP04,NP0440,NP0440405,6,NA,population projections 2026,male,age_group_70_74,29
Gandaki,Tanahu,Aanbu Khaireni,NP04,NP0440,NP0440405,6,NA,population projections 2026,female,age_group_70_74,28
Gandaki,Tanahu,Aanbu Khaireni,NP04,NP0440,NP0440405,6,NA,population projections 2026,total,age_group_75_79,40
Gandaki,Tanahu,Aanbu Khaireni,NP04,NP0440,NP0440405,6,NA,population projections 2026,male,age_group_75_79,16
Gandaki,Tanahu,Aanbu Khaireni,NP04,NP0440,NP0440405,6,NA,population projections 2026,female,age_group_75_79,24
Gandaki,Tanahu,Aanbu Khaireni,NP04,NP0440,NP0440405,6,NA,population projections 2026,total,age_group_80_84,21
Gandaki,Tanahu,Aanbu Khaireni,NP04,NP0440,NP0440405,6,NA,population projections 2026,male,age_group_80_84,8
Gandaki,Tanahu,Aanbu Khaireni,NP04,NP0440,NP0440405,6,NA,population projections 2026,female,age_group_80_84,13
Gandaki,Tanahu,Aanbu Khaireni,NP04,NP0440,NP0440405,6,NA,population projections 2026,total,age_group_85_89,9
Gandaki,Tanahu,Aanbu Khaireni,NP04,NP0440,NP0440405,6,NA,population projections 2026,male,age_group_85_89,3
Gandaki,Tanahu,Aanbu Khaireni,NP04,NP0440,NP0440405,6,NA,population projections 2026,female,age_group_85_89,6
Gandaki,Tanahu,Aanbu Khaireni,NP04,NP0440,NP0440405,6,NA,population projections 2026,total,age_group_90_94,3
Gandaki,Tanahu,Aanbu Khaireni,NP04,NP0440,NP0440405,6,NA,population projections 2026,male,age_group_90_94,0
Gandaki,Tanahu,Aanbu Khaireni,NP04,NP0440,NP0440405,6,NA,population projections 2026,female,age_group_90_94,3
Gandaki,Tanahu,Aanbu Khaireni,NP04,NP0440,NP0440405,6,NA,population projections 2026,total,age_group_95plus,0
Gandaki,Tanahu,Aanbu Khaireni,NP04,NP0440,NP0440405,6,NA,population projections 2026,male,age_group_95plus,0
Gandaki,Tanahu,Aanbu Khaireni,NP04,NP0440,NP0440405,6,NA,population projections 2026,female,age_group_95plus,0
Gandaki,Gorkha,Shahid Lakhan,NP04,NP0436,NP0436408,1,NA,population projections 2026,total,population_total,1859
Gandaki,Gorkha,Shahid Lakhan,NP04,NP0436,NP0436408,1,NA,population projections 2026,male,population_overall_male,841
Gandaki,Gorkha,Shahid Lakhan,NP04,NP0436,NP0436408,1,NA,population projections 2026,female,population_overall_female,1018
Gandaki,Gorkha,Shahid Lakhan,NP04,NP0436,NP0436408,1,NA,population projections 2026,total,age_group_0_4,106
Gandaki,Gorkha,Shahid Lakhan,NP04,NP0436,NP0436408,1,NA,population projections 2026,male,age_group_0_4,57
Gandaki,Gorkha,Shahid Lakhan,NP04,NP0436,NP0436408,1,NA,population projections 2026,female,age_group_0_4,49
Gandaki,Gorkha,Shahid Lakhan,NP04,NP0436,NP0436408,1,NA,population projections 2026,total,age_group_5_9,110
Gandaki,Gorkha,Shahid Lakhan,NP04,NP0436,NP0436408,1,NA,population projections 2026,male,age_group_5_9,55
Gandaki,Gorkha,Shahid Lakhan,NP04,NP0436,NP0436408,1,NA,population projections 2026,female,age_group_5_9,55
Gandaki,Gorkha,Shahid Lakhan,NP04,NP0436,NP0436408,1,NA,population projections 2026,total,age_group_10_14,97
Gandaki,Gorkha,Shahid Lakhan,NP04,NP0436,NP0436408,1,NA,population projections 2026,male,age_group_10_14,52
Gandaki,Gorkha,Shahid Lakhan,NP04,NP0436,NP0436408,1,NA,population projections 2026,female,age_group_10_14,45
Gandaki,Gorkha,Shahid Lakhan,NP04,NP0436,NP0436408,1,NA,population projections 2026,total,age_group_15_19,106
Gandaki,Gorkha,Shahid Lakhan,NP04,NP0436,NP0436408,1,NA,population projections 2026,male,age_group_15_19,61
Gandaki,Gorkha,Shahid Lakhan,NP04,NP0436,NP0436408,1,NA,population projections 2026,female,age_group_15_19,45
Gandaki,Gorkha,Shahid Lakhan,NP04,NP0436,NP0436408,1,NA,population projections 2026,total,age_group_20_24,95
Gandaki,Gorkha,Shahid Lakhan,NP04,NP0436,NP0436408,1,NA,population projections 2026,male,age_group_20_24,39
Gandaki,Gorkha,Shahid Lakhan,NP04,NP0436,NP0436408,1,NA,population projections 2026,female,age_group_20_24,56
Gandaki,Gorkha,Shahid Lakhan,NP04,NP0436,NP0436408,1,NA,population projections 2026,total,age_group_25_29,107
Gandaki,Gorkha,Shahid Lakhan,NP04,NP0436,NP0436408,1,NA,population projections 2026,male,age_group_25_29,34
Gandaki,Gorkha,Shahid Lakhan,NP04,NP0436,NP0436408,1,NA,population projections 2026,female,age_group_25_29,73
Gandaki,Gorkha,Shahid Lakhan,NP04,NP0436,NP0436408,1,NA,population projections 2026,total,age_group_30_34,92
Gandaki,Gorkha,Shahid Lakhan,NP04,NP0436,NP0436408,1,NA,population projections 2026,male,age_group_30_34,37
Gandaki,Gorkha,Shahid Lakhan,NP04,NP0436,NP0436408,1,NA,population projections 2026,female,age_group_30_34,55
Gandaki,Gorkha,Shahid Lakhan,NP04,NP0436,NP0436408,1,NA,population projections 2026,total,age_group_35_39,80
Gandaki,Gorkha,Shahid Lakhan,NP04,NP0436,NP0436408,1,NA,population projections 2026,male,age_group_35_39,29
Gandaki,Gorkha,Shahid Lakhan,NP04,NP0436,NP0436408,1,NA,population projections 2026,female,age_group_35_39,51
Gandaki,Gorkha,Shahid Lakhan,NP04,NP0436,NP0436408,1,NA,population projections 2026,total,age_group_40_44,97
Gandaki,Gorkha,Shahid Lakhan,NP04,NP0436,NP0436408,1,NA,population projections 2026,male,age_group_40_44,40
Gandaki,Gorkha,Shahid Lakhan,NP04,NP0436,NP0436408,1,NA,population projections 2026,female,age_group_40_44,57
Gandaki,Gorkha,Shahid Lakhan,NP04,NP0436,NP0436408,1,NA,population projections 2026,total,age_group_45_49,111
Gandaki,Gorkha,Shahid Lakhan,NP04,NP0436,NP0436408,1,NA,population projections 2026,male,age_group_45_49,47
Gandaki,Gorkha,Shahid Lakhan,NP04,NP0436,NP0436408,1,NA,population projections 2026,female,age_group_45_49,64
Gandaki,Gorkha,Shahid Lakhan,NP04,NP0436,NP0436408,1,NA,population projections 2026,total,age_group_50_54,136
Gandaki,Gorkha,Shahid Lakhan,NP04,NP0436,NP0436408,1,NA,population projections 2026,male,age_group_50_54,62
Gandaki,Gorkha,Shahid Lakhan,NP04,NP0436,NP0436408,1,NA,population projections 2026,female,age_group_50_54,74
Gandaki,Gorkha,Shahid Lakhan,NP04,NP0436,NP0436408,1,NA,population projections 2026,total,age_group_55_59,161
Gandaki,Gorkha,Shahid Lakhan,NP04,NP0436,NP0436408,1,NA,population projections 2026,male,age_group_55_59,68
Gandaki,Gorkha,Shahid Lakhan,NP04,NP0436,NP0436408,1,NA,population projections 2026,female,age_group_55_59,93
Gandaki,Gorkha,Shahid Lakhan,NP04,NP0436,NP0436408,1,NA,population projections 2026,total,age_group_60_64,157
Gandaki,Gorkha,Shahid Lakhan,NP04,NP0436,NP0436408,1,NA,population projections 2026,male,age_group_60_64,68
Gandaki,Gorkha,Shahid Lakhan,NP04,NP0436,NP0436408,1,NA,population projections 2026,female,age_group_60_64,89
Gandaki,Gorkha,Shahid Lakhan,NP04,NP0436,NP0436408,1,NA,population projections 2026,total,age_group_65_69,139
Gandaki,Gorkha,Shahid Lakhan,NP04,NP0436,NP0436408,1,NA,population projections 2026,male,age_group_65_69,66
Gandaki,Gorkha,Shahid Lakhan,NP04,NP0436,NP0436408,1,NA,population projections 2026,female,age_group_65_69,73
Gandaki,Gorkha,Shahid Lakhan,NP04,NP0436,NP0436408,1,NA,population projections 2026,total,age_group_70_74,121
Gandaki,Gorkha,Shahid Lakhan,NP04,NP0436,NP0436408,1,NA,population projections 2026,male,age_group_70_74,57
Gandaki,Gorkha,Shahid Lakhan,NP04,NP0436,NP0436408,1,NA,population projections 2026,female,age_group_70_74,64
Gandaki,Gorkha,Shahid Lakhan,NP04,NP0436,NP0436408,1,NA,population projections 2026,total,age_group_75_79,77
Gandaki,Gorkha,Shahid Lakhan,NP04,NP0436,NP0436408,1,NA,population projections 2026,male,age_group_75_79,39
Gandaki,Gorkha,Shahid Lakhan,NP04,NP0436,NP0436408,1,NA,population projections 2026,female,age_group_75_79,38
Gandaki,Gorkha,Shahid Lakhan,NP04,NP0436,NP0436408,1,NA,population projections 2026,total,age_group_80_84,43
Gandaki,Gorkha,Shahid Lakhan,NP04,NP0436,NP0436408,1,NA,population projections 2026,male,age_group_80_84,20
Gandaki,Gorkha,Shahid Lakhan,NP04,NP0436,NP0436408,1,NA,population projections 2026,female,age_group_80_84,23
Gandaki,Gorkha,Shahid Lakhan,NP04,NP0436,NP0436408,1,NA,population projections 2026,total,age_group_85_89,15
Gandaki,Gorkha,Shahid Lakhan,NP04,NP0436,NP0436408,1,NA,population projections 2026,male,age_group_85_89,7
Gandaki,Gorkha,Shahid Lakhan,NP04,NP0436,NP0436408,1,NA,population projections 2026,female,age_group_85_89,8
Gandaki,Gorkha,Shahid Lakhan,NP04,NP0436,NP0436408,1,NA,population projections 2026,total,age_group_90_94,8
Gandaki,Gorkha,Shahid Lakhan,NP04,NP0436,NP0436408,1,NA,population projections 2026,male,age_group_90_94,3
Gandaki,Gorkha,Shahid Lakhan,NP04,NP0436,NP0436408,1,NA,population projections 2026,female,age_group_90_94,5
Gandaki,Gorkha,Shahid Lakhan,NP04,NP0436,NP0436408,1,NA,population projections 2026,total,age_group_95plus,1
Gandaki,Gorkha,Shahid Lakhan,NP04,NP0436,NP0436408,1,NA,population projections 2026,male,age_group_95plus,0
Gandaki,Gorkha,Shahid Lakhan,NP04,NP0436,NP0436408,1,NA,population projections 2026,female,age_group_95plus,1
Gandaki,Gorkha,Shahid Lakhan,NP04,NP0436,NP0436408,2,affected,population projections 2026,total,population_total,2330
Gandaki,Gorkha,Shahid Lakhan,NP04,NP0436,NP0436408,2,affected,population projections 2026,male,population_overall_male,1047
Gandaki,Gorkha,Shahid Lakhan,NP04,NP0436,NP0436408,2,affected,population projections 2026,female,population_overall_female,1283
Gandaki,Gorkha,Shahid Lakhan,NP04,NP0436,NP0436408,2,affected,population projections 2026,total,age_group_0_4,176
Gandaki,Gorkha,Shahid Lakhan,NP04,NP0436,NP0436408,2,affected,population projections 2026,male,age_group_0_4,93
Gandaki,Gorkha,Shahid Lakhan,NP04,NP0436,NP0436408,2,affected,population projections 2026,female,age_group_0_4,83
Gandaki,Gorkha,Shahid Lakhan,NP04,NP0436,NP0436408,2,affected,population projections 2026,total,age_group_5_9,163
Gandaki,Gorkha,Shahid Lakhan,NP04,NP0436,NP0436408,2,affected,population projections 2026,male,age_group_5_9,91
Gandaki,Gorkha,Shahid Lakhan,NP04,NP0436,NP0436408,2,affected,population projections 2026,female,age_group_5_9,72
Gandaki,Gorkha,Shahid Lakhan,NP04,NP0436,NP0436408,2,affected,population projections 2026,total,age_group_10_14,175
Gandaki,Gorkha,Shahid Lakhan,NP04,NP0436,NP0436408,2,affected,population projections 2026,male,age_group_10_14,88
Gandaki,Gorkha,Shahid Lakhan,NP04,NP0436,NP0436408,2,affected,population projections 2026,female,age_group_10_14,87
Gandaki,Gorkha,Shahid Lakhan,NP04,NP0436,NP0436408,2,affected,population projections 2026,total,age_group_15_19,153
Gandaki,Gorkha,Shahid Lakhan,NP04,NP0436,NP0436408,2,affected,population projections 2026,male,age_group_15_19,70
Gandaki,Gorkha,Shahid Lakhan,NP04,NP0436,NP0436408,2,affected,population projections 2026,female,age_group_15_19,83
Gandaki,Gorkha,Shahid Lakhan,NP04,NP0436,NP0436408,2,affected,population projections 2026,total,age_group_20_24,150
Gandaki,Gorkha,Shahid Lakhan,NP04,NP0436,NP0436408,2,affected,population projections 2026,male,age_group_20_24,60
Gandaki,Gorkha,Shahid Lakhan,NP04,NP0436,NP0436408,2,affected,population projections 2026,female,age_group_20_24,90
Gandaki,Gorkha,Shahid Lakhan,NP04,NP0436,NP0436408,2,affected,population projections 2026,total,age_group_25_29,168
Gandaki,Gorkha,Shahid Lakhan,NP04,NP0436,NP0436408,2,affected,population projections 2026,male,age_group_25_29,58
Gandaki,Gorkha,Shahid Lakhan,NP04,NP0436,NP0436408,2,affected,population projections 2026,female,age_group_25_29,110
Gandaki,Gorkha,Shahid Lakhan,NP04,NP0436,NP0436408,2,affected,population projections 2026,total,age_group_30_34,170
Gandaki,Gorkha,Shahid Lakhan,NP04,NP0436,NP0436408,2,affected,population projections 2026,male,age_group_30_34,56
Gandaki,Gorkha,Shahid Lakhan,NP04,NP0436,NP0436408,2,affected,population projections 2026,female,age_group_30_34,114
Gandaki,Gorkha,Shahid Lakhan,NP04,NP0436,NP0436408,2,affected,population projections 2026,total,age_group_35_39,163
Gandaki,Gorkha,Shahid Lakhan,NP04,NP0436,NP0436408,2,affected,population projections 2026,male,age_group_35_39,68
Gandaki,Gorkha,Shahid Lakhan,NP04,NP0436,NP0436408,2,affected,population projections 2026,female,age_group_35_39,95
Gandaki,Gorkha,Shahid Lakhan,NP04,NP0436,NP0436408,2,affected,population projections 2026,total,age_group_40_44,157
Gandaki,Gorkha,Shahid Lakhan,NP04,NP0436,NP0436408,2,affected,population projections 2026,male,age_group_40_44,62
Gandaki,Gorkha,Shahid Lakhan,NP04,NP0436,NP0436408,2,affected,population projections 2026,female,age_group_40_44,95
Gandaki,Gorkha,Shahid Lakhan,NP04,NP0436,NP0436408,2,affected,population projections 2026,total,age_group_45_49,148
Gandaki,Gorkha,Shahid Lakhan,NP04,NP0436,NP0436408,2,affected,population projections 2026,male,age_group_45_49,67
Gandaki,Gorkha,Shahid Lakhan,NP04,NP0436,NP0436408,2,affected,population projections 2026,female,age_group_45_49,81
Gandaki,Gorkha,Shahid Lakhan,NP04,NP0436,NP0436408,2,affected,population projections 2026,total,age_group_50_54,137
Gandaki,Gorkha,Shahid Lakhan,NP04,NP0436,NP0436408,2,affected,population projections 2026,male,age_group_50_54,64
Gandaki,Gorkha,Shahid Lakhan,NP04,NP0436,NP0436408,2,affected,population projections 2026,female,age_group_50_54,73
Gandaki,Gorkha,Shahid Lakhan,NP04,NP0436,NP0436408,2,affected,population projections 2026,total,age_group_55_59,154
Gandaki,Gorkha,Shahid Lakhan,NP04,NP0436,NP0436408,2,affected,population projections 2026,male,age_group_55_59,72
Gandaki,Gorkha,Shahid Lakhan,NP04,NP0436,NP0436408,2,affected,population projections 2026,female,age_group_55_59,82
Gandaki,Gorkha,Shahid Lakhan,NP04,NP0436,NP0436408,2,affected,population projections 2026,total,age_group_60_64,126
Gandaki,Gorkha,Shahid Lakhan,NP04,NP0436,NP0436408,2,affected,population projections 2026,male,age_group_60_64,64
Gandaki,Gorkha,Shahid Lakhan,NP04,NP0436,NP0436408,2,affected,population projections 2026,female,age_group_60_64,62
Gandaki,Gorkha,Shahid Lakhan,NP04,NP0436,NP0436408,2,affected,population projections 2026,total,age_group_65_69,108
Gandaki,Gorkha,Shahid Lakhan,NP04,NP0436,NP0436408,2,affected,population projections 2026,male,age_group_65_69,51
Gandaki,Gorkha,Shahid Lakhan,NP04,NP0436,NP0436408,2,affected,population projections 2026,female,age_group_65_69,57
Gandaki,Gorkha,Shahid Lakhan,NP04,NP0436,NP0436408,2,affected,population projections 2026,total,age_group_70_74,72
Gandaki,Gorkha,Shahid Lakhan,NP04,NP0436,NP0436408,2,affected,population projections 2026,male,age_group_70_74,38
Gandaki,Gorkha,Shahid Lakhan,NP04,NP0436,NP0436408,2,affected,population projections 2026,female,age_group_70_74,34
Gandaki,Gorkha,Shahid Lakhan,NP04,NP0436,NP0436408,2,affected,population projections 2026,total,age_group_75_79,58
Gandaki,Gorkha,Shahid Lakhan,NP04,NP0436,NP0436408,2,affected,population projections 2026,male,age_group_75_79,24
Gandaki,Gorkha,Shahid Lakhan,NP04,NP0436,NP0436408,2,affected,population projections 2026,female,age_group_75_79,34
Gandaki,Gorkha,Shahid Lakhan,NP04,NP0436,NP0436408,2,affected,population projections 2026,total,age_group_80_84,29
Gandaki,Gorkha,Shahid Lakhan,NP04,NP0436,NP0436408,2,affected,population projections 2026,male,age_group_80_84,12
Gandaki,Gorkha,Shahid Lakhan,NP04,NP0436,NP0436408,2,affected,population projections 2026,female,age_group_80_84,17
Gandaki,Gorkha,Shahid Lakhan,NP04,NP0436,NP0436408,2,affected,population projections 2026,total,age_group_85_89,14
Gandaki,Gorkha,Shahid Lakhan,NP04,NP0436,NP0436408,2,affected,population projections 2026,male,age_group_85_89,7
Gandaki,Gorkha,Shahid Lakhan,NP04,NP0436,NP0436408,2,affected,population projections 2026,female,age_group_85_89,7
Gandaki,Gorkha,Shahid Lakhan,NP04,NP0436,NP0436408,2,affected,population projections 2026,total,age_group_90_94,8
Gandaki,Gorkha,Shahid Lakhan,NP04,NP0436,NP0436408,2,affected,population projections 2026,male,age_group_90_94,2
Gandaki,Gorkha,Shahid Lakhan,NP04,NP0436,NP0436408,2,affected,population projections 2026,female,age_group_90_94,6
Gandaki,Gorkha,Shahid Lakhan,NP04,NP0436,NP0436408,2,affected,population projections 2026,total,age_group_95plus,1
Gandaki,Gorkha,Shahid Lakhan,NP04,NP0436,NP0436408,2,affected,population projections 2026,male,age_group_95plus,0
Gandaki,Gorkha,Shahid Lakhan,NP04,NP0436,NP0436408,2,affected,population projections 2026,female,age_group_95plus,1
Gandaki,Gorkha,Shahid Lakhan,NP04,NP0436,NP0436408,3,affected,population projections 2026,total,population_total,2996
Gandaki,Gorkha,Shahid Lakhan,NP04,NP0436,NP0436408,3,affected,population projections 2026,male,population_overall_male,1372
Gandaki,Gorkha,Shahid Lakhan,NP04,NP0436,NP0436408,3,affected,population projections 2026,female,population_overall_female,1624
Gandaki,Gorkha,Shahid Lakhan,NP04,NP0436,NP0436408,3,affected,population projections 2026,total,age_group_0_4,205
Gandaki,Gorkha,Shahid Lakhan,NP04,NP0436,NP0436408,3,affected,population projections 2026,male,age_group_0_4,109
Gandaki,Gorkha,Shahid Lakhan,NP04,NP0436,NP0436408,3,affected,population projections 2026,female,age_group_0_4,96
Gandaki,Gorkha,Shahid Lakhan,NP04,NP0436,NP0436408,3,affected,population projections 2026,total,age_group_5_9,218
Gandaki,Gorkha,Shahid Lakhan,NP04,NP0436,NP0436408,3,affected,population projections 2026,male,age_group_5_9,119
Gandaki,Gorkha,Shahid Lakhan,NP04,NP0436,NP0436408,3,affected,population projections 2026,female,age_group_5_9,99
Gandaki,Gorkha,Shahid Lakhan,NP04,NP0436,NP0436408,3,affected,population projections 2026,total,age_group_10_14,246
Gandaki,Gorkha,Shahid Lakhan,NP04,NP0436,NP0436408,3,affected,population projections 2026,male,age_group_10_14,117
Gandaki,Gorkha,Shahid Lakhan,NP04,NP0436,NP0436408,3,affected,population projections 2026,female,age_group_10_14,129
Gandaki,Gorkha,Shahid Lakhan,NP04,NP0436,NP0436408,3,affected,population projections 2026,total,age_group_15_19,203
Gandaki,Gorkha,Shahid Lakhan,NP04,NP0436,NP0436408,3,affected,population projections 2026,male,age_group_15_19,86
Gandaki,Gorkha,Shahid Lakhan,NP04,NP0436,NP0436408,3,affected,population projections 2026,female,age_group_15_19,117
Gandaki,Gorkha,Shahid Lakhan,NP04,NP0436,NP0436408,3,affected,population projections 2026,total,age_group_20_24,178
Gandaki,Gorkha,Shahid Lakhan,NP04,NP0436,NP0436408,3,affected,population projections 2026,male,age_group_20_24,81
Gandaki,Gorkha,Shahid Lakhan,NP04,NP0436,NP0436408,3,affected,population projections 2026,female,age_group_20_24,97
Gandaki,Gorkha,Shahid Lakhan,NP04,NP0436,NP0436408,3,affected,population projections 2026,total,age_group_25_29,213
Gandaki,Gorkha,Shahid Lakhan,NP04,NP0436,NP0436408,3,affected,population projections 2026,male,age_group_25_29,83
Gandaki,Gorkha,Shahid Lakhan,NP04,NP0436,NP0436408,3,affected,population projections 2026,female,age_group_25_29,130
Gandaki,Gorkha,Shahid Lakhan,NP04,NP0436,NP0436408,3,affected,population projections 2026,total,age_group_30_34,212
Gandaki,Gorkha,Shahid Lakhan,NP04,NP0436,NP0436408,3,affected,population projections 2026,male,age_group_30_34,82
Gandaki,Gorkha,Shahid Lakhan,NP04,NP0436,NP0436408,3,affected,population projections 2026,female,age_group_30_34,130
Gandaki,Gorkha,Shahid Lakhan,NP04,NP0436,NP0436408,3,affected,population projections 2026,total,age_group_35_39,220
Gandaki,Gorkha,Shahid Lakhan,NP04,NP0436,NP0436408,3,affected,population projections 2026,male,age_group_35_39,83
Gandaki,Gorkha,Shahid Lakhan,NP04,NP0436,NP0436408,3,affected,population projections 2026,female,age_group_35_39,137
Gandaki,Gorkha,Shahid Lakhan,NP04,NP0436,NP0436408,3,affected,population projections 2026,total,age_group_40_44,211
Gandaki,Gorkha,Shahid Lakhan,NP04,NP0436,NP0436408,3,affected,population projections 2026,male,age_group_40_44,92
Gandaki,Gorkha,Shahid Lakhan,NP04,NP0436,NP0436408,3,affected,population projections 2026,female,age_group_40_44,119
Gandaki,Gorkha,Shahid Lakhan,NP04,NP0436,NP0436408,3,affected,population projections 2026,total,age_group_45_49,181
Gandaki,Gorkha,Shahid Lakhan,NP04,NP0436,NP0436408,3,affected,population projections 2026,male,age_group_45_49,82
Gandaki,Gorkha,Shahid Lakhan,NP04,NP0436,NP0436408,3,affected,population projections 2026,female,age_group_45_49,99
Gandaki,Gorkha,Shahid Lakhan,NP04,NP0436,NP0436408,3,affected,population projections 2026,total,age_group_50_54,156
Gandaki,Gorkha,Shahid Lakhan,NP04,NP0436,NP0436408,3,affected,population projections 2026,male,age_group_50_54,74
Gandaki,Gorkha,Shahid Lakhan,NP04,NP0436,NP0436408,3,affected,population projections 2026,female,age_group_50_54,82
Gandaki,Gorkha,Shahid Lakhan,NP04,NP0436,NP0436408,3,affected,population projections 2026,total,age_group_55_59,178
Gandaki,Gorkha,Shahid Lakhan,NP04,NP0436,NP0436408,3,affected,population projections 2026,male,age_group_55_59,93
Gandaki,Gorkha,Shahid Lakhan,NP04,NP0436,NP0436408,3,affected,population projections 2026,female,age_group_55_59,85
Gandaki,Gorkha,Shahid Lakhan,NP04,NP0436,NP0436408,3,affected,population projections 2026,total,age_group_60_64,170
Gandaki,Gorkha,Shahid Lakhan,NP04,NP0436,NP0436408,3,affected,population projections 2026,male,age_group_60_64,81
Gandaki,Gorkha,Shahid Lakhan,NP04,NP0436,NP0436408,3,affected,population projections 2026,female,age_group_60_64,89
Gandaki,Gorkha,Shahid Lakhan,NP04,NP0436,NP0436408,3,affected,population projections 2026,total,age_group_65_69,145
Gandaki,Gorkha,Shahid Lakhan,NP04,NP0436,NP0436408,3,affected,population projections 2026,male,age_group_65_69,63
Gandaki,Gorkha,Shahid Lakhan,NP04,NP0436,NP0436408,3,affected,population projections 2026,female,age_group_65_69,82
Gandaki,Gorkha,Shahid Lakhan,NP04,NP0436,NP0436408,3,affected,population projections 2026,total,age_group_70_74,113
Gandaki,Gorkha,Shahid Lakhan,NP04,NP0436,NP0436408,3,affected,population projections 2026,male,age_group_70_74,56
Gandaki,Gorkha,Shahid Lakhan,NP04,NP0436,NP0436408,3,affected,population projections 2026,female,age_group_70_74,57
Gandaki,Gorkha,Shahid Lakhan,NP04,NP0436,NP0436408,3,affected,population projections 2026,total,age_group_75_79,78
Gandaki,Gorkha,Shahid Lakhan,NP04,NP0436,NP0436408,3,affected,population projections 2026,male,age_group_75_79,37
Gandaki,Gorkha,Shahid Lakhan,NP04,NP0436,NP0436408,3,affected,population projections 2026,female,age_group_75_79,41
Gandaki,Gorkha,Shahid Lakhan,NP04,NP0436,NP0436408,3,affected,population projections 2026,total,age_group_80_84,38
Gandaki,Gorkha,Shahid Lakhan,NP04,NP0436,NP0436408,3,affected,population projections 2026,male,age_group_80_84,17
Gandaki,Gorkha,Shahid Lakhan,NP04,NP0436,NP0436408,3,affected,population projections 2026,female,age_group_80_84,21
Gandaki,Gorkha,Shahid Lakhan,NP04,NP0436,NP0436408,3,affected,population projections 2026,total,age_group_85_89,18
Gandaki,Gorkha,Shahid Lakhan,NP04,NP0436,NP0436408,3,affected,population projections 2026,male,age_group_85_89,10
Gandaki,Gorkha,Shahid Lakhan,NP04,NP0436,NP0436408,3,affected,population projections 2026,female,age_group_85_89,8
Gandaki,Gorkha,Shahid Lakhan,NP04,NP0436,NP0436408,3,affected,population projections 2026,total,age_group_90_94,12
Gandaki,Gorkha,Shahid Lakhan,NP04,NP0436,NP0436408,3,affected,population projections 2026,male,age_group_90_94,7
Gandaki,Gorkha,Shahid Lakhan,NP04,NP0436,NP0436408,3,affected,population projections 2026,female,age_group_90_94,5
Gandaki,Gorkha,Shahid Lakhan,NP04,NP0436,NP0436408,3,affected,population projections 2026,total,age_group_95plus,1
Gandaki,Gorkha,Shahid Lakhan,NP04,NP0436,NP0436408,3,affected,population projections 2026,male,age_group_95plus,0
Gandaki,Gorkha,Shahid Lakhan,NP04,NP0436,NP0436408,3,affected,population projections 2026,female,age_group_95plus,1
Gandaki,Gorkha,Shahid Lakhan,NP04,NP0436,NP0436408,4,affected,population projections 2026,total,population_total,2310
Gandaki,Gorkha,Shahid Lakhan,NP04,NP0436,NP0436408,4,affected,population projections 2026,male,population_overall_male,1004
Gandaki,Gorkha,Shahid Lakhan,NP04,NP0436,NP0436408,4,affected,population projections 2026,female,population_overall_female,1306
Gandaki,Gorkha,Shahid Lakhan,NP04,NP0436,NP0436408,4,affected,population projections 2026,total,age_group_0_4,165
Gandaki,Gorkha,Shahid Lakhan,NP04,NP0436,NP0436408,4,affected,population projections 2026,male,age_group_0_4,88
Gandaki,Gorkha,Shahid Lakhan,NP04,NP0436,NP0436408,4,affected,population projections 2026,female,age_group_0_4,77
Gandaki,Gorkha,Shahid Lakhan,NP04,NP0436,NP0436408,4,affected,population projections 2026,total,age_group_5_9,205
Gandaki,Gorkha,Shahid Lakhan,NP04,NP0436,NP0436408,4,affected,population projections 2026,male,age_group_5_9,94
Gandaki,Gorkha,Shahid Lakhan,NP04,NP0436,NP0436408,4,affected,population projections 2026,female,age_group_5_9,111
Gandaki,Gorkha,Shahid Lakhan,NP04,NP0436,NP0436408,4,affected,population projections 2026,total,age_group_10_14,194
Gandaki,Gorkha,Shahid Lakhan,NP04,NP0436,NP0436408,4,affected,population projections 2026,male,age_group_10_14,95
Gandaki,Gorkha,Shahid Lakhan,NP04,NP0436,NP0436408,4,affected,population projections 2026,female,age_group_10_14,99
Gandaki,Gorkha,Shahid Lakhan,NP04,NP0436,NP0436408,4,affected,population projections 2026,total,age_group_15_19,194
Gandaki,Gorkha,Shahid Lakhan,NP04,NP0436,NP0436408,4,affected,population projections 2026,male,age_group_15_19,91
Gandaki,Gorkha,Shahid Lakhan,NP04,NP0436,NP0436408,4,affected,population projections 2026,female,age_group_15_19,103
Gandaki,Gorkha,Shahid Lakhan,NP04,NP0436,NP0436408,4,affected,population projections 2026,total,age_group_20_24,161
Gandaki,Gorkha,Shahid Lakhan,NP04,NP0436,NP0436408,4,affected,population projections 2026,male,age_group_20_24,60
Gandaki,Gorkha,Shahid Lakhan,NP04,NP0436,NP0436408,4,affected,population projections 2026,female,age_group_20_24,101
Gandaki,Gorkha,Shahid Lakhan,NP04,NP0436,NP0436408,4,affected,population projections 2026,total,age_group_25_29,147
Gandaki,Gorkha,Shahid Lakhan,NP04,NP0436,NP0436408,4,affected,population projections 2026,male,age_group_25_29,46
Gandaki,Gorkha,Shahid Lakhan,NP04,NP0436,NP0436408,4,affected,population projections 2026,female,age_group_25_29,101
Gandaki,Gorkha,Shahid Lakhan,NP04,NP0436,NP0436408,4,affected,population projections 2026,total,age_group_30_34,125
Gandaki,Gorkha,Shahid Lakhan,NP04,NP0436,NP0436408,4,affected,population projections 2026,male,age_group_30_34,40
Gandaki,Gorkha,Shahid Lakhan,NP04,NP0436,NP0436408,4,affected,population projections 2026,female,age_group_30_34,85
Gandaki,Gorkha,Shahid Lakhan,NP04,NP0436,NP0436408,4,affected,population projections 2026,total,age_group_35_39,150
Gandaki,Gorkha,Shahid Lakhan,NP04,NP0436,NP0436408,4,affected,population projections 2026,male,age_group_35_39,49
Gandaki,Gorkha,Shahid Lakhan,NP04,NP0436,NP0436408,4,affected,population projections 2026,female,age_group_35_39,101
Gandaki,Gorkha,Shahid Lakhan,NP04,NP0436,NP0436408,4,affected,population projections 2026,total,age_group_40_44,139
Gandaki,Gorkha,Shahid Lakhan,NP04,NP0436,NP0436408,4,affected,population projections 2026,male,age_group_40_44,62
Gandaki,Gorkha,Shahid Lakhan,NP04,NP0436,NP0436408,4,affected,population projections 2026,female,age_group_40_44,77
Gandaki,Gorkha,Shahid Lakhan,NP04,NP0436,NP0436408,4,affected,population projections 2026,total,age_group_45_49,137
Gandaki,Gorkha,Shahid Lakhan,NP04,NP0436,NP0436408,4,affected,population projections 2026,male,age_group_45_49,55
Gandaki,Gorkha,Shahid Lakhan,NP04,NP0436,NP0436408,4,affected,population projections 2026,female,age_group_45_49,82
Gandaki,Gorkha,Shahid Lakhan,NP04,NP0436,NP0436408,4,affected,population projections 2026,total,age_group_50_54,132
Gandaki,Gorkha,Shahid Lakhan,NP04,NP0436,NP0436408,4,affected,population projections 2026,male,age_group_50_54,58
Gandaki,Gorkha,Shahid Lakhan,NP04,NP0436,NP0436408,4,affected,population projections 2026,female,age_group_50_54,74
Gandaki,Gorkha,Shahid Lakhan,NP04,NP0436,NP0436408,4,affected,population projections 2026,total,age_group_55_59,133
Gandaki,Gorkha,Shahid Lakhan,NP04,NP0436,NP0436408,4,affected,population projections 2026,male,age_group_55_59,62
Gandaki,Gorkha,Shahid Lakhan,NP04,NP0436,NP0436408,4,affected,population projections 2026,female,age_group_55_59,71
Gandaki,Gorkha,Shahid Lakhan,NP04,NP0436,NP0436408,4,affected,population projections 2026,total,age_group_60_64,129
Gandaki,Gorkha,Shahid Lakhan,NP04,NP0436,NP0436408,4,affected,population projections 2026,male,age_group_60_64,61
Gandaki,Gorkha,Shahid Lakhan,NP04,NP0436,NP0436408,4,affected,population projections 2026,female,age_group_60_64,68
Gandaki,Gorkha,Shahid Lakhan,NP04,NP0436,NP0436408,4,affected,population projections 2026,total,age_group_65_69,104
Gandaki,Gorkha,Shahid Lakhan,NP04,NP0436,NP0436408,4,affected,population projections 2026,male,age_group_65_69,48
Gandaki,Gorkha,Shahid Lakhan,NP04,NP0436,NP0436408,4,affected,population projections 2026,female,age_group_65_69,56
Gandaki,Gorkha,Shahid Lakhan,NP04,NP0436,NP0436408,4,affected,population projections 2026,total,age_group_70_74,79
Gandaki,Gorkha,Shahid Lakhan,NP04,NP0436,NP0436408,4,affected,population projections 2026,male,age_group_70_74,36
Gandaki,Gorkha,Shahid Lakhan,NP04,NP0436,NP0436408,4,affected,population projections 2026,female,age_group_70_74,43
Gandaki,Gorkha,Shahid Lakhan,NP04,NP0436,NP0436408,4,affected,population projections 2026,total,age_group_75_79,66
Gandaki,Gorkha,Shahid Lakhan,NP04,NP0436,NP0436408,4,affected,population projections 2026,male,age_group_75_79,31
Gandaki,Gorkha,Shahid Lakhan,NP04,NP0436,NP0436408,4,affected,population projections 2026,female,age_group_75_79,35
Gandaki,Gorkha,Shahid Lakhan,NP04,NP0436,NP0436408,4,affected,population projections 2026,total,age_group_80_84,37
Gandaki,Gorkha,Shahid Lakhan,NP04,NP0436,NP0436408,4,affected,population projections 2026,male,age_group_80_84,19
Gandaki,Gorkha,Shahid Lakhan,NP04,NP0436,NP0436408,4,affected,population projections 2026,female,age_group_80_84,18
Gandaki,Gorkha,Shahid Lakhan,NP04,NP0436,NP0436408,4,affected,population projections 2026,total,age_group_85_89,10
Gandaki,Gorkha,Shahid Lakhan,NP04,NP0436,NP0436408,4,affected,population projections 2026,male,age_group_85_89,7
Gandaki,Gorkha,Shahid Lakhan,NP04,NP0436,NP0436408,4,affected,population projections 2026,female,age_group_85_89,3
Gandaki,Gorkha,Shahid Lakhan,NP04,NP0436,NP0436408,4,affected,population projections 2026,total,age_group_90_94,2
Gandaki,Gorkha,Shahid Lakhan,NP04,NP0436,NP0436408,4,affected,population projections 2026,male,age_group_90_94,2
Gandaki,Gorkha,Shahid Lakhan,NP04,NP0436,NP0436408,4,affected,population projections 2026,female,age_group_90_94,0
Gandaki,Gorkha,Shahid Lakhan,NP04,NP0436,NP0436408,4,affected,population projections 2026,total,age_group_95plus,1
Gandaki,Gorkha,Shahid Lakhan,NP04,NP0436,NP0436408,4,affected,population projections 2026,male,age_group_95plus,0
Gandaki,Gorkha,Shahid Lakhan,NP04,NP0436,NP0436408,4,affected,population projections 2026,female,age_group_95plus,1
Gandaki,Gorkha,Shahid Lakhan,NP04,NP0436,NP0436408,5,affected,population projections 2026,total,population_total,1622
Gandaki,Gorkha,Shahid Lakhan,NP04,NP0436,NP0436408,5,affected,population projections 2026,male,population_overall_male,720
Gandaki,Gorkha,Shahid Lakhan,NP04,NP0436,NP0436408,5,affected,population projections 2026,female,population_overall_female,902
Gandaki,Gorkha,Shahid Lakhan,NP04,NP0436,NP0436408,5,affected,population projections 2026,total,age_group_0_4,109
Gandaki,Gorkha,Shahid Lakhan,NP04,NP0436,NP0436408,5,affected,population projections 2026,male,age_group_0_4,58
Gandaki,Gorkha,Shahid Lakhan,NP04,NP0436,NP0436408,5,affected,population projections 2026,female,age_group_0_4,51
Gandaki,Gorkha,Shahid Lakhan,NP04,NP0436,NP0436408,5,affected,population projections 2026,total,age_group_5_9,127
Gandaki,Gorkha,Shahid Lakhan,NP04,NP0436,NP0436408,5,affected,population projections 2026,male,age_group_5_9,74
Gandaki,Gorkha,Shahid Lakhan,NP04,NP0436,NP0436408,5,affected,population projections 2026,female,age_group_5_9,53
Gandaki,Gorkha,Shahid Lakhan,NP04,NP0436,NP0436408,5,affected,population projections 2026,total,age_group_10_14,116
Gandaki,Gorkha,Shahid Lakhan,NP04,NP0436,NP0436408,5,affected,population projections 2026,male,age_group_10_14,63
Gandaki,Gorkha,Shahid Lakhan,NP04,NP0436,NP0436408,5,affected,population projections 2026,female,age_group_10_14,53
Gandaki,Gorkha,Shahid Lakhan,NP04,NP0436,NP0436408,5,affected,population projections 2026,total,age_group_15_19,119
Gandaki,Gorkha,Shahid Lakhan,NP04,NP0436,NP0436408,5,affected,population projections 2026,male,age_group_15_19,56
Gandaki,Gorkha,Shahid Lakhan,NP04,NP0436,NP0436408,5,affected,population projections 2026,female,age_group_15_19,63
Gandaki,Gorkha,Shahid Lakhan,NP04,NP0436,NP0436408,5,affected,population projections 2026,total,age_group_20_24,101
Gandaki,Gorkha,Shahid Lakhan,NP04,NP0436,NP0436408,5,affected,population projections 2026,male,age_group_20_24,41
Gandaki,Gorkha,Shahid Lakhan,NP04,NP0436,NP0436408,5,affected,population projections 2026,female,age_group_20_24,60
Gandaki,Gorkha,Shahid Lakhan,NP04,NP0436,NP0436408,5,affected,population projections 2026,total,age_group_25_29,98
Gandaki,Gorkha,Shahid Lakhan,NP04,NP0436,NP0436408,5,affected,population projections 2026,male,age_group_25_29,31
Gandaki,Gorkha,Shahid Lakhan,NP04,NP0436,NP0436408,5,affected,population projections 2026,female,age_group_25_29,67
Gandaki,Gorkha,Shahid Lakhan,NP04,NP0436,NP0436408,5,affected,population projections 2026,total,age_group_30_34,100
Gandaki,Gorkha,Shahid Lakhan,NP04,NP0436,NP0436408,5,affected,population projections 2026,male,age_group_30_34,31
Gandaki,Gorkha,Shahid Lakhan,NP04,NP0436,NP0436408,5,affected,population projections 2026,female,age_group_30_34,69
Gandaki,Gorkha,Shahid Lakhan,NP04,NP0436,NP0436408,5,affected,population projections 2026,total,age_group_35_39,86
Gandaki,Gorkha,Shahid Lakhan,NP04,NP0436,NP0436408,5,affected,population projections 2026,male,age_group_35_39,32
Gandaki,Gorkha,Shahid Lakhan,NP04,NP0436,NP0436408,5,affected,population projections 2026,female,age_group_35_39,54
Gandaki,Gorkha,Shahid Lakhan,NP04,NP0436,NP0436408,5,affected,population projections 2026,total,age_group_40_44,78
Gandaki,Gorkha,Shahid Lakhan,NP04,NP0436,NP0436408,5,affected,population projections 2026,male,age_group_40_44,28
Gandaki,Gorkha,Shahid Lakhan,NP04,NP0436,NP0436408,5,affected,population projections 2026,female,age_group_40_44,50
Gandaki,Gorkha,Shahid Lakhan,NP04,NP0436,NP0436408,5,affected,population projections 2026,total,age_group_45_49,107
Gandaki,Gorkha,Shahid Lakhan,NP04,NP0436,NP0436408,5,affected,population projections 2026,male,age_group_45_49,44
Gandaki,Gorkha,Shahid Lakhan,NP04,NP0436,NP0436408,5,affected,population projections 2026,female,age_group_45_49,63
Gandaki,Gorkha,Shahid Lakhan,NP04,NP0436,NP0436408,5,affected,population projections 2026,total,age_group_50_54,102
Gandaki,Gorkha,Shahid Lakhan,NP04,NP0436,NP0436408,5,affected,population projections 2026,male,age_group_50_54,45
Gandaki,Gorkha,Shahid Lakhan,NP04,NP0436,NP0436408,5,affected,population projections 2026,female,age_group_50_54,57
Gandaki,Gorkha,Shahid Lakhan,NP04,NP0436,NP0436408,5,affected,population projections 2026,total,age_group_55_59,105
Gandaki,Gorkha,Shahid Lakhan,NP04,NP0436,NP0436408,5,affected,population projections 2026,male,age_group_55_59,42
Gandaki,Gorkha,Shahid Lakhan,NP04,NP0436,NP0436408,5,affected,population projections 2026,female,age_group_55_59,63
Gandaki,Gorkha,Shahid Lakhan,NP04,NP0436,NP0436408,5,affected,population projections 2026,total,age_group_60_64,106
Gandaki,Gorkha,Shahid Lakhan,NP04,NP0436,NP0436408,5,affected,population projections 2026,male,age_group_60_64,50
Gandaki,Gorkha,Shahid Lakhan,NP04,NP0436,NP0436408,5,affected,population projections 2026,female,age_group_60_64,56
Gandaki,Gorkha,Shahid Lakhan,NP04,NP0436,NP0436408,5,affected,population projections 2026,total,age_group_65_69,92
Gandaki,Gorkha,Shahid Lakhan,NP04,NP0436,NP0436408,5,affected,population projections 2026,male,age_group_65_69,43
Gandaki,Gorkha,Shahid Lakhan,NP04,NP0436,NP0436408,5,affected,population projections 2026,female,age_group_65_69,49
Gandaki,Gorkha,Shahid Lakhan,NP04,NP0436,NP0436408,5,affected,population projections 2026,total,age_group_70_74,80
Gandaki,Gorkha,Shahid Lakhan,NP04,NP0436,NP0436408,5,affected,population projections 2026,male,age_group_70_74,38
Gandaki,Gorkha,Shahid Lakhan,NP04,NP0436,NP0436408,5,affected,population projections 2026,female,age_group_70_74,42
Gandaki,Gorkha,Shahid Lakhan,NP04,NP0436,NP0436408,5,affected,population projections 2026,total,age_group_75_79,51
Gandaki,Gorkha,Shahid Lakhan,NP04,NP0436,NP0436408,5,affected,population projections 2026,male,age_group_75_79,21
Gandaki,Gorkha,Shahid Lakhan,NP04,NP0436,NP0436408,5,affected,population projections 2026,female,age_group_75_79,30
Gandaki,Gorkha,Shahid Lakhan,NP04,NP0436,NP0436408,5,affected,population projections 2026,total,age_group_80_84,27
Gandaki,Gorkha,Shahid Lakhan,NP04,NP0436,NP0436408,5,affected,population projections 2026,male,age_group_80_84,12
Gandaki,Gorkha,Shahid Lakhan,NP04,NP0436,NP0436408,5,affected,population projections 2026,female,age_group_80_84,15
Gandaki,Gorkha,Shahid Lakhan,NP04,NP0436,NP0436408,5,affected,population projections 2026,total,age_group_85_89,13
Gandaki,Gorkha,Shahid Lakhan,NP04,NP0436,NP0436408,5,affected,population projections 2026,male,age_group_85_89,8
Gandaki,Gorkha,Shahid Lakhan,NP04,NP0436,NP0436408,5,affected,population projections 2026,female,age_group_85_89,5
Gandaki,Gorkha,Shahid Lakhan,NP04,NP0436,NP0436408,5,affected,population projections 2026,total,age_group_90_94,5
Gandaki,Gorkha,Shahid Lakhan,NP04,NP0436,NP0436408,5,affected,population projections 2026,male,age_group_90_94,3
Gandaki,Gorkha,Shahid Lakhan,NP04,NP0436,NP0436408,5,affected,population projections 2026,female,age_group_90_94,2
Gandaki,Gorkha,Shahid Lakhan,NP04,NP0436,NP0436408,5,affected,population projections 2026,total,age_group_95plus,0
Gandaki,Gorkha,Shahid Lakhan,NP04,NP0436,NP0436408,5,affected,population projections 2026,male,age_group_95plus,0
Gandaki,Gorkha,Shahid Lakhan,NP04,NP0436,NP0436408,5,affected,population projections 2026,female,age_group_95plus,0
Gandaki,Gorkha,Shahid Lakhan,NP04,NP0436,NP0436408,6,affected,population projections 2026,total,population_total,2746
Gandaki,Gorkha,Shahid Lakhan,NP04,NP0436,NP0436408,6,affected,population projections 2026,male,population_overall_male,1208
Gandaki,Gorkha,Shahid Lakhan,NP04,NP0436,NP0436408,6,affected,population projections 2026,female,population_overall_female,1538
Gandaki,Gorkha,Shahid Lakhan,NP04,NP0436,NP0436408,6,affected,population projections 2026,total,age_group_0_4,179
Gandaki,Gorkha,Shahid Lakhan,NP04,NP0436,NP0436408,6,affected,population projections 2026,male,age_group_0_4,96
Gandaki,Gorkha,Shahid Lakhan,NP04,NP0436,NP0436408,6,affected,population projections 2026,female,age_group_0_4,83
Gandaki,Gorkha,Shahid Lakhan,NP04,NP0436,NP0436408,6,affected,population projections 2026,total,age_group_5_9,176
Gandaki,Gorkha,Shahid Lakhan,NP04,NP0436,NP0436408,6,affected,population projections 2026,male,age_group_5_9,104
Gandaki,Gorkha,Shahid Lakhan,NP04,NP0436,NP0436408,6,affected,population projections 2026,female,age_group_5_9,72
Gandaki,Gorkha,Shahid Lakhan,NP04,NP0436,NP0436408,6,affected,population projections 2026,total,age_group_10_14,186
Gandaki,Gorkha,Shahid Lakhan,NP04,NP0436,NP0436408,6,affected,population projections 2026,male,age_group_10_14,101
Gandaki,Gorkha,Shahid Lakhan,NP04,NP0436,NP0436408,6,affected,population projections 2026,female,age_group_10_14,85
Gandaki,Gorkha,Shahid Lakhan,NP04,NP0436,NP0436408,6,affected,population projections 2026,total,age_group_15_19,180
Gandaki,Gorkha,Shahid Lakhan,NP04,NP0436,NP0436408,6,affected,population projections 2026,male,age_group_15_19,97
Gandaki,Gorkha,Shahid Lakhan,NP04,NP0436,NP0436408,6,affected,population projections 2026,female,age_group_15_19,83
Gandaki,Gorkha,Shahid Lakhan,NP04,NP0436,NP0436408,6,affected,population projections 2026,total,age_group_20_24,186
Gandaki,Gorkha,Shahid Lakhan,NP04,NP0436,NP0436408,6,affected,population projections 2026,male,age_group_20_24,76
Gandaki,Gorkha,Shahid Lakhan,NP04,NP0436,NP0436408,6,affected,population projections 2026,female,age_group_20_24,110
Gandaki,Gorkha,Shahid Lakhan,NP04,NP0436,NP0436408,6,affected,population projections 2026,total,age_group_25_29,140
Gandaki,Gorkha,Shahid Lakhan,NP04,NP0436,NP0436408,6,affected,population projections 2026,male,age_group_25_29,44
Gandaki,Gorkha,Shahid Lakhan,NP04,NP0436,NP0436408,6,affected,population projections 2026,female,age_group_25_29,96
Gandaki,Gorkha,Shahid Lakhan,NP04,NP0436,NP0436408,6,affected,population projections 2026,total,age_group_30_34,176
Gandaki,Gorkha,Shahid Lakhan,NP04,NP0436,NP0436408,6,affected,population projections 2026,male,age_group_30_34,58
Gandaki,Gorkha,Shahid Lakhan,NP04,NP0436,NP0436408,6,affected,population projections 2026,female,age_group_30_34,118
Gandaki,Gorkha,Shahid Lakhan,NP04,NP0436,NP0436408,6,affected,population projections 2026,total,age_group_35_39,154
Gandaki,Gorkha,Shahid Lakhan,NP04,NP0436,NP0436408,6,affected,population projections 2026,male,age_group_35_39,67
Gandaki,Gorkha,Shahid Lakhan,NP04,NP0436,NP0436408,6,affected,population projections 2026,female,age_group_35_39,87
Gandaki,Gorkha,Shahid Lakhan,NP04,NP0436,NP0436408,6,affected,population projections 2026,total,age_group_40_44,160
Gandaki,Gorkha,Shahid Lakhan,NP04,NP0436,NP0436408,6,affected,population projections 2026,male,age_group_40_44,63
Gandaki,Gorkha,Shahid Lakhan,NP04,NP0436,NP0436408,6,affected,population projections 2026,female,age_group_40_44,97
Gandaki,Gorkha,Shahid Lakhan,NP04,NP0436,NP0436408,6,affected,population projections 2026,total,age_group_45_49,180
Gandaki,Gorkha,Shahid Lakhan,NP04,NP0436,NP0436408,6,affected,population projections 2026,male,age_group_45_49,70
Gandaki,Gorkha,Shahid Lakhan,NP04,NP0436,NP0436408,6,affected,population projections 2026,female,age_group_45_49,110
Gandaki,Gorkha,Shahid Lakhan,NP04,NP0436,NP0436408,6,affected,population projections 2026,total,age_group_50_54,168
Gandaki,Gorkha,Shahid Lakhan,NP04,NP0436,NP0436408,6,affected,population projections 2026,male,age_group_50_54,73
Gandaki,Gorkha,Shahid Lakhan,NP04,NP0436,NP0436408,6,affected,population projections 2026,female,age_group_50_54,95
Gandaki,Gorkha,Shahid Lakhan,NP04,NP0436,NP0436408,6,affected,population projections 2026,total,age_group_55_59,184
Gandaki,Gorkha,Shahid Lakhan,NP04,NP0436,NP0436408,6,affected,population projections 2026,male,age_group_55_59,82
Gandaki,Gorkha,Shahid Lakhan,NP04,NP0436,NP0436408,6,affected,population projections 2026,female,age_group_55_59,102
Gandaki,Gorkha,Shahid Lakhan,NP04,NP0436,NP0436408,6,affected,population projections 2026,total,age_group_60_64,169
Gandaki,Gorkha,Shahid Lakhan,NP04,NP0436,NP0436408,6,affected,population projections 2026,male,age_group_60_64,70
Gandaki,Gorkha,Shahid Lakhan,NP04,NP0436,NP0436408,6,affected,population projections 2026,female,age_group_60_64,99
Gandaki,Gorkha,Shahid Lakhan,NP04,NP0436,NP0436408,6,affected,population projections 2026,total,age_group_65_69,167
Gandaki,Gorkha,Shahid Lakhan,NP04,NP0436,NP0436408,6,affected,population projections 2026,male,age_group_65_69,65
Gandaki,Gorkha,Shahid Lakhan,NP04,NP0436,NP0436408,6,affected,population projections 2026,female,age_group_65_69,102
Gandaki,Gorkha,Shahid Lakhan,NP04,NP0436,NP0436408,6,affected,population projections 2026,total,age_group_70_74,142
Gandaki,Gorkha,Shahid Lakhan,NP04,NP0436,NP0436408,6,affected,population projections 2026,male,age_group_70_74,58
Gandaki,Gorkha,Shahid Lakhan,NP04,NP0436,NP0436408,6,affected,population projections 2026,female,age_group_70_74,84
Gandaki,Gorkha,Shahid Lakhan,NP04,NP0436,NP0436408,6,affected,population projections 2026,total,age_group_75_79,114
Gandaki,Gorkha,Shahid Lakhan,NP04,NP0436,NP0436408,6,affected,population projections 2026,male,age_group_75_79,49
Gandaki,Gorkha,Shahid Lakhan,NP04,NP0436,NP0436408,6,affected,population projections 2026,female,age_group_75_79,65
Gandaki,Gorkha,Shahid Lakhan,NP04,NP0436,NP0436408,6,affected,population projections 2026,total,age_group_80_84,54
Gandaki,Gorkha,Shahid Lakhan,NP04,NP0436,NP0436408,6,affected,population projections 2026,male,age_group_80_84,23
Gandaki,Gorkha,Shahid Lakhan,NP04,NP0436,NP0436408,6,affected,population projections 2026,female,age_group_80_84,31
Gandaki,Gorkha,Shahid Lakhan,NP04,NP0436,NP0436408,6,affected,population projections 2026,total,age_group_85_89,20
Gandaki,Gorkha,Shahid Lakhan,NP04,NP0436,NP0436408,6,affected,population projections 2026,male,age_group_85_89,9
Gandaki,Gorkha,Shahid Lakhan,NP04,NP0436,NP0436408,6,affected,population projections 2026,female,age_group_85_89,11
Gandaki,Gorkha,Shahid Lakhan,NP04,NP0436,NP0436408,6,affected,population projections 2026,total,age_group_90_94,10
Gandaki,Gorkha,Shahid Lakhan,NP04,NP0436,NP0436408,6,affected,population projections 2026,male,age_group_90_94,3
Gandaki,Gorkha,Shahid Lakhan,NP04,NP0436,NP0436408,6,affected,population projections 2026,female,age_group_90_94,7
Gandaki,Gorkha,Shahid Lakhan,NP04,NP0436,NP0436408,6,affected,population projections 2026,total,age_group_95plus,1
Gandaki,Gorkha,Shahid Lakhan,NP04,NP0436,NP0436408,6,affected,population projections 2026,male,age_group_95plus,0
Gandaki,Gorkha,Shahid Lakhan,NP04,NP0436,NP0436408,6,affected,population projections 2026,female,age_group_95plus,1
Gandaki,Gorkha,Shahid Lakhan,NP04,NP0436,NP0436408,7,NA,population projections 2026,total,population_total,2678
Gandaki,Gorkha,Shahid Lakhan,NP04,NP0436,NP0436408,7,NA,population projections 2026,male,population_overall_male,1163
Gandaki,Gorkha,Shahid Lakhan,NP04,NP0436,NP0436408,7,NA,population projections 2026,female,population_overall_female,1515
Gandaki,Gorkha,Shahid Lakhan,NP04,NP0436,NP0436408,7,NA,population projections 2026,total,age_group_0_4,175
Gandaki,Gorkha,Shahid Lakhan,NP04,NP0436,NP0436408,7,NA,population projections 2026,male,age_group_0_4,93
Gandaki,Gorkha,Shahid Lakhan,NP04,NP0436,NP0436408,7,NA,population projections 2026,female,age_group_0_4,82
Gandaki,Gorkha,Shahid Lakhan,NP04,NP0436,NP0436408,7,NA,population projections 2026,total,age_group_5_9,180
Gandaki,Gorkha,Shahid Lakhan,NP04,NP0436,NP0436408,7,NA,population projections 2026,male,age_group_5_9,102
Gandaki,Gorkha,Shahid Lakhan,NP04,NP0436,NP0436408,7,NA,population projections 2026,female,age_group_5_9,78
Gandaki,Gorkha,Shahid Lakhan,NP04,NP0436,NP0436408,7,NA,population projections 2026,total,age_group_10_14,192
Gandaki,Gorkha,Shahid Lakhan,NP04,NP0436,NP0436408,7,NA,population projections 2026,male,age_group_10_14,99
Gandaki,Gorkha,Shahid Lakhan,NP04,NP0436,NP0436408,7,NA,population projections 2026,female,age_group_10_14,93
Gandaki,Gorkha,Shahid Lakhan,NP04,NP0436,NP0436408,7,NA,population projections 2026,total,age_group_15_19,178
Gandaki,Gorkha,Shahid Lakhan,NP04,NP0436,NP0436408,7,NA,population projections 2026,male,age_group_15_19,88
Gandaki,Gorkha,Shahid Lakhan,NP04,NP0436,NP0436408,7,NA,population projections 2026,female,age_group_15_19,90
Gandaki,Gorkha,Shahid Lakhan,NP04,NP0436,NP0436408,7,NA,population projections 2026,total,age_group_20_24,176
Gandaki,Gorkha,Shahid Lakhan,NP04,NP0436,NP0436408,7,NA,population projections 2026,male,age_group_20_24,69
Gandaki,Gorkha,Shahid Lakhan,NP04,NP0436,NP0436408,7,NA,population projections 2026,female,age_group_20_24,107
Gandaki,Gorkha,Shahid Lakhan,NP04,NP0436,NP0436408,7,NA,population projections 2026,total,age_group_25_29,148
Gandaki,Gorkha,Shahid Lakhan,NP04,NP0436,NP0436408,7,NA,population projections 2026,male,age_group_25_29,45
Gandaki,Gorkha,Shahid Lakhan,NP04,NP0436,NP0436408,7,NA,population projections 2026,female,age_group_25_29,103
Gandaki,Gorkha,Shahid Lakhan,NP04,NP0436,NP0436408,7,NA,population projections 2026,total,age_group_30_34,150
Gandaki,Gorkha,Shahid Lakhan,NP04,NP0436,NP0436408,7,NA,population projections 2026,male,age_group_30_34,49
Gandaki,Gorkha,Shahid Lakhan,NP04,NP0436,NP0436408,7,NA,population projections 2026,female,age_group_30_34,101
Gandaki,Gorkha,Shahid Lakhan,NP04,NP0436,NP0436408,7,NA,population projections 2026,total,age_group_35_39,137
Gandaki,Gorkha,Shahid Lakhan,NP04,NP0436,NP0436408,7,NA,population projections 2026,male,age_group_35_39,44
Gandaki,Gorkha,Shahid Lakhan,NP04,NP0436,NP0436408,7,NA,population projections 2026,female,age_group_35_39,93
Gandaki,Gorkha,Shahid Lakhan,NP04,NP0436,NP0436408,7,NA,population projections 2026,total,age_group_40_44,159
Gandaki,Gorkha,Shahid Lakhan,NP04,NP0436,NP0436408,7,NA,population projections 2026,male,age_group_40_44,62
Gandaki,Gorkha,Shahid Lakhan,NP04,NP0436,NP0436408,7,NA,population projections 2026,female,age_group_40_44,97
Gandaki,Gorkha,Shahid Lakhan,NP04,NP0436,NP0436408,7,NA,population projections 2026,total,age_group_45_49,129
Gandaki,Gorkha,Shahid Lakhan,NP04,NP0436,NP0436408,7,NA,population projections 2026,male,age_group_45_49,53
Gandaki,Gorkha,Shahid Lakhan,NP04,NP0436,NP0436408,7,NA,population projections 2026,female,age_group_45_49,76
Gandaki,Gorkha,Shahid Lakhan,NP04,NP0436,NP0436408,7,NA,population projections 2026,total,age_group_50_54,166
Gandaki,Gorkha,Shahid Lakhan,NP04,NP0436,NP0436408,7,NA,population projections 2026,male,age_group_50_54,61
Gandaki,Gorkha,Shahid Lakhan,NP04,NP0436,NP0436408,7,NA,population projections 2026,female,age_group_50_54,105
Gandaki,Gorkha,Shahid Lakhan,NP04,NP0436,NP0436408,7,NA,population projections 2026,total,age_group_55_59,192
Gandaki,Gorkha,Shahid Lakhan,NP04,NP0436,NP0436408,7,NA,population projections 2026,male,age_group_55_59,85
Gandaki,Gorkha,Shahid Lakhan,NP04,NP0436,NP0436408,7,NA,population projections 2026,female,age_group_55_59,107
Gandaki,Gorkha,Shahid Lakhan,NP04,NP0436,NP0436408,7,NA,population projections 2026,total,age_group_60_64,179
Gandaki,Gorkha,Shahid Lakhan,NP04,NP0436,NP0436408,7,NA,population projections 2026,male,age_group_60_64,78
Gandaki,Gorkha,Shahid Lakhan,NP04,NP0436,NP0436408,7,NA,population projections 2026,female,age_group_60_64,101
Gandaki,Gorkha,Shahid Lakhan,NP04,NP0436,NP0436408,7,NA,population projections 2026,total,age_group_65_69,181
Gandaki,Gorkha,Shahid Lakhan,NP04,NP0436,NP0436408,7,NA,population projections 2026,male,age_group_65_69,79
Gandaki,Gorkha,Shahid Lakhan,NP04,NP0436,NP0436408,7,NA,population projections 2026,female,age_group_65_69,102
Gandaki,Gorkha,Shahid Lakhan,NP04,NP0436,NP0436408,7,NA,population projections 2026,total,age_group_70_74,144
Gandaki,Gorkha,Shahid Lakhan,NP04,NP0436,NP0436408,7,NA,population projections 2026,male,age_group_70_74,66
Gandaki,Gorkha,Shahid Lakhan,NP04,NP0436,NP0436408,7,NA,population projections 2026,female,age_group_70_74,78
Gandaki,Gorkha,Shahid Lakhan,NP04,NP0436,NP0436408,7,NA,population projections 2026,total,age_group_75_79,99
Gandaki,Gorkha,Shahid Lakhan,NP04,NP0436,NP0436408,7,NA,population projections 2026,male,age_group_75_79,47
Gandaki,Gorkha,Shahid Lakhan,NP04,NP0436,NP0436408,7,NA,population projections 2026,female,age_group_75_79,52
Gandaki,Gorkha,Shahid Lakhan,NP04,NP0436,NP0436408,7,NA,population projections 2026,total,age_group_80_84,56
Gandaki,Gorkha,Shahid Lakhan,NP04,NP0436,NP0436408,7,NA,population projections 2026,male,age_group_80_84,29
Gandaki,Gorkha,Shahid Lakhan,NP04,NP0436,NP0436408,7,NA,population projections 2026,female,age_group_80_84,27
Gandaki,Gorkha,Shahid Lakhan,NP04,NP0436,NP0436408,7,NA,population projections 2026,total,age_group_85_89,26
Gandaki,Gorkha,Shahid Lakhan,NP04,NP0436,NP0436408,7,NA,population projections 2026,male,age_group_85_89,12
Gandaki,Gorkha,Shahid Lakhan,NP04,NP0436,NP0436408,7,NA,population projections 2026,female,age_group_85_89,14
Gandaki,Gorkha,Shahid Lakhan,NP04,NP0436,NP0436408,7,NA,population projections 2026,total,age_group_90_94,9
Gandaki,Gorkha,Shahid Lakhan,NP04,NP0436,NP0436408,7,NA,population projections 2026,male,age_group_90_94,2
Gandaki,Gorkha,Shahid Lakhan,NP04,NP0436,NP0436408,7,NA,population projections 2026,female,age_group_90_94,7
Gandaki,Gorkha,Shahid Lakhan,NP04,NP0436,NP0436408,7,NA,population projections 2026,total,age_group_95plus,2
Gandaki,Gorkha,Shahid Lakhan,NP04,NP0436,NP0436408,7,NA,population projections 2026,male,age_group_95plus,0
Gandaki,Gorkha,Shahid Lakhan,NP04,NP0436,NP0436408,7,NA,population projections 2026,female,age_group_95plus,2
Gandaki,Gorkha,Shahid Lakhan,NP04,NP0436,NP0436408,8,NA,population projections 2026,total,population_total,1798
Gandaki,Gorkha,Shahid Lakhan,NP04,NP0436,NP0436408,8,NA,population projections 2026,male,population_overall_male,779
Gandaki,Gorkha,Shahid Lakhan,NP04,NP0436,NP0436408,8,NA,population projections 2026,female,population_overall_female,1019
Gandaki,Gorkha,Shahid Lakhan,NP04,NP0436,NP0436408,8,NA,population projections 2026,total,age_group_0_4,104
Gandaki,Gorkha,Shahid Lakhan,NP04,NP0436,NP0436408,8,NA,population projections 2026,male,age_group_0_4,55
Gandaki,Gorkha,Shahid Lakhan,NP04,NP0436,NP0436408,8,NA,population projections 2026,female,age_group_0_4,49
Gandaki,Gorkha,Shahid Lakhan,NP04,NP0436,NP0436408,8,NA,population projections 2026,total,age_group_5_9,116
Gandaki,Gorkha,Shahid Lakhan,NP04,NP0436,NP0436408,8,NA,population projections 2026,male,age_group_5_9,59
Gandaki,Gorkha,Shahid Lakhan,NP04,NP0436,NP0436408,8,NA,population projections 2026,female,age_group_5_9,57
Gandaki,Gorkha,Shahid Lakhan,NP04,NP0436,NP0436408,8,NA,population projections 2026,total,age_group_10_14,131
Gandaki,Gorkha,Shahid Lakhan,NP04,NP0436,NP0436408,8,NA,population projections 2026,male,age_group_10_14,63
Gandaki,Gorkha,Shahid Lakhan,NP04,NP0436,NP0436408,8,NA,population projections 2026,female,age_group_10_14,68
Gandaki,Gorkha,Shahid Lakhan,NP04,NP0436,NP0436408,8,NA,population projections 2026,total,age_group_15_19,139
Gandaki,Gorkha,Shahid Lakhan,NP04,NP0436,NP0436408,8,NA,population projections 2026,male,age_group_15_19,72
Gandaki,Gorkha,Shahid Lakhan,NP04,NP0436,NP0436408,8,NA,population projections 2026,female,age_group_15_19,67
Gandaki,Gorkha,Shahid Lakhan,NP04,NP0436,NP0436408,8,NA,population projections 2026,total,age_group_20_24,104
Gandaki,Gorkha,Shahid Lakhan,NP04,NP0436,NP0436408,8,NA,population projections 2026,male,age_group_20_24,43
Gandaki,Gorkha,Shahid Lakhan,NP04,NP0436,NP0436408,8,NA,population projections 2026,female,age_group_20_24,61
Gandaki,Gorkha,Shahid Lakhan,NP04,NP0436,NP0436408,8,NA,population projections 2026,total,age_group_25_29,83
Gandaki,Gorkha,Shahid Lakhan,NP04,NP0436,NP0436408,8,NA,population projections 2026,male,age_group_25_29,24
Gandaki,Gorkha,Shahid Lakhan,NP04,NP0436,NP0436408,8,NA,population projections 2026,female,age_group_25_29,59
Gandaki,Gorkha,Shahid Lakhan,NP04,NP0436,NP0436408,8,NA,population projections 2026,total,age_group_30_34,91
Gandaki,Gorkha,Shahid Lakhan,NP04,NP0436,NP0436408,8,NA,population projections 2026,male,age_group_30_34,31
Gandaki,Gorkha,Shahid Lakhan,NP04,NP0436,NP0436408,8,NA,population projections 2026,female,age_group_30_34,60
Gandaki,Gorkha,Shahid Lakhan,NP04,NP0436,NP0436408,8,NA,population projections 2026,total,age_group_35_39,91
Gandaki,Gorkha,Shahid Lakhan,NP04,NP0436,NP0436408,8,NA,population projections 2026,male,age_group_35_39,31
Gandaki,Gorkha,Shahid Lakhan,NP04,NP0436,NP0436408,8,NA,population projections 2026,female,age_group_35_39,60
Gandaki,Gorkha,Shahid Lakhan,NP04,NP0436,NP0436408,8,NA,population projections 2026,total,age_group_40_44,88
Gandaki,Gorkha,Shahid Lakhan,NP04,NP0436,NP0436408,8,NA,population projections 2026,male,age_group_40_44,32
Gandaki,Gorkha,Shahid Lakhan,NP04,NP0436,NP0436408,8,NA,population projections 2026,female,age_group_40_44,56
Gandaki,Gorkha,Shahid Lakhan,NP04,NP0436,NP0436408,8,NA,population projections 2026,total,age_group_45_49,100
Gandaki,Gorkha,Shahid Lakhan,NP04,NP0436,NP0436408,8,NA,population projections 2026,male,age_group_45_49,37
Gandaki,Gorkha,Shahid Lakhan,NP04,NP0436,NP0436408,8,NA,population projections 2026,female,age_group_45_49,63
Gandaki,Gorkha,Shahid Lakhan,NP04,NP0436,NP0436408,8,NA,population projections 2026,total,age_group_50_54,111
Gandaki,Gorkha,Shahid Lakhan,NP04,NP0436,NP0436408,8,NA,population projections 2026,male,age_group_50_54,46
Gandaki,Gorkha,Shahid Lakhan,NP04,NP0436,NP0436408,8,NA,population projections 2026,female,age_group_50_54,65
Gandaki,Gorkha,Shahid Lakhan,NP04,NP0436,NP0436408,8,NA,population projections 2026,total,age_group_55_59,136
Gandaki,Gorkha,Shahid Lakhan,NP04,NP0436,NP0436408,8,NA,population projections 2026,male,age_group_55_59,62
Gandaki,Gorkha,Shahid Lakhan,NP04,NP0436,NP0436408,8,NA,population projections 2026,female,age_group_55_59,74
Gandaki,Gorkha,Shahid Lakhan,NP04,NP0436,NP0436408,8,NA,population projections 2026,total,age_group_60_64,129
Gandaki,Gorkha,Shahid Lakhan,NP04,NP0436,NP0436408,8,NA,population projections 2026,male,age_group_60_64,52
Gandaki,Gorkha,Shahid Lakhan,NP04,NP0436,NP0436408,8,NA,population projections 2026,female,age_group_60_64,77
Gandaki,Gorkha,Shahid Lakhan,NP04,NP0436,NP0436408,8,NA,population projections 2026,total,age_group_65_69,117
Gandaki,Gorkha,Shahid Lakhan,NP04,NP0436,NP0436408,8,NA,population projections 2026,male,age_group_65_69,50
Gandaki,Gorkha,Shahid Lakhan,NP04,NP0436,NP0436408,8,NA,population projections 2026,female,age_group_65_69,67
Gandaki,Gorkha,Shahid Lakhan,NP04,NP0436,NP0436408,8,NA,population projections 2026,total,age_group_70_74,98
Gandaki,Gorkha,Shahid Lakhan,NP04,NP0436,NP0436408,8,NA,population projections 2026,male,age_group_70_74,48
Gandaki,Gorkha,Shahid Lakhan,NP04,NP0436,NP0436408,8,NA,population projections 2026,female,age_group_70_74,50
Gandaki,Gorkha,Shahid Lakhan,NP04,NP0436,NP0436408,8,NA,population projections 2026,total,age_group_75_79,83
Gandaki,Gorkha,Shahid Lakhan,NP04,NP0436,NP0436408,8,NA,population projections 2026,male,age_group_75_79,38
Gandaki,Gorkha,Shahid Lakhan,NP04,NP0436,NP0436408,8,NA,population projections 2026,female,age_group_75_79,45
Gandaki,Gorkha,Shahid Lakhan,NP04,NP0436,NP0436408,8,NA,population projections 2026,total,age_group_80_84,47
Gandaki,Gorkha,Shahid Lakhan,NP04,NP0436,NP0436408,8,NA,population projections 2026,male,age_group_80_84,24
Gandaki,Gorkha,Shahid Lakhan,NP04,NP0436,NP0436408,8,NA,population projections 2026,female,age_group_80_84,23
Gandaki,Gorkha,Shahid Lakhan,NP04,NP0436,NP0436408,8,NA,population projections 2026,total,age_group_85_89,20
Gandaki,Gorkha,Shahid Lakhan,NP04,NP0436,NP0436408,8,NA,population projections 2026,male,age_group_85_89,9
Gandaki,Gorkha,Shahid Lakhan,NP04,NP0436,NP0436408,8,NA,population projections 2026,female,age_group_85_89,11
Gandaki,Gorkha,Shahid Lakhan,NP04,NP0436,NP0436408,8,NA,population projections 2026,total,age_group_90_94,8
Gandaki,Gorkha,Shahid Lakhan,NP04,NP0436,NP0436408,8,NA,population projections 2026,male,age_group_90_94,3
Gandaki,Gorkha,Shahid Lakhan,NP04,NP0436,NP0436408,8,NA,population projections 2026,female,age_group_90_94,5
Gandaki,Gorkha,Shahid Lakhan,NP04,NP0436,NP0436408,8,NA,population projections 2026,total,age_group_95plus,2
Gandaki,Gorkha,Shahid Lakhan,NP04,NP0436,NP0436408,8,NA,population projections 2026,male,age_group_95plus,0
Gandaki,Gorkha,Shahid Lakhan,NP04,NP0436,NP0436408,8,NA,population projections 2026,female,age_group_95plus,2
Gandaki,Gorkha,Shahid Lakhan,NP04,NP0436,NP0436408,9,NA,population projections 2026,total,population_total,1850
Gandaki,Gorkha,Shahid Lakhan,NP04,NP0436,NP0436408,9,NA,population projections 2026,male,population_overall_male,814
Gandaki,Gorkha,Shahid Lakhan,NP04,NP0436,NP0436408,9,NA,population projections 2026,female,population_overall_female,1036
Gandaki,Gorkha,Shahid Lakhan,NP04,NP0436,NP0436408,9,NA,population projections 2026,total,age_group_0_4,75
Gandaki,Gorkha,Shahid Lakhan,NP04,NP0436,NP0436408,9,NA,population projections 2026,male,age_group_0_4,40
Gandaki,Gorkha,Shahid Lakhan,NP04,NP0436,NP0436408,9,NA,population projections 2026,female,age_group_0_4,35
Gandaki,Gorkha,Shahid Lakhan,NP04,NP0436,NP0436408,9,NA,population projections 2026,total,age_group_5_9,107
Gandaki,Gorkha,Shahid Lakhan,NP04,NP0436,NP0436408,9,NA,population projections 2026,male,age_group_5_9,61
Gandaki,Gorkha,Shahid Lakhan,NP04,NP0436,NP0436408,9,NA,population projections 2026,female,age_group_5_9,46
Gandaki,Gorkha,Shahid Lakhan,NP04,NP0436,NP0436408,9,NA,population projections 2026,total,age_group_10_14,108
Gandaki,Gorkha,Shahid Lakhan,NP04,NP0436,NP0436408,9,NA,population projections 2026,male,age_group_10_14,51
Gandaki,Gorkha,Shahid Lakhan,NP04,NP0436,NP0436408,9,NA,population projections 2026,female,age_group_10_14,57
Gandaki,Gorkha,Shahid Lakhan,NP04,NP0436,NP0436408,9,NA,population projections 2026,total,age_group_15_19,134
Gandaki,Gorkha,Shahid Lakhan,NP04,NP0436,NP0436408,9,NA,population projections 2026,male,age_group_15_19,66
Gandaki,Gorkha,Shahid Lakhan,NP04,NP0436,NP0436408,9,NA,population projections 2026,female,age_group_15_19,68
Gandaki,Gorkha,Shahid Lakhan,NP04,NP0436,NP0436408,9,NA,population projections 2026,total,age_group_20_24,88
Gandaki,Gorkha,Shahid Lakhan,NP04,NP0436,NP0436408,9,NA,population projections 2026,male,age_group_20_24,41
Gandaki,Gorkha,Shahid Lakhan,NP04,NP0436,NP0436408,9,NA,population projections 2026,female,age_group_20_24,47
Gandaki,Gorkha,Shahid Lakhan,NP04,NP0436,NP0436408,9,NA,population projections 2026,total,age_group_25_29,56
Gandaki,Gorkha,Shahid Lakhan,NP04,NP0436,NP0436408,9,NA,population projections 2026,male,age_group_25_29,16
Gandaki,Gorkha,Shahid Lakhan,NP04,NP0436,NP0436408,9,NA,population projections 2026,female,age_group_25_29,40
Gandaki,Gorkha,Shahid Lakhan,NP04,NP0436,NP0436408,9,NA,population projections 2026,total,age_group_30_34,65
Gandaki,Gorkha,Shahid Lakhan,NP04,NP0436,NP0436408,9,NA,population projections 2026,male,age_group_30_34,21
Gandaki,Gorkha,Shahid Lakhan,NP04,NP0436,NP0436408,9,NA,population projections 2026,female,age_group_30_34,44
Gandaki,Gorkha,Shahid Lakhan,NP04,NP0436,NP0436408,9,NA,population projections 2026,total,age_group_35_39,85
Gandaki,Gorkha,Shahid Lakhan,NP04,NP0436,NP0436408,9,NA,population projections 2026,male,age_group_35_39,29
Gandaki,Gorkha,Shahid Lakhan,NP04,NP0436,NP0436408,9,NA,population projections 2026,female,age_group_35_39,56
Gandaki,Gorkha,Shahid Lakhan,NP04,NP0436,NP0436408,9,NA,population projections 2026,total,age_group_40_44,91
Gandaki,Gorkha,Shahid Lakhan,NP04,NP0436,NP0436408,9,NA,population projections 2026,male,age_group_40_44,31
Gandaki,Gorkha,Shahid Lakhan,NP04,NP0436,NP0436408,9,NA,population projections 2026,female,age_group_40_44,60
Gandaki,Gorkha,Shahid Lakhan,NP04,NP0436,NP0436408,9,NA,population projections 2026,total,age_group_45_49,114
Gandaki,Gorkha,Shahid Lakhan,NP04,NP0436,NP0436408,9,NA,population projections 2026,male,age_group_45_49,50
Gandaki,Gorkha,Shahid Lakhan,NP04,NP0436,NP0436408,9,NA,population projections 2026,female,age_group_45_49,64
Gandaki,Gorkha,Shahid Lakhan,NP04,NP0436,NP0436408,9,NA,population projections 2026,total,age_group_50_54,139
Gandaki,Gorkha,Shahid Lakhan,NP04,NP0436,NP0436408,9,NA,population projections 2026,male,age_group_50_54,54
Gandaki,Gorkha,Shahid Lakhan,NP04,NP0436,NP0436408,9,NA,population projections 2026,female,age_group_50_54,85
Gandaki,Gorkha,Shahid Lakhan,NP04,NP0436,NP0436408,9,NA,population projections 2026,total,age_group_55_59,179
Gandaki,Gorkha,Shahid Lakhan,NP04,NP0436,NP0436408,9,NA,population projections 2026,male,age_group_55_59,75
Gandaki,Gorkha,Shahid Lakhan,NP04,NP0436,NP0436408,9,NA,population projections 2026,female,age_group_55_59,104
Gandaki,Gorkha,Shahid Lakhan,NP04,NP0436,NP0436408,9,NA,population projections 2026,total,age_group_60_64,168
Gandaki,Gorkha,Shahid Lakhan,NP04,NP0436,NP0436408,9,NA,population projections 2026,male,age_group_60_64,81
Gandaki,Gorkha,Shahid Lakhan,NP04,NP0436,NP0436408,9,NA,population projections 2026,female,age_group_60_64,87
Gandaki,Gorkha,Shahid Lakhan,NP04,NP0436,NP0436408,9,NA,population projections 2026,total,age_group_65_69,152
Gandaki,Gorkha,Shahid Lakhan,NP04,NP0436,NP0436408,9,NA,population projections 2026,male,age_group_65_69,68
Gandaki,Gorkha,Shahid Lakhan,NP04,NP0436,NP0436408,9,NA,population projections 2026,female,age_group_65_69,84
Gandaki,Gorkha,Shahid Lakhan,NP04,NP0436,NP0436408,9,NA,population projections 2026,total,age_group_70_74,123
Gandaki,Gorkha,Shahid Lakhan,NP04,NP0436,NP0436408,9,NA,population projections 2026,male,age_group_70_74,57
Gandaki,Gorkha,Shahid Lakhan,NP04,NP0436,NP0436408,9,NA,population projections 2026,female,age_group_70_74,66
Gandaki,Gorkha,Shahid Lakhan,NP04,NP0436,NP0436408,9,NA,population projections 2026,total,age_group_75_79,84
Gandaki,Gorkha,Shahid Lakhan,NP04,NP0436,NP0436408,9,NA,population projections 2026,male,age_group_75_79,36
Gandaki,Gorkha,Shahid Lakhan,NP04,NP0436,NP0436408,9,NA,population projections 2026,female,age_group_75_79,48
Gandaki,Gorkha,Shahid Lakhan,NP04,NP0436,NP0436408,9,NA,population projections 2026,total,age_group_80_84,51
Gandaki,Gorkha,Shahid Lakhan,NP04,NP0436,NP0436408,9,NA,population projections 2026,male,age_group_80_84,24
Gandaki,Gorkha,Shahid Lakhan,NP04,NP0436,NP0436408,9,NA,population projections 2026,female,age_group_80_84,27
Gandaki,Gorkha,Shahid Lakhan,NP04,NP0436,NP0436408,9,NA,population projections 2026,total,age_group_85_89,19
Gandaki,Gorkha,Shahid Lakhan,NP04,NP0436,NP0436408,9,NA,population projections 2026,male,age_group_85_89,9
Gandaki,Gorkha,Shahid Lakhan,NP04,NP0436,NP0436408,9,NA,population projections 2026,female,age_group_85_89,10
Gandaki,Gorkha,Shahid Lakhan,NP04,NP0436,NP0436408,9,NA,population projections 2026,total,age_group_90_94,9
Gandaki,Gorkha,Shahid Lakhan,NP04,NP0436,NP0436408,9,NA,population projections 2026,male,age_group_90_94,4
Gandaki,Gorkha,Shahid Lakhan,NP04,NP0436,NP0436408,9,NA,population projections 2026,female,age_group_90_94,5
Gandaki,Gorkha,Shahid Lakhan,NP04,NP0436,NP0436408,9,NA,population projections 2026,total,age_group_95plus,3
Gandaki,Gorkha,Shahid Lakhan,NP04,NP0436,NP0436408,9,NA,population projections 2026,male,age_group_95plus,0
Gandaki,Gorkha,Shahid Lakhan,NP04,NP0436,NP0436408,9,NA,population projections 2026,female,age_group_95plus,3
Bagmati,Chitawan,Ichchha Kamana,NP03,NP0335,NP0335401,1,NA,population projections 2026,total,population_total,2931
Bagmati,Chitawan,Ichchha Kamana,NP03,NP0335,NP0335401,1,NA,population projections 2026,male,population_overall_male,1536
Bagmati,Chitawan,Ichchha Kamana,NP03,NP0335,NP0335401,1,NA,population projections 2026,female,population_overall_female,1395
Bagmati,Chitawan,Ichchha Kamana,NP03,NP0335,NP0335401,1,NA,population projections 2026,total,age_group_0_4,216
Bagmati,Chitawan,Ichchha Kamana,NP03,NP0335,NP0335401,1,NA,population projections 2026,male,age_group_0_4,116
Bagmati,Chitawan,Ichchha Kamana,NP03,NP0335,NP0335401,1,NA,population projections 2026,female,age_group_0_4,100
Bagmati,Chitawan,Ichchha Kamana,NP03,NP0335,NP0335401,1,NA,population projections 2026,total,age_group_5_9,414
Bagmati,Chitawan,Ichchha Kamana,NP03,NP0335,NP0335401,1,NA,population projections 2026,male,age_group_5_9,205
Bagmati,Chitawan,Ichchha Kamana,NP03,NP0335,NP0335401,1,NA,population projections 2026,female,age_group_5_9,209
Bagmati,Chitawan,Ichchha Kamana,NP03,NP0335,NP0335401,1,NA,population projections 2026,total,age_group_10_14,387
Bagmati,Chitawan,Ichchha Kamana,NP03,NP0335,NP0335401,1,NA,population projections 2026,male,age_group_10_14,203
Bagmati,Chitawan,Ichchha Kamana,NP03,NP0335,NP0335401,1,NA,population projections 2026,female,age_group_10_14,184
Bagmati,Chitawan,Ichchha Kamana,NP03,NP0335,NP0335401,1,NA,population projections 2026,total,age_group_15_19,358
Bagmati,Chitawan,Ichchha Kamana,NP03,NP0335,NP0335401,1,NA,population projections 2026,male,age_group_15_19,188
Bagmati,Chitawan,Ichchha Kamana,NP03,NP0335,NP0335401,1,NA,population projections 2026,female,age_group_15_19,170
Bagmati,Chitawan,Ichchha Kamana,NP03,NP0335,NP0335401,1,NA,population projections 2026,total,age_group_20_24,237
Bagmati,Chitawan,Ichchha Kamana,NP03,NP0335,NP0335401,1,NA,population projections 2026,male,age_group_20_24,115
Bagmati,Chitawan,Ichchha Kamana,NP03,NP0335,NP0335401,1,NA,population projections 2026,female,age_group_20_24,122
Bagmati,Chitawan,Ichchha Kamana,NP03,NP0335,NP0335401,1,NA,population projections 2026,total,age_group_25_29,214
Bagmati,Chitawan,Ichchha Kamana,NP03,NP0335,NP0335401,1,NA,population projections 2026,male,age_group_25_29,106
Bagmati,Chitawan,Ichchha Kamana,NP03,NP0335,NP0335401,1,NA,population projections 2026,female,age_group_25_29,108
Bagmati,Chitawan,Ichchha Kamana,NP03,NP0335,NP0335401,1,NA,population projections 2026,total,age_group_30_34,209
Bagmati,Chitawan,Ichchha Kamana,NP03,NP0335,NP0335401,1,NA,population projections 2026,male,age_group_30_34,110
Bagmati,Chitawan,Ichchha Kamana,NP03,NP0335,NP0335401,1,NA,population projections 2026,female,age_group_30_34,99
Bagmati,Chitawan,Ichchha Kamana,NP03,NP0335,NP0335401,1,NA,population projections 2026,total,age_group_35_39,149
Bagmati,Chitawan,Ichchha Kamana,NP03,NP0335,NP0335401,1,NA,population projections 2026,male,age_group_35_39,93
Bagmati,Chitawan,Ichchha Kamana,NP03,NP0335,NP0335401,1,NA,population projections 2026,female,age_group_35_39,56
Bagmati,Chitawan,Ichchha Kamana,NP03,NP0335,NP0335401,1,NA,population projections 2026,total,age_group_40_44,145
Bagmati,Chitawan,Ichchha Kamana,NP03,NP0335,NP0335401,1,NA,population projections 2026,male,age_group_40_44,76
Bagmati,Chitawan,Ichchha Kamana,NP03,NP0335,NP0335401,1,NA,population projections 2026,female,age_group_40_44,69
Bagmati,Chitawan,Ichchha Kamana,NP03,NP0335,NP0335401,1,NA,population projections 2026,total,age_group_45_49,120
Bagmati,Chitawan,Ichchha Kamana,NP03,NP0335,NP0335401,1,NA,population projections 2026,male,age_group_45_49,63
Bagmati,Chitawan,Ichchha Kamana,NP03,NP0335,NP0335401,1,NA,population projections 2026,female,age_group_45_49,57
Bagmati,Chitawan,Ichchha Kamana,NP03,NP0335,NP0335401,1,NA,population projections 2026,total,age_group_50_54,118
Bagmati,Chitawan,Ichchha Kamana,NP03,NP0335,NP0335401,1,NA,population projections 2026,male,age_group_50_54,68
Bagmati,Chitawan,Ichchha Kamana,NP03,NP0335,NP0335401,1,NA,population projections 2026,female,age_group_50_54,50
Bagmati,Chitawan,Ichchha Kamana,NP03,NP0335,NP0335401,1,NA,population projections 2026,total,age_group_55_59,108
Bagmati,Chitawan,Ichchha Kamana,NP03,NP0335,NP0335401,1,NA,population projections 2026,male,age_group_55_59,64
Bagmati,Chitawan,Ichchha Kamana,NP03,NP0335,NP0335401,1,NA,population projections 2026,female,age_group_55_59,44
Bagmati,Chitawan,Ichchha Kamana,NP03,NP0335,NP0335401,1,NA,population projections 2026,total,age_group_60_64,88
Bagmati,Chitawan,Ichchha Kamana,NP03,NP0335,NP0335401,1,NA,population projections 2026,male,age_group_60_64,50
Bagmati,Chitawan,Ichchha Kamana,NP03,NP0335,NP0335401,1,NA,population projections 2026,female,age_group_60_64,38
Bagmati,Chitawan,Ichchha Kamana,NP03,NP0335,NP0335401,1,NA,population projections 2026,total,age_group_65_69,56
Bagmati,Chitawan,Ichchha Kamana,NP03,NP0335,NP0335401,1,NA,population projections 2026,male,age_group_65_69,28
Bagmati,Chitawan,Ichchha Kamana,NP03,NP0335,NP0335401,1,NA,population projections 2026,female,age_group_65_69,28
Bagmati,Chitawan,Ichchha Kamana,NP03,NP0335,NP0335401,1,NA,population projections 2026,total,age_group_70_74,50
Bagmati,Chitawan,Ichchha Kamana,NP03,NP0335,NP0335401,1,NA,population projections 2026,male,age_group_70_74,24
Bagmati,Chitawan,Ichchha Kamana,NP03,NP0335,NP0335401,1,NA,population projections 2026,female,age_group_70_74,26
Bagmati,Chitawan,Ichchha Kamana,NP03,NP0335,NP0335401,1,NA,population projections 2026,total,age_group_75_79,35
Bagmati,Chitawan,Ichchha Kamana,NP03,NP0335,NP0335401,1,NA,population projections 2026,male,age_group_75_79,15
Bagmati,Chitawan,Ichchha Kamana,NP03,NP0335,NP0335401,1,NA,population projections 2026,female,age_group_75_79,20
Bagmati,Chitawan,Ichchha Kamana,NP03,NP0335,NP0335401,1,NA,population projections 2026,total,age_group_80_84,16
Bagmati,Chitawan,Ichchha Kamana,NP03,NP0335,NP0335401,1,NA,population projections 2026,male,age_group_80_84,6
Bagmati,Chitawan,Ichchha Kamana,NP03,NP0335,NP0335401,1,NA,population projections 2026,female,age_group_80_84,10
Bagmati,Chitawan,Ichchha Kamana,NP03,NP0335,NP0335401,1,NA,population projections 2026,total,age_group_85_89,10
Bagmati,Chitawan,Ichchha Kamana,NP03,NP0335,NP0335401,1,NA,population projections 2026,male,age_group_85_89,5
Bagmati,Chitawan,Ichchha Kamana,NP03,NP0335,NP0335401,1,NA,population projections 2026,female,age_group_85_89,5
Bagmati,Chitawan,Ichchha Kamana,NP03,NP0335,NP0335401,1,NA,population projections 2026,total,age_group_90_94,1
Bagmati,Chitawan,Ichchha Kamana,NP03,NP0335,NP0335401,1,NA,population projections 2026,male,age_group_90_94,1
Bagmati,Chitawan,Ichchha Kamana,NP03,NP0335,NP0335401,1,NA,population projections 2026,female,age_group_90_94,0
Bagmati,Chitawan,Ichchha Kamana,NP03,NP0335,NP0335401,1,NA,population projections 2026,total,age_group_95plus,0
Bagmati,Chitawan,Ichchha Kamana,NP03,NP0335,NP0335401,1,NA,population projections 2026,male,age_group_95plus,0
Bagmati,Chitawan,Ichchha Kamana,NP03,NP0335,NP0335401,1,NA,population projections 2026,female,age_group_95plus,0
Bagmati,Chitawan,Ichchha Kamana,NP03,NP0335,NP0335401,2,NA,population projections 2026,total,population_total,2829
Bagmati,Chitawan,Ichchha Kamana,NP03,NP0335,NP0335401,2,NA,population projections 2026,male,population_overall_male,1546
Bagmati,Chitawan,Ichchha Kamana,NP03,NP0335,NP0335401,2,NA,population projections 2026,female,population_overall_female,1283
Bagmati,Chitawan,Ichchha Kamana,NP03,NP0335,NP0335401,2,NA,population projections 2026,total,age_group_0_4,206
Bagmati,Chitawan,Ichchha Kamana,NP03,NP0335,NP0335401,2,NA,population projections 2026,male,age_group_0_4,111
Bagmati,Chitawan,Ichchha Kamana,NP03,NP0335,NP0335401,2,NA,population projections 2026,female,age_group_0_4,95
Bagmati,Chitawan,Ichchha Kamana,NP03,NP0335,NP0335401,2,NA,population projections 2026,total,age_group_5_9,293
Bagmati,Chitawan,Ichchha Kamana,NP03,NP0335,NP0335401,2,NA,population projections 2026,male,age_group_5_9,171
Bagmati,Chitawan,Ichchha Kamana,NP03,NP0335,NP0335401,2,NA,population projections 2026,female,age_group_5_9,122
Bagmati,Chitawan,Ichchha Kamana,NP03,NP0335,NP0335401,2,NA,population projections 2026,total,age_group_10_14,305
Bagmati,Chitawan,Ichchha Kamana,NP03,NP0335,NP0335401,2,NA,population projections 2026,male,age_group_10_14,158
Bagmati,Chitawan,Ichchha Kamana,NP03,NP0335,NP0335401,2,NA,population projections 2026,female,age_group_10_14,147
Bagmati,Chitawan,Ichchha Kamana,NP03,NP0335,NP0335401,2,NA,population projections 2026,total,age_group_15_19,316
Bagmati,Chitawan,Ichchha Kamana,NP03,NP0335,NP0335401,2,NA,population projections 2026,male,age_group_15_19,156
Bagmati,Chitawan,Ichchha Kamana,NP03,NP0335,NP0335401,2,NA,population projections 2026,female,age_group_15_19,160
Bagmati,Chitawan,Ichchha Kamana,NP03,NP0335,NP0335401,2,NA,population projections 2026,total,age_group_20_24,268
Bagmati,Chitawan,Ichchha Kamana,NP03,NP0335,NP0335401,2,NA,population projections 2026,male,age_group_20_24,133
Bagmati,Chitawan,Ichchha Kamana,NP03,NP0335,NP0335401,2,NA,population projections 2026,female,age_group_20_24,135
Bagmati,Chitawan,Ichchha Kamana,NP03,NP0335,NP0335401,2,NA,population projections 2026,total,age_group_25_29,218
Bagmati,Chitawan,Ichchha Kamana,NP03,NP0335,NP0335401,2,NA,population projections 2026,male,age_group_25_29,119
Bagmati,Chitawan,Ichchha Kamana,NP03,NP0335,NP0335401,2,NA,population projections 2026,female,age_group_25_29,99
Bagmati,Chitawan,Ichchha Kamana,NP03,NP0335,NP0335401,2,NA,population projections 2026,total,age_group_30_34,207
Bagmati,Chitawan,Ichchha Kamana,NP03,NP0335,NP0335401,2,NA,population projections 2026,male,age_group_30_34,125
Bagmati,Chitawan,Ichchha Kamana,NP03,NP0335,NP0335401,2,NA,population projections 2026,female,age_group_30_34,82
Bagmati,Chitawan,Ichchha Kamana,NP03,NP0335,NP0335401,2,NA,population projections 2026,total,age_group_35_39,159
Bagmati,Chitawan,Ichchha Kamana,NP03,NP0335,NP0335401,2,NA,population projections 2026,male,age_group_35_39,94
Bagmati,Chitawan,Ichchha Kamana,NP03,NP0335,NP0335401,2,NA,population projections 2026,female,age_group_35_39,65
Bagmati,Chitawan,Ichchha Kamana,NP03,NP0335,NP0335401,2,NA,population projections 2026,total,age_group_40_44,151
Bagmati,Chitawan,Ichchha Kamana,NP03,NP0335,NP0335401,2,NA,population projections 2026,male,age_group_40_44,83
Bagmati,Chitawan,Ichchha Kamana,NP03,NP0335,NP0335401,2,NA,population projections 2026,female,age_group_40_44,68
Bagmati,Chitawan,Ichchha Kamana,NP03,NP0335,NP0335401,2,NA,population projections 2026,total,age_group_45_49,137
Bagmati,Chitawan,Ichchha Kamana,NP03,NP0335,NP0335401,2,NA,population projections 2026,male,age_group_45_49,66
Bagmati,Chitawan,Ichchha Kamana,NP03,NP0335,NP0335401,2,NA,population projections 2026,female,age_group_45_49,71
Bagmati,Chitawan,Ichchha Kamana,NP03,NP0335,NP0335401,2,NA,population projections 2026,total,age_group_50_54,144
Bagmati,Chitawan,Ichchha Kamana,NP03,NP0335,NP0335401,2,NA,population projections 2026,male,age_group_50_54,88
Bagmati,Chitawan,Ichchha Kamana,NP03,NP0335,NP0335401,2,NA,population projections 2026,female,age_group_50_54,56
Bagmati,Chitawan,Ichchha Kamana,NP03,NP0335,NP0335401,2,NA,population projections 2026,total,age_group_55_59,131
Bagmati,Chitawan,Ichchha Kamana,NP03,NP0335,NP0335401,2,NA,population projections 2026,male,age_group_55_59,80
Bagmati,Chitawan,Ichchha Kamana,NP03,NP0335,NP0335401,2,NA,population projections 2026,female,age_group_55_59,51
Bagmati,Chitawan,Ichchha Kamana,NP03,NP0335,NP0335401,2,NA,population projections 2026,total,age_group_60_64,95
Bagmati,Chitawan,Ichchha Kamana,NP03,NP0335,NP0335401,2,NA,population projections 2026,male,age_group_60_64,53
Bagmati,Chitawan,Ichchha Kamana,NP03,NP0335,NP0335401,2,NA,population projections 2026,female,age_group_60_64,42
Bagmati,Chitawan,Ichchha Kamana,NP03,NP0335,NP0335401,2,NA,population projections 2026,total,age_group_65_69,60
Bagmati,Chitawan,Ichchha Kamana,NP03,NP0335,NP0335401,2,NA,population projections 2026,male,age_group_65_69,29
Bagmati,Chitawan,Ichchha Kamana,NP03,NP0335,NP0335401,2,NA,population projections 2026,female,age_group_65_69,31
Bagmati,Chitawan,Ichchha Kamana,NP03,NP0335,NP0335401,2,NA,population projections 2026,total,age_group_70_74,48
Bagmati,Chitawan,Ichchha Kamana,NP03,NP0335,NP0335401,2,NA,population projections 2026,male,age_group_70_74,26
Bagmati,Chitawan,Ichchha Kamana,NP03,NP0335,NP0335401,2,NA,population projections 2026,female,age_group_70_74,22
Bagmati,Chitawan,Ichchha Kamana,NP03,NP0335,NP0335401,2,NA,population projections 2026,total,age_group_75_79,57
Bagmati,Chitawan,Ichchha Kamana,NP03,NP0335,NP0335401,2,NA,population projections 2026,male,age_group_75_79,32
Bagmati,Chitawan,Ichchha Kamana,NP03,NP0335,NP0335401,2,NA,population projections 2026,female,age_group_75_79,25
Bagmati,Chitawan,Ichchha Kamana,NP03,NP0335,NP0335401,2,NA,population projections 2026,total,age_group_80_84,22
Bagmati,Chitawan,Ichchha Kamana,NP03,NP0335,NP0335401,2,NA,population projections 2026,male,age_group_80_84,14
Bagmati,Chitawan,Ichchha Kamana,NP03,NP0335,NP0335401,2,NA,population projections 2026,female,age_group_80_84,8
Bagmati,Chitawan,Ichchha Kamana,NP03,NP0335,NP0335401,2,NA,population projections 2026,total,age_group_85_89,9
Bagmati,Chitawan,Ichchha Kamana,NP03,NP0335,NP0335401,2,NA,population projections 2026,male,age_group_85_89,5
Bagmati,Chitawan,Ichchha Kamana,NP03,NP0335,NP0335401,2,NA,population projections 2026,female,age_group_85_89,4
Bagmati,Chitawan,Ichchha Kamana,NP03,NP0335,NP0335401,2,NA,population projections 2026,total,age_group_90_94,3
Bagmati,Chitawan,Ichchha Kamana,NP03,NP0335,NP0335401,2,NA,population projections 2026,male,age_group_90_94,3
Bagmati,Chitawan,Ichchha Kamana,NP03,NP0335,NP0335401,2,NA,population projections 2026,female,age_group_90_94,0
Bagmati,Chitawan,Ichchha Kamana,NP03,NP0335,NP0335401,2,NA,population projections 2026,total,age_group_95plus,0
Bagmati,Chitawan,Ichchha Kamana,NP03,NP0335,NP0335401,2,NA,population projections 2026,male,age_group_95plus,0
Bagmati,Chitawan,Ichchha Kamana,NP03,NP0335,NP0335401,2,NA,population projections 2026,female,age_group_95plus,0
Bagmati,Chitawan,Ichchha Kamana,NP03,NP0335,NP0335401,3,affected,population projections 2026,total,population_total,2678
Bagmati,Chitawan,Ichchha Kamana,NP03,NP0335,NP0335401,3,affected,population projections 2026,male,population_overall_male,1387
Bagmati,Chitawan,Ichchha Kamana,NP03,NP0335,NP0335401,3,affected,population projections 2026,female,population_overall_female,1291
Bagmati,Chitawan,Ichchha Kamana,NP03,NP0335,NP0335401,3,affected,population projections 2026,total,age_group_0_4,201
Bagmati,Chitawan,Ichchha Kamana,NP03,NP0335,NP0335401,3,affected,population projections 2026,male,age_group_0_4,109
Bagmati,Chitawan,Ichchha Kamana,NP03,NP0335,NP0335401,3,affected,population projections 2026,female,age_group_0_4,92
Bagmati,Chitawan,Ichchha Kamana,NP03,NP0335,NP0335401,3,affected,population projections 2026,total,age_group_5_9,209
Bagmati,Chitawan,Ichchha Kamana,NP03,NP0335,NP0335401,3,affected,population projections 2026,male,age_group_5_9,104
Bagmati,Chitawan,Ichchha Kamana,NP03,NP0335,NP0335401,3,affected,population projections 2026,female,age_group_5_9,105
Bagmati,Chitawan,Ichchha Kamana,NP03,NP0335,NP0335401,3,affected,population projections 2026,total,age_group_10_14,236
Bagmati,Chitawan,Ichchha Kamana,NP03,NP0335,NP0335401,3,affected,population projections 2026,male,age_group_10_14,119
Bagmati,Chitawan,Ichchha Kamana,NP03,NP0335,NP0335401,3,affected,population projections 2026,female,age_group_10_14,117
Bagmati,Chitawan,Ichchha Kamana,NP03,NP0335,NP0335401,3,affected,population projections 2026,total,age_group_15_19,216
Bagmati,Chitawan,Ichchha Kamana,NP03,NP0335,NP0335401,3,affected,population projections 2026,male,age_group_15_19,105
Bagmati,Chitawan,Ichchha Kamana,NP03,NP0335,NP0335401,3,affected,population projections 2026,female,age_group_15_19,111
Bagmati,Chitawan,Ichchha Kamana,NP03,NP0335,NP0335401,3,affected,population projections 2026,total,age_group_20_24,192
Bagmati,Chitawan,Ichchha Kamana,NP03,NP0335,NP0335401,3,affected,population projections 2026,male,age_group_20_24,99
Bagmati,Chitawan,Ichchha Kamana,NP03,NP0335,NP0335401,3,affected,population projections 2026,female,age_group_20_24,93
Bagmati,Chitawan,Ichchha Kamana,NP03,NP0335,NP0335401,3,affected,population projections 2026,total,age_group_25_29,196
Bagmati,Chitawan,Ichchha Kamana,NP03,NP0335,NP0335401,3,affected,population projections 2026,male,age_group_25_29,93
Bagmati,Chitawan,Ichchha Kamana,NP03,NP0335,NP0335401,3,affected,population projections 2026,female,age_group_25_29,103
Bagmati,Chitawan,Ichchha Kamana,NP03,NP0335,NP0335401,3,affected,population projections 2026,total,age_group_30_34,219
Bagmati,Chitawan,Ichchha Kamana,NP03,NP0335,NP0335401,3,affected,population projections 2026,male,age_group_30_34,115
Bagmati,Chitawan,Ichchha Kamana,NP03,NP0335,NP0335401,3,affected,population projections 2026,female,age_group_30_34,104
Bagmati,Chitawan,Ichchha Kamana,NP03,NP0335,NP0335401,3,affected,population projections 2026,total,age_group_35_39,181
Bagmati,Chitawan,Ichchha Kamana,NP03,NP0335,NP0335401,3,affected,population projections 2026,male,age_group_35_39,103
Bagmati,Chitawan,Ichchha Kamana,NP03,NP0335,NP0335401,3,affected,population projections 2026,female,age_group_35_39,78
Bagmati,Chitawan,Ichchha Kamana,NP03,NP0335,NP0335401,3,affected,population projections 2026,total,age_group_40_44,175
Bagmati,Chitawan,Ichchha Kamana,NP03,NP0335,NP0335401,3,affected,population projections 2026,male,age_group_40_44,98
Bagmati,Chitawan,Ichchha Kamana,NP03,NP0335,NP0335401,3,affected,population projections 2026,female,age_group_40_44,77
Bagmati,Chitawan,Ichchha Kamana,NP03,NP0335,NP0335401,3,affected,population projections 2026,total,age_group_45_49,171
Bagmati,Chitawan,Ichchha Kamana,NP03,NP0335,NP0335401,3,affected,population projections 2026,male,age_group_45_49,95
Bagmati,Chitawan,Ichchha Kamana,NP03,NP0335,NP0335401,3,affected,population projections 2026,female,age_group_45_49,76
Bagmati,Chitawan,Ichchha Kamana,NP03,NP0335,NP0335401,3,affected,population projections 2026,total,age_group_50_54,161
Bagmati,Chitawan,Ichchha Kamana,NP03,NP0335,NP0335401,3,affected,population projections 2026,male,age_group_50_54,83
Bagmati,Chitawan,Ichchha Kamana,NP03,NP0335,NP0335401,3,affected,population projections 2026,female,age_group_50_54,78
Bagmati,Chitawan,Ichchha Kamana,NP03,NP0335,NP0335401,3,affected,population projections 2026,total,age_group_55_59,148
Bagmati,Chitawan,Ichchha Kamana,NP03,NP0335,NP0335401,3,affected,population projections 2026,male,age_group_55_59,84
Bagmati,Chitawan,Ichchha Kamana,NP03,NP0335,NP0335401,3,affected,population projections 2026,female,age_group_55_59,64
Bagmati,Chitawan,Ichchha Kamana,NP03,NP0335,NP0335401,3,affected,population projections 2026,total,age_group_60_64,99
Bagmati,Chitawan,Ichchha Kamana,NP03,NP0335,NP0335401,3,affected,population projections 2026,male,age_group_60_64,58
Bagmati,Chitawan,Ichchha Kamana,NP03,NP0335,NP0335401,3,affected,population projections 2026,female,age_group_60_64,41
Bagmati,Chitawan,Ichchha Kamana,NP03,NP0335,NP0335401,3,affected,population projections 2026,total,age_group_65_69,88
Bagmati,Chitawan,Ichchha Kamana,NP03,NP0335,NP0335401,3,affected,population projections 2026,male,age_group_65_69,38
Bagmati,Chitawan,Ichchha Kamana,NP03,NP0335,NP0335401,3,affected,population projections 2026,female,age_group_65_69,50
Bagmati,Chitawan,Ichchha Kamana,NP03,NP0335,NP0335401,3,affected,population projections 2026,total,age_group_70_74,80
Bagmati,Chitawan,Ichchha Kamana,NP03,NP0335,NP0335401,3,affected,population projections 2026,male,age_group_70_74,36
Bagmati,Chitawan,Ichchha Kamana,NP03,NP0335,NP0335401,3,affected,population projections 2026,female,age_group_70_74,44
Bagmati,Chitawan,Ichchha Kamana,NP03,NP0335,NP0335401,3,affected,population projections 2026,total,age_group_75_79,53
Bagmati,Chitawan,Ichchha Kamana,NP03,NP0335,NP0335401,3,affected,population projections 2026,male,age_group_75_79,23
Bagmati,Chitawan,Ichchha Kamana,NP03,NP0335,NP0335401,3,affected,population projections 2026,female,age_group_75_79,30
Bagmati,Chitawan,Ichchha Kamana,NP03,NP0335,NP0335401,3,affected,population projections 2026,total,age_group_80_84,28
Bagmati,Chitawan,Ichchha Kamana,NP03,NP0335,NP0335401,3,affected,population projections 2026,male,age_group_80_84,14
Bagmati,Chitawan,Ichchha Kamana,NP03,NP0335,NP0335401,3,affected,population projections 2026,female,age_group_80_84,14
Bagmati,Chitawan,Ichchha Kamana,NP03,NP0335,NP0335401,3,affected,population projections 2026,total,age_group_85_89,15
Bagmati,Chitawan,Ichchha Kamana,NP03,NP0335,NP0335401,3,affected,population projections 2026,male,age_group_85_89,8
Bagmati,Chitawan,Ichchha Kamana,NP03,NP0335,NP0335401,3,affected,population projections 2026,female,age_group_85_89,7
Bagmati,Chitawan,Ichchha Kamana,NP03,NP0335,NP0335401,3,affected,population projections 2026,total,age_group_90_94,8
Bagmati,Chitawan,Ichchha Kamana,NP03,NP0335,NP0335401,3,affected,population projections 2026,male,age_group_90_94,3
Bagmati,Chitawan,Ichchha Kamana,NP03,NP0335,NP0335401,3,affected,population projections 2026,female,age_group_90_94,5
Bagmati,Chitawan,Ichchha Kamana,NP03,NP0335,NP0335401,3,affected,population projections 2026,total,age_group_95plus,2
Bagmati,Chitawan,Ichchha Kamana,NP03,NP0335,NP0335401,3,affected,population projections 2026,male,age_group_95plus,0
Bagmati,Chitawan,Ichchha Kamana,NP03,NP0335,NP0335401,3,affected,population projections 2026,female,age_group_95plus,2
Bagmati,Chitawan,Ichchha Kamana,NP03,NP0335,NP0335401,4,affected,population projections 2026,total,population_total,3630
Bagmati,Chitawan,Ichchha Kamana,NP03,NP0335,NP0335401,4,affected,population projections 2026,male,population_overall_male,1962
Bagmati,Chitawan,Ichchha Kamana,NP03,NP0335,NP0335401,4,affected,population projections 2026,female,population_overall_female,1668
Bagmati,Chitawan,Ichchha Kamana,NP03,NP0335,NP0335401,4,affected,population projections 2026,total,age_group_0_4,274
Bagmati,Chitawan,Ichchha Kamana,NP03,NP0335,NP0335401,4,affected,population projections 2026,male,age_group_0_4,148
Bagmati,Chitawan,Ichchha Kamana,NP03,NP0335,NP0335401,4,affected,population projections 2026,female,age_group_0_4,126
Bagmati,Chitawan,Ichchha Kamana,NP03,NP0335,NP0335401,4,affected,population projections 2026,total,age_group_5_9,303
Bagmati,Chitawan,Ichchha Kamana,NP03,NP0335,NP0335401,4,affected,population projections 2026,male,age_group_5_9,165
Bagmati,Chitawan,Ichchha Kamana,NP03,NP0335,NP0335401,4,affected,population projections 2026,female,age_group_5_9,138
Bagmati,Chitawan,Ichchha Kamana,NP03,NP0335,NP0335401,4,affected,population projections 2026,total,age_group_10_14,335
Bagmati,Chitawan,Ichchha Kamana,NP03,NP0335,NP0335401,4,affected,population projections 2026,male,age_group_10_14,189
Bagmati,Chitawan,Ichchha Kamana,NP03,NP0335,NP0335401,4,affected,population projections 2026,female,age_group_10_14,146
Bagmati,Chitawan,Ichchha Kamana,NP03,NP0335,NP0335401,4,affected,population projections 2026,total,age_group_15_19,314
Bagmati,Chitawan,Ichchha Kamana,NP03,NP0335,NP0335401,4,affected,population projections 2026,male,age_group_15_19,173
Bagmati,Chitawan,Ichchha Kamana,NP03,NP0335,NP0335401,4,affected,population projections 2026,female,age_group_15_19,141
Bagmati,Chitawan,Ichchha Kamana,NP03,NP0335,NP0335401,4,affected,population projections 2026,total,age_group_20_24,278
Bagmati,Chitawan,Ichchha Kamana,NP03,NP0335,NP0335401,4,affected,population projections 2026,male,age_group_20_24,143
Bagmati,Chitawan,Ichchha Kamana,NP03,NP0335,NP0335401,4,affected,population projections 2026,female,age_group_20_24,135
Bagmati,Chitawan,Ichchha Kamana,NP03,NP0335,NP0335401,4,affected,population projections 2026,total,age_group_25_29,272
Bagmati,Chitawan,Ichchha Kamana,NP03,NP0335,NP0335401,4,affected,population projections 2026,male,age_group_25_29,141
Bagmati,Chitawan,Ichchha Kamana,NP03,NP0335,NP0335401,4,affected,population projections 2026,female,age_group_25_29,131
Bagmati,Chitawan,Ichchha Kamana,NP03,NP0335,NP0335401,4,affected,population projections 2026,total,age_group_30_34,324
Bagmati,Chitawan,Ichchha Kamana,NP03,NP0335,NP0335401,4,affected,population projections 2026,male,age_group_30_34,187
Bagmati,Chitawan,Ichchha Kamana,NP03,NP0335,NP0335401,4,affected,population projections 2026,female,age_group_30_34,137
Bagmati,Chitawan,Ichchha Kamana,NP03,NP0335,NP0335401,4,affected,population projections 2026,total,age_group_35_39,301
Bagmati,Chitawan,Ichchha Kamana,NP03,NP0335,NP0335401,4,affected,population projections 2026,male,age_group_35_39,174
Bagmati,Chitawan,Ichchha Kamana,NP03,NP0335,NP0335401,4,affected,population projections 2026,female,age_group_35_39,127
Bagmati,Chitawan,Ichchha Kamana,NP03,NP0335,NP0335401,4,affected,population projections 2026,total,age_group_40_44,258
Bagmati,Chitawan,Ichchha Kamana,NP03,NP0335,NP0335401,4,affected,population projections 2026,male,age_group_40_44,131
Bagmati,Chitawan,Ichchha Kamana,NP03,NP0335,NP0335401,4,affected,population projections 2026,female,age_group_40_44,127
Bagmati,Chitawan,Ichchha Kamana,NP03,NP0335,NP0335401,4,affected,population projections 2026,total,age_group_45_49,224
Bagmati,Chitawan,Ichchha Kamana,NP03,NP0335,NP0335401,4,affected,population projections 2026,male,age_group_45_49,123
Bagmati,Chitawan,Ichchha Kamana,NP03,NP0335,NP0335401,4,affected,population projections 2026,female,age_group_45_49,101
Bagmati,Chitawan,Ichchha Kamana,NP03,NP0335,NP0335401,4,affected,population projections 2026,total,age_group_50_54,194
Bagmati,Chitawan,Ichchha Kamana,NP03,NP0335,NP0335401,4,affected,population projections 2026,male,age_group_50_54,111
Bagmati,Chitawan,Ichchha Kamana,NP03,NP0335,NP0335401,4,affected,population projections 2026,female,age_group_50_54,83
Bagmati,Chitawan,Ichchha Kamana,NP03,NP0335,NP0335401,4,affected,population projections 2026,total,age_group_55_59,151
Bagmati,Chitawan,Ichchha Kamana,NP03,NP0335,NP0335401,4,affected,population projections 2026,male,age_group_55_59,87
Bagmati,Chitawan,Ichchha Kamana,NP03,NP0335,NP0335401,4,affected,population projections 2026,female,age_group_55_59,64
Bagmati,Chitawan,Ichchha Kamana,NP03,NP0335,NP0335401,4,affected,population projections 2026,total,age_group_60_64,132
Bagmati,Chitawan,Ichchha Kamana,NP03,NP0335,NP0335401,4,affected,population projections 2026,male,age_group_60_64,69
Bagmati,Chitawan,Ichchha Kamana,NP03,NP0335,NP0335401,4,affected,population projections 2026,female,age_group_60_64,63
Bagmati,Chitawan,Ichchha Kamana,NP03,NP0335,NP0335401,4,affected,population projections 2026,total,age_group_65_69,97
Bagmati,Chitawan,Ichchha Kamana,NP03,NP0335,NP0335401,4,affected,population projections 2026,male,age_group_65_69,43
Bagmati,Chitawan,Ichchha Kamana,NP03,NP0335,NP0335401,4,affected,population projections 2026,female,age_group_65_69,54
Bagmati,Chitawan,Ichchha Kamana,NP03,NP0335,NP0335401,4,affected,population projections 2026,total,age_group_70_74,76
Bagmati,Chitawan,Ichchha Kamana,NP03,NP0335,NP0335401,4,affected,population projections 2026,male,age_group_70_74,39
Bagmati,Chitawan,Ichchha Kamana,NP03,NP0335,NP0335401,4,affected,population projections 2026,female,age_group_70_74,37
Bagmati,Chitawan,Ichchha Kamana,NP03,NP0335,NP0335401,4,affected,population projections 2026,total,age_group_75_79,52
Bagmati,Chitawan,Ichchha Kamana,NP03,NP0335,NP0335401,4,affected,population projections 2026,male,age_group_75_79,21
Bagmati,Chitawan,Ichchha Kamana,NP03,NP0335,NP0335401,4,affected,population projections 2026,female,age_group_75_79,31
Bagmati,Chitawan,Ichchha Kamana,NP03,NP0335,NP0335401,4,affected,population projections 2026,total,age_group_80_84,25
Bagmati,Chitawan,Ichchha Kamana,NP03,NP0335,NP0335401,4,affected,population projections 2026,male,age_group_80_84,9
Bagmati,Chitawan,Ichchha Kamana,NP03,NP0335,NP0335401,4,affected,population projections 2026,female,age_group_80_84,16
Bagmati,Chitawan,Ichchha Kamana,NP03,NP0335,NP0335401,4,affected,population projections 2026,total,age_group_85_89,11
Bagmati,Chitawan,Ichchha Kamana,NP03,NP0335,NP0335401,4,affected,population projections 2026,male,age_group_85_89,5
Bagmati,Chitawan,Ichchha Kamana,NP03,NP0335,NP0335401,4,affected,population projections 2026,female,age_group_85_89,6
Bagmati,Chitawan,Ichchha Kamana,NP03,NP0335,NP0335401,4,affected,population projections 2026,total,age_group_90_94,9
Bagmati,Chitawan,Ichchha Kamana,NP03,NP0335,NP0335401,4,affected,population projections 2026,male,age_group_90_94,4
Bagmati,Chitawan,Ichchha Kamana,NP03,NP0335,NP0335401,4,affected,population projections 2026,female,age_group_90_94,5
Bagmati,Chitawan,Ichchha Kamana,NP03,NP0335,NP0335401,4,affected,population projections 2026,total,age_group_95plus,0
Bagmati,Chitawan,Ichchha Kamana,NP03,NP0335,NP0335401,4,affected,population projections 2026,male,age_group_95plus,0
Bagmati,Chitawan,Ichchha Kamana,NP03,NP0335,NP0335401,4,affected,population projections 2026,female,age_group_95plus,0
Bagmati,Chitawan,Ichchha Kamana,NP03,NP0335,NP0335401,5,NA,population projections 2026,total,population_total,3041
Bagmati,Chitawan,Ichchha Kamana,NP03,NP0335,NP0335401,5,NA,population projections 2026,male,population_overall_male,1628
Bagmati,Chitawan,Ichchha Kamana,NP03,NP0335,NP0335401,5,NA,population projections 2026,female,population_overall_female,1413
Bagmati,Chitawan,Ichchha Kamana,NP03,NP0335,NP0335401,5,NA,population projections 2026,total,age_group_0_4,237
Bagmati,Chitawan,Ichchha Kamana,NP03,NP0335,NP0335401,5,NA,population projections 2026,male,age_group_0_4,128
Bagmati,Chitawan,Ichchha Kamana,NP03,NP0335,NP0335401,5,NA,population projections 2026,female,age_group_0_4,109
Bagmati,Chitawan,Ichchha Kamana,NP03,NP0335,NP0335401,5,NA,population projections 2026,total,age_group_5_9,245
Bagmati,Chitawan,Ichchha Kamana,NP03,NP0335,NP0335401,5,NA,population projections 2026,male,age_group_5_9,129
Bagmati,Chitawan,Ichchha Kamana,NP03,NP0335,NP0335401,5,NA,population projections 2026,female,age_group_5_9,116
Bagmati,Chitawan,Ichchha Kamana,NP03,NP0335,NP0335401,5,NA,population projections 2026,total,age_group_10_14,244
Bagmati,Chitawan,Ichchha Kamana,NP03,NP0335,NP0335401,5,NA,population projections 2026,male,age_group_10_14,132
Bagmati,Chitawan,Ichchha Kamana,NP03,NP0335,NP0335401,5,NA,population projections 2026,female,age_group_10_14,112
Bagmati,Chitawan,Ichchha Kamana,NP03,NP0335,NP0335401,5,NA,population projections 2026,total,age_group_15_19,247
Bagmati,Chitawan,Ichchha Kamana,NP03,NP0335,NP0335401,5,NA,population projections 2026,male,age_group_15_19,130
Bagmati,Chitawan,Ichchha Kamana,NP03,NP0335,NP0335401,5,NA,population projections 2026,female,age_group_15_19,117
Bagmati,Chitawan,Ichchha Kamana,NP03,NP0335,NP0335401,5,NA,population projections 2026,total,age_group_20_24,263
Bagmati,Chitawan,Ichchha Kamana,NP03,NP0335,NP0335401,5,NA,population projections 2026,male,age_group_20_24,128
Bagmati,Chitawan,Ichchha Kamana,NP03,NP0335,NP0335401,5,NA,population projections 2026,female,age_group_20_24,135
Bagmati,Chitawan,Ichchha Kamana,NP03,NP0335,NP0335401,5,NA,population projections 2026,total,age_group_25_29,241
Bagmati,Chitawan,Ichchha Kamana,NP03,NP0335,NP0335401,5,NA,population projections 2026,male,age_group_25_29,118
Bagmati,Chitawan,Ichchha Kamana,NP03,NP0335,NP0335401,5,NA,population projections 2026,female,age_group_25_29,123
Bagmati,Chitawan,Ichchha Kamana,NP03,NP0335,NP0335401,5,NA,population projections 2026,total,age_group_30_34,236
Bagmati,Chitawan,Ichchha Kamana,NP03,NP0335,NP0335401,5,NA,population projections 2026,male,age_group_30_34,141
Bagmati,Chitawan,Ichchha Kamana,NP03,NP0335,NP0335401,5,NA,population projections 2026,female,age_group_30_34,95
Bagmati,Chitawan,Ichchha Kamana,NP03,NP0335,NP0335401,5,NA,population projections 2026,total,age_group_35_39,220
Bagmati,Chitawan,Ichchha Kamana,NP03,NP0335,NP0335401,5,NA,population projections 2026,male,age_group_35_39,134
Bagmati,Chitawan,Ichchha Kamana,NP03,NP0335,NP0335401,5,NA,population projections 2026,female,age_group_35_39,86
Bagmati,Chitawan,Ichchha Kamana,NP03,NP0335,NP0335401,5,NA,population projections 2026,total,age_group_40_44,223
Bagmati,Chitawan,Ichchha Kamana,NP03,NP0335,NP0335401,5,NA,population projections 2026,male,age_group_40_44,118
Bagmati,Chitawan,Ichchha Kamana,NP03,NP0335,NP0335401,5,NA,population projections 2026,female,age_group_40_44,105
Bagmati,Chitawan,Ichchha Kamana,NP03,NP0335,NP0335401,5,NA,population projections 2026,total,age_group_45_49,218
Bagmati,Chitawan,Ichchha Kamana,NP03,NP0335,NP0335401,5,NA,population projections 2026,male,age_group_45_49,128
Bagmati,Chitawan,Ichchha Kamana,NP03,NP0335,NP0335401,5,NA,population projections 2026,female,age_group_45_49,90
Bagmati,Chitawan,Ichchha Kamana,NP03,NP0335,NP0335401,5,NA,population projections 2026,total,age_group_50_54,164
Bagmati,Chitawan,Ichchha Kamana,NP03,NP0335,NP0335401,5,NA,population projections 2026,male,age_group_50_54,94
Bagmati,Chitawan,Ichchha Kamana,NP03,NP0335,NP0335401,5,NA,population projections 2026,female,age_group_50_54,70
Bagmati,Chitawan,Ichchha Kamana,NP03,NP0335,NP0335401,5,NA,population projections 2026,total,age_group_55_59,142
Bagmati,Chitawan,Ichchha Kamana,NP03,NP0335,NP0335401,5,NA,population projections 2026,male,age_group_55_59,75
Bagmati,Chitawan,Ichchha Kamana,NP03,NP0335,NP0335401,5,NA,population projections 2026,female,age_group_55_59,67
Bagmati,Chitawan,Ichchha Kamana,NP03,NP0335,NP0335401,5,NA,population projections 2026,total,age_group_60_64,113
Bagmati,Chitawan,Ichchha Kamana,NP03,NP0335,NP0335401,5,NA,population projections 2026,male,age_group_60_64,58
Bagmati,Chitawan,Ichchha Kamana,NP03,NP0335,NP0335401,5,NA,population projections 2026,female,age_group_60_64,55
Bagmati,Chitawan,Ichchha Kamana,NP03,NP0335,NP0335401,5,NA,population projections 2026,total,age_group_65_69,92
Bagmati,Chitawan,Ichchha Kamana,NP03,NP0335,NP0335401,5,NA,population projections 2026,male,age_group_65_69,45
Bagmati,Chitawan,Ichchha Kamana,NP03,NP0335,NP0335401,5,NA,population projections 2026,female,age_group_65_69,47
Bagmati,Chitawan,Ichchha Kamana,NP03,NP0335,NP0335401,5,NA,population projections 2026,total,age_group_70_74,73
Bagmati,Chitawan,Ichchha Kamana,NP03,NP0335,NP0335401,5,NA,population projections 2026,male,age_group_70_74,33
Bagmati,Chitawan,Ichchha Kamana,NP03,NP0335,NP0335401,5,NA,population projections 2026,female,age_group_70_74,40
Bagmati,Chitawan,Ichchha Kamana,NP03,NP0335,NP0335401,5,NA,population projections 2026,total,age_group_75_79,46
Bagmati,Chitawan,Ichchha Kamana,NP03,NP0335,NP0335401,5,NA,population projections 2026,male,age_group_75_79,19
Bagmati,Chitawan,Ichchha Kamana,NP03,NP0335,NP0335401,5,NA,population projections 2026,female,age_group_75_79,27
Bagmati,Chitawan,Ichchha Kamana,NP03,NP0335,NP0335401,5,NA,population projections 2026,total,age_group_80_84,22
Bagmati,Chitawan,Ichchha Kamana,NP03,NP0335,NP0335401,5,NA,population projections 2026,male,age_group_80_84,10
Bagmati,Chitawan,Ichchha Kamana,NP03,NP0335,NP0335401,5,NA,population projections 2026,female,age_group_80_84,12
Bagmati,Chitawan,Ichchha Kamana,NP03,NP0335,NP0335401,5,NA,population projections 2026,total,age_group_85_89,10
Bagmati,Chitawan,Ichchha Kamana,NP03,NP0335,NP0335401,5,NA,population projections 2026,male,age_group_85_89,5
Bagmati,Chitawan,Ichchha Kamana,NP03,NP0335,NP0335401,5,NA,population projections 2026,female,age_group_85_89,5
Bagmati,Chitawan,Ichchha Kamana,NP03,NP0335,NP0335401,5,NA,population projections 2026,total,age_group_90_94,5
Bagmati,Chitawan,Ichchha Kamana,NP03,NP0335,NP0335401,5,NA,population projections 2026,male,age_group_90_94,3
Bagmati,Chitawan,Ichchha Kamana,NP03,NP0335,NP0335401,5,NA,population projections 2026,female,age_group_90_94,2
Bagmati,Chitawan,Ichchha Kamana,NP03,NP0335,NP0335401,5,NA,population projections 2026,total,age_group_95plus,0
Bagmati,Chitawan,Ichchha Kamana,NP03,NP0335,NP0335401,5,NA,population projections 2026,male,age_group_95plus,0
Bagmati,Chitawan,Ichchha Kamana,NP03,NP0335,NP0335401,5,NA,population projections 2026,female,age_group_95plus,0
Bagmati,Chitawan,Ichchha Kamana,NP03,NP0335,NP0335401,6,NA,population projections 2026,total,population_total,2575
Bagmati,Chitawan,Ichchha Kamana,NP03,NP0335,NP0335401,6,NA,population projections 2026,male,population_overall_male,1343
Bagmati,Chitawan,Ichchha Kamana,NP03,NP0335,NP0335401,6,NA,population projections 2026,female,population_overall_female,1232
Bagmati,Chitawan,Ichchha Kamana,NP03,NP0335,NP0335401,6,NA,population projections 2026,total,age_group_0_4,178
Bagmati,Chitawan,Ichchha Kamana,NP03,NP0335,NP0335401,6,NA,population projections 2026,male,age_group_0_4,96
Bagmati,Chitawan,Ichchha Kamana,NP03,NP0335,NP0335401,6,NA,population projections 2026,female,age_group_0_4,82
Bagmati,Chitawan,Ichchha Kamana,NP03,NP0335,NP0335401,6,NA,population projections 2026,total,age_group_5_9,257
Bagmati,Chitawan,Ichchha Kamana,NP03,NP0335,NP0335401,6,NA,population projections 2026,male,age_group_5_9,129
Bagmati,Chitawan,Ichchha Kamana,NP03,NP0335,NP0335401,6,NA,population projections 2026,female,age_group_5_9,128
Bagmati,Chitawan,Ichchha Kamana,NP03,NP0335,NP0335401,6,NA,population projections 2026,total,age_group_10_14,297
Bagmati,Chitawan,Ichchha Kamana,NP03,NP0335,NP0335401,6,NA,population projections 2026,male,age_group_10_14,156
Bagmati,Chitawan,Ichchha Kamana,NP03,NP0335,NP0335401,6,NA,population projections 2026,female,age_group_10_14,141
Bagmati,Chitawan,Ichchha Kamana,NP03,NP0335,NP0335401,6,NA,population projections 2026,total,age_group_15_19,273
Bagmati,Chitawan,Ichchha Kamana,NP03,NP0335,NP0335401,6,NA,population projections 2026,male,age_group_15_19,136
Bagmati,Chitawan,Ichchha Kamana,NP03,NP0335,NP0335401,6,NA,population projections 2026,female,age_group_15_19,137
Bagmati,Chitawan,Ichchha Kamana,NP03,NP0335,NP0335401,6,NA,population projections 2026,total,age_group_20_24,211
Bagmati,Chitawan,Ichchha Kamana,NP03,NP0335,NP0335401,6,NA,population projections 2026,male,age_group_20_24,99
Bagmati,Chitawan,Ichchha Kamana,NP03,NP0335,NP0335401,6,NA,population projections 2026,female,age_group_20_24,112
Bagmati,Chitawan,Ichchha Kamana,NP03,NP0335,NP0335401,6,NA,population projections 2026,total,age_group_25_29,182
Bagmati,Chitawan,Ichchha Kamana,NP03,NP0335,NP0335401,6,NA,population projections 2026,male,age_group_25_29,96
Bagmati,Chitawan,Ichchha Kamana,NP03,NP0335,NP0335401,6,NA,population projections 2026,female,age_group_25_29,86
Bagmati,Chitawan,Ichchha Kamana,NP03,NP0335,NP0335401,6,NA,population projections 2026,total,age_group_30_34,171
Bagmati,Chitawan,Ichchha Kamana,NP03,NP0335,NP0335401,6,NA,population projections 2026,male,age_group_30_34,102
Bagmati,Chitawan,Ichchha Kamana,NP03,NP0335,NP0335401,6,NA,population projections 2026,female,age_group_30_34,69
Bagmati,Chitawan,Ichchha Kamana,NP03,NP0335,NP0335401,6,NA,population projections 2026,total,age_group_35_39,148
Bagmati,Chitawan,Ichchha Kamana,NP03,NP0335,NP0335401,6,NA,population projections 2026,male,age_group_35_39,85
Bagmati,Chitawan,Ichchha Kamana,NP03,NP0335,NP0335401,6,NA,population projections 2026,female,age_group_35_39,63
Bagmati,Chitawan,Ichchha Kamana,NP03,NP0335,NP0335401,6,NA,population projections 2026,total,age_group_40_44,129
Bagmati,Chitawan,Ichchha Kamana,NP03,NP0335,NP0335401,6,NA,population projections 2026,male,age_group_40_44,68
Bagmati,Chitawan,Ichchha Kamana,NP03,NP0335,NP0335401,6,NA,population projections 2026,female,age_group_40_44,61
Bagmati,Chitawan,Ichchha Kamana,NP03,NP0335,NP0335401,6,NA,population projections 2026,total,age_group_45_49,131
Bagmati,Chitawan,Ichchha Kamana,NP03,NP0335,NP0335401,6,NA,population projections 2026,male,age_group_45_49,72
Bagmati,Chitawan,Ichchha Kamana,NP03,NP0335,NP0335401,6,NA,population projections 2026,female,age_group_45_49,59
Bagmati,Chitawan,Ichchha Kamana,NP03,NP0335,NP0335401,6,NA,population projections 2026,total,age_group_50_54,124
Bagmati,Chitawan,Ichchha Kamana,NP03,NP0335,NP0335401,6,NA,population projections 2026,male,age_group_50_54,63
Bagmati,Chitawan,Ichchha Kamana,NP03,NP0335,NP0335401,6,NA,population projections 2026,female,age_group_50_54,61
Bagmati,Chitawan,Ichchha Kamana,NP03,NP0335,NP0335401,6,NA,population projections 2026,total,age_group_55_59,142
Bagmati,Chitawan,Ichchha Kamana,NP03,NP0335,NP0335401,6,NA,population projections 2026,male,age_group_55_59,70
Bagmati,Chitawan,Ichchha Kamana,NP03,NP0335,NP0335401,6,NA,population projections 2026,female,age_group_55_59,72
Bagmati,Chitawan,Ichchha Kamana,NP03,NP0335,NP0335401,6,NA,population projections 2026,total,age_group_60_64,115
Bagmati,Chitawan,Ichchha Kamana,NP03,NP0335,NP0335401,6,NA,population projections 2026,male,age_group_60_64,64
Bagmati,Chitawan,Ichchha Kamana,NP03,NP0335,NP0335401,6,NA,population projections 2026,female,age_group_60_64,51
Bagmati,Chitawan,Ichchha Kamana,NP03,NP0335,NP0335401,6,NA,population projections 2026,total,age_group_65_69,74
Bagmati,Chitawan,Ichchha Kamana,NP03,NP0335,NP0335401,6,NA,population projections 2026,male,age_group_65_69,37
Bagmati,Chitawan,Ichchha Kamana,NP03,NP0335,NP0335401,6,NA,population projections 2026,female,age_group_65_69,37
Bagmati,Chitawan,Ichchha Kamana,NP03,NP0335,NP0335401,6,NA,population projections 2026,total,age_group_70_74,65
Bagmati,Chitawan,Ichchha Kamana,NP03,NP0335,NP0335401,6,NA,population projections 2026,male,age_group_70_74,32
Bagmati,Chitawan,Ichchha Kamana,NP03,NP0335,NP0335401,6,NA,population projections 2026,female,age_group_70_74,33
Bagmati,Chitawan,Ichchha Kamana,NP03,NP0335,NP0335401,6,NA,population projections 2026,total,age_group_75_79,44
Bagmati,Chitawan,Ichchha Kamana,NP03,NP0335,NP0335401,6,NA,population projections 2026,male,age_group_75_79,20
Bagmati,Chitawan,Ichchha Kamana,NP03,NP0335,NP0335401,6,NA,population projections 2026,female,age_group_75_79,24
Bagmati,Chitawan,Ichchha Kamana,NP03,NP0335,NP0335401,6,NA,population projections 2026,total,age_group_80_84,20
Bagmati,Chitawan,Ichchha Kamana,NP03,NP0335,NP0335401,6,NA,population projections 2026,male,age_group_80_84,11
Bagmati,Chitawan,Ichchha Kamana,NP03,NP0335,NP0335401,6,NA,population projections 2026,female,age_group_80_84,9
Bagmati,Chitawan,Ichchha Kamana,NP03,NP0335,NP0335401,6,NA,population projections 2026,total,age_group_85_89,10
Bagmati,Chitawan,Ichchha Kamana,NP03,NP0335,NP0335401,6,NA,population projections 2026,male,age_group_85_89,5
Bagmati,Chitawan,Ichchha Kamana,NP03,NP0335,NP0335401,6,NA,population projections 2026,female,age_group_85_89,5
Bagmati,Chitawan,Ichchha Kamana,NP03,NP0335,NP0335401,6,NA,population projections 2026,total,age_group_90_94,4
Bagmati,Chitawan,Ichchha Kamana,NP03,NP0335,NP0335401,6,NA,population projections 2026,male,age_group_90_94,2
Bagmati,Chitawan,Ichchha Kamana,NP03,NP0335,NP0335401,6,NA,population projections 2026,female,age_group_90_94,2
Bagmati,Chitawan,Ichchha Kamana,NP03,NP0335,NP0335401,6,NA,population projections 2026,total,age_group_95plus,0
Bagmati,Chitawan,Ichchha Kamana,NP03,NP0335,NP0335401,6,NA,population projections 2026,male,age_group_95plus,0
Bagmati,Chitawan,Ichchha Kamana,NP03,NP0335,NP0335401,6,NA,population projections 2026,female,age_group_95plus,0
Bagmati,Chitawan,Ichchha Kamana,NP03,NP0335,NP0335401,7,NA,population projections 2026,total,population_total,4595
Bagmati,Chitawan,Ichchha Kamana,NP03,NP0335,NP0335401,7,NA,population projections 2026,male,population_overall_male,2387
Bagmati,Chitawan,Ichchha Kamana,NP03,NP0335,NP0335401,7,NA,population projections 2026,female,population_overall_female,2208
Bagmati,Chitawan,Ichchha Kamana,NP03,NP0335,NP0335401,7,NA,population projections 2026,total,age_group_0_4,348
Bagmati,Chitawan,Ichchha Kamana,NP03,NP0335,NP0335401,7,NA,population projections 2026,male,age_group_0_4,188
Bagmati,Chitawan,Ichchha Kamana,NP03,NP0335,NP0335401,7,NA,population projections 2026,female,age_group_0_4,160
Bagmati,Chitawan,Ichchha Kamana,NP03,NP0335,NP0335401,7,NA,population projections 2026,total,age_group_5_9,433
Bagmati,Chitawan,Ichchha Kamana,NP03,NP0335,NP0335401,7,NA,population projections 2026,male,age_group_5_9,229
Bagmati,Chitawan,Ichchha Kamana,NP03,NP0335,NP0335401,7,NA,population projections 2026,female,age_group_5_9,204
Bagmati,Chitawan,Ichchha Kamana,NP03,NP0335,NP0335401,7,NA,population projections 2026,total,age_group_10_14,484
Bagmati,Chitawan,Ichchha Kamana,NP03,NP0335,NP0335401,7,NA,population projections 2026,male,age_group_10_14,241
Bagmati,Chitawan,Ichchha Kamana,NP03,NP0335,NP0335401,7,NA,population projections 2026,female,age_group_10_14,243
Bagmati,Chitawan,Ichchha Kamana,NP03,NP0335,NP0335401,7,NA,population projections 2026,total,age_group_15_19,484
Bagmati,Chitawan,Ichchha Kamana,NP03,NP0335,NP0335401,7,NA,population projections 2026,male,age_group_15_19,229
Bagmati,Chitawan,Ichchha Kamana,NP03,NP0335,NP0335401,7,NA,population projections 2026,female,age_group_15_19,255
Bagmati,Chitawan,Ichchha Kamana,NP03,NP0335,NP0335401,7,NA,population projections 2026,total,age_group_20_24,367
Bagmati,Chitawan,Ichchha Kamana,NP03,NP0335,NP0335401,7,NA,population projections 2026,male,age_group_20_24,172
Bagmati,Chitawan,Ichchha Kamana,NP03,NP0335,NP0335401,7,NA,population projections 2026,female,age_group_20_24,195
Bagmati,Chitawan,Ichchha Kamana,NP03,NP0335,NP0335401,7,NA,population projections 2026,total,age_group_25_29,336
Bagmati,Chitawan,Ichchha Kamana,NP03,NP0335,NP0335401,7,NA,population projections 2026,male,age_group_25_29,160
Bagmati,Chitawan,Ichchha Kamana,NP03,NP0335,NP0335401,7,NA,population projections 2026,female,age_group_25_29,176
Bagmati,Chitawan,Ichchha Kamana,NP03,NP0335,NP0335401,7,NA,population projections 2026,total,age_group_30_34,330
Bagmati,Chitawan,Ichchha Kamana,NP03,NP0335,NP0335401,7,NA,population projections 2026,male,age_group_30_34,183
Bagmati,Chitawan,Ichchha Kamana,NP03,NP0335,NP0335401,7,NA,population projections 2026,female,age_group_30_34,147
Bagmati,Chitawan,Ichchha Kamana,NP03,NP0335,NP0335401,7,NA,population projections 2026,total,age_group_35_39,333
Bagmati,Chitawan,Ichchha Kamana,NP03,NP0335,NP0335401,7,NA,population projections 2026,male,age_group_35_39,197
Bagmati,Chitawan,Ichchha Kamana,NP03,NP0335,NP0335401,7,NA,population projections 2026,female,age_group_35_39,136
Bagmati,Chitawan,Ichchha Kamana,NP03,NP0335,NP0335401,7,NA,population projections 2026,total,age_group_40_44,294
Bagmati,Chitawan,Ichchha Kamana,NP03,NP0335,NP0335401,7,NA,population projections 2026,male,age_group_40_44,161
Bagmati,Chitawan,Ichchha Kamana,NP03,NP0335,NP0335401,7,NA,population projections 2026,female,age_group_40_44,133
Bagmati,Chitawan,Ichchha Kamana,NP03,NP0335,NP0335401,7,NA,population projections 2026,total,age_group_45_49,249
Bagmati,Chitawan,Ichchha Kamana,NP03,NP0335,NP0335401,7,NA,population projections 2026,male,age_group_45_49,134
Bagmati,Chitawan,Ichchha Kamana,NP03,NP0335,NP0335401,7,NA,population projections 2026,female,age_group_45_49,115
Bagmati,Chitawan,Ichchha Kamana,NP03,NP0335,NP0335401,7,NA,population projections 2026,total,age_group_50_54,217
Bagmati,Chitawan,Ichchha Kamana,NP03,NP0335,NP0335401,7,NA,population projections 2026,male,age_group_50_54,125
Bagmati,Chitawan,Ichchha Kamana,NP03,NP0335,NP0335401,7,NA,population projections 2026,female,age_group_50_54,92
Bagmati,Chitawan,Ichchha Kamana,NP03,NP0335,NP0335401,7,NA,population projections 2026,total,age_group_55_59,199
Bagmati,Chitawan,Ichchha Kamana,NP03,NP0335,NP0335401,7,NA,population projections 2026,male,age_group_55_59,107
Bagmati,Chitawan,Ichchha Kamana,NP03,NP0335,NP0335401,7,NA,population projections 2026,female,age_group_55_59,92
Bagmati,Chitawan,Ichchha Kamana,NP03,NP0335,NP0335401,7,NA,population projections 2026,total,age_group_60_64,159
Bagmati,Chitawan,Ichchha Kamana,NP03,NP0335,NP0335401,7,NA,population projections 2026,male,age_group_60_64,85
Bagmati,Chitawan,Ichchha Kamana,NP03,NP0335,NP0335401,7,NA,population projections 2026,female,age_group_60_64,74
Bagmati,Chitawan,Ichchha Kamana,NP03,NP0335,NP0335401,7,NA,population projections 2026,total,age_group_65_69,135
Bagmati,Chitawan,Ichchha Kamana,NP03,NP0335,NP0335401,7,NA,population projections 2026,male,age_group_65_69,69
Bagmati,Chitawan,Ichchha Kamana,NP03,NP0335,NP0335401,7,NA,population projections 2026,female,age_group_65_69,66
Bagmati,Chitawan,Ichchha Kamana,NP03,NP0335,NP0335401,7,NA,population projections 2026,total,age_group_70_74,105
Bagmati,Chitawan,Ichchha Kamana,NP03,NP0335,NP0335401,7,NA,population projections 2026,male,age_group_70_74,51
Bagmati,Chitawan,Ichchha Kamana,NP03,NP0335,NP0335401,7,NA,population projections 2026,female,age_group_70_74,54
Bagmati,Chitawan,Ichchha Kamana,NP03,NP0335,NP0335401,7,NA,population projections 2026,total,age_group_75_79,69
Bagmati,Chitawan,Ichchha Kamana,NP03,NP0335,NP0335401,7,NA,population projections 2026,male,age_group_75_79,33
Bagmati,Chitawan,Ichchha Kamana,NP03,NP0335,NP0335401,7,NA,population projections 2026,female,age_group_75_79,36
Bagmati,Chitawan,Ichchha Kamana,NP03,NP0335,NP0335401,7,NA,population projections 2026,total,age_group_80_84,34
Bagmati,Chitawan,Ichchha Kamana,NP03,NP0335,NP0335401,7,NA,population projections 2026,male,age_group_80_84,16
Bagmati,Chitawan,Ichchha Kamana,NP03,NP0335,NP0335401,7,NA,population projections 2026,female,age_group_80_84,18
Bagmati,Chitawan,Ichchha Kamana,NP03,NP0335,NP0335401,7,NA,population projections 2026,total,age_group_85_89,11
Bagmati,Chitawan,Ichchha Kamana,NP03,NP0335,NP0335401,7,NA,population projections 2026,male,age_group_85_89,5
Bagmati,Chitawan,Ichchha Kamana,NP03,NP0335,NP0335401,7,NA,population projections 2026,female,age_group_85_89,6
Bagmati,Chitawan,Ichchha Kamana,NP03,NP0335,NP0335401,7,NA,population projections 2026,total,age_group_90_94,7
Bagmati,Chitawan,Ichchha Kamana,NP03,NP0335,NP0335401,7,NA,population projections 2026,male,age_group_90_94,2
Bagmati,Chitawan,Ichchha Kamana,NP03,NP0335,NP0335401,7,NA,population projections 2026,female,age_group_90_94,5
Bagmati,Chitawan,Ichchha Kamana,NP03,NP0335,NP0335401,7,NA,population projections 2026,total,age_group_95plus,1
Bagmati,Chitawan,Ichchha Kamana,NP03,NP0335,NP0335401,7,NA,population projections 2026,male,age_group_95plus,0
Bagmati,Chitawan,Ichchha Kamana,NP03,NP0335,NP0335401,7,NA,population projections 2026,female,age_group_95plus,1
